composite_image,label_file,split,generator_member,object_count,object_position,source_path,source_md5,object_id,object_name,class_index,grid_rows,grid_cols,grid_row,grid_col,canvas_width,canvas_height,tile_size,x_min,y_min,x_max,y_max,x_center_norm,y_center_norm,width_norm,height_norm
milestone2/data/generated/images/train/train_000001.jpg,milestone2/data/generated/labels/train/train_000001.txt,train,Hemanth Rajaboyina,3,1,images_OBJ060/OBJ060_50.JPG,3c34c8f6e9b53f8ecb6a25939c14bd66,OBJ060,Sleep Mask,59,2,2,0,0,448,448,224,0,0,224,224,0.250000,0.250000,0.500000,0.500000
milestone2/data/generated/images/train/train_000001.jpg,milestone2/data/generated/labels/train/train_000001.txt,train,Hemanth Rajaboyina,3,2,images_OBJ038/OBJ038_060.jpg,6913dcbc195841d7bbe4d1cccccc2aaf,OBJ038,Perfume bottle,37,2,2,1,1,448,448,224,224,224,448,448,0.750000,0.750000,0.500000,0.500000
milestone2/data/generated/images/train/train_000001.jpg,milestone2/data/generated/labels/train/train_000001.txt,train,Hemanth Rajaboyina,3,3,images_OBJ069/OBJ069_081.jpg,b87fe77e6b94877b135f42bf248e910a,OBJ069,Knife,68,2,2,0,1,448,448,224,224,0,448,224,0.750000,0.250000,0.500000,0.500000
milestone2/data/generated/images/train/train_000002.jpg,milestone2/data/generated/labels/train/train_000002.txt,train,Hemanth Rajaboyina,4,1,images_OBJ055/OBJ055_053.jpg,681f8d9d8266f819b2ac3d25e5e57685,OBJ055,Scientific Calculator,54,2,2,1,0,448,448,224,0,224,224,448,0.250000,0.750000,0.500000,0.500000
milestone2/data/generated/images/train/train_000002.jpg,milestone2/data/generated/labels/train/train_000002.txt,train,Hemanth Rajaboyina,4,2,images_OBJ042/OBJ042_045.jpg,975efddc738f57906762972007256bc9,OBJ042,Mouth guard case,41,2,2,1,1,448,448,224,224,224,448,448,0.750000,0.750000,0.500000,0.500000
milestone2/data/generated/images/train/train_000002.jpg,milestone2/data/generated/labels/train/train_000002.txt,train,Hemanth Rajaboyina,4,3,images_OBJ024/OBJ024_049.jpg,16ee894a0035785ad016a5ef883bd98e,OBJ024,Plush doll,23,2,2,0,0,448,448,224,0,0,224,224,0.250000,0.250000,0.500000,0.500000
milestone2/data/generated/images/train/train_000002.jpg,milestone2/data/generated/labels/train/train_000002.txt,train,Hemanth Rajaboyina,4,4,images_OBJ047/OBJ047_037.jpg,238c0b15fe20e500952d51c1eb2df778,OBJ047,Backpack,46,2,2,0,1,448,448,224,224,0,448,224,0.750000,0.250000,0.500000,0.500000
milestone2/data/generated/images/train/train_000003.jpg,milestone2/data/generated/labels/train/train_000003.txt,train,Hemanth Rajaboyina,3,1,images_OBJ005/OBJ005_030.jpg,d7c86e9e0f48f69025ea4d2cd2d0e0ec,OBJ005,Computer mouse,4,2,2,1,1,448,448,224,224,224,448,448,0.750000,0.750000,0.500000,0.500000
milestone2/data/generated/images/train/train_000003.jpg,milestone2/data/generated/labels/train/train_000003.txt,train,Hemanth Rajaboyina,3,2,images_OBJ007/OBJ007_038.jpg,fcfdc86abffed9f04c0bdf33e374063f,OBJ007,Apple,6,2,2,0,0,448,448,224,0,0,224,224,0.250000,0.250000,0.500000,0.500000
milestone2/data/generated/images/train/train_000003.jpg,milestone2/data/generated/labels/train/train_000003.txt,train,Hemanth Rajaboyina,3,3,images_OBJ004/OBJ004_099.jpg,2f7dd6dfc84dc3f1f0953085459e5ec2,OBJ004,Toy Car,3,2,2,0,1,448,448,224,224,0,448,224,0.750000,0.250000,0.500000,0.500000
milestone2/data/generated/images/train/train_000004.jpg,milestone2/data/generated/labels/train/train_000004.txt,train,Hemanth Rajaboyina,4,1,images_OBJ017/OBJ017_004.jpg,63479757dd17c608f3fd4b09f97120a9,OBJ017,Controller,16,2,2,1,1,448,448,224,224,224,448,448,0.750000,0.750000,0.500000,0.500000
milestone2/data/generated/images/train/train_000004.jpg,milestone2/data/generated/labels/train/train_000004.txt,train,Hemanth Rajaboyina,4,2,images_OBJ034/OBJ034_056.jpg,117ed87b712f98c2eb56f87f418c736e,OBJ034,Table Tennis Racket,33,2,2,1,0,448,448,224,0,224,224,448,0.250000,0.750000,0.500000,0.500000
milestone2/data/generated/images/train/train_000004.jpg,milestone2/data/generated/labels/train/train_000004.txt,train,Hemanth Rajaboyina,4,3,images_OBJ065/OBJ065_019.jpg,4b7ed28fc830b62e4b7ff20044ae88e0,OBJ065,Analog watch,64,2,2,0,0,448,448,224,0,0,224,224,0.250000,0.250000,0.500000,0.500000
milestone2/data/generated/images/train/train_000004.jpg,milestone2/data/generated/labels/train/train_000004.txt,train,Hemanth Rajaboyina,4,4,images_OBJ041/OBJ041_071.jpg,6681b733f96089fb7c173eee803315d1,OBJ041,Table fan,40,2,2,0,1,448,448,224,224,0,448,224,0.750000,0.250000,0.500000,0.500000
milestone2/data/generated/images/train/train_000005.jpg,milestone2/data/generated/labels/train/train_000005.txt,train,Hemanth Rajaboyina,5,1,images_OBJ006/OBJ006_082.jpg,5f97f7aba42194f29c81781a3999b830,OBJ006,Capybara Toy,5,2,3,1,2,672,448,224,448,224,672,448,0.833333,0.750000,0.333333,0.500000
milestone2/data/generated/images/train/train_000005.jpg,milestone2/data/generated/labels/train/train_000005.txt,train,Hemanth Rajaboyina,5,2,images_OBJ058/OBJ058_059.jpg,9e78d0fbd702fff09b3b73c71c364e61,OBJ058,Footstool,57,2,3,0,1,672,448,224,224,0,448,224,0.500000,0.250000,0.333333,0.500000
milestone2/data/generated/images/train/train_000005.jpg,milestone2/data/generated/labels/train/train_000005.txt,train,Hemanth Rajaboyina,5,3,images_OBJ013/OBJ013_070.jpg,192e82d262dc5a8f3feed8fb820c15db,OBJ013,Mobile phone,12,2,3,1,0,672,448,224,0,224,224,448,0.166667,0.750000,0.333333,0.500000
milestone2/data/generated/images/train/train_000005.jpg,milestone2/data/generated/labels/train/train_000005.txt,train,Hemanth Rajaboyina,5,4,images_OBJ014/OBJ014_090.jpeg,8e4f4e5386cd20915d9a860a37d2ebd3,OBJ014,Sunglasses,13,2,3,0,0,672,448,224,0,0,224,224,0.166667,0.250000,0.333333,0.500000
milestone2/data/generated/images/train/train_000005.jpg,milestone2/data/generated/labels/train/train_000005.txt,train,Hemanth Rajaboyina,5,5,images_OBJ061/OBJ061_013.jpg,36ef899f6455c81c4aa7fd10bdf692ea,OBJ061,Card wallet,60,2,3,0,2,672,448,224,448,0,672,224,0.833333,0.250000,0.333333,0.500000
milestone2/data/generated/images/train/train_000006.jpg,milestone2/data/generated/labels/train/train_000006.txt,train,Hemanth Rajaboyina,4,1,images_OBJ056/OBJ056_086.jpg,4c2562c19ea89e793bcc463a2b5f0b2a,OBJ056,Trader Joe's Bag,55,2,2,0,1,448,448,224,224,0,448,224,0.750000,0.250000,0.500000,0.500000
milestone2/data/generated/images/train/train_000006.jpg,milestone2/data/generated/labels/train/train_000006.txt,train,Hemanth Rajaboyina,4,2,images_OBJ064/OBJ064_031.jpg,1172e9858d2d43771743392cb5647c13,OBJ064,RGB Projector,63,2,2,1,1,448,448,224,224,224,448,448,0.750000,0.750000,0.500000,0.500000
milestone2/data/generated/images/train/train_000006.jpg,milestone2/data/generated/labels/train/train_000006.txt,train,Hemanth Rajaboyina,4,3,images_OBJ066/OBJ066_021.jpg,e376890499bd67bf6bf0d03d60d2f709,OBJ066,Hair oil,65,2,2,0,0,448,448,224,0,0,224,224,0.250000,0.250000,0.500000,0.500000
milestone2/data/generated/images/train/train_000006.jpg,milestone2/data/generated/labels/train/train_000006.txt,train,Hemanth Rajaboyina,4,4,images_OBJ057/OBJ057_015.jpg,d37a705820ca297f8ee3fccae76ae5f0,OBJ057,Power Bank,56,2,2,1,0,448,448,224,0,224,224,448,0.250000,0.750000,0.500000,0.500000
milestone2/data/generated/images/train/train_000007.jpg,milestone2/data/generated/labels/train/train_000007.txt,train,Hemanth Rajaboyina,5,1,images_OBJ039/OBJ039_004.jpg,5bc66cef477e6ffe4004f54d71c7917e,OBJ039,Scissors,38,2,3,1,2,672,448,224,448,224,672,448,0.833333,0.750000,0.333333,0.500000
milestone2/data/generated/images/train/train_000007.jpg,milestone2/data/generated/labels/train/train_000007.txt,train,Hemanth Rajaboyina,5,2,images_OBJ045/OBJ045_030.jpg,ca6054eb5a9ce643da9ae9bd3fd3055e,OBJ045,Wayfarer Sunglasses,44,2,3,0,1,672,448,224,224,0,448,224,0.500000,0.250000,0.333333,0.500000
milestone2/data/generated/images/train/train_000007.jpg,milestone2/data/generated/labels/train/train_000007.txt,train,Hemanth Rajaboyina,5,3,images_OBJ036/OBJ036_001.jpg,4a9568fcb840c09b04951d1a21ea4b28,OBJ036,Pencil case,35,2,3,0,2,672,448,224,448,0,672,224,0.833333,0.250000,0.333333,0.500000
milestone2/data/generated/images/train/train_000007.jpg,milestone2/data/generated/labels/train/train_000007.txt,train,Hemanth Rajaboyina,5,4,images_OBJ032/OBJ032_023.jpg,00eed917f4c8315dcd17124fdf10ebb2,OBJ032,Sound Card,31,2,3,1,0,672,448,224,0,224,224,448,0.166667,0.750000,0.333333,0.500000
milestone2/data/generated/images/train/train_000007.jpg,milestone2/data/generated/labels/train/train_000007.txt,train,Hemanth Rajaboyina,5,5,images_OBJ040/OBJ040_092.JPG,4133780f9d61977a5c023dfe3b338b50,OBJ040,Clutcher,39,2,3,1,1,672,448,224,224,224,448,448,0.500000,0.750000,0.333333,0.500000
milestone2/data/generated/images/train/train_000008.jpg,milestone2/data/generated/labels/train/train_000008.txt,train,Hemanth Rajaboyina,3,1,images_OBJ031/OBJ031_093.jpg,01cabaaecedd43f10455975cfd326b25,OBJ031,UNO card box,30,2,2,1,1,448,448,224,224,224,448,448,0.750000,0.750000,0.500000,0.500000
milestone2/data/generated/images/train/train_000008.jpg,milestone2/data/generated/labels/train/train_000008.txt,train,Hemanth Rajaboyina,3,2,images_OBJ018/OBJ018_030.jpg,6055e918234acb7aad94d7b56e381869,OBJ018,Rubiks cube,17,2,2,0,0,448,448,224,0,0,224,224,0.250000,0.250000,0.500000,0.500000
milestone2/data/generated/images/train/train_000008.jpg,milestone2/data/generated/labels/train/train_000008.txt,train,Hemanth Rajaboyina,3,3,images_OBJ072/OBJ072_019.jpg,6eb16cc010feaded2019df0a9ac4392d,OBJ072,Dog,71,2,2,1,0,448,448,224,0,224,224,448,0.250000,0.750000,0.500000,0.500000
milestone2/data/generated/images/train/train_000009.jpg,milestone2/data/generated/labels/train/train_000009.txt,train,Hemanth Rajaboyina,4,1,images_OBJ002/OBJ002_002.jpg,d57cc1b45ff334181db6f98a16235f83,OBJ002,Water bottle,1,2,2,0,1,448,448,224,224,0,448,224,0.750000,0.250000,0.500000,0.500000
milestone2/data/generated/images/train/train_000009.jpg,milestone2/data/generated/labels/train/train_000009.txt,train,Hemanth Rajaboyina,4,2,images_OBJ054/OBJ054_075.jpg,af33e4fd3dfe2650f4dadf0a22bb70a6,OBJ054,Purse,53,2,2,1,0,448,448,224,0,224,224,448,0.250000,0.750000,0.500000,0.500000
milestone2/data/generated/images/train/train_000009.jpg,milestone2/data/generated/labels/train/train_000009.txt,train,Hemanth Rajaboyina,4,3,images_OBJ051/OBJ051_005.jpg,07d11cdcaa984e5643ad24e9899c036e,OBJ051,Tissue,50,2,2,1,1,448,448,224,224,224,448,448,0.750000,0.750000,0.500000,0.500000
milestone2/data/generated/images/train/train_000009.jpg,milestone2/data/generated/labels/train/train_000009.txt,train,Hemanth Rajaboyina,4,4,images_OBJ035/OBJ035_071.jpg,484c27ce69cec1a36214d0f127de96ce,OBJ035,Badminton racket,34,2,2,0,0,448,448,224,0,0,224,224,0.250000,0.250000,0.500000,0.500000
milestone2/data/generated/images/train/train_000010.jpg,milestone2/data/generated/labels/train/train_000010.txt,train,Hemanth Rajaboyina,4,1,images_OBJ029/OBJ029_026.jpg,0d35be6aad1c089c8eacb06557bd8765,OBJ029,Orange,28,2,2,1,1,448,448,224,224,224,448,448,0.750000,0.750000,0.500000,0.500000
milestone2/data/generated/images/train/train_000010.jpg,milestone2/data/generated/labels/train/train_000010.txt,train,Hemanth Rajaboyina,4,2,images_OBJ050/OBJ050_042.jpg,6d22abe2eb2f5e03e8322a83c6f7b7c6,OBJ050,Hairbrush,49,2,2,1,0,448,448,224,0,224,224,448,0.250000,0.750000,0.500000,0.500000
milestone2/data/generated/images/train/train_000010.jpg,milestone2/data/generated/labels/train/train_000010.txt,train,Hemanth Rajaboyina,4,3,images_OBJ048/OBJ048_093.jpg,bcc2a78d8cf37e9ab9cf4790a01899eb,OBJ048,Wireless powerbank,47,2,2,0,1,448,448,224,224,0,448,224,0.750000,0.250000,0.500000,0.500000
milestone2/data/generated/images/train/train_000010.jpg,milestone2/data/generated/labels/train/train_000010.txt,train,Hemanth Rajaboyina,4,4,images_OBJ010/OBJ010_076.jpg,66055bb17d7ceee3910faee3dbaba4e2,OBJ010,Nike sneakers,9,2,2,0,0,448,448,224,0,0,224,224,0.250000,0.250000,0.500000,0.500000
milestone2/data/generated/images/train/train_000011.jpg,milestone2/data/generated/labels/train/train_000011.txt,train,Hemanth Rajaboyina,4,1,images_OBJ073/OBJ073_052.jpg,1249f46a18686482f7301a1c297b9654,OBJ073,Bowl,72,2,2,0,1,448,448,224,224,0,448,224,0.750000,0.250000,0.500000,0.500000
milestone2/data/generated/images/train/train_000011.jpg,milestone2/data/generated/labels/train/train_000011.txt,train,Hemanth Rajaboyina,4,2,images_OBJ037/OBJ037_033.jpg,da75c8d082a767f9cd219754048f9749,OBJ037,Candle,36,2,2,1,0,448,448,224,0,224,224,448,0.250000,0.750000,0.500000,0.500000
milestone2/data/generated/images/train/train_000011.jpg,milestone2/data/generated/labels/train/train_000011.txt,train,Hemanth Rajaboyina,4,3,images_OBJ020/OBJ020_040.jpg,67ff56b13e54b9633744db7204c1b11b,OBJ020,Airpod,19,2,2,1,1,448,448,224,224,224,448,448,0.750000,0.750000,0.500000,0.500000
milestone2/data/generated/images/train/train_000011.jpg,milestone2/data/generated/labels/train/train_000011.txt,train,Hemanth Rajaboyina,4,4,images_OBJ025/OBJ025_038.jpg,45e53d97e63a2119b3a943a4f1443806,OBJ025,Watch,24,2,2,0,0,448,448,224,0,0,224,224,0.250000,0.250000,0.500000,0.500000
milestone2/data/generated/images/train/train_000012.jpg,milestone2/data/generated/labels/train/train_000012.txt,train,Hemanth Rajaboyina,5,1,images_OBJ016/OBJ016_076.jpg,ba035feab24a2094981afb52ecfcaf58,OBJ016,Sandisk Portable SSD,15,2,3,1,1,672,448,224,224,224,448,448,0.500000,0.750000,0.333333,0.500000
milestone2/data/generated/images/train/train_000012.jpg,milestone2/data/generated/labels/train/train_000012.txt,train,Hemanth Rajaboyina,5,2,images_OBJ071/OBJ071_064.jpg,ffbe670e6f161c7b9c1837290411002e,OBJ071,Sloth Plushie,70,2,3,1,2,672,448,224,448,224,672,448,0.833333,0.750000,0.333333,0.500000
milestone2/data/generated/images/train/train_000012.jpg,milestone2/data/generated/labels/train/train_000012.txt,train,Hemanth Rajaboyina,5,3,images_OBJ009/OBJ009_038.jpg,c7bc0ccff58160fddda99a35dd3ca8a4,OBJ009,Marshall Speaker,8,2,3,0,1,672,448,224,224,0,448,224,0.500000,0.250000,0.333333,0.500000
milestone2/data/generated/images/train/train_000012.jpg,milestone2/data/generated/labels/train/train_000012.txt,train,Hemanth Rajaboyina,5,4,images_OBJ027/OBJ027_034.jpg,9b66f14aa6fb943db957b16ccf7f7b11,OBJ027,Tennis ball,26,2,3,1,0,672,448,224,0,224,224,448,0.166667,0.750000,0.333333,0.500000
milestone2/data/generated/images/train/train_000012.jpg,milestone2/data/generated/labels/train/train_000012.txt,train,Hemanth Rajaboyina,5,5,images_OBJ019/OBJ019_058.jpg,97d49b7798cdb26eefd8586380f9d776,OBJ019,Plant,18,2,3,0,0,672,448,224,0,0,224,224,0.166667,0.250000,0.333333,0.500000
milestone2/data/generated/images/train/train_000013.jpg,milestone2/data/generated/labels/train/train_000013.txt,train,Hemanth Rajaboyina,3,1,images_OBJ001/OBJ001_089.jpg,9575094db82409f393c710af6d4a10ba,OBJ001,Basketball,0,2,2,1,0,448,448,224,0,224,224,448,0.250000,0.750000,0.500000,0.500000
milestone2/data/generated/images/train/train_000013.jpg,milestone2/data/generated/labels/train/train_000013.txt,train,Hemanth Rajaboyina,3,2,images_OBJ063/OBJ063_014.jpg,3060da95857d7e2b5a306d552321fd30,OBJ063,Measuring Bottle,62,2,2,1,1,448,448,224,224,224,448,448,0.750000,0.750000,0.500000,0.500000
milestone2/data/generated/images/train/train_000013.jpg,milestone2/data/generated/labels/train/train_000013.txt,train,Hemanth Rajaboyina,3,3,images_OBJ033/OBJ033_066.jpg,2d71f7860ca4c373abd1308930aa9fd2,OBJ033,Duck,32,2,2,0,1,448,448,224,224,0,448,224,0.750000,0.250000,0.500000,0.500000
milestone2/data/generated/images/train/train_000014.jpg,milestone2/data/generated/labels/train/train_000014.txt,train,Hemanth Rajaboyina,5,1,images_OBJ059/OBJ059_042.jpg,c7e037e74124bf353c31a08e50eff412,OBJ059,Comb,58,2,3,0,2,672,448,224,448,0,672,224,0.833333,0.250000,0.333333,0.500000
milestone2/data/generated/images/train/train_000014.jpg,milestone2/data/generated/labels/train/train_000014.txt,train,Hemanth Rajaboyina,5,2,images_OBJ008/OBJ008_022.jpg,70d92e212fef668b0b898843c007b596,OBJ008,Cat,7,2,3,0,1,672,448,224,224,0,448,224,0.500000,0.250000,0.333333,0.500000
milestone2/data/generated/images/train/train_000014.jpg,milestone2/data/generated/labels/train/train_000014.txt,train,Hemanth Rajaboyina,5,3,images_OBJ015/OBJ015_092.jpg,6a0b89a343d07810139316e37ae5dd5e,OBJ015,Water Tumbler,14,2,3,1,1,672,448,224,224,224,448,448,0.500000,0.750000,0.333333,0.500000
milestone2/data/generated/images/train/train_000014.jpg,milestone2/data/generated/labels/train/train_000014.txt,train,Hemanth Rajaboyina,5,4,images_OBJ022/OBJ022_078.jpeg,4eef1bf5f859b4952199cc25b34e08c8,OBJ022,Guitar,21,2,3,0,0,672,448,224,0,0,224,224,0.166667,0.250000,0.333333,0.500000
milestone2/data/generated/images/train/train_000014.jpg,milestone2/data/generated/labels/train/train_000014.txt,train,Hemanth Rajaboyina,5,5,images_OBJ070/OBJ070_070.jpg,ba5b687e98a07e6107bfa59d6cbaf474,OBJ070,Astronaut projector,69,2,3,1,2,672,448,224,448,224,672,448,0.833333,0.750000,0.333333,0.500000
milestone2/data/generated/images/train/train_000015.jpg,milestone2/data/generated/labels/train/train_000015.txt,train,Hemanth Rajaboyina,4,1,images_OBJ062/OBJ062_086.jpg,9b4d53d5e33cdfec2d2c45789e2a2cef,OBJ062,Headphones,61,2,2,0,0,448,448,224,0,0,224,224,0.250000,0.250000,0.500000,0.500000
milestone2/data/generated/images/train/train_000015.jpg,milestone2/data/generated/labels/train/train_000015.txt,train,Hemanth Rajaboyina,4,2,images_OBJ003/OBJ003_022.jpg,dc70a3288a7e6be687103f44f834dfda,OBJ003,NoteBook,2,2,2,0,1,448,448,224,224,0,448,224,0.750000,0.250000,0.500000,0.500000
milestone2/data/generated/images/train/train_000015.jpg,milestone2/data/generated/labels/train/train_000015.txt,train,Hemanth Rajaboyina,4,3,images_OBJ011/OBJ011_065.jpg,398caaed421f7081f4cca9b23e88a026,OBJ011,Mug,10,2,2,1,0,448,448,224,0,224,224,448,0.250000,0.750000,0.500000,0.500000
milestone2/data/generated/images/train/train_000015.jpg,milestone2/data/generated/labels/train/train_000015.txt,train,Hemanth Rajaboyina,4,4,images_OBJ049/OBJ049_068.jpg,f80c85f8c8b1f8d2f2af33ad9f1f5490,OBJ049,Pickleball bat,48,2,2,1,1,448,448,224,224,224,448,448,0.750000,0.750000,0.500000,0.500000
milestone2/data/generated/images/train/train_000016.jpg,milestone2/data/generated/labels/train/train_000016.txt,train,Hemanth Rajaboyina,3,1,images_OBJ068/OBJ068_024.jpg,dc26923086721014eabd8e352f5cf6ef,OBJ068,Neck Pillow,67,2,2,0,1,448,448,224,224,0,448,224,0.750000,0.250000,0.500000,0.500000
milestone2/data/generated/images/train/train_000016.jpg,milestone2/data/generated/labels/train/train_000016.txt,train,Hemanth Rajaboyina,3,2,images_OBJ046/OBJ046_060.jpg,200baebffbc1ef257bd7b750ee06d277,OBJ046,iWatch,45,2,2,1,1,448,448,224,224,224,448,448,0.750000,0.750000,0.500000,0.500000
milestone2/data/generated/images/train/train_000016.jpg,milestone2/data/generated/labels/train/train_000016.txt,train,Hemanth Rajaboyina,3,3,images_OBJ053/OBJ053_040.jpg,1540684b2bde5b30fe6bdc9821a91ffb,OBJ053,Moisturizer,52,2,2,1,0,448,448,224,0,224,224,448,0.250000,0.750000,0.500000,0.500000
milestone2/data/generated/images/train/train_000017.jpg,milestone2/data/generated/labels/train/train_000017.txt,train,Hemanth Rajaboyina,4,1,images_OBJ043/OBJ043_038.jpg,4317a6aae34f840eeb78a9678c998f20,OBJ043,Swimming Goggles,42,2,2,1,0,448,448,224,0,224,224,448,0.250000,0.750000,0.500000,0.500000
milestone2/data/generated/images/train/train_000017.jpg,milestone2/data/generated/labels/train/train_000017.txt,train,Hemanth Rajaboyina,4,2,images_OBJ028/OBJ028_070.jpg,0c7cb356de292d8069a001312aff2fe9,OBJ028,Banana,27,2,2,0,0,448,448,224,0,0,224,224,0.250000,0.250000,0.500000,0.500000
milestone2/data/generated/images/train/train_000017.jpg,milestone2/data/generated/labels/train/train_000017.txt,train,Hemanth Rajaboyina,4,3,images_OBJ052/OBJ052_093.jpg,055360b01867a465a1c6b6fc8b1b4459,OBJ052,Spoon,51,2,2,0,1,448,448,224,224,0,448,224,0.750000,0.250000,0.500000,0.500000
milestone2/data/generated/images/train/train_000017.jpg,milestone2/data/generated/labels/train/train_000017.txt,train,Hemanth Rajaboyina,4,4,images_OBJ030/OBJ030_016.jpg,ca6352d1e8abab4883204a5eb27f72e4,OBJ030,Tennis racket,29,2,2,1,1,448,448,224,224,224,448,448,0.750000,0.750000,0.500000,0.500000
milestone2/data/generated/images/train/train_000018.jpg,milestone2/data/generated/labels/train/train_000018.txt,train,Hemanth Rajaboyina,3,1,images_OBJ044/OBJ044_047.jpg,2076e8fd14d02b937dd648c430ff92c3,OBJ044,Anime Figurine,43,2,2,0,1,448,448,224,224,0,448,224,0.750000,0.250000,0.500000,0.500000
milestone2/data/generated/images/train/train_000018.jpg,milestone2/data/generated/labels/train/train_000018.txt,train,Hemanth Rajaboyina,3,2,images_OBJ021/OBJ021_051.jpg,871bbf12384efad6c16e44fe0a7e7c91,OBJ021,Toy Bunny,20,2,2,0,0,448,448,224,0,0,224,224,0.250000,0.250000,0.500000,0.500000
milestone2/data/generated/images/train/train_000018.jpg,milestone2/data/generated/labels/train/train_000018.txt,train,Hemanth Rajaboyina,3,3,images_OBJ067/OBJ067_0061.jpg,31922535540fa2f698d2c3eb9c4cefb9,OBJ067,Men's Wallet,66,2,2,1,0,448,448,224,0,224,224,448,0.250000,0.750000,0.500000,0.500000
milestone2/data/generated/images/train/train_000019.jpg,milestone2/data/generated/labels/train/train_000019.txt,train,Hemanth Rajaboyina,5,1,images_OBJ012/OBJ012_070.jpg,371fdfd811c5b6ea900b6599aecbe843,OBJ012,Computer Keyboard,11,2,3,0,2,672,448,224,448,0,672,224,0.833333,0.250000,0.333333,0.500000
milestone2/data/generated/images/train/train_000019.jpg,milestone2/data/generated/labels/train/train_000019.txt,train,Hemanth Rajaboyina,5,2,images_OBJ023/OBJ023_048.JPG,9970fb791692bb2878f6e5f72d5ed442,OBJ023,Bracelet,22,2,3,1,0,672,448,224,0,224,224,448,0.166667,0.750000,0.333333,0.500000
milestone2/data/generated/images/train/train_000019.jpg,milestone2/data/generated/labels/train/train_000019.txt,train,Hemanth Rajaboyina,5,3,images_OBJ026/OBJ026_092.jpg,f1fbd96ee9da802b498e6932be763687,OBJ026,Red Sox Cap,25,2,3,0,0,672,448,224,0,0,224,224,0.166667,0.250000,0.333333,0.500000
milestone2/data/generated/images/train/train_000019.jpg,milestone2/data/generated/labels/train/train_000019.txt,train,Hemanth Rajaboyina,5,4,images_OBJ036/OBJ036_046.jpg,29e2d202dc1fc52ee666ad937f821e7a,OBJ036,Pencil case,35,2,3,1,1,672,448,224,224,224,448,448,0.500000,0.750000,0.333333,0.500000
milestone2/data/generated/images/train/train_000019.jpg,milestone2/data/generated/labels/train/train_000019.txt,train,Hemanth Rajaboyina,5,5,images_OBJ068/OBJ068_090.jpg,6f463eac1c6b0d98d8f707f1cf4455b7,OBJ068,Neck Pillow,67,2,3,0,1,672,448,224,224,0,448,224,0.500000,0.250000,0.333333,0.500000
milestone2/data/generated/images/train/train_000020.jpg,milestone2/data/generated/labels/train/train_000020.txt,train,Hemanth Rajaboyina,5,1,images_OBJ012/OBJ012_013.jpg,3f1a3aaa200c5cec01c783d86b8dcc9c,OBJ012,Computer Keyboard,11,2,3,0,1,672,448,224,224,0,448,224,0.500000,0.250000,0.333333,0.500000
milestone2/data/generated/images/train/train_000020.jpg,milestone2/data/generated/labels/train/train_000020.txt,train,Hemanth Rajaboyina,5,2,images_OBJ054/OBJ054_091.jpg,686d19833277c73c47904f93d838d8b9,OBJ054,Purse,53,2,3,0,0,672,448,224,0,0,224,224,0.166667,0.250000,0.333333,0.500000
milestone2/data/generated/images/train/train_000020.jpg,milestone2/data/generated/labels/train/train_000020.txt,train,Hemanth Rajaboyina,5,3,images_OBJ038/OBJ038_055.jpg,407327a389d2999724d1956aaef5a792,OBJ038,Perfume bottle,37,2,3,0,2,672,448,224,448,0,672,224,0.833333,0.250000,0.333333,0.500000
milestone2/data/generated/images/train/train_000020.jpg,milestone2/data/generated/labels/train/train_000020.txt,train,Hemanth Rajaboyina,5,4,images_OBJ039/OBJ039_016.jpg,9cf63a23a1ca8886a05f307b9aab38a7,OBJ039,Scissors,38,2,3,1,2,672,448,224,448,224,672,448,0.833333,0.750000,0.333333,0.500000
milestone2/data/generated/images/train/train_000020.jpg,milestone2/data/generated/labels/train/train_000020.txt,train,Hemanth Rajaboyina,5,5,images_OBJ047/OBJ047_009.jpg,c9aee1f33018e31de900ea4ccfeaedc3,OBJ047,Backpack,46,2,3,1,1,672,448,224,224,224,448,448,0.500000,0.750000,0.333333,0.500000
milestone2/data/generated/images/train/train_000021.jpg,milestone2/data/generated/labels/train/train_000021.txt,train,Hemanth Rajaboyina,5,1,images_OBJ025/OBJ025_094.jpg,1d2166b55c82fb3f7b4515cabb9fd7e2,OBJ025,Watch,24,2,3,1,1,672,448,224,224,224,448,448,0.500000,0.750000,0.333333,0.500000
milestone2/data/generated/images/train/train_000021.jpg,milestone2/data/generated/labels/train/train_000021.txt,train,Hemanth Rajaboyina,5,2,images_OBJ032/OBJ032_048.jpg,a0b2edc514ab49a37e71bea722ee8cfa,OBJ032,Sound Card,31,2,3,1,0,672,448,224,0,224,224,448,0.166667,0.750000,0.333333,0.500000
milestone2/data/generated/images/train/train_000021.jpg,milestone2/data/generated/labels/train/train_000021.txt,train,Hemanth Rajaboyina,5,3,images_OBJ016/OBJ016_026.jpg,e7cb182ba25b536bd05ca3d3d88de899,OBJ016,Sandisk Portable SSD,15,2,3,1,2,672,448,224,448,224,672,448,0.833333,0.750000,0.333333,0.500000
milestone2/data/generated/images/train/train_000021.jpg,milestone2/data/generated/labels/train/train_000021.txt,train,Hemanth Rajaboyina,5,4,images_OBJ064/OBJ064_069.jpg,aa946b1b89ad84f4036354c9ded2f027,OBJ064,RGB Projector,63,2,3,0,1,672,448,224,224,0,448,224,0.500000,0.250000,0.333333,0.500000
milestone2/data/generated/images/train/train_000021.jpg,milestone2/data/generated/labels/train/train_000021.txt,train,Hemanth Rajaboyina,5,5,images_OBJ014/OBJ014_084.jpeg,9f4d6b029609a13e2cf787a90b91b523,OBJ014,Sunglasses,13,2,3,0,0,672,448,224,0,0,224,224,0.166667,0.250000,0.333333,0.500000
milestone2/data/generated/images/train/train_000022.jpg,milestone2/data/generated/labels/train/train_000022.txt,train,Hemanth Rajaboyina,5,1,images_OBJ034/OBJ034_028.jpg,a4ecf0addc37406ed5fbbfbff722c0a0,OBJ034,Table Tennis Racket,33,2,3,1,0,672,448,224,0,224,224,448,0.166667,0.750000,0.333333,0.500000
milestone2/data/generated/images/train/train_000022.jpg,milestone2/data/generated/labels/train/train_000022.txt,train,Hemanth Rajaboyina,5,2,images_OBJ020/OBJ020_053.jpg,7076092762033695eb67576647d2280f,OBJ020,Airpod,19,2,3,0,2,672,448,224,448,0,672,224,0.833333,0.250000,0.333333,0.500000
milestone2/data/generated/images/train/train_000022.jpg,milestone2/data/generated/labels/train/train_000022.txt,train,Hemanth Rajaboyina,5,3,images_OBJ044/OBJ044_056.jpg,25a09e735d1e30a9db4961e8dff51cef,OBJ044,Anime Figurine,43,2,3,1,2,672,448,224,448,224,672,448,0.833333,0.750000,0.333333,0.500000
milestone2/data/generated/images/train/train_000022.jpg,milestone2/data/generated/labels/train/train_000022.txt,train,Hemanth Rajaboyina,5,4,images_OBJ048/OBJ048_020.jpg,5ce2069656231043a5955513b06d89c4,OBJ048,Wireless powerbank,47,2,3,0,0,672,448,224,0,0,224,224,0.166667,0.250000,0.333333,0.500000
milestone2/data/generated/images/train/train_000022.jpg,milestone2/data/generated/labels/train/train_000022.txt,train,Hemanth Rajaboyina,5,5,images_OBJ028/OBJ028_068.jpg,23bc6b570472ff21d60659ae719ed102,OBJ028,Banana,27,2,3,0,1,672,448,224,224,0,448,224,0.500000,0.250000,0.333333,0.500000
milestone2/data/generated/images/train/train_000023.jpg,milestone2/data/generated/labels/train/train_000023.txt,train,Hemanth Rajaboyina,4,1,images_OBJ057/OBJ057_052.jpg,1eb52257cfea8c84a94b4cde195d1e6f,OBJ057,Power Bank,56,2,2,0,0,448,448,224,0,0,224,224,0.250000,0.250000,0.500000,0.500000
milestone2/data/generated/images/train/train_000023.jpg,milestone2/data/generated/labels/train/train_000023.txt,train,Hemanth Rajaboyina,4,2,images_OBJ004/OBJ004_006.jpg,6c7a8c29b2690d07598363718316bd88,OBJ004,Toy Car,3,2,2,1,1,448,448,224,224,224,448,448,0.750000,0.750000,0.500000,0.500000
milestone2/data/generated/images/train/train_000023.jpg,milestone2/data/generated/labels/train/train_000023.txt,train,Hemanth Rajaboyina,4,3,images_OBJ023/OBJ023_022.JPG,456b825bc06fdd3854c5e0dc9a056e37,OBJ023,Bracelet,22,2,2,1,0,448,448,224,0,224,224,448,0.250000,0.750000,0.500000,0.500000
milestone2/data/generated/images/train/train_000023.jpg,milestone2/data/generated/labels/train/train_000023.txt,train,Hemanth Rajaboyina,4,4,images_OBJ024/OBJ024_088.jpg,73b722a2fbf6a19a5a51c12ca8f55cae,OBJ024,Plush doll,23,2,2,0,1,448,448,224,224,0,448,224,0.750000,0.250000,0.500000,0.500000
milestone2/data/generated/images/train/train_000024.jpg,milestone2/data/generated/labels/train/train_000024.txt,train,Hemanth Rajaboyina,5,1,images_OBJ053/OBJ053_059.jpg,d9d5643dbad4bc6d6bdb08949cba0af1,OBJ053,Moisturizer,52,2,3,1,1,672,448,224,224,224,448,448,0.500000,0.750000,0.333333,0.500000
milestone2/data/generated/images/train/train_000024.jpg,milestone2/data/generated/labels/train/train_000024.txt,train,Hemanth Rajaboyina,5,2,images_OBJ013/OBJ013_055.jpg,3b64d778d4373852cf9b38d128de457e,OBJ013,Mobile phone,12,2,3,0,1,672,448,224,224,0,448,224,0.500000,0.250000,0.333333,0.500000
milestone2/data/generated/images/train/train_000024.jpg,milestone2/data/generated/labels/train/train_000024.txt,train,Hemanth Rajaboyina,5,3,images_OBJ045/OBJ045_028.jpg,83a72a576e17dfdbf0874f12df6526b0,OBJ045,Wayfarer Sunglasses,44,2,3,0,2,672,448,224,448,0,672,224,0.833333,0.250000,0.333333,0.500000
milestone2/data/generated/images/train/train_000024.jpg,milestone2/data/generated/labels/train/train_000024.txt,train,Hemanth Rajaboyina,5,4,images_OBJ015/OBJ015_049.jpg,e354ce21035070a710382c165c60df92,OBJ015,Water Tumbler,14,2,3,1,0,672,448,224,0,224,224,448,0.166667,0.750000,0.333333,0.500000
milestone2/data/generated/images/train/train_000024.jpg,milestone2/data/generated/labels/train/train_000024.txt,train,Hemanth Rajaboyina,5,5,images_OBJ009/OBJ009_015.jpg,a7e9a21161ddea32b573ba6c27a744db,OBJ009,Marshall Speaker,8,2,3,0,0,672,448,224,0,0,224,224,0.166667,0.250000,0.333333,0.500000
milestone2/data/generated/images/train/train_000025.jpg,milestone2/data/generated/labels/train/train_000025.txt,train,Hemanth Rajaboyina,5,1,images_OBJ061/OBJ061_025.jpg,b5d641d940f151938062c6e484c99cb5,OBJ061,Card wallet,60,2,3,0,1,672,448,224,224,0,448,224,0.500000,0.250000,0.333333,0.500000
milestone2/data/generated/images/train/train_000025.jpg,milestone2/data/generated/labels/train/train_000025.txt,train,Hemanth Rajaboyina,5,2,images_OBJ033/OBJ033_067.jpg,11046cbe6281090597c2ba109fae4bc8,OBJ033,Duck,32,2,3,1,0,672,448,224,0,224,224,448,0.166667,0.750000,0.333333,0.500000
milestone2/data/generated/images/train/train_000025.jpg,milestone2/data/generated/labels/train/train_000025.txt,train,Hemanth Rajaboyina,5,3,images_OBJ042/OBJ042_062.jpg,c920403429f0dff893b4e097fd2f21ca,OBJ042,Mouth guard case,41,2,3,1,1,672,448,224,224,224,448,448,0.500000,0.750000,0.333333,0.500000
milestone2/data/generated/images/train/train_000025.jpg,milestone2/data/generated/labels/train/train_000025.txt,train,Hemanth Rajaboyina,5,4,images_OBJ019/OBJ019_021.jpg,236d72bc4ea3a59415503ceb81bd202d,OBJ019,Plant,18,2,3,1,2,672,448,224,448,224,672,448,0.833333,0.750000,0.333333,0.500000
milestone2/data/generated/images/train/train_000025.jpg,milestone2/data/generated/labels/train/train_000025.txt,train,Hemanth Rajaboyina,5,5,images_OBJ046/OBJ046_011.jpg,52dd3317f344ddd0af2cd0c3243f5be1,OBJ046,iWatch,45,2,3,0,2,672,448,224,448,0,672,224,0.833333,0.250000,0.333333,0.500000
milestone2/data/generated/images/train/train_000026.jpg,milestone2/data/generated/labels/train/train_000026.txt,train,Hemanth Rajaboyina,5,1,images_OBJ029/OBJ029_087.jpg,14baeea3a4d2a4009b1006e3b9fb0a84,OBJ029,Orange,28,2,3,1,0,672,448,224,0,224,224,448,0.166667,0.750000,0.333333,0.500000
milestone2/data/generated/images/train/train_000026.jpg,milestone2/data/generated/labels/train/train_000026.txt,train,Hemanth Rajaboyina,5,2,images_OBJ005/OBJ005_011.jpg,501d272f5aacfc736900e71376a41083,OBJ005,Computer mouse,4,2,3,0,2,672,448,224,448,0,672,224,0.833333,0.250000,0.333333,0.500000
milestone2/data/generated/images/train/train_000026.jpg,milestone2/data/generated/labels/train/train_000026.txt,train,Hemanth Rajaboyina,5,3,images_OBJ003/OBJ003_047.jpg,466e03d9599520038771e85aa9ab8405,OBJ003,NoteBook,2,2,3,0,1,672,448,224,224,0,448,224,0.500000,0.250000,0.333333,0.500000
milestone2/data/generated/images/train/train_000026.jpg,milestone2/data/generated/labels/train/train_000026.txt,train,Hemanth Rajaboyina,5,4,images_OBJ069/OBJ069_041.jpg,e6725d594663b5953c6d6513c3080f59,OBJ069,Knife,68,2,3,1,1,672,448,224,224,224,448,448,0.500000,0.750000,0.333333,0.500000
milestone2/data/generated/images/train/train_000026.jpg,milestone2/data/generated/labels/train/train_000026.txt,train,Hemanth Rajaboyina,5,5,images_OBJ017/OBJ017_070.jpg,2b4dfc8fcde9fb66c2089bb6a709110a,OBJ017,Controller,16,2,3,0,0,672,448,224,0,0,224,224,0.166667,0.250000,0.333333,0.500000
milestone2/data/generated/images/train/train_000027.jpg,milestone2/data/generated/labels/train/train_000027.txt,train,Hemanth Rajaboyina,4,1,images_OBJ065/OBJ065_016.jpg,dc407e8a2ac372f7e096c129362543b4,OBJ065,Analog watch,64,2,2,0,1,448,448,224,224,0,448,224,0.750000,0.250000,0.500000,0.500000
milestone2/data/generated/images/train/train_000027.jpg,milestone2/data/generated/labels/train/train_000027.txt,train,Hemanth Rajaboyina,4,2,images_OBJ056/OBJ056_032.jpg,d47d04a846a347799fa4f740cdca3a5e,OBJ056,Trader Joe's Bag,55,2,2,0,0,448,448,224,0,0,224,224,0.250000,0.250000,0.500000,0.500000
milestone2/data/generated/images/train/train_000027.jpg,milestone2/data/generated/labels/train/train_000027.txt,train,Hemanth Rajaboyina,4,3,images_OBJ067/OBJ067_0060.jpg,521f4bb4b55a5df7d0ccdf8fdda37f3f,OBJ067,Men's Wallet,66,2,2,1,1,448,448,224,224,224,448,448,0.750000,0.750000,0.500000,0.500000
milestone2/data/generated/images/train/train_000027.jpg,milestone2/data/generated/labels/train/train_000027.txt,train,Hemanth Rajaboyina,4,4,images_OBJ008/OBJ008_084.jpg,8f408d1ad65eac156e5c645426a4e528,OBJ008,Cat,7,2,2,1,0,448,448,224,0,224,224,448,0.250000,0.750000,0.500000,0.500000
milestone2/data/generated/images/train/train_000028.jpg,milestone2/data/generated/labels/train/train_000028.txt,train,Hemanth Rajaboyina,5,1,images_OBJ062/OBJ062_061.jpg,3a9fd493e628b61baba12027759b1b7d,OBJ062,Headphones,61,2,3,1,1,672,448,224,224,224,448,448,0.500000,0.750000,0.333333,0.500000
milestone2/data/generated/images/train/train_000028.jpg,milestone2/data/generated/labels/train/train_000028.txt,train,Hemanth Rajaboyina,5,2,images_OBJ055/OBJ055_090.jpg,0eae1210b8d789c220caa469df5f0fb3,OBJ055,Scientific Calculator,54,2,3,1,0,672,448,224,0,224,224,448,0.166667,0.750000,0.333333,0.500000
milestone2/data/generated/images/train/train_000028.jpg,milestone2/data/generated/labels/train/train_000028.txt,train,Hemanth Rajaboyina,5,3,images_OBJ051/OBJ051_087.jpg,3269572a035d6c1c9806b516fe572939,OBJ051,Tissue,50,2,3,0,0,672,448,224,0,0,224,224,0.166667,0.250000,0.333333,0.500000
milestone2/data/generated/images/train/train_000028.jpg,milestone2/data/generated/labels/train/train_000028.txt,train,Hemanth Rajaboyina,5,4,images_OBJ050/OBJ050_047.jpg,4d9944a720eb8128b623462e0d045ae2,OBJ050,Hairbrush,49,2,3,0,1,672,448,224,224,0,448,224,0.500000,0.250000,0.333333,0.500000
milestone2/data/generated/images/train/train_000028.jpg,milestone2/data/generated/labels/train/train_000028.txt,train,Hemanth Rajaboyina,5,5,images_OBJ030/OBJ030_062.jpg,b860dc16861ee74dd972dfef4f8b0569,OBJ030,Tennis racket,29,2,3,1,2,672,448,224,448,224,672,448,0.833333,0.750000,0.333333,0.500000
milestone2/data/generated/images/train/train_000029.jpg,milestone2/data/generated/labels/train/train_000029.txt,train,Hemanth Rajaboyina,4,1,images_OBJ031/OBJ031_090.jpg,beee91ea24126145725d46188e6153a6,OBJ031,UNO card box,30,2,2,1,1,448,448,224,224,224,448,448,0.750000,0.750000,0.500000,0.500000
milestone2/data/generated/images/train/train_000029.jpg,milestone2/data/generated/labels/train/train_000029.txt,train,Hemanth Rajaboyina,4,2,images_OBJ026/OBJ026_004.jpg,2b92d55b5c6079f0e8ec3b9b69beb4f1,OBJ026,Red Sox Cap,25,2,2,1,0,448,448,224,0,224,224,448,0.250000,0.750000,0.500000,0.500000
milestone2/data/generated/images/train/train_000029.jpg,milestone2/data/generated/labels/train/train_000029.txt,train,Hemanth Rajaboyina,4,3,images_OBJ041/OBJ041_065.jpg,efc945dc686494948ade9bb7775a48db,OBJ041,Table fan,40,2,2,0,0,448,448,224,0,0,224,224,0.250000,0.250000,0.500000,0.500000
milestone2/data/generated/images/train/train_000029.jpg,milestone2/data/generated/labels/train/train_000029.txt,train,Hemanth Rajaboyina,4,4,images_OBJ059/OBJ059_070.jpg,e5eafb68451e6364955c154a37112cbb,OBJ059,Comb,58,2,2,0,1,448,448,224,224,0,448,224,0.750000,0.250000,0.500000,0.500000
milestone2/data/generated/images/train/train_000030.jpg,milestone2/data/generated/labels/train/train_000030.txt,train,Hemanth Rajaboyina,5,1,images_OBJ001/OBJ001_067.jpg,4a513d8ea6bd189d8974593a77d1607b,OBJ001,Basketball,0,2,3,1,0,672,448,224,0,224,224,448,0.166667,0.750000,0.333333,0.500000
milestone2/data/generated/images/train/train_000030.jpg,milestone2/data/generated/labels/train/train_000030.txt,train,Hemanth Rajaboyina,5,2,images_OBJ043/OBJ043_086.jpg,0916efef29c5d7ecc488d3c3ef3c5442,OBJ043,Swimming Goggles,42,2,3,1,1,672,448,224,224,224,448,448,0.500000,0.750000,0.333333,0.500000
milestone2/data/generated/images/train/train_000030.jpg,milestone2/data/generated/labels/train/train_000030.txt,train,Hemanth Rajaboyina,5,3,images_OBJ021/OBJ021_022.jpg,1d2a2f22a7ff8f8737f9693c8335b09e,OBJ021,Toy Bunny,20,2,3,1,2,672,448,224,448,224,672,448,0.833333,0.750000,0.333333,0.500000
milestone2/data/generated/images/train/train_000030.jpg,milestone2/data/generated/labels/train/train_000030.txt,train,Hemanth Rajaboyina,5,4,images_OBJ072/OBJ072_077.jpg,1fd0789c509d8f01e43ac4d2209bc4ec,OBJ072,Dog,71,2,3,0,1,672,448,224,224,0,448,224,0.500000,0.250000,0.333333,0.500000
milestone2/data/generated/images/train/train_000030.jpg,milestone2/data/generated/labels/train/train_000030.txt,train,Hemanth Rajaboyina,5,5,images_OBJ066/OBJ066_094.jpg,139b90a7aac5455102c602a8bcbc44b9,OBJ066,Hair oil,65,2,3,0,0,672,448,224,0,0,224,224,0.166667,0.250000,0.333333,0.500000
milestone2/data/generated/images/train/train_000031.jpg,milestone2/data/generated/labels/train/train_000031.txt,train,Hemanth Rajaboyina,4,1,images_OBJ037/OBJ037_083.jpg,8d3abd2f58c5ebeb5523f0bfc2141649,OBJ037,Candle,36,2,2,1,1,448,448,224,224,224,448,448,0.750000,0.750000,0.500000,0.500000
milestone2/data/generated/images/train/train_000031.jpg,milestone2/data/generated/labels/train/train_000031.txt,train,Hemanth Rajaboyina,4,2,images_OBJ002/OBJ002_022.jpg,df9cb611e71d0ab38a1c42d74bc2f510,OBJ002,Water bottle,1,2,2,0,0,448,448,224,0,0,224,224,0.250000,0.250000,0.500000,0.500000
milestone2/data/generated/images/train/train_000031.jpg,milestone2/data/generated/labels/train/train_000031.txt,train,Hemanth Rajaboyina,4,3,images_OBJ010/OBJ010_080.jpg,8c12003e1300abb82280bf4f743d18db,OBJ010,Nike sneakers,9,2,2,1,0,448,448,224,0,224,224,448,0.250000,0.750000,0.500000,0.500000
milestone2/data/generated/images/train/train_000031.jpg,milestone2/data/generated/labels/train/train_000031.txt,train,Hemanth Rajaboyina,4,4,images_OBJ063/OBJ063_082.jpg,63f3d60dc802e14b207ff546e3218b35,OBJ063,Measuring Bottle,62,2,2,0,1,448,448,224,224,0,448,224,0.750000,0.250000,0.500000,0.500000
milestone2/data/generated/images/train/train_000032.jpg,milestone2/data/generated/labels/train/train_000032.txt,train,Hemanth Rajaboyina,3,1,images_OBJ040/OBJ040_077.JPG,c91a70879bba884678c1066f72b01329,OBJ040,Clutcher,39,2,2,1,1,448,448,224,224,224,448,448,0.750000,0.750000,0.500000,0.500000
milestone2/data/generated/images/train/train_000032.jpg,milestone2/data/generated/labels/train/train_000032.txt,train,Hemanth Rajaboyina,3,2,images_OBJ060/OBJ060_27.JPG,a7ed7a8926fced573e3679e28175aa1b,OBJ060,Sleep Mask,59,2,2,1,0,448,448,224,0,224,224,448,0.250000,0.750000,0.500000,0.500000
milestone2/data/generated/images/train/train_000032.jpg,milestone2/data/generated/labels/train/train_000032.txt,train,Hemanth Rajaboyina,3,3,images_OBJ035/OBJ035_059.jpg,61f82f55cb57edc771f910e7a72beab4,OBJ035,Badminton racket,34,2,2,0,0,448,448,224,0,0,224,224,0.250000,0.250000,0.500000,0.500000
milestone2/data/generated/images/train/train_000033.jpg,milestone2/data/generated/labels/train/train_000033.txt,train,Hemanth Rajaboyina,4,1,images_OBJ027/OBJ027_001.jpg,2467ce82d0455e864eb8b4dd959d51cb,OBJ027,Tennis ball,26,2,2,1,1,448,448,224,224,224,448,448,0.750000,0.750000,0.500000,0.500000
milestone2/data/generated/images/train/train_000033.jpg,milestone2/data/generated/labels/train/train_000033.txt,train,Hemanth Rajaboyina,4,2,images_OBJ011/OBJ011_042.jpg,57f289a8b544c301d10b9ac13f3a8876,OBJ011,Mug,10,2,2,0,1,448,448,224,224,0,448,224,0.750000,0.250000,0.500000,0.500000
milestone2/data/generated/images/train/train_000033.jpg,milestone2/data/generated/labels/train/train_000033.txt,train,Hemanth Rajaboyina,4,3,images_OBJ049/OBJ049_096.jpg,c4992b2fdbe555a348e49353c26c949a,OBJ049,Pickleball bat,48,2,2,1,0,448,448,224,0,224,224,448,0.250000,0.750000,0.500000,0.500000
milestone2/data/generated/images/train/train_000033.jpg,milestone2/data/generated/labels/train/train_000033.txt,train,Hemanth Rajaboyina,4,4,images_OBJ058/OBJ058_068.jpg,530e8396dbf8c6a501f0edfc72c8ab6a,OBJ058,Footstool,57,2,2,0,0,448,448,224,0,0,224,224,0.250000,0.250000,0.500000,0.500000
milestone2/data/generated/images/train/train_000034.jpg,milestone2/data/generated/labels/train/train_000034.txt,train,Hemanth Rajaboyina,3,1,images_OBJ070/OBJ070_009.jpg,c75232b3d35e3c3c884827da97e9b7ed,OBJ070,Astronaut projector,69,2,2,1,0,448,448,224,0,224,224,448,0.250000,0.750000,0.500000,0.500000
milestone2/data/generated/images/train/train_000034.jpg,milestone2/data/generated/labels/train/train_000034.txt,train,Hemanth Rajaboyina,3,2,images_OBJ073/OBJ073_073.jpg,34de7c383d7b9b3a264e9821ac8cb7c5,OBJ073,Bowl,72,2,2,1,1,448,448,224,224,224,448,448,0.750000,0.750000,0.500000,0.500000
milestone2/data/generated/images/train/train_000034.jpg,milestone2/data/generated/labels/train/train_000034.txt,train,Hemanth Rajaboyina,3,3,images_OBJ007/OBJ007_024.jpg,3c408108f2dd8837075e2572f8f6c86b,OBJ007,Apple,6,2,2,0,1,448,448,224,224,0,448,224,0.750000,0.250000,0.500000,0.500000
milestone2/data/generated/images/train/train_000035.jpg,milestone2/data/generated/labels/train/train_000035.txt,train,Hemanth Rajaboyina,4,1,images_OBJ022/OBJ022_028.jpeg,d30390b2ca035b7292a6b2511ceb1021,OBJ022,Guitar,21,2,2,0,1,448,448,224,224,0,448,224,0.750000,0.250000,0.500000,0.500000
milestone2/data/generated/images/train/train_000035.jpg,milestone2/data/generated/labels/train/train_000035.txt,train,Hemanth Rajaboyina,4,2,images_OBJ018/OBJ018_086.jpg,c30358c5c0380dfd40b2a7d445f48962,OBJ018,Rubiks cube,17,2,2,0,0,448,448,224,0,0,224,224,0.250000,0.250000,0.500000,0.500000
milestone2/data/generated/images/train/train_000035.jpg,milestone2/data/generated/labels/train/train_000035.txt,train,Hemanth Rajaboyina,4,3,images_OBJ071/OBJ071_094.jpg,b5249a99df7f650e95df3ddc327e7b25,OBJ071,Sloth Plushie,70,2,2,1,1,448,448,224,224,224,448,448,0.750000,0.750000,0.500000,0.500000
milestone2/data/generated/images/train/train_000035.jpg,milestone2/data/generated/labels/train/train_000035.txt,train,Hemanth Rajaboyina,4,4,images_OBJ006/OBJ006_035.jpg,b1368566ad59774dc916ba15e843f7f7,OBJ006,Capybara Toy,5,2,2,1,0,448,448,224,0,224,224,448,0.250000,0.750000,0.500000,0.500000
milestone2/data/generated/images/train/train_000036.jpg,milestone2/data/generated/labels/train/train_000036.txt,train,Hemanth Rajaboyina,5,1,images_OBJ052/OBJ052_003.jpg,5317998077ae00b7119e8047a1de75dd,OBJ052,Spoon,51,2,3,0,0,672,448,224,0,0,224,224,0.166667,0.250000,0.333333,0.500000
milestone2/data/generated/images/train/train_000036.jpg,milestone2/data/generated/labels/train/train_000036.txt,train,Hemanth Rajaboyina,5,2,images_OBJ061/OBJ061_007.jpg,d848d7f60c2a4d3c3fa1425d70d15e6c,OBJ061,Card wallet,60,2,3,0,1,672,448,224,224,0,448,224,0.500000,0.250000,0.333333,0.500000
milestone2/data/generated/images/train/train_000036.jpg,milestone2/data/generated/labels/train/train_000036.txt,train,Hemanth Rajaboyina,5,3,images_OBJ024/OBJ024_046.jpg,4a79e1a1a9d18d9019ff4241ff379473,OBJ024,Plush doll,23,2,3,1,1,672,448,224,224,224,448,448,0.500000,0.750000,0.333333,0.500000
milestone2/data/generated/images/train/train_000036.jpg,milestone2/data/generated/labels/train/train_000036.txt,train,Hemanth Rajaboyina,5,4,images_OBJ038/OBJ038_083.jpg,b26bb5b6fb993b4fc890d397c5fecff4,OBJ038,Perfume bottle,37,2,3,1,2,672,448,224,448,224,672,448,0.833333,0.750000,0.333333,0.500000
milestone2/data/generated/images/train/train_000036.jpg,milestone2/data/generated/labels/train/train_000036.txt,train,Hemanth Rajaboyina,5,5,images_OBJ049/OBJ049_004.jpg,52fbdb8ab900451eb7c62423cd7fe51c,OBJ049,Pickleball bat,48,2,3,1,0,672,448,224,0,224,224,448,0.166667,0.750000,0.333333,0.500000
milestone2/data/generated/images/train/train_000037.jpg,milestone2/data/generated/labels/train/train_000037.txt,train,Hemanth Rajaboyina,5,1,images_OBJ063/OBJ063_055.jpg,bdb0f0d4a478708763826a029894acf0,OBJ063,Measuring Bottle,62,2,3,1,2,672,448,224,448,224,672,448,0.833333,0.750000,0.333333,0.500000
milestone2/data/generated/images/train/train_000037.jpg,milestone2/data/generated/labels/train/train_000037.txt,train,Hemanth Rajaboyina,5,2,images_OBJ058/OBJ058_075.jpg,d1b8aeb0a25d2918080cb544f7569fa4,OBJ058,Footstool,57,2,3,0,2,672,448,224,448,0,672,224,0.833333,0.250000,0.333333,0.500000
milestone2/data/generated/images/train/train_000037.jpg,milestone2/data/generated/labels/train/train_000037.txt,train,Hemanth Rajaboyina,5,3,images_OBJ016/OBJ016_014.jpg,f705b6b9d93999292ddae4349e171c9a,OBJ016,Sandisk Portable SSD,15,2,3,0,0,672,448,224,0,0,224,224,0.166667,0.250000,0.333333,0.500000
milestone2/data/generated/images/train/train_000037.jpg,milestone2/data/generated/labels/train/train_000037.txt,train,Hemanth Rajaboyina,5,4,images_OBJ020/OBJ020_094.jpg,b95f3f580344b6d8f22e3e1d78c816ea,OBJ020,Airpod,19,2,3,1,0,672,448,224,0,224,224,448,0.166667,0.750000,0.333333,0.500000
milestone2/data/generated/images/train/train_000037.jpg,milestone2/data/generated/labels/train/train_000037.txt,train,Hemanth Rajaboyina,5,5,images_OBJ025/OBJ025_084.jpg,ff936ca9ff4fe071c11818eb6dffedc6,OBJ025,Watch,24,2,3,0,1,672,448,224,224,0,448,224,0.500000,0.250000,0.333333,0.500000
milestone2/data/generated/images/train/train_000038.jpg,milestone2/data/generated/labels/train/train_000038.txt,train,Hemanth Rajaboyina,4,1,images_OBJ012/OBJ012_080.jpg,25dc0e12c8fba4ab1273bf74430fe85a,OBJ012,Computer Keyboard,11,2,2,0,0,448,448,224,0,0,224,224,0.250000,0.250000,0.500000,0.500000
milestone2/data/generated/images/train/train_000038.jpg,milestone2/data/generated/labels/train/train_000038.txt,train,Hemanth Rajaboyina,4,2,images_OBJ064/OBJ064_077.jpg,3caa03bd77c32e45e3c7571ffc34bfe3,OBJ064,RGB Projector,63,2,2,0,1,448,448,224,224,0,448,224,0.750000,0.250000,0.500000,0.500000
milestone2/data/generated/images/train/train_000038.jpg,milestone2/data/generated/labels/train/train_000038.txt,train,Hemanth Rajaboyina,4,3,images_OBJ046/OBJ046_032.jpg,684291827f8e3902158e9cc1dedabcac,OBJ046,iWatch,45,2,2,1,1,448,448,224,224,224,448,448,0.750000,0.750000,0.500000,0.500000
milestone2/data/generated/images/train/train_000038.jpg,milestone2/data/generated/labels/train/train_000038.txt,train,Hemanth Rajaboyina,4,4,images_OBJ014/OBJ014_079.jpeg,25139679f66e2d71a84a72ce5f3ce89f,OBJ014,Sunglasses,13,2,2,1,0,448,448,224,0,224,224,448,0.250000,0.750000,0.500000,0.500000
milestone2/data/generated/images/train/train_000039.jpg,milestone2/data/generated/labels/train/train_000039.txt,train,Hemanth Rajaboyina,4,1,images_OBJ057/OBJ057_022.jpg,6770cf457ae24370b6c410124c5d41ff,OBJ057,Power Bank,56,2,2,0,1,448,448,224,224,0,448,224,0.750000,0.250000,0.500000,0.500000
milestone2/data/generated/images/train/train_000039.jpg,milestone2/data/generated/labels/train/train_000039.txt,train,Hemanth Rajaboyina,4,2,images_OBJ019/OBJ019_006.jpg,52a43730e08c7dbc8e3b63f33267232b,OBJ019,Plant,18,2,2,0,0,448,448,224,0,0,224,224,0.250000,0.250000,0.500000,0.500000
milestone2/data/generated/images/train/train_000039.jpg,milestone2/data/generated/labels/train/train_000039.txt,train,Hemanth Rajaboyina,4,3,images_OBJ011/OBJ011_008.jpg,e5e5555a000a3a1b0fb0742173160dfe,OBJ011,Mug,10,2,2,1,0,448,448,224,0,224,224,448,0.250000,0.750000,0.500000,0.500000
milestone2/data/generated/images/train/train_000039.jpg,milestone2/data/generated/labels/train/train_000039.txt,train,Hemanth Rajaboyina,4,4,images_OBJ035/OBJ035_015.jpg,73adac96be18abd4f57116cd92974835,OBJ035,Badminton racket,34,2,2,1,1,448,448,224,224,224,448,448,0.750000,0.750000,0.500000,0.500000
milestone2/data/generated/images/train/train_000040.jpg,milestone2/data/generated/labels/train/train_000040.txt,train,Hemanth Rajaboyina,4,1,images_OBJ041/OBJ041_021.jpg,695f7813e170bc3ce0c3e017f4e10595,OBJ041,Table fan,40,2,2,0,0,448,448,224,0,0,224,224,0.250000,0.250000,0.500000,0.500000
milestone2/data/generated/images/train/train_000040.jpg,milestone2/data/generated/labels/train/train_000040.txt,train,Hemanth Rajaboyina,4,2,images_OBJ015/OBJ015_074.jpg,980949ff5ea6b15782371935e23b2d68,OBJ015,Water Tumbler,14,2,2,1,0,448,448,224,0,224,224,448,0.250000,0.750000,0.500000,0.500000
milestone2/data/generated/images/train/train_000040.jpg,milestone2/data/generated/labels/train/train_000040.txt,train,Hemanth Rajaboyina,4,3,images_OBJ010/OBJ010_045.jpg,4c5bd3e84b13299714945cf3746b6a3f,OBJ010,Nike sneakers,9,2,2,0,1,448,448,224,224,0,448,224,0.750000,0.250000,0.500000,0.500000
milestone2/data/generated/images/train/train_000040.jpg,milestone2/data/generated/labels/train/train_000040.txt,train,Hemanth Rajaboyina,4,4,images_OBJ007/OBJ007_051.jpg,4ecfecf4730f3b32b060db8af9d20141,OBJ007,Apple,6,2,2,1,1,448,448,224,224,224,448,448,0.750000,0.750000,0.500000,0.500000
milestone2/data/generated/images/train/train_000041.jpg,milestone2/data/generated/labels/train/train_000041.txt,train,Hemanth Rajaboyina,5,1,images_OBJ053/OBJ053_053.jpg,29d0e92be024332b5e69d9ad2fc85313,OBJ053,Moisturizer,52,2,3,0,1,672,448,224,224,0,448,224,0.500000,0.250000,0.333333,0.500000
milestone2/data/generated/images/train/train_000041.jpg,milestone2/data/generated/labels/train/train_000041.txt,train,Hemanth Rajaboyina,5,2,images_OBJ054/OBJ054_018.jpg,48067ab9a2f823f0b2b90f4c8d522b74,OBJ054,Purse,53,2,3,0,0,672,448,224,0,0,224,224,0.166667,0.250000,0.333333,0.500000
milestone2/data/generated/images/train/train_000041.jpg,milestone2/data/generated/labels/train/train_000041.txt,train,Hemanth Rajaboyina,5,3,images_OBJ021/OBJ021_008.jpg,0fa75619e48d0d37e3b9089a20716d11,OBJ021,Toy Bunny,20,2,3,1,0,672,448,224,0,224,224,448,0.166667,0.750000,0.333333,0.500000
milestone2/data/generated/images/train/train_000041.jpg,milestone2/data/generated/labels/train/train_000041.txt,train,Hemanth Rajaboyina,5,4,images_OBJ036/OBJ036_034.jpg,ab19fb5984a7f7088b140e483d1fe322,OBJ036,Pencil case,35,2,3,1,1,672,448,224,224,224,448,448,0.500000,0.750000,0.333333,0.500000
milestone2/data/generated/images/train/train_000041.jpg,milestone2/data/generated/labels/train/train_000041.txt,train,Hemanth Rajaboyina,5,5,images_OBJ052/OBJ052_006.jpg,4ee6cd6fabfd8a6cafe2928f786459b8,OBJ052,Spoon,51,2,3,1,2,672,448,224,448,224,672,448,0.833333,0.750000,0.333333,0.500000
milestone2/data/generated/images/train/train_000042.jpg,milestone2/data/generated/labels/train/train_000042.txt,train,Hemanth Rajaboyina,4,1,images_OBJ065/OBJ065_029.jpg,5f951a7e8ed04767ccedc9c7d35bebbe,OBJ065,Analog watch,64,2,2,0,0,448,448,224,0,0,224,224,0.250000,0.250000,0.500000,0.500000
milestone2/data/generated/images/train/train_000042.jpg,milestone2/data/generated/labels/train/train_000042.txt,train,Hemanth Rajaboyina,4,2,images_OBJ029/OBJ029_012.jpg,2783dfc79c3975e2ee92237a1f231810,OBJ029,Orange,28,2,2,1,1,448,448,224,224,224,448,448,0.750000,0.750000,0.500000,0.500000
milestone2/data/generated/images/train/train_000042.jpg,milestone2/data/generated/labels/train/train_000042.txt,train,Hemanth Rajaboyina,4,3,images_OBJ050/OBJ050_024.jpg,8a036c97502389f54cc886d53e9582ca,OBJ050,Hairbrush,49,2,2,0,1,448,448,224,224,0,448,224,0.750000,0.250000,0.500000,0.500000
milestone2/data/generated/images/train/train_000042.jpg,milestone2/data/generated/labels/train/train_000042.txt,train,Hemanth Rajaboyina,4,4,images_OBJ001/OBJ001_044.jpg,fdeb9d5ef07046494fb6fe399ca3cdfd,OBJ001,Basketball,0,2,2,1,0,448,448,224,0,224,224,448,0.250000,0.750000,0.500000,0.500000
milestone2/data/generated/images/train/train_000043.jpg,milestone2/data/generated/labels/train/train_000043.txt,train,Hemanth Rajaboyina,3,1,images_OBJ062/OBJ062_071.jpg,7e381a67d8443077fb475c66bc73ec95,OBJ062,Headphones,61,2,2,0,1,448,448,224,224,0,448,224,0.750000,0.250000,0.500000,0.500000
milestone2/data/generated/images/train/train_000043.jpg,milestone2/data/generated/labels/train/train_000043.txt,train,Hemanth Rajaboyina,3,2,images_OBJ051/OBJ051_039.jpg,18f467cb857a6f76c35c786ddec1fb1e,OBJ051,Tissue,50,2,2,1,1,448,448,224,224,224,448,448,0.750000,0.750000,0.500000,0.500000
milestone2/data/generated/images/train/train_000043.jpg,milestone2/data/generated/labels/train/train_000043.txt,train,Hemanth Rajaboyina,3,3,images_OBJ071/OBJ071_083.jpg,ee16f491fb3ed8bf8c77d6e1bcec727b,OBJ071,Sloth Plushie,70,2,2,0,0,448,448,224,0,0,224,224,0.250000,0.250000,0.500000,0.500000
milestone2/data/generated/images/train/train_000044.jpg,milestone2/data/generated/labels/train/train_000044.txt,train,Hemanth Rajaboyina,3,1,images_OBJ055/OBJ055_006.jpg,7732ef2c7e46b08067cf20e7913cfb9c,OBJ055,Scientific Calculator,54,2,2,1,0,448,448,224,0,224,224,448,0.250000,0.750000,0.500000,0.500000
milestone2/data/generated/images/train/train_000044.jpg,milestone2/data/generated/labels/train/train_000044.txt,train,Hemanth Rajaboyina,3,2,images_OBJ026/OBJ026_017.jpg,4165fec75549e48a1216f9e8daf62f9f,OBJ026,Red Sox Cap,25,2,2,1,1,448,448,224,224,224,448,448,0.750000,0.750000,0.500000,0.500000
milestone2/data/generated/images/train/train_000044.jpg,milestone2/data/generated/labels/train/train_000044.txt,train,Hemanth Rajaboyina,3,3,images_OBJ031/OBJ031_089.jpg,16e9027b080f077eb06e04485ef89ebe,OBJ031,UNO card box,30,2,2,0,1,448,448,224,224,0,448,224,0.750000,0.250000,0.500000,0.500000
milestone2/data/generated/images/train/train_000045.jpg,milestone2/data/generated/labels/train/train_000045.txt,train,Hemanth Rajaboyina,5,1,images_OBJ060/OBJ060_2.JPG,57559f05ff2194a1af401d30f312f992,OBJ060,Sleep Mask,59,2,3,1,0,672,448,224,0,224,224,448,0.166667,0.750000,0.333333,0.500000
milestone2/data/generated/images/train/train_000045.jpg,milestone2/data/generated/labels/train/train_000045.txt,train,Hemanth Rajaboyina,5,2,images_OBJ073/OBJ073_056.jpg,acd52957b107da18386c4326d2720b07,OBJ073,Bowl,72,2,3,0,1,672,448,224,224,0,448,224,0.500000,0.250000,0.333333,0.500000
milestone2/data/generated/images/train/train_000045.jpg,milestone2/data/generated/labels/train/train_000045.txt,train,Hemanth Rajaboyina,5,3,images_OBJ002/OBJ002_027.jpg,074353c9810924831db9dc62456c724d,OBJ002,Water bottle,1,2,3,1,1,672,448,224,224,224,448,448,0.500000,0.750000,0.333333,0.500000
milestone2/data/generated/images/train/train_000045.jpg,milestone2/data/generated/labels/train/train_000045.txt,train,Hemanth Rajaboyina,5,4,images_OBJ042/OBJ042_058.jpg,2b8c2aeee3af39943fd800538ba0db7c,OBJ042,Mouth guard case,41,2,3,0,0,672,448,224,0,0,224,224,0.166667,0.250000,0.333333,0.500000
milestone2/data/generated/images/train/train_000045.jpg,milestone2/data/generated/labels/train/train_000045.txt,train,Hemanth Rajaboyina,5,5,images_OBJ037/OBJ037_003.jpg,556b2bbdaada64aaa3416d888c2f9f5b,OBJ037,Candle,36,2,3,0,2,672,448,224,448,0,672,224,0.833333,0.250000,0.333333,0.500000
milestone2/data/generated/images/train/train_000046.jpg,milestone2/data/generated/labels/train/train_000046.txt,train,Hemanth Rajaboyina,4,1,images_OBJ023/OBJ023_030.JPG,28f2bad8e9ae7647c35a5c731ee9f7e7,OBJ023,Bracelet,22,2,2,1,1,448,448,224,224,224,448,448,0.750000,0.750000,0.500000,0.500000
milestone2/data/generated/images/train/train_000046.jpg,milestone2/data/generated/labels/train/train_000046.txt,train,Hemanth Rajaboyina,4,2,images_OBJ040/OBJ040_087.JPG,b430b7b8740c86ec01d569ea62697f88,OBJ040,Clutcher,39,2,2,1,0,448,448,224,0,224,224,448,0.250000,0.750000,0.500000,0.500000
milestone2/data/generated/images/train/train_000046.jpg,milestone2/data/generated/labels/train/train_000046.txt,train,Hemanth Rajaboyina,4,3,images_OBJ039/OBJ039_078.jpg,2e42badde90b6ae1d3dd431fb8aaef5b,OBJ039,Scissors,38,2,2,0,1,448,448,224,224,0,448,224,0.750000,0.250000,0.500000,0.500000
milestone2/data/generated/images/train/train_000046.jpg,milestone2/data/generated/labels/train/train_000046.txt,train,Hemanth Rajaboyina,4,4,images_OBJ048/OBJ048_087.jpg,1ca122fcb1600b02fc233bf89628a5f1,OBJ048,Wireless powerbank,47,2,2,0,0,448,448,224,0,0,224,224,0.250000,0.250000,0.500000,0.500000
milestone2/data/generated/images/train/train_000047.jpg,milestone2/data/generated/labels/train/train_000047.txt,train,Hemanth Rajaboyina,3,1,images_OBJ005/OBJ005_092.jpg,25c0533a708219ebcaee1dd5ef13c876,OBJ005,Computer mouse,4,2,2,1,0,448,448,224,0,224,224,448,0.250000,0.750000,0.500000,0.500000
milestone2/data/generated/images/train/train_000047.jpg,milestone2/data/generated/labels/train/train_000047.txt,train,Hemanth Rajaboyina,3,2,images_OBJ027/OBJ027_077.jpg,a12f83410345746aff947c9fe2eaeecc,OBJ027,Tennis ball,26,2,2,1,1,448,448,224,224,224,448,448,0.750000,0.750000,0.500000,0.500000
milestone2/data/generated/images/train/train_000047.jpg,milestone2/data/generated/labels/train/train_000047.txt,train,Hemanth Rajaboyina,3,3,images_OBJ068/OBJ068_057.jpg,b3c0be186a2336f1dad6fdae89d1b815,OBJ068,Neck Pillow,67,2,2,0,1,448,448,224,224,0,448,224,0.750000,0.250000,0.500000,0.500000
milestone2/data/generated/images/train/train_000048.jpg,milestone2/data/generated/labels/train/train_000048.txt,train,Hemanth Rajaboyina,3,1,images_OBJ072/OBJ072_010.jpg,7d8eea073cdaf8b8d0a5db84eb18580f,OBJ072,Dog,71,2,2,1,0,448,448,224,0,224,224,448,0.250000,0.750000,0.500000,0.500000
milestone2/data/generated/images/train/train_000048.jpg,milestone2/data/generated/labels/train/train_000048.txt,train,Hemanth Rajaboyina,3,2,images_OBJ070/OBJ070_067.jpg,d7ddf67cbd77667d27ee4db965e4fde8,OBJ070,Astronaut projector,69,2,2,0,0,448,448,224,0,0,224,224,0.250000,0.250000,0.500000,0.500000
milestone2/data/generated/images/train/train_000048.jpg,milestone2/data/generated/labels/train/train_000048.txt,train,Hemanth Rajaboyina,3,3,images_OBJ033/OBJ033_053.jpg,1873ec18617b8176070cb2f155901fe9,OBJ033,Duck,32,2,2,0,1,448,448,224,224,0,448,224,0.750000,0.250000,0.500000,0.500000
milestone2/data/generated/images/train/train_000049.jpg,milestone2/data/generated/labels/train/train_000049.txt,train,Hemanth Rajaboyina,3,1,images_OBJ069/OBJ069_082.jpg,1ac63890f117e7e67a20070e064561db,OBJ069,Knife,68,2,2,0,1,448,448,224,224,0,448,224,0.750000,0.250000,0.500000,0.500000
milestone2/data/generated/images/train/train_000049.jpg,milestone2/data/generated/labels/train/train_000049.txt,train,Hemanth Rajaboyina,3,2,images_OBJ059/OBJ059_063.jpg,b2021c415383d9919d7ecf52ead05e0e,OBJ059,Comb,58,2,2,0,0,448,448,224,0,0,224,224,0.250000,0.250000,0.500000,0.500000
milestone2/data/generated/images/train/train_000049.jpg,milestone2/data/generated/labels/train/train_000049.txt,train,Hemanth Rajaboyina,3,3,images_OBJ009/OBJ009_080.jpg,6fc17656cbcc7e8327af5b96a58b901a,OBJ009,Marshall Speaker,8,2,2,1,1,448,448,224,224,224,448,448,0.750000,0.750000,0.500000,0.500000
milestone2/data/generated/images/train/train_000050.jpg,milestone2/data/generated/labels/train/train_000050.txt,train,Hemanth Rajaboyina,3,1,images_OBJ004/OBJ004_057.jpg,5e17fe9870626cf58a2e49fb829c6e65,OBJ004,Toy Car,3,2,2,0,0,448,448,224,0,0,224,224,0.250000,0.250000,0.500000,0.500000
milestone2/data/generated/images/train/train_000050.jpg,milestone2/data/generated/labels/train/train_000050.txt,train,Hemanth Rajaboyina,3,2,images_OBJ047/OBJ047_052.jpg,0e595f1bdfcadb81340cb950b7f0cdea,OBJ047,Backpack,46,2,2,1,0,448,448,224,0,224,224,448,0.250000,0.750000,0.500000,0.500000
milestone2/data/generated/images/train/train_000050.jpg,milestone2/data/generated/labels/train/train_000050.txt,train,Hemanth Rajaboyina,3,3,images_OBJ028/OBJ028_034.jpg,90656532f2c947c737b47392d8f54e32,OBJ028,Banana,27,2,2,0,1,448,448,224,224,0,448,224,0.750000,0.250000,0.500000,0.500000
milestone2/data/generated/images/train/train_000051.jpg,milestone2/data/generated/labels/train/train_000051.txt,train,Hemanth Rajaboyina,5,1,images_OBJ030/OBJ030_092.jpg,78311d1cfea12f0da1fdfc89efc0ccba,OBJ030,Tennis racket,29,2,3,1,2,672,448,224,448,224,672,448,0.833333,0.750000,0.333333,0.500000
milestone2/data/generated/images/train/train_000051.jpg,milestone2/data/generated/labels/train/train_000051.txt,train,Hemanth Rajaboyina,5,2,images_OBJ034/OBJ034_050.jpg,65eb02be452de35deeefa4c55d664a7e,OBJ034,Table Tennis Racket,33,2,3,0,0,672,448,224,0,0,224,224,0.166667,0.250000,0.333333,0.500000
milestone2/data/generated/images/train/train_000051.jpg,milestone2/data/generated/labels/train/train_000051.txt,train,Hemanth Rajaboyina,5,3,images_OBJ056/OBJ056_023.jpg,598df021349c511c9fb8db4ebbff4c9e,OBJ056,Trader Joe's Bag,55,2,3,0,2,672,448,224,448,0,672,224,0.833333,0.250000,0.333333,0.500000
milestone2/data/generated/images/train/train_000051.jpg,milestone2/data/generated/labels/train/train_000051.txt,train,Hemanth Rajaboyina,5,4,images_OBJ066/OBJ066_086.jpg,fb2f362135881c18247a831439c6f3fc,OBJ066,Hair oil,65,2,3,1,1,672,448,224,224,224,448,448,0.500000,0.750000,0.333333,0.500000
milestone2/data/generated/images/train/train_000051.jpg,milestone2/data/generated/labels/train/train_000051.txt,train,Hemanth Rajaboyina,5,5,images_OBJ044/OBJ044_005.jpg,2fb606eadcd9d28b8cf765f132ba1542,OBJ044,Anime Figurine,43,2,3,1,0,672,448,224,0,224,224,448,0.166667,0.750000,0.333333,0.500000
milestone2/data/generated/images/train/train_000052.jpg,milestone2/data/generated/labels/train/train_000052.txt,train,Hemanth Rajaboyina,3,1,images_OBJ043/OBJ043_051.jpg,aa31b8cd65198e8019f0e910b2345d96,OBJ043,Swimming Goggles,42,2,2,1,1,448,448,224,224,224,448,448,0.750000,0.750000,0.500000,0.500000
milestone2/data/generated/images/train/train_000052.jpg,milestone2/data/generated/labels/train/train_000052.txt,train,Hemanth Rajaboyina,3,2,images_OBJ067/OBJ067_0034.jpg,371b70cb58bc810e78356e8560e55938,OBJ067,Men's Wallet,66,2,2,0,1,448,448,224,224,0,448,224,0.750000,0.250000,0.500000,0.500000
milestone2/data/generated/images/train/train_000052.jpg,milestone2/data/generated/labels/train/train_000052.txt,train,Hemanth Rajaboyina,3,3,images_OBJ032/OBJ032_092.jpg,2560d119185b092ada83cc5cfde90a54,OBJ032,Sound Card,31,2,2,0,0,448,448,224,0,0,224,224,0.250000,0.250000,0.500000,0.500000
milestone2/data/generated/images/train/train_000053.jpg,milestone2/data/generated/labels/train/train_000053.txt,train,Hemanth Rajaboyina,4,1,images_OBJ022/OBJ022_069.jpeg,b807ffbb6f52204ad16e4ad2c08623da,OBJ022,Guitar,21,2,2,0,0,448,448,224,0,0,224,224,0.250000,0.250000,0.500000,0.500000
milestone2/data/generated/images/train/train_000053.jpg,milestone2/data/generated/labels/train/train_000053.txt,train,Hemanth Rajaboyina,4,2,images_OBJ045/OBJ045_087.jpg,ca6a6d5c49341aa08888205ae3812b65,OBJ045,Wayfarer Sunglasses,44,2,2,1,1,448,448,224,224,224,448,448,0.750000,0.750000,0.500000,0.500000
milestone2/data/generated/images/train/train_000053.jpg,milestone2/data/generated/labels/train/train_000053.txt,train,Hemanth Rajaboyina,4,3,images_OBJ003/OBJ003_046.jpg,128950f28c989837350d69e9e7364648,OBJ003,NoteBook,2,2,2,1,0,448,448,224,0,224,224,448,0.250000,0.750000,0.500000,0.500000
milestone2/data/generated/images/train/train_000053.jpg,milestone2/data/generated/labels/train/train_000053.txt,train,Hemanth Rajaboyina,4,4,images_OBJ018/OBJ018_008.jpg,f2571ff16e2dc21870b514d90c4c490d,OBJ018,Rubiks cube,17,2,2,0,1,448,448,224,224,0,448,224,0.750000,0.250000,0.500000,0.500000
milestone2/data/generated/images/train/train_000054.jpg,milestone2/data/generated/labels/train/train_000054.txt,train,Hemanth Rajaboyina,4,1,images_OBJ006/OBJ006_036.jpg,c0eb0874a3cd0fb8815d55fbcef22f80,OBJ006,Capybara Toy,5,2,2,1,0,448,448,224,0,224,224,448,0.250000,0.750000,0.500000,0.500000
milestone2/data/generated/images/train/train_000054.jpg,milestone2/data/generated/labels/train/train_000054.txt,train,Hemanth Rajaboyina,4,2,images_OBJ017/OBJ017_081.jpg,5f38964dcc49410373c8c959df8d0151,OBJ017,Controller,16,2,2,0,0,448,448,224,0,0,224,224,0.250000,0.250000,0.500000,0.500000
milestone2/data/generated/images/train/train_000054.jpg,milestone2/data/generated/labels/train/train_000054.txt,train,Hemanth Rajaboyina,4,3,images_OBJ008/OBJ008_012.jpg,b2438a19ebb9171b6a486179e26233fb,OBJ008,Cat,7,2,2,1,1,448,448,224,224,224,448,448,0.750000,0.750000,0.500000,0.500000
milestone2/data/generated/images/train/train_000054.jpg,milestone2/data/generated/labels/train/train_000054.txt,train,Hemanth Rajaboyina,4,4,images_OBJ013/OBJ013_086.jpg,527c8a9f617a2795d18e1ab8f656f01b,OBJ013,Mobile phone,12,2,2,0,1,448,448,224,224,0,448,224,0.750000,0.250000,0.500000,0.500000
milestone2/data/generated/images/train/train_000055.jpg,milestone2/data/generated/labels/train/train_000055.txt,train,Hemanth Rajaboyina,3,1,images_OBJ055/OBJ055_048.jpg,9315d1e251c7ec3e59936798d9ab2756,OBJ055,Scientific Calculator,54,2,2,1,1,448,448,224,224,224,448,448,0.750000,0.750000,0.500000,0.500000
milestone2/data/generated/images/train/train_000055.jpg,milestone2/data/generated/labels/train/train_000055.txt,train,Hemanth Rajaboyina,3,2,images_OBJ013/OBJ013_044.jpg,3ca73f63d983e7dc1dadda2a25f98293,OBJ013,Mobile phone,12,2,2,0,1,448,448,224,224,0,448,224,0.750000,0.250000,0.500000,0.500000
milestone2/data/generated/images/train/train_000055.jpg,milestone2/data/generated/labels/train/train_000055.txt,train,Hemanth Rajaboyina,3,3,images_OBJ052/OBJ052_019.jpg,dbad8a5e3a69377750a0c5b8c43935dd,OBJ052,Spoon,51,2,2,1,0,448,448,224,0,224,224,448,0.250000,0.750000,0.500000,0.500000
milestone2/data/generated/images/train/train_000056.jpg,milestone2/data/generated/labels/train/train_000056.txt,train,Hemanth Rajaboyina,3,1,images_OBJ010/OBJ010_078.jpg,ae06cb6be28ace379b2b4fc5d66b0fae,OBJ010,Nike sneakers,9,2,2,0,0,448,448,224,0,0,224,224,0.250000,0.250000,0.500000,0.500000
milestone2/data/generated/images/train/train_000056.jpg,milestone2/data/generated/labels/train/train_000056.txt,train,Hemanth Rajaboyina,3,2,images_OBJ048/OBJ048_053.jpg,6aaa80b4a88f9d5e6bb5174be16495f1,OBJ048,Wireless powerbank,47,2,2,1,1,448,448,224,224,224,448,448,0.750000,0.750000,0.500000,0.500000
milestone2/data/generated/images/train/train_000056.jpg,milestone2/data/generated/labels/train/train_000056.txt,train,Hemanth Rajaboyina,3,3,images_OBJ072/OBJ072_086.jpg,40b78bc40cfed2a56cf84e41d61924c8,OBJ072,Dog,71,2,2,0,1,448,448,224,224,0,448,224,0.750000,0.250000,0.500000,0.500000
milestone2/data/generated/images/train/train_000057.jpg,milestone2/data/generated/labels/train/train_000057.txt,train,Hemanth Rajaboyina,5,1,images_OBJ030/OBJ030_088.jpg,2b5bc245809f18be11714114017ffae3,OBJ030,Tennis racket,29,2,3,0,1,672,448,224,224,0,448,224,0.500000,0.250000,0.333333,0.500000
milestone2/data/generated/images/train/train_000057.jpg,milestone2/data/generated/labels/train/train_000057.txt,train,Hemanth Rajaboyina,5,2,images_OBJ041/OBJ041_070.jpg,cd80a4ecba8e39a4f1a3bdb48d185500,OBJ041,Table fan,40,2,3,1,1,672,448,224,224,224,448,448,0.500000,0.750000,0.333333,0.500000
milestone2/data/generated/images/train/train_000057.jpg,milestone2/data/generated/labels/train/train_000057.txt,train,Hemanth Rajaboyina,5,3,images_OBJ005/OBJ005_028.jpg,ce4e765b3ed4a746e4976ab62239239e,OBJ005,Computer mouse,4,2,3,0,2,672,448,224,448,0,672,224,0.833333,0.250000,0.333333,0.500000
milestone2/data/generated/images/train/train_000057.jpg,milestone2/data/generated/labels/train/train_000057.txt,train,Hemanth Rajaboyina,5,4,images_OBJ043/OBJ043_040.jpg,16a1187d3d4c1cb2afd4e97cdbf31730,OBJ043,Swimming Goggles,42,2,3,1,2,672,448,224,448,224,672,448,0.833333,0.750000,0.333333,0.500000
milestone2/data/generated/images/train/train_000057.jpg,milestone2/data/generated/labels/train/train_000057.txt,train,Hemanth Rajaboyina,5,5,images_OBJ009/OBJ009_070.jpg,19b57f39baadda5159ce405f1c5dcf30,OBJ009,Marshall Speaker,8,2,3,0,0,672,448,224,0,0,224,224,0.166667,0.250000,0.333333,0.500000
milestone2/data/generated/images/train/train_000058.jpg,milestone2/data/generated/labels/train/train_000058.txt,train,Hemanth Rajaboyina,4,1,images_OBJ021/OBJ021_032.jpg,267d30a399e1352264e762ad186e7feb,OBJ021,Toy Bunny,20,2,2,1,1,448,448,224,224,224,448,448,0.750000,0.750000,0.500000,0.500000
milestone2/data/generated/images/train/train_000058.jpg,milestone2/data/generated/labels/train/train_000058.txt,train,Hemanth Rajaboyina,4,2,images_OBJ002/OBJ002_036.jpg,342caf6412c0384d234d00ecf7f7072e,OBJ002,Water bottle,1,2,2,0,1,448,448,224,224,0,448,224,0.750000,0.250000,0.500000,0.500000
milestone2/data/generated/images/train/train_000058.jpg,milestone2/data/generated/labels/train/train_000058.txt,train,Hemanth Rajaboyina,4,3,images_OBJ061/OBJ061_034.jpg,f946ea6cd67f880f2f3d4e6f4fd962d8,OBJ061,Card wallet,60,2,2,0,0,448,448,224,0,0,224,224,0.250000,0.250000,0.500000,0.500000
milestone2/data/generated/images/train/train_000058.jpg,milestone2/data/generated/labels/train/train_000058.txt,train,Hemanth Rajaboyina,4,4,images_OBJ063/OBJ063_030.jpg,01f6b4a3a9b6b6b85bb93aa8d56c9a3c,OBJ063,Measuring Bottle,62,2,2,1,0,448,448,224,0,224,224,448,0.250000,0.750000,0.500000,0.500000
milestone2/data/generated/images/train/train_000059.jpg,milestone2/data/generated/labels/train/train_000059.txt,train,Hemanth Rajaboyina,5,1,images_OBJ014/OBJ014_007.jpeg,678a3f100593c8370c56e958aab2529e,OBJ014,Sunglasses,13,2,3,0,1,672,448,224,224,0,448,224,0.500000,0.250000,0.333333,0.500000
milestone2/data/generated/images/train/train_000059.jpg,milestone2/data/generated/labels/train/train_000059.txt,train,Hemanth Rajaboyina,5,2,images_OBJ018/OBJ018_095.jpg,4cfbdf94f0ed7590ec30686f8e1acc91,OBJ018,Rubiks cube,17,2,3,1,0,672,448,224,0,224,224,448,0.166667,0.750000,0.333333,0.500000
milestone2/data/generated/images/train/train_000059.jpg,milestone2/data/generated/labels/train/train_000059.txt,train,Hemanth Rajaboyina,5,3,images_OBJ019/OBJ019_028.jpg,9daf64f6c782a9d633c67011d2d0fdd3,OBJ019,Plant,18,2,3,1,2,672,448,224,448,224,672,448,0.833333,0.750000,0.333333,0.500000
milestone2/data/generated/images/train/train_000059.jpg,milestone2/data/generated/labels/train/train_000059.txt,train,Hemanth Rajaboyina,5,4,images_OBJ016/OBJ016_064.jpg,08eb8f3ca77c6a4ea1893f0d4225f51b,OBJ016,Sandisk Portable SSD,15,2,3,0,0,672,448,224,0,0,224,224,0.166667,0.250000,0.333333,0.500000
milestone2/data/generated/images/train/train_000059.jpg,milestone2/data/generated/labels/train/train_000059.txt,train,Hemanth Rajaboyina,5,5,images_OBJ001/OBJ001_040.jpg,40b1dad35b66cd08206f75828735acc1,OBJ001,Basketball,0,2,3,1,1,672,448,224,224,224,448,448,0.500000,0.750000,0.333333,0.500000
milestone2/data/generated/images/train/train_000060.jpg,milestone2/data/generated/labels/train/train_000060.txt,train,Hemanth Rajaboyina,4,1,images_OBJ068/OBJ068_080.jpg,05d0a8dc50ac37c35c7d9a0eb141a47f,OBJ068,Neck Pillow,67,2,2,0,0,448,448,224,0,0,224,224,0.250000,0.250000,0.500000,0.500000
milestone2/data/generated/images/train/train_000060.jpg,milestone2/data/generated/labels/train/train_000060.txt,train,Hemanth Rajaboyina,4,2,images_OBJ011/OBJ011_020.jpg,c199d686de525da723370e61249b613b,OBJ011,Mug,10,2,2,1,0,448,448,224,0,224,224,448,0.250000,0.750000,0.500000,0.500000
milestone2/data/generated/images/train/train_000060.jpg,milestone2/data/generated/labels/train/train_000060.txt,train,Hemanth Rajaboyina,4,3,images_OBJ038/OBJ038_024.jpg,94bcc19a1fbc9789338aee82c4cdfa46,OBJ038,Perfume bottle,37,2,2,0,1,448,448,224,224,0,448,224,0.750000,0.250000,0.500000,0.500000
milestone2/data/generated/images/train/train_000060.jpg,milestone2/data/generated/labels/train/train_000060.txt,train,Hemanth Rajaboyina,4,4,images_OBJ037/OBJ037_093.jpg,c1135285b757ba6f32ede98a42201ca1,OBJ037,Candle,36,2,2,1,1,448,448,224,224,224,448,448,0.750000,0.750000,0.500000,0.500000
milestone2/data/generated/images/train/train_000061.jpg,milestone2/data/generated/labels/train/train_000061.txt,train,Hemanth Rajaboyina,5,1,images_OBJ069/OBJ069_074.jpg,9b7b941987839a1bb9cac0c3e866a1d8,OBJ069,Knife,68,2,3,0,2,672,448,224,448,0,672,224,0.833333,0.250000,0.333333,0.500000
milestone2/data/generated/images/train/train_000061.jpg,milestone2/data/generated/labels/train/train_000061.txt,train,Hemanth Rajaboyina,5,2,images_OBJ004/OBJ004_097.jpg,ac584e1a7f7aadd9a497fc6ea4897449,OBJ004,Toy Car,3,2,3,1,1,672,448,224,224,224,448,448,0.500000,0.750000,0.333333,0.500000
milestone2/data/generated/images/train/train_000061.jpg,milestone2/data/generated/labels/train/train_000061.txt,train,Hemanth Rajaboyina,5,3,images_OBJ042/OBJ042_043.jpg,fd7ec368da53f30237e2662f2a4a6417,OBJ042,Mouth guard case,41,2,3,0,1,672,448,224,224,0,448,224,0.500000,0.250000,0.333333,0.500000
milestone2/data/generated/images/train/train_000061.jpg,milestone2/data/generated/labels/train/train_000061.txt,train,Hemanth Rajaboyina,5,4,images_OBJ012/OBJ012_079.jpg,64e7cd4495353830d54b4ee23eaff9df,OBJ012,Computer Keyboard,11,2,3,1,0,672,448,224,0,224,224,448,0.166667,0.750000,0.333333,0.500000
milestone2/data/generated/images/train/train_000061.jpg,milestone2/data/generated/labels/train/train_000061.txt,train,Hemanth Rajaboyina,5,5,images_OBJ045/OBJ045_007.jpg,b2f32d8cda490661d3aefb134574d253,OBJ045,Wayfarer Sunglasses,44,2,3,1,2,672,448,224,448,224,672,448,0.833333,0.750000,0.333333,0.500000
milestone2/data/generated/images/train/train_000062.jpg,milestone2/data/generated/labels/train/train_000062.txt,train,Hemanth Rajaboyina,4,1,images_OBJ008/OBJ008_065.jpg,ba970b7cb511ac411e5519445812b405,OBJ008,Cat,7,2,2,1,1,448,448,224,224,224,448,448,0.750000,0.750000,0.500000,0.500000
milestone2/data/generated/images/train/train_000062.jpg,milestone2/data/generated/labels/train/train_000062.txt,train,Hemanth Rajaboyina,4,2,images_OBJ062/OBJ062_076.jpg,dc64a188bc51b89fef975a5776dc711e,OBJ062,Headphones,61,2,2,0,0,448,448,224,0,0,224,224,0.250000,0.250000,0.500000,0.500000
milestone2/data/generated/images/train/train_000062.jpg,milestone2/data/generated/labels/train/train_000062.txt,train,Hemanth Rajaboyina,4,3,images_OBJ025/OBJ025_068.jpg,266eaf400505da374a3f99aa061ee72c,OBJ025,Watch,24,2,2,0,1,448,448,224,224,0,448,224,0.750000,0.250000,0.500000,0.500000
milestone2/data/generated/images/train/train_000062.jpg,milestone2/data/generated/labels/train/train_000062.txt,train,Hemanth Rajaboyina,4,4,images_OBJ073/OBJ073_050.jpg,1df578118d078806968768c82a197e39,OBJ073,Bowl,72,2,2,1,0,448,448,224,0,224,224,448,0.250000,0.750000,0.500000,0.500000
milestone2/data/generated/images/train/train_000063.jpg,milestone2/data/generated/labels/train/train_000063.txt,train,Hemanth Rajaboyina,4,1,images_OBJ032/OBJ032_042.jpg,1af65cb7b88ff0fd65bf8d746cc18091,OBJ032,Sound Card,31,2,2,1,0,448,448,224,0,224,224,448,0.250000,0.750000,0.500000,0.500000
milestone2/data/generated/images/train/train_000063.jpg,milestone2/data/generated/labels/train/train_000063.txt,train,Hemanth Rajaboyina,4,2,images_OBJ028/OBJ028_076.jpg,9660a49534110b23b2566614b706f094,OBJ028,Banana,27,2,2,0,0,448,448,224,0,0,224,224,0.250000,0.250000,0.500000,0.500000
milestone2/data/generated/images/train/train_000063.jpg,milestone2/data/generated/labels/train/train_000063.txt,train,Hemanth Rajaboyina,4,3,images_OBJ070/OBJ070_029.jpg,efc4e3bf4e061fd52ad63bd67c0e822d,OBJ070,Astronaut projector,69,2,2,0,1,448,448,224,224,0,448,224,0.750000,0.250000,0.500000,0.500000
milestone2/data/generated/images/train/train_000063.jpg,milestone2/data/generated/labels/train/train_000063.txt,train,Hemanth Rajaboyina,4,4,images_OBJ017/OBJ017_060.jpg,dc77cc3305de8193a8f276debbf2e938,OBJ017,Controller,16,2,2,1,1,448,448,224,224,224,448,448,0.750000,0.750000,0.500000,0.500000
milestone2/data/generated/images/train/train_000064.jpg,milestone2/data/generated/labels/train/train_000064.txt,train,Hemanth Rajaboyina,4,1,images_OBJ059/OBJ059_011.jpg,be6a2e522b8cf5ed62b00e77b81ea54e,OBJ059,Comb,58,2,2,0,1,448,448,224,224,0,448,224,0.750000,0.250000,0.500000,0.500000
milestone2/data/generated/images/train/train_000064.jpg,milestone2/data/generated/labels/train/train_000064.txt,train,Hemanth Rajaboyina,4,2,images_OBJ057/OBJ057_091.jpg,8f6be3966b37ce62f5983a6032c6be4d,OBJ057,Power Bank,56,2,2,1,1,448,448,224,224,224,448,448,0.750000,0.750000,0.500000,0.500000
milestone2/data/generated/images/train/train_000064.jpg,milestone2/data/generated/labels/train/train_000064.txt,train,Hemanth Rajaboyina,4,3,images_OBJ040/OBJ040_023.JPG,107d7ab5adf70c8b6af9c4ab69e9a5bf,OBJ040,Clutcher,39,2,2,0,0,448,448,224,0,0,224,224,0.250000,0.250000,0.500000,0.500000
milestone2/data/generated/images/train/train_000064.jpg,milestone2/data/generated/labels/train/train_000064.txt,train,Hemanth Rajaboyina,4,4,images_OBJ051/OBJ051_078.jpg,f96719409619ccf9c88df307de7f5a67,OBJ051,Tissue,50,2,2,1,0,448,448,224,0,224,224,448,0.250000,0.750000,0.500000,0.500000
milestone2/data/generated/images/train/train_000065.jpg,milestone2/data/generated/labels/train/train_000065.txt,train,Hemanth Rajaboyina,5,1,images_OBJ006/OBJ006_008.jpg,ad712b8da8d375f5f92de503ec0dad68,OBJ006,Capybara Toy,5,2,3,1,2,672,448,224,448,224,672,448,0.833333,0.750000,0.333333,0.500000
milestone2/data/generated/images/train/train_000065.jpg,milestone2/data/generated/labels/train/train_000065.txt,train,Hemanth Rajaboyina,5,2,images_OBJ033/OBJ033_005.jpg,79d70872ff6a2bfc1b2df05e3feb8d69,OBJ033,Duck,32,2,3,1,1,672,448,224,224,224,448,448,0.500000,0.750000,0.333333,0.500000
milestone2/data/generated/images/train/train_000065.jpg,milestone2/data/generated/labels/train/train_000065.txt,train,Hemanth Rajaboyina,5,3,images_OBJ054/OBJ054_037.jpg,567e08ac199f84fe197a108f0a7ed04c,OBJ054,Purse,53,2,3,0,0,672,448,224,0,0,224,224,0.166667,0.250000,0.333333,0.500000
milestone2/data/generated/images/train/train_000065.jpg,milestone2/data/generated/labels/train/train_000065.txt,train,Hemanth Rajaboyina,5,4,images_OBJ031/OBJ031_043.jpg,66118732f90b46c788cde79ef5af75b6,OBJ031,UNO card box,30,2,3,0,2,672,448,224,448,0,672,224,0.833333,0.250000,0.333333,0.500000
milestone2/data/generated/images/train/train_000065.jpg,milestone2/data/generated/labels/train/train_000065.txt,train,Hemanth Rajaboyina,5,5,images_OBJ058/OBJ058_042.jpg,e6e3f9113188f920fa75cb92860231c2,OBJ058,Footstool,57,2,3,0,1,672,448,224,224,0,448,224,0.500000,0.250000,0.333333,0.500000
milestone2/data/generated/images/train/train_000066.jpg,milestone2/data/generated/labels/train/train_000066.txt,train,Hemanth Rajaboyina,3,1,images_OBJ003/OBJ003_072.jpg,67cef45a676f50f44f6d4ff46baaec6b,OBJ003,NoteBook,2,2,2,1,1,448,448,224,224,224,448,448,0.750000,0.750000,0.500000,0.500000
milestone2/data/generated/images/train/train_000066.jpg,milestone2/data/generated/labels/train/train_000066.txt,train,Hemanth Rajaboyina,3,2,images_OBJ046/OBJ046_078.jpg,a4e4d4563ef752be221acb3c389f0628,OBJ046,iWatch,45,2,2,0,1,448,448,224,224,0,448,224,0.750000,0.250000,0.500000,0.500000
milestone2/data/generated/images/train/train_000066.jpg,milestone2/data/generated/labels/train/train_000066.txt,train,Hemanth Rajaboyina,3,3,images_OBJ071/OBJ071_052.jpg,9d98f258bbf1281ea45311465e6019e8,OBJ071,Sloth Plushie,70,2,2,0,0,448,448,224,0,0,224,224,0.250000,0.250000,0.500000,0.500000
milestone2/data/generated/images/train/train_000067.jpg,milestone2/data/generated/labels/train/train_000067.txt,train,Hemanth Rajaboyina,3,1,images_OBJ023/OBJ023_027.JPG,f97386dfcd4dbed97db40f4bb198e4f2,OBJ023,Bracelet,22,2,2,1,0,448,448,224,0,224,224,448,0.250000,0.750000,0.500000,0.500000
milestone2/data/generated/images/train/train_000067.jpg,milestone2/data/generated/labels/train/train_000067.txt,train,Hemanth Rajaboyina,3,2,images_OBJ020/OBJ020_033.jpg,81fef3a628e897ca54ca4ca6327df934,OBJ020,Airpod,19,2,2,1,1,448,448,224,224,224,448,448,0.750000,0.750000,0.500000,0.500000
milestone2/data/generated/images/train/train_000067.jpg,milestone2/data/generated/labels/train/train_000067.txt,train,Hemanth Rajaboyina,3,3,images_OBJ026/OBJ026_050.jpg,f4e86c9e151b88d5b26ac07585ecfe41,OBJ026,Red Sox Cap,25,2,2,0,0,448,448,224,0,0,224,224,0.250000,0.250000,0.500000,0.500000
milestone2/data/generated/images/train/train_000068.jpg,milestone2/data/generated/labels/train/train_000068.txt,train,Hemanth Rajaboyina,3,1,images_OBJ007/OBJ007_085.jpg,efc8679e4c998605912ea22dd19d6aaf,OBJ007,Apple,6,2,2,1,0,448,448,224,0,224,224,448,0.250000,0.750000,0.500000,0.500000
milestone2/data/generated/images/train/train_000068.jpg,milestone2/data/generated/labels/train/train_000068.txt,train,Hemanth Rajaboyina,3,2,images_OBJ047/OBJ047_049.jpg,a1ddd8ab24c77b96d932f5b88bb11663,OBJ047,Backpack,46,2,2,0,0,448,448,224,0,0,224,224,0.250000,0.250000,0.500000,0.500000
milestone2/data/generated/images/train/train_000068.jpg,milestone2/data/generated/labels/train/train_000068.txt,train,Hemanth Rajaboyina,3,3,images_OBJ044/OBJ044_078.jpg,fd548c86d3c5b10a15ab3e77240e8447,OBJ044,Anime Figurine,43,2,2,0,1,448,448,224,224,0,448,224,0.750000,0.250000,0.500000,0.500000
milestone2/data/generated/images/train/train_000069.jpg,milestone2/data/generated/labels/train/train_000069.txt,train,Hemanth Rajaboyina,5,1,images_OBJ060/OBJ060_32.JPG,4ee81e249933bbdd818c557d8c2c626e,OBJ060,Sleep Mask,59,2,3,1,0,672,448,224,0,224,224,448,0.166667,0.750000,0.333333,0.500000
milestone2/data/generated/images/train/train_000069.jpg,milestone2/data/generated/labels/train/train_000069.txt,train,Hemanth Rajaboyina,5,2,images_OBJ067/OBJ067_0024.jpg,986a78073ec19bd34dc639cedfdcdcf6,OBJ067,Men's Wallet,66,2,3,0,2,672,448,224,448,0,672,224,0.833333,0.250000,0.333333,0.500000
milestone2/data/generated/images/train/train_000069.jpg,milestone2/data/generated/labels/train/train_000069.txt,train,Hemanth Rajaboyina,5,3,images_OBJ029/OBJ029_085.jpg,b287f3a22575bdbba964068a10e36a20,OBJ029,Orange,28,2,3,0,1,672,448,224,224,0,448,224,0.500000,0.250000,0.333333,0.500000
milestone2/data/generated/images/train/train_000069.jpg,milestone2/data/generated/labels/train/train_000069.txt,train,Hemanth Rajaboyina,5,4,images_OBJ066/OBJ066_080.jpg,9046afab5e0c5b1e059e2f3e4b6c1b7d,OBJ066,Hair oil,65,2,3,1,2,672,448,224,448,224,672,448,0.833333,0.750000,0.333333,0.500000
milestone2/data/generated/images/train/train_000069.jpg,milestone2/data/generated/labels/train/train_000069.txt,train,Hemanth Rajaboyina,5,5,images_OBJ024/OBJ024_004.jpg,533bb91316506922f5e5b5efd8e0c1d9,OBJ024,Plush doll,23,2,3,0,0,672,448,224,0,0,224,224,0.166667,0.250000,0.333333,0.500000
milestone2/data/generated/images/train/train_000070.jpg,milestone2/data/generated/labels/train/train_000070.txt,train,Hemanth Rajaboyina,5,1,images_OBJ034/OBJ034_073.jpg,63b33211a474344ae1d89393608f5e40,OBJ034,Table Tennis Racket,33,2,3,0,2,672,448,224,448,0,672,224,0.833333,0.250000,0.333333,0.500000
milestone2/data/generated/images/train/train_000070.jpg,milestone2/data/generated/labels/train/train_000070.txt,train,Hemanth Rajaboyina,5,2,images_OBJ022/OBJ022_065.jpeg,8d1b73953207ea10eb70bc201205cafa,OBJ022,Guitar,21,2,3,0,1,672,448,224,224,0,448,224,0.500000,0.250000,0.333333,0.500000
milestone2/data/generated/images/train/train_000070.jpg,milestone2/data/generated/labels/train/train_000070.txt,train,Hemanth Rajaboyina,5,3,images_OBJ056/OBJ056_011.jpg,c8a5ad59eaf73279dcdfa585aa579580,OBJ056,Trader Joe's Bag,55,2,3,1,2,672,448,224,448,224,672,448,0.833333,0.750000,0.333333,0.500000
milestone2/data/generated/images/train/train_000070.jpg,milestone2/data/generated/labels/train/train_000070.txt,train,Hemanth Rajaboyina,5,4,images_OBJ039/OBJ039_062.jpg,48f2680918abf6d4cac9952464137f34,OBJ039,Scissors,38,2,3,1,0,672,448,224,0,224,224,448,0.166667,0.750000,0.333333,0.500000
milestone2/data/generated/images/train/train_000070.jpg,milestone2/data/generated/labels/train/train_000070.txt,train,Hemanth Rajaboyina,5,5,images_OBJ053/OBJ053_046.jpg,ded0507190fa9385a9800d9daf3f0c3e,OBJ053,Moisturizer,52,2,3,1,1,672,448,224,224,224,448,448,0.500000,0.750000,0.333333,0.500000
milestone2/data/generated/images/val/val_000001.jpg,milestone2/data/generated/labels/val/val_000001.txt,val,Hemanth Rajaboyina,5,1,images_OBJ027/OBJ027_073.jpg,3f57c76a42c762ea55da5237cd397219,OBJ027,Tennis ball,26,2,3,0,2,672,448,224,448,0,672,224,0.833333,0.250000,0.333333,0.500000
milestone2/data/generated/images/val/val_000001.jpg,milestone2/data/generated/labels/val/val_000001.txt,val,Hemanth Rajaboyina,5,2,images_OBJ056/OBJ056_010.jpg,c2158a8bbbb7cf2a161b41a0bb2087cf,OBJ056,Trader Joe's Bag,55,2,3,1,0,672,448,224,0,224,224,448,0.166667,0.750000,0.333333,0.500000
milestone2/data/generated/images/val/val_000001.jpg,milestone2/data/generated/labels/val/val_000001.txt,val,Hemanth Rajaboyina,5,3,images_OBJ024/OBJ024_016.jpg,77bc5ffea0bb36ce4c8c2e10424fb11e,OBJ024,Plush doll,23,2,3,1,1,672,448,224,224,224,448,448,0.500000,0.750000,0.333333,0.500000
milestone2/data/generated/images/val/val_000001.jpg,milestone2/data/generated/labels/val/val_000001.txt,val,Hemanth Rajaboyina,5,4,images_OBJ018/OBJ018_042.jpg,50806f9744a8887be24448f026d31371,OBJ018,Rubiks cube,17,2,3,0,1,672,448,224,224,0,448,224,0.500000,0.250000,0.333333,0.500000
milestone2/data/generated/images/val/val_000001.jpg,milestone2/data/generated/labels/val/val_000001.txt,val,Hemanth Rajaboyina,5,5,images_OBJ010/OBJ010_009.jpg,4ac64d7acb41b778afc2503e17b16fbf,OBJ010,Nike sneakers,9,2,3,0,0,672,448,224,0,0,224,224,0.166667,0.250000,0.333333,0.500000
milestone2/data/generated/images/val/val_000002.jpg,milestone2/data/generated/labels/val/val_000002.txt,val,Hemanth Rajaboyina,5,1,images_OBJ061/OBJ061_051.jpg,26b847b7e813881566f64309041468bf,OBJ061,Card wallet,60,2,3,1,0,672,448,224,0,224,224,448,0.166667,0.750000,0.333333,0.500000
milestone2/data/generated/images/val/val_000002.jpg,milestone2/data/generated/labels/val/val_000002.txt,val,Hemanth Rajaboyina,5,2,images_OBJ041/OBJ041_010.jpg,c1c008baf30d52a358322b6cbc005099,OBJ041,Table fan,40,2,3,1,2,672,448,224,448,224,672,448,0.833333,0.750000,0.333333,0.500000
milestone2/data/generated/images/val/val_000002.jpg,milestone2/data/generated/labels/val/val_000002.txt,val,Hemanth Rajaboyina,5,3,images_OBJ069/OBJ069_035.jpg,ca0eeec5f4f706f927ca0a3a4172d137,OBJ069,Knife,68,2,3,0,1,672,448,224,224,0,448,224,0.500000,0.250000,0.333333,0.500000
milestone2/data/generated/images/val/val_000002.jpg,milestone2/data/generated/labels/val/val_000002.txt,val,Hemanth Rajaboyina,5,4,images_OBJ013/OBJ013_011.jpg,6ce7e71062b2cd073100ac9292f5660d,OBJ013,Mobile phone,12,2,3,0,2,672,448,224,448,0,672,224,0.833333,0.250000,0.333333,0.500000
milestone2/data/generated/images/val/val_000002.jpg,milestone2/data/generated/labels/val/val_000002.txt,val,Hemanth Rajaboyina,5,5,images_OBJ072/OBJ072_094.jpg,4b7ae48ebd661ca866d43c5b763265a6,OBJ072,Dog,71,2,3,1,1,672,448,224,224,224,448,448,0.500000,0.750000,0.333333,0.500000
milestone2/data/generated/images/val/val_000003.jpg,milestone2/data/generated/labels/val/val_000003.txt,val,Hemanth Rajaboyina,3,1,images_OBJ005/OBJ005_071.jpg,0570dc88d046f4c8ee5db2c3ad30ae78,OBJ005,Computer mouse,4,2,2,1,1,448,448,224,224,224,448,448,0.750000,0.750000,0.500000,0.500000
milestone2/data/generated/images/val/val_000003.jpg,milestone2/data/generated/labels/val/val_000003.txt,val,Hemanth Rajaboyina,3,2,images_OBJ038/OBJ038_065.jpg,e5472de2b5641dc82e141efd6d6c3bf0,OBJ038,Perfume bottle,37,2,2,1,0,448,448,224,0,224,224,448,0.250000,0.750000,0.500000,0.500000
milestone2/data/generated/images/val/val_000003.jpg,milestone2/data/generated/labels/val/val_000003.txt,val,Hemanth Rajaboyina,3,3,images_OBJ062/OBJ062_074.jpg,b18d2fee767a7409d97b3c9f14d06444,OBJ062,Headphones,61,2,2,0,0,448,448,224,0,0,224,224,0.250000,0.250000,0.500000,0.500000
milestone2/data/generated/images/val/val_000004.jpg,milestone2/data/generated/labels/val/val_000004.txt,val,Hemanth Rajaboyina,3,1,images_OBJ046/OBJ046_007.jpg,261a4503bbf2f3a5179d3c570dcfb883,OBJ046,iWatch,45,2,2,0,0,448,448,224,0,0,224,224,0.250000,0.250000,0.500000,0.500000
milestone2/data/generated/images/val/val_000004.jpg,milestone2/data/generated/labels/val/val_000004.txt,val,Hemanth Rajaboyina,3,2,images_OBJ017/OBJ017_101.jpg,9efca26df023c2c31a2c7042a45e31f1,OBJ017,Controller,16,2,2,1,1,448,448,224,224,224,448,448,0.750000,0.750000,0.500000,0.500000
milestone2/data/generated/images/val/val_000004.jpg,milestone2/data/generated/labels/val/val_000004.txt,val,Hemanth Rajaboyina,3,3,images_OBJ004/OBJ004_021.jpg,642fd4a9ac48cb13dde48b498238ba08,OBJ004,Toy Car,3,2,2,0,1,448,448,224,224,0,448,224,0.750000,0.250000,0.500000,0.500000
milestone2/data/generated/images/val/val_000005.jpg,milestone2/data/generated/labels/val/val_000005.txt,val,Hemanth Rajaboyina,4,1,images_OBJ016/OBJ016_080.jpg,6c0d21eeb1992d7d2d881d136cd7f187,OBJ016,Sandisk Portable SSD,15,2,2,1,0,448,448,224,0,224,224,448,0.250000,0.750000,0.500000,0.500000
milestone2/data/generated/images/val/val_000005.jpg,milestone2/data/generated/labels/val/val_000005.txt,val,Hemanth Rajaboyina,4,2,images_OBJ009/OBJ009_004.jpg,fe8971d96e701b3e43383fb0eacd23bf,OBJ009,Marshall Speaker,8,2,2,1,1,448,448,224,224,224,448,448,0.750000,0.750000,0.500000,0.500000
milestone2/data/generated/images/val/val_000005.jpg,milestone2/data/generated/labels/val/val_000005.txt,val,Hemanth Rajaboyina,4,3,images_OBJ067/OBJ067_0032.jpg,1b0f2923203c1a0cce2d0b9c2122833e,OBJ067,Men's Wallet,66,2,2,0,0,448,448,224,0,0,224,224,0.250000,0.250000,0.500000,0.500000
milestone2/data/generated/images/val/val_000005.jpg,milestone2/data/generated/labels/val/val_000005.txt,val,Hemanth Rajaboyina,4,4,images_OBJ032/OBJ032_090.jpg,8bafd8b92ed9c749b1bdd0f6b9c21781,OBJ032,Sound Card,31,2,2,0,1,448,448,224,224,0,448,224,0.750000,0.250000,0.500000,0.500000
milestone2/data/generated/images/val/val_000006.jpg,milestone2/data/generated/labels/val/val_000006.txt,val,Hemanth Rajaboyina,5,1,images_OBJ051/OBJ051_065.jpg,cae6dbe48d748e5bd4f566428d0f2aa8,OBJ051,Tissue,50,2,3,0,1,672,448,224,224,0,448,224,0.500000,0.250000,0.333333,0.500000
milestone2/data/generated/images/val/val_000006.jpg,milestone2/data/generated/labels/val/val_000006.txt,val,Hemanth Rajaboyina,5,2,images_OBJ026/OBJ026_070.jpg,49c5715b4229f8c3f308ffab561dc54e,OBJ026,Red Sox Cap,25,2,3,1,2,672,448,224,448,224,672,448,0.833333,0.750000,0.333333,0.500000
milestone2/data/generated/images/val/val_000006.jpg,milestone2/data/generated/labels/val/val_000006.txt,val,Hemanth Rajaboyina,5,3,images_OBJ020/OBJ020_050.jpg,1dbd962b4628198c274b2c9d7a1b36f2,OBJ020,Airpod,19,2,3,0,2,672,448,224,448,0,672,224,0.833333,0.250000,0.333333,0.500000
milestone2/data/generated/images/val/val_000006.jpg,milestone2/data/generated/labels/val/val_000006.txt,val,Hemanth Rajaboyina,5,4,images_OBJ039/OBJ039_021.jpg,c1af519309b64800fcc5392a6db3ebde,OBJ039,Scissors,38,2,3,0,0,672,448,224,0,0,224,224,0.166667,0.250000,0.333333,0.500000
milestone2/data/generated/images/val/val_000006.jpg,milestone2/data/generated/labels/val/val_000006.txt,val,Hemanth Rajaboyina,5,5,images_OBJ043/OBJ043_095.jpg,d2d3dd093597bbce1663ecad32112841,OBJ043,Swimming Goggles,42,2,3,1,1,672,448,224,224,224,448,448,0.500000,0.750000,0.333333,0.500000
milestone2/data/generated/images/val/val_000007.jpg,milestone2/data/generated/labels/val/val_000007.txt,val,Hemanth Rajaboyina,5,1,images_OBJ070/OBJ070_068.jpg,c6e19aab9a89e441fe07f67b0b743404,OBJ070,Astronaut projector,69,2,3,1,1,672,448,224,224,224,448,448,0.500000,0.750000,0.333333,0.500000
milestone2/data/generated/images/val/val_000007.jpg,milestone2/data/generated/labels/val/val_000007.txt,val,Hemanth Rajaboyina,5,2,images_OBJ011/OBJ011_003.jpg,94659889a1748b9e44c3e32ef9a0a293,OBJ011,Mug,10,2,3,0,0,672,448,224,0,0,224,224,0.166667,0.250000,0.333333,0.500000
milestone2/data/generated/images/val/val_000007.jpg,milestone2/data/generated/labels/val/val_000007.txt,val,Hemanth Rajaboyina,5,3,images_OBJ047/OBJ047_087.jpg,d69bb63a25302ffad4c7846c5e1b74d2,OBJ047,Backpack,46,2,3,1,0,672,448,224,0,224,224,448,0.166667,0.750000,0.333333,0.500000
milestone2/data/generated/images/val/val_000007.jpg,milestone2/data/generated/labels/val/val_000007.txt,val,Hemanth Rajaboyina,5,4,images_OBJ021/OBJ021_046.jpg,42e1cd8b1e26306645b1782b402270fe,OBJ021,Toy Bunny,20,2,3,0,1,672,448,224,224,0,448,224,0.500000,0.250000,0.333333,0.500000
milestone2/data/generated/images/val/val_000007.jpg,milestone2/data/generated/labels/val/val_000007.txt,val,Hemanth Rajaboyina,5,5,images_OBJ050/OBJ050_045.jpg,b9ac97056dafe1936bf93de61c197500,OBJ050,Hairbrush,49,2,3,0,2,672,448,224,448,0,672,224,0.833333,0.250000,0.333333,0.500000
milestone2/data/generated/images/val/val_000008.jpg,milestone2/data/generated/labels/val/val_000008.txt,val,Hemanth Rajaboyina,5,1,images_OBJ002/OBJ002_055.jpg,ad2361725b91385c02ad0b916decfe17,OBJ002,Water bottle,1,2,3,1,0,672,448,224,0,224,224,448,0.166667,0.750000,0.333333,0.500000
milestone2/data/generated/images/val/val_000008.jpg,milestone2/data/generated/labels/val/val_000008.txt,val,Hemanth Rajaboyina,5,2,images_OBJ052/OBJ052_007.jpg,a4bdc3344307d320f6cd86f8d0aea466,OBJ052,Spoon,51,2,3,1,2,672,448,224,448,224,672,448,0.833333,0.750000,0.333333,0.500000
milestone2/data/generated/images/val/val_000008.jpg,milestone2/data/generated/labels/val/val_000008.txt,val,Hemanth Rajaboyina,5,3,images_OBJ042/OBJ042_019.jpg,9600c7b1891c5cb83999fa187ce7ef6d,OBJ042,Mouth guard case,41,2,3,0,0,672,448,224,0,0,224,224,0.166667,0.250000,0.333333,0.500000
milestone2/data/generated/images/val/val_000008.jpg,milestone2/data/generated/labels/val/val_000008.txt,val,Hemanth Rajaboyina,5,4,images_OBJ045/OBJ045_072.jpg,dae30cf60c052b21e7a6234522fd4e7e,OBJ045,Wayfarer Sunglasses,44,2,3,0,1,672,448,224,224,0,448,224,0.500000,0.250000,0.333333,0.500000
milestone2/data/generated/images/val/val_000008.jpg,milestone2/data/generated/labels/val/val_000008.txt,val,Hemanth Rajaboyina,5,5,images_OBJ066/OBJ066_087.jpg,ef849100136e7f456c673880d075b004,OBJ066,Hair oil,65,2,3,0,2,672,448,224,448,0,672,224,0.833333,0.250000,0.333333,0.500000
milestone2/data/generated/images/val/val_000009.jpg,milestone2/data/generated/labels/val/val_000009.txt,val,Hemanth Rajaboyina,3,1,images_OBJ057/OBJ057_086.jpg,3151d69e6f45ac4771024262a0acc5c7,OBJ057,Power Bank,56,2,2,1,1,448,448,224,224,224,448,448,0.750000,0.750000,0.500000,0.500000
milestone2/data/generated/images/val/val_000009.jpg,milestone2/data/generated/labels/val/val_000009.txt,val,Hemanth Rajaboyina,3,2,images_OBJ065/OBJ065_013.jpg,e25a757f11f40d8264182d22d4d91463,OBJ065,Analog watch,64,2,2,0,0,448,448,224,0,0,224,224,0.250000,0.250000,0.500000,0.500000
milestone2/data/generated/images/val/val_000009.jpg,milestone2/data/generated/labels/val/val_000009.txt,val,Hemanth Rajaboyina,3,3,images_OBJ007/OBJ007_056.jpg,d780a07d71893a168d3e86cfc76063f5,OBJ007,Apple,6,2,2,1,0,448,448,224,0,224,224,448,0.250000,0.750000,0.500000,0.500000
milestone2/data/generated/images/val/val_000010.jpg,milestone2/data/generated/labels/val/val_000010.txt,val,Hemanth Rajaboyina,4,1,images_OBJ059/OBJ059_053.jpg,320c833038fecec5fb4fc26121aee9a2,OBJ059,Comb,58,2,2,1,0,448,448,224,0,224,224,448,0.250000,0.750000,0.500000,0.500000
milestone2/data/generated/images/val/val_000010.jpg,milestone2/data/generated/labels/val/val_000010.txt,val,Hemanth Rajaboyina,4,2,images_OBJ048/OBJ048_079.jpg,c92f671e2d2d3cf17df0494bcb0f12ca,OBJ048,Wireless powerbank,47,2,2,0,0,448,448,224,0,0,224,224,0.250000,0.250000,0.500000,0.500000
milestone2/data/generated/images/val/val_000010.jpg,milestone2/data/generated/labels/val/val_000010.txt,val,Hemanth Rajaboyina,4,3,images_OBJ040/OBJ040_017.JPG,0ad794d894a7834e88ba0c76199e6ea8,OBJ040,Clutcher,39,2,2,1,1,448,448,224,224,224,448,448,0.750000,0.750000,0.500000,0.500000
milestone2/data/generated/images/val/val_000010.jpg,milestone2/data/generated/labels/val/val_000010.txt,val,Hemanth Rajaboyina,4,4,images_OBJ012/OBJ012_009.jpg,3147f09cbb7c886bb6b8c63502b5ac42,OBJ012,Computer Keyboard,11,2,2,0,1,448,448,224,224,0,448,224,0.750000,0.250000,0.500000,0.500000
milestone2/data/generated/images/val/val_000011.jpg,milestone2/data/generated/labels/val/val_000011.txt,val,Hemanth Rajaboyina,4,1,images_OBJ019/OBJ019_045.jpg,c7d9a7127af9f52c87ea079143aa295d,OBJ019,Plant,18,2,2,1,1,448,448,224,224,224,448,448,0.750000,0.750000,0.500000,0.500000
milestone2/data/generated/images/val/val_000011.jpg,milestone2/data/generated/labels/val/val_000011.txt,val,Hemanth Rajaboyina,4,2,images_OBJ034/OBJ034_090.jpg,67eb6088c963dced193318c236c47680,OBJ034,Table Tennis Racket,33,2,2,1,0,448,448,224,0,224,224,448,0.250000,0.750000,0.500000,0.500000
milestone2/data/generated/images/val/val_000011.jpg,milestone2/data/generated/labels/val/val_000011.txt,val,Hemanth Rajaboyina,4,3,images_OBJ060/OBJ060_49.JPG,e89e7974c5512b56fd17d5533b2f8155,OBJ060,Sleep Mask,59,2,2,0,0,448,448,224,0,0,224,224,0.250000,0.250000,0.500000,0.500000
milestone2/data/generated/images/val/val_000011.jpg,milestone2/data/generated/labels/val/val_000011.txt,val,Hemanth Rajaboyina,4,4,images_OBJ006/OBJ006_043.jpg,0f90be2ae835f56c351fb260db3abded,OBJ006,Capybara Toy,5,2,2,0,1,448,448,224,224,0,448,224,0.750000,0.250000,0.500000,0.500000
milestone2/data/generated/images/val/val_000012.jpg,milestone2/data/generated/labels/val/val_000012.txt,val,Hemanth Rajaboyina,4,1,images_OBJ025/OBJ025_092.jpg,d4e1132ba0b2f8728b6bc63cd395ee36,OBJ025,Watch,24,2,2,0,0,448,448,224,0,0,224,224,0.250000,0.250000,0.500000,0.500000
milestone2/data/generated/images/val/val_000012.jpg,milestone2/data/generated/labels/val/val_000012.txt,val,Hemanth Rajaboyina,4,2,images_OBJ030/OBJ030_079.jpg,00cf298cd2413e9699543d3c2d0cc02c,OBJ030,Tennis racket,29,2,2,1,1,448,448,224,224,224,448,448,0.750000,0.750000,0.500000,0.500000
milestone2/data/generated/images/val/val_000012.jpg,milestone2/data/generated/labels/val/val_000012.txt,val,Hemanth Rajaboyina,4,3,images_OBJ064/OBJ064_036.jpg,1cfc47ec3a03d289e2c92b52b0a7ab56,OBJ064,RGB Projector,63,2,2,1,0,448,448,224,0,224,224,448,0.250000,0.750000,0.500000,0.500000
milestone2/data/generated/images/val/val_000012.jpg,milestone2/data/generated/labels/val/val_000012.txt,val,Hemanth Rajaboyina,4,4,images_OBJ055/OBJ055_003.jpg,41e8e26c01e0d95d9782da4534ee44a2,OBJ055,Scientific Calculator,54,2,2,0,1,448,448,224,224,0,448,224,0.750000,0.250000,0.500000,0.500000
milestone2/data/generated/images/val/val_000013.jpg,milestone2/data/generated/labels/val/val_000013.txt,val,Hemanth Rajaboyina,3,1,images_OBJ068/OBJ068_044.jpg,30de5bb7f2dd13221a41a6034d36986e,OBJ068,Neck Pillow,67,2,2,0,1,448,448,224,224,0,448,224,0.750000,0.250000,0.500000,0.500000
milestone2/data/generated/images/val/val_000013.jpg,milestone2/data/generated/labels/val/val_000013.txt,val,Hemanth Rajaboyina,3,2,images_OBJ029/OBJ029_031.jpg,da3a39b1b7af85310bf2b7d5ddc1ef78,OBJ029,Orange,28,2,2,0,0,448,448,224,0,0,224,224,0.250000,0.250000,0.500000,0.500000
milestone2/data/generated/images/val/val_000013.jpg,milestone2/data/generated/labels/val/val_000013.txt,val,Hemanth Rajaboyina,3,3,images_OBJ035/OBJ035_088.jpg,69516e5889f0bc78c04172fc7e7c504a,OBJ035,Badminton racket,34,2,2,1,1,448,448,224,224,224,448,448,0.750000,0.750000,0.500000,0.500000
milestone2/data/generated/images/val/val_000014.jpg,milestone2/data/generated/labels/val/val_000014.txt,val,Hemanth Rajaboyina,3,1,images_OBJ036/OBJ036_008.jpg,920dc0247342423fa4f94a001154cc69,OBJ036,Pencil case,35,2,2,0,1,448,448,224,224,0,448,224,0.750000,0.250000,0.500000,0.500000
milestone2/data/generated/images/val/val_000014.jpg,milestone2/data/generated/labels/val/val_000014.txt,val,Hemanth Rajaboyina,3,2,images_OBJ001/OBJ001_030.jpg,fb2ae4619db58fe0a80c3a96de57084a,OBJ001,Basketball,0,2,2,1,0,448,448,224,0,224,224,448,0.250000,0.750000,0.500000,0.500000
milestone2/data/generated/images/val/val_000014.jpg,milestone2/data/generated/labels/val/val_000014.txt,val,Hemanth Rajaboyina,3,3,images_OBJ058/OBJ058_023.jpg,8aee5eef7133b8d3658cac119e64373c,OBJ058,Footstool,57,2,2,0,0,448,448,224,0,0,224,224,0.250000,0.250000,0.500000,0.500000
milestone2/data/generated/images/val/val_000015.jpg,milestone2/data/generated/labels/val/val_000015.txt,val,Hemanth Rajaboyina,4,1,images_OBJ053/OBJ053_087.jpg,948fd8b99e0cccbbc27d6576baadd376,OBJ053,Moisturizer,52,2,2,1,0,448,448,224,0,224,224,448,0.250000,0.750000,0.500000,0.500000
milestone2/data/generated/images/val/val_000015.jpg,milestone2/data/generated/labels/val/val_000015.txt,val,Hemanth Rajaboyina,4,2,images_OBJ073/OBJ073_094.jpg,17c24eba481f1c146dedb77f1b604d77,OBJ073,Bowl,72,2,2,1,1,448,448,224,224,224,448,448,0.750000,0.750000,0.500000,0.500000
milestone2/data/generated/images/val/val_000015.jpg,milestone2/data/generated/labels/val/val_000015.txt,val,Hemanth Rajaboyina,4,3,images_OBJ063/OBJ063_086.jpg,6121b42409e4bc9b75e6a486923e63ef,OBJ063,Measuring Bottle,62,2,2,0,0,448,448,224,0,0,224,224,0.250000,0.250000,0.500000,0.500000
milestone2/data/generated/images/val/val_000015.jpg,milestone2/data/generated/labels/val/val_000015.txt,val,Hemanth Rajaboyina,4,4,images_OBJ028/OBJ028_003.jpg,a1902525b4d4568ce47e9788362fb051,OBJ028,Banana,27,2,2,0,1,448,448,224,224,0,448,224,0.750000,0.250000,0.500000,0.500000
milestone2/data/generated/images/test/test_000001.jpg,milestone2/data/generated/labels/test/test_000001.txt,test,Hemanth Rajaboyina,4,1,images_OBJ071/OBJ071_047.jpg,c8bcd84d0275ca3cc7adafced812fb3c,OBJ071,Sloth Plushie,70,2,2,0,1,448,448,224,224,0,448,224,0.750000,0.250000,0.500000,0.500000
milestone2/data/generated/images/test/test_000001.jpg,milestone2/data/generated/labels/test/test_000001.txt,test,Hemanth Rajaboyina,4,2,images_OBJ034/OBJ034_059.jpg,d7fd9d88399a92b61aee9458a868cebf,OBJ034,Table Tennis Racket,33,2,2,1,1,448,448,224,224,224,448,448,0.750000,0.750000,0.500000,0.500000
milestone2/data/generated/images/test/test_000001.jpg,milestone2/data/generated/labels/test/test_000001.txt,test,Hemanth Rajaboyina,4,3,images_OBJ073/OBJ073_041.jpg,12f6b53d0e0e89dfd895378a8ecd9f9f,OBJ073,Bowl,72,2,2,1,0,448,448,224,0,224,224,448,0.250000,0.750000,0.500000,0.500000
milestone2/data/generated/images/test/test_000001.jpg,milestone2/data/generated/labels/test/test_000001.txt,test,Hemanth Rajaboyina,4,4,images_OBJ069/OBJ069_029.jpg,1991dbfd5af5a09ccbbb2ef9e715e32d,OBJ069,Knife,68,2,2,0,0,448,448,224,0,0,224,224,0.250000,0.250000,0.500000,0.500000
milestone2/data/generated/images/test/test_000002.jpg,milestone2/data/generated/labels/test/test_000002.txt,test,Hemanth Rajaboyina,4,1,images_OBJ063/OBJ063_011.jpg,84d6de941b8f3e7aab801ffc244bf78f,OBJ063,Measuring Bottle,62,2,2,0,0,448,448,224,0,0,224,224,0.250000,0.250000,0.500000,0.500000
milestone2/data/generated/images/test/test_000002.jpg,milestone2/data/generated/labels/test/test_000002.txt,test,Hemanth Rajaboyina,4,2,images_OBJ036/OBJ036_013.jpg,d16ab9c03f53fd5840513759c6b68893,OBJ036,Pencil case,35,2,2,1,0,448,448,224,0,224,224,448,0.250000,0.750000,0.500000,0.500000
milestone2/data/generated/images/test/test_000002.jpg,milestone2/data/generated/labels/test/test_000002.txt,test,Hemanth Rajaboyina,4,3,images_OBJ031/OBJ031_035.jpg,4e4559c379275eed0b41d2f668b8f490,OBJ031,UNO card box,30,2,2,0,1,448,448,224,224,0,448,224,0.750000,0.250000,0.500000,0.500000
milestone2/data/generated/images/test/test_000002.jpg,milestone2/data/generated/labels/test/test_000002.txt,test,Hemanth Rajaboyina,4,4,images_OBJ018/OBJ018_029.jpg,afeaa0500a551bdcb741ea36224e9f43,OBJ018,Rubiks cube,17,2,2,1,1,448,448,224,224,224,448,448,0.750000,0.750000,0.500000,0.500000
milestone2/data/generated/images/test/test_000003.jpg,milestone2/data/generated/labels/test/test_000003.txt,test,Hemanth Rajaboyina,3,1,images_OBJ045/OBJ045_037.jpg,680038f34779b8a635f358d6b947e35a,OBJ045,Wayfarer Sunglasses,44,2,2,0,0,448,448,224,0,0,224,224,0.250000,0.250000,0.500000,0.500000
milestone2/data/generated/images/test/test_000003.jpg,milestone2/data/generated/labels/test/test_000003.txt,test,Hemanth Rajaboyina,3,2,images_OBJ037/OBJ037_007.jpg,4c198f13db757143386e897092ef4bf3,OBJ037,Candle,36,2,2,1,0,448,448,224,0,224,224,448,0.250000,0.750000,0.500000,0.500000
milestone2/data/generated/images/test/test_000003.jpg,milestone2/data/generated/labels/test/test_000003.txt,test,Hemanth Rajaboyina,3,3,images_OBJ040/OBJ040_054.JPG,f01cc847cc41d300caab9c7228f5b566,OBJ040,Clutcher,39,2,2,0,1,448,448,224,224,0,448,224,0.750000,0.250000,0.500000,0.500000
milestone2/data/generated/images/test/test_000004.jpg,milestone2/data/generated/labels/test/test_000004.txt,test,Hemanth Rajaboyina,4,1,images_OBJ025/OBJ025_052.jpg,c68831e93581d80b189a6eb83a8738a2,OBJ025,Watch,24,2,2,0,1,448,448,224,224,0,448,224,0.750000,0.250000,0.500000,0.500000
milestone2/data/generated/images/test/test_000004.jpg,milestone2/data/generated/labels/test/test_000004.txt,test,Hemanth Rajaboyina,4,2,images_OBJ021/OBJ021_071.jpg,cf964f66194a4da1ff7f0680e2b01751,OBJ021,Toy Bunny,20,2,2,0,0,448,448,224,0,0,224,224,0.250000,0.250000,0.500000,0.500000
milestone2/data/generated/images/test/test_000004.jpg,milestone2/data/generated/labels/test/test_000004.txt,test,Hemanth Rajaboyina,4,3,images_OBJ053/OBJ053_079.jpg,89c33cc08e3e1dcf8b0b401edde169e4,OBJ053,Moisturizer,52,2,2,1,0,448,448,224,0,224,224,448,0.250000,0.750000,0.500000,0.500000
milestone2/data/generated/images/test/test_000004.jpg,milestone2/data/generated/labels/test/test_000004.txt,test,Hemanth Rajaboyina,4,4,images_OBJ067/OBJ067_0087.jpg,39d8c600f06b74836c6a6f1cee6d2d4b,OBJ067,Men's Wallet,66,2,2,1,1,448,448,224,224,224,448,448,0.750000,0.750000,0.500000,0.500000
milestone2/data/generated/images/test/test_000005.jpg,milestone2/data/generated/labels/test/test_000005.txt,test,Hemanth Rajaboyina,5,1,images_OBJ062/OBJ062_002.jpg,ff72818f42eb79eaac4c014a38c6c9d6,OBJ062,Headphones,61,2,3,1,2,672,448,224,448,224,672,448,0.833333,0.750000,0.333333,0.500000
milestone2/data/generated/images/test/test_000005.jpg,milestone2/data/generated/labels/test/test_000005.txt,test,Hemanth Rajaboyina,5,2,images_OBJ038/OBJ038_017.jpg,827076a828ad6f0d9786e53e47ed3552,OBJ038,Perfume bottle,37,2,3,0,2,672,448,224,448,0,672,224,0.833333,0.250000,0.333333,0.500000
milestone2/data/generated/images/test/test_000005.jpg,milestone2/data/generated/labels/test/test_000005.txt,test,Hemanth Rajaboyina,5,3,images_OBJ051/OBJ051_051.jpg,70576b5f705e06cb637b0d9a7ef503db,OBJ051,Tissue,50,2,3,1,1,672,448,224,224,224,448,448,0.500000,0.750000,0.333333,0.500000
milestone2/data/generated/images/test/test_000005.jpg,milestone2/data/generated/labels/test/test_000005.txt,test,Hemanth Rajaboyina,5,4,images_OBJ011/OBJ011_054.jpg,a6f728f46621ca8f3b11ecdb7a7f2dc6,OBJ011,Mug,10,2,3,0,0,672,448,224,0,0,224,224,0.166667,0.250000,0.333333,0.500000
milestone2/data/generated/images/test/test_000005.jpg,milestone2/data/generated/labels/test/test_000005.txt,test,Hemanth Rajaboyina,5,5,images_OBJ065/OBJ065_082.jpg,f8e15892ee8107fc35c47b28ab9a62ca,OBJ065,Analog watch,64,2,3,0,1,672,448,224,224,0,448,224,0.500000,0.250000,0.333333,0.500000
milestone2/data/generated/images/test/test_000006.jpg,milestone2/data/generated/labels/test/test_000006.txt,test,Hemanth Rajaboyina,4,1,images_OBJ070/OBJ070_016.jpg,4ba714fa46ddab59b87ccd8eadc7a921,OBJ070,Astronaut projector,69,2,2,0,0,448,448,224,0,0,224,224,0.250000,0.250000,0.500000,0.500000
milestone2/data/generated/images/test/test_000006.jpg,milestone2/data/generated/labels/test/test_000006.txt,test,Hemanth Rajaboyina,4,2,images_OBJ068/OBJ068_032.jpg,4f2f6e36a5464c1fb1ac494ce1e3f8a9,OBJ068,Neck Pillow,67,2,2,1,0,448,448,224,0,224,224,448,0.250000,0.750000,0.500000,0.500000
milestone2/data/generated/images/test/test_000006.jpg,milestone2/data/generated/labels/test/test_000006.txt,test,Hemanth Rajaboyina,4,3,images_OBJ029/OBJ029_070.jpg,872b893e0b9c85fb08ea74e0a7e9fe71,OBJ029,Orange,28,2,2,0,1,448,448,224,224,0,448,224,0.750000,0.250000,0.500000,0.500000
milestone2/data/generated/images/test/test_000006.jpg,milestone2/data/generated/labels/test/test_000006.txt,test,Hemanth Rajaboyina,4,4,images_OBJ072/OBJ072_073.jpg,bf18179968c916ea257c986c1ca40dbd,OBJ072,Dog,71,2,2,1,1,448,448,224,224,224,448,448,0.750000,0.750000,0.500000,0.500000
milestone2/data/generated/images/test/test_000007.jpg,milestone2/data/generated/labels/test/test_000007.txt,test,Hemanth Rajaboyina,4,1,images_OBJ006/OBJ006_074.jpg,7c2049ee2447994825160feef8cfd449,OBJ006,Capybara Toy,5,2,2,0,1,448,448,224,224,0,448,224,0.750000,0.250000,0.500000,0.500000
milestone2/data/generated/images/test/test_000007.jpg,milestone2/data/generated/labels/test/test_000007.txt,test,Hemanth Rajaboyina,4,2,images_OBJ066/OBJ066_042.jpg,4cf5084c2150a86967c7d035aaf8a7ed,OBJ066,Hair oil,65,2,2,0,0,448,448,224,0,0,224,224,0.250000,0.250000,0.500000,0.500000
milestone2/data/generated/images/test/test_000007.jpg,milestone2/data/generated/labels/test/test_000007.txt,test,Hemanth Rajaboyina,4,3,images_OBJ026/OBJ026_037.jpg,ef344ddba1c2f0c845c347d9c4d336ad,OBJ026,Red Sox Cap,25,2,2,1,0,448,448,224,0,224,224,448,0.250000,0.750000,0.500000,0.500000
milestone2/data/generated/images/test/test_000007.jpg,milestone2/data/generated/labels/test/test_000007.txt,test,Hemanth Rajaboyina,4,4,images_OBJ060/OBJ060_51.JPG,63ff9d6be713a4f52773ffffccbc8615,OBJ060,Sleep Mask,59,2,2,1,1,448,448,224,224,224,448,448,0.750000,0.750000,0.500000,0.500000
milestone2/data/generated/images/test/test_000008.jpg,milestone2/data/generated/labels/test/test_000008.txt,test,Hemanth Rajaboyina,5,1,images_OBJ059/OBJ059_044.jpg,54e96cab9b06f90a2fd3da79cd3670c5,OBJ059,Comb,58,2,3,0,2,672,448,224,448,0,672,224,0.833333,0.250000,0.333333,0.500000
milestone2/data/generated/images/test/test_000008.jpg,milestone2/data/generated/labels/test/test_000008.txt,test,Hemanth Rajaboyina,5,2,images_OBJ033/OBJ033_026.jpg,d43b9ebc7d859c2c4c9975a02d2a05db,OBJ033,Duck,32,2,3,1,2,672,448,224,448,224,672,448,0.833333,0.750000,0.333333,0.500000
milestone2/data/generated/images/test/test_000008.jpg,milestone2/data/generated/labels/test/test_000008.txt,test,Hemanth Rajaboyina,5,3,images_OBJ002/OBJ002_051.jpg,95737f673a2fde2cdc8a6bfa44d6695d,OBJ002,Water bottle,1,2,3,0,1,672,448,224,224,0,448,224,0.500000,0.250000,0.333333,0.500000
milestone2/data/generated/images/test/test_000008.jpg,milestone2/data/generated/labels/test/test_000008.txt,test,Hemanth Rajaboyina,5,4,images_OBJ010/OBJ010_014.jpg,bba14490c63547b1b35872170cce0100,OBJ010,Nike sneakers,9,2,3,1,1,672,448,224,224,224,448,448,0.500000,0.750000,0.333333,0.500000
milestone2/data/generated/images/test/test_000008.jpg,milestone2/data/generated/labels/test/test_000008.txt,test,Hemanth Rajaboyina,5,5,images_OBJ024/OBJ024_052.jpg,7e0df603e79a0c5496898b098e536f69,OBJ024,Plush doll,23,2,3,1,0,672,448,224,0,224,224,448,0.166667,0.750000,0.333333,0.500000
milestone2/data/generated/images/test/test_000009.jpg,milestone2/data/generated/labels/test/test_000009.txt,test,Hemanth Rajaboyina,3,1,images_OBJ050/OBJ050_034.jpg,8712af0be5092fa92c250775d908ff60,OBJ050,Hairbrush,49,2,2,1,1,448,448,224,224,224,448,448,0.750000,0.750000,0.500000,0.500000
milestone2/data/generated/images/test/test_000009.jpg,milestone2/data/generated/labels/test/test_000009.txt,test,Hemanth Rajaboyina,3,2,images_OBJ052/OBJ052_079.jpg,f293b6f0825c4a568324a1394f18f7a2,OBJ052,Spoon,51,2,2,0,0,448,448,224,0,0,224,224,0.250000,0.250000,0.500000,0.500000
milestone2/data/generated/images/test/test_000009.jpg,milestone2/data/generated/labels/test/test_000009.txt,test,Hemanth Rajaboyina,3,3,images_OBJ019/OBJ019_011.jpg,0eb9f341362953fbc209f49c146056ac,OBJ019,Plant,18,2,2,1,0,448,448,224,0,224,224,448,0.250000,0.750000,0.500000,0.500000
milestone2/data/generated/images/test/test_000010.jpg,milestone2/data/generated/labels/test/test_000010.txt,test,Hemanth Rajaboyina,5,1,images_OBJ027/OBJ027_015.jpg,d92cda52fb7c3db0af0730849152452f,OBJ027,Tennis ball,26,2,3,1,1,672,448,224,224,224,448,448,0.500000,0.750000,0.333333,0.500000
milestone2/data/generated/images/test/test_000010.jpg,milestone2/data/generated/labels/test/test_000010.txt,test,Hemanth Rajaboyina,5,2,images_OBJ028/OBJ028_058.jpg,55c3ad15d5cf17a8e170359ec3159687,OBJ028,Banana,27,2,3,0,0,672,448,224,0,0,224,224,0.166667,0.250000,0.333333,0.500000
milestone2/data/generated/images/test/test_000010.jpg,milestone2/data/generated/labels/test/test_000010.txt,test,Hemanth Rajaboyina,5,3,images_OBJ003/OBJ003_058.jpg,93efb181f04dbca63976907f8cc5857d,OBJ003,NoteBook,2,2,3,1,0,672,448,224,0,224,224,448,0.166667,0.750000,0.333333,0.500000
milestone2/data/generated/images/test/test_000010.jpg,milestone2/data/generated/labels/test/test_000010.txt,test,Hemanth Rajaboyina,5,4,images_OBJ023/OBJ023_041.JPG,0bea35edca9bf0f095aabd48273906ef,OBJ023,Bracelet,22,2,3,0,2,672,448,224,448,0,672,224,0.833333,0.250000,0.333333,0.500000
milestone2/data/generated/images/test/test_000010.jpg,milestone2/data/generated/labels/test/test_000010.txt,test,Hemanth Rajaboyina,5,5,images_OBJ012/OBJ012_015.jpg,0c8ea44dfa23e4e901045b29a9a44625,OBJ012,Computer Keyboard,11,2,3,1,2,672,448,224,448,224,672,448,0.833333,0.750000,0.333333,0.500000
milestone2/data/generated/images/test/test_000011.jpg,milestone2/data/generated/labels/test/test_000011.txt,test,Hemanth Rajaboyina,5,1,images_OBJ017/OBJ017_093.jpg,ac59f2901a38befa19d48ebc402be67e,OBJ017,Controller,16,2,3,0,1,672,448,224,224,0,448,224,0.500000,0.250000,0.333333,0.500000
milestone2/data/generated/images/test/test_000011.jpg,milestone2/data/generated/labels/test/test_000011.txt,test,Hemanth Rajaboyina,5,2,images_OBJ008/OBJ008_034.jpg,5cf439e23d2b808c1091ff60a7591cc4,OBJ008,Cat,7,2,3,1,1,672,448,224,224,224,448,448,0.500000,0.750000,0.333333,0.500000
milestone2/data/generated/images/test/test_000011.jpg,milestone2/data/generated/labels/test/test_000011.txt,test,Hemanth Rajaboyina,5,3,images_OBJ004/OBJ004_094.jpg,dd2e3b373e865fa41a66c2cecd81194c,OBJ004,Toy Car,3,2,3,0,0,672,448,224,0,0,224,224,0.166667,0.250000,0.333333,0.500000
milestone2/data/generated/images/test/test_000011.jpg,milestone2/data/generated/labels/test/test_000011.txt,test,Hemanth Rajaboyina,5,4,images_OBJ054/OBJ054_052.jpg,2ab52b9dba4749f5d7d26304ea0af9bd,OBJ054,Purse,53,2,3,1,2,672,448,224,448,224,672,448,0.833333,0.750000,0.333333,0.500000
milestone2/data/generated/images/test/test_000011.jpg,milestone2/data/generated/labels/test/test_000011.txt,test,Hemanth Rajaboyina,5,5,images_OBJ057/OBJ057_016.jpg,f9bb73d271ececcdf0b0e734d854bf9c,OBJ057,Power Bank,56,2,3,0,2,672,448,224,448,0,672,224,0.833333,0.250000,0.333333,0.500000
milestone2/data/generated/images/test/test_000012.jpg,milestone2/data/generated/labels/test/test_000012.txt,test,Hemanth Rajaboyina,3,1,images_OBJ044/OBJ044_051.jpg,96656f55d70ea90c996604d51c004e69,OBJ044,Anime Figurine,43,2,2,0,1,448,448,224,224,0,448,224,0.750000,0.250000,0.500000,0.500000
milestone2/data/generated/images/test/test_000012.jpg,milestone2/data/generated/labels/test/test_000012.txt,test,Hemanth Rajaboyina,3,2,images_OBJ058/OBJ058_082.jpg,27c2adee903850fd01ff27fa7a79b3bd,OBJ058,Footstool,57,2,2,1,1,448,448,224,224,224,448,448,0.750000,0.750000,0.500000,0.500000
milestone2/data/generated/images/test/test_000012.jpg,milestone2/data/generated/labels/test/test_000012.txt,test,Hemanth Rajaboyina,3,3,images_OBJ048/OBJ048_068.jpg,590ea6520caa6d5d2375f89b42dc96cb,OBJ048,Wireless powerbank,47,2,2,1,0,448,448,224,0,224,224,448,0.250000,0.750000,0.500000,0.500000
milestone2/data/generated/images/test/test_000013.jpg,milestone2/data/generated/labels/test/test_000013.txt,test,Hemanth Rajaboyina,3,1,images_OBJ042/OBJ042_094.jpg,d7bfd70fb83612f8880bad6895c15365,OBJ042,Mouth guard case,41,2,2,0,0,448,448,224,0,0,224,224,0.250000,0.250000,0.500000,0.500000
milestone2/data/generated/images/test/test_000013.jpg,milestone2/data/generated/labels/test/test_000013.txt,test,Hemanth Rajaboyina,3,2,images_OBJ041/OBJ041_011.jpg,40535b61480c06051954ce3d827ff210,OBJ041,Table fan,40,2,2,1,0,448,448,224,0,224,224,448,0.250000,0.750000,0.500000,0.500000
milestone2/data/generated/images/test/test_000013.jpg,milestone2/data/generated/labels/test/test_000013.txt,test,Hemanth Rajaboyina,3,3,images_OBJ001/OBJ001_004.jpg,db1249f1fb01b7c8493de0f265ac52b7,OBJ001,Basketball,0,2,2,1,1,448,448,224,224,224,448,448,0.750000,0.750000,0.500000,0.500000
milestone2/data/generated/images/test/test_000014.jpg,milestone2/data/generated/labels/test/test_000014.txt,test,Hemanth Rajaboyina,3,1,images_OBJ055/OBJ055_011.jpg,e5e4dcb18a35c1dc91856fd3e08ba783,OBJ055,Scientific Calculator,54,2,2,0,1,448,448,224,224,0,448,224,0.750000,0.250000,0.500000,0.500000
milestone2/data/generated/images/test/test_000014.jpg,milestone2/data/generated/labels/test/test_000014.txt,test,Hemanth Rajaboyina,3,2,images_OBJ009/OBJ009_076.jpg,47f9f71ecc725e70ddda50675fcd6cf3,OBJ009,Marshall Speaker,8,2,2,1,0,448,448,224,0,224,224,448,0.250000,0.750000,0.500000,0.500000
milestone2/data/generated/images/test/test_000014.jpg,milestone2/data/generated/labels/test/test_000014.txt,test,Hemanth Rajaboyina,3,3,images_OBJ022/OBJ022_037.jpeg,226cfc405ad916efb4206aaf62245a1b,OBJ022,Guitar,21,2,2,1,1,448,448,224,224,224,448,448,0.750000,0.750000,0.500000,0.500000
milestone2/data/generated/images/test/test_000015.jpg,milestone2/data/generated/labels/test/test_000015.txt,test,Hemanth Rajaboyina,5,1,images_OBJ015/OBJ015_007.jpg,cb44eeb36bfd9e046a950bd3a9e76b88,OBJ015,Water Tumbler,14,2,3,1,2,672,448,224,448,224,672,448,0.833333,0.750000,0.333333,0.500000
milestone2/data/generated/images/test/test_000015.jpg,milestone2/data/generated/labels/test/test_000015.txt,test,Hemanth Rajaboyina,5,2,images_OBJ049/OBJ049_034.jpg,d49a874ec7e7a9b64bb614457b8f6822,OBJ049,Pickleball bat,48,2,3,0,1,672,448,224,224,0,448,224,0.500000,0.250000,0.333333,0.500000
milestone2/data/generated/images/test/test_000015.jpg,milestone2/data/generated/labels/test/test_000015.txt,test,Hemanth Rajaboyina,5,3,images_OBJ032/OBJ032_038.jpg,ac42ff329e620b65d71198da3b5abd56,OBJ032,Sound Card,31,2,3,1,1,672,448,224,224,224,448,448,0.500000,0.750000,0.333333,0.500000
milestone2/data/generated/images/test/test_000015.jpg,milestone2/data/generated/labels/test/test_000015.txt,test,Hemanth Rajaboyina,5,4,images_OBJ035/OBJ035_018.jpg,9658bc9236a343a3a6f744084751c0f3,OBJ035,Badminton racket,34,2,3,0,0,672,448,224,0,0,224,224,0.166667,0.250000,0.333333,0.500000
milestone2/data/generated/images/test/test_000015.jpg,milestone2/data/generated/labels/test/test_000015.txt,test,Hemanth Rajaboyina,5,5,images_OBJ047/OBJ047_061.jpg,ddb6222d83bd53ce320c72e15ef0747e,OBJ047,Backpack,46,2,3,0,2,672,448,224,448,0,672,224,0.833333,0.250000,0.333333,0.500000
milestone2/data/generated/images/train/train_000071.jpg,milestone2/data/generated/labels/train/train_000071.txt,train,Jaya Raghu Ram Penugonda,4,1,images_OBJ050/OBJ050_023.jpg,65d22718554b74cca3095abc61cd3793,OBJ050,Hairbrush,49,2,2,1,1,448,448,224,224,224,448,448,0.750000,0.750000,0.500000,0.500000
milestone2/data/generated/images/train/train_000071.jpg,milestone2/data/generated/labels/train/train_000071.txt,train,Jaya Raghu Ram Penugonda,4,2,images_OBJ015/OBJ015_086.jpg,72a19dcd814db6562a524e51ec3d20c4,OBJ015,Water Tumbler,14,2,2,0,1,448,448,224,224,0,448,224,0.750000,0.250000,0.500000,0.500000
milestone2/data/generated/images/train/train_000071.jpg,milestone2/data/generated/labels/train/train_000071.txt,train,Jaya Raghu Ram Penugonda,4,3,images_OBJ064/OBJ064_034.jpg,d23281375532a99d9384a9bf0e5ce8e0,OBJ064,RGB Projector,63,2,2,1,0,448,448,224,0,224,224,448,0.250000,0.750000,0.500000,0.500000
milestone2/data/generated/images/train/train_000071.jpg,milestone2/data/generated/labels/train/train_000071.txt,train,Jaya Raghu Ram Penugonda,4,4,images_OBJ027/OBJ027_010.jpg,73ce17608752f2ce997490087e82a1dd,OBJ027,Tennis ball,26,2,2,0,0,448,448,224,0,0,224,224,0.250000,0.250000,0.500000,0.500000
milestone2/data/generated/images/train/train_000072.jpg,milestone2/data/generated/labels/train/train_000072.txt,train,Jaya Raghu Ram Penugonda,3,1,images_OBJ049/OBJ049_055.jpg,c6b236693808b62581cd2158ee6202bb,OBJ049,Pickleball bat,48,2,2,0,1,448,448,224,224,0,448,224,0.750000,0.250000,0.500000,0.500000
milestone2/data/generated/images/train/train_000072.jpg,milestone2/data/generated/labels/train/train_000072.txt,train,Jaya Raghu Ram Penugonda,3,2,images_OBJ035/OBJ035_014.jpg,6c7a5bb1f311923598217533d5c8bf84,OBJ035,Badminton racket,34,2,2,1,0,448,448,224,0,224,224,448,0.250000,0.750000,0.500000,0.500000
milestone2/data/generated/images/train/train_000072.jpg,milestone2/data/generated/labels/train/train_000072.txt,train,Jaya Raghu Ram Penugonda,3,3,images_OBJ036/OBJ036_056.jpg,a3a2f8b180d9e8c5bd39f60f7aa299f9,OBJ036,Pencil case,35,2,2,0,0,448,448,224,0,0,224,224,0.250000,0.250000,0.500000,0.500000
milestone2/data/generated/images/train/train_000073.jpg,milestone2/data/generated/labels/train/train_000073.txt,train,Jaya Raghu Ram Penugonda,3,1,images_OBJ065/OBJ065_017.jpg,c9d6d905577005076426047902b54de2,OBJ065,Analog watch,64,2,2,1,1,448,448,224,224,224,448,448,0.750000,0.750000,0.500000,0.500000
milestone2/data/generated/images/train/train_000073.jpg,milestone2/data/generated/labels/train/train_000073.txt,train,Jaya Raghu Ram Penugonda,3,2,images_OBJ045/OBJ045_077.jpg,ad881bb4daf3767204623efbcdcb2b18,OBJ045,Wayfarer Sunglasses,44,2,2,1,0,448,448,224,0,224,224,448,0.250000,0.750000,0.500000,0.500000
milestone2/data/generated/images/train/train_000073.jpg,milestone2/data/generated/labels/train/train_000073.txt,train,Jaya Raghu Ram Penugonda,3,3,images_OBJ003/OBJ003_021.jpg,cdcfeaf26d796c85e91e635e5628ef44,OBJ003,NoteBook,2,2,2,0,1,448,448,224,224,0,448,224,0.750000,0.250000,0.500000,0.500000
milestone2/data/generated/images/train/train_000074.jpg,milestone2/data/generated/labels/train/train_000074.txt,train,Jaya Raghu Ram Penugonda,4,1,images_OBJ067/OBJ067_0065.jpg,06ad83d89d67e1fb79229fa034ab8e89,OBJ067,Men's Wallet,66,2,2,1,0,448,448,224,0,224,224,448,0.250000,0.750000,0.500000,0.500000
milestone2/data/generated/images/train/train_000074.jpg,milestone2/data/generated/labels/train/train_000074.txt,train,Jaya Raghu Ram Penugonda,4,2,images_OBJ052/OBJ052_056.jpg,12c2f0c610d5d925a16508aa782a32b6,OBJ052,Spoon,51,2,2,0,1,448,448,224,224,0,448,224,0.750000,0.250000,0.500000,0.500000
milestone2/data/generated/images/train/train_000074.jpg,milestone2/data/generated/labels/train/train_000074.txt,train,Jaya Raghu Ram Penugonda,4,3,images_OBJ037/OBJ037_020.jpg,72e3575a803786c8ef3ddcd6a1ec39ba,OBJ037,Candle,36,2,2,0,0,448,448,224,0,0,224,224,0.250000,0.250000,0.500000,0.500000
milestone2/data/generated/images/train/train_000074.jpg,milestone2/data/generated/labels/train/train_000074.txt,train,Jaya Raghu Ram Penugonda,4,4,images_OBJ057/OBJ057_024.jpg,415e6b871cb82a7e5576d4b591d8def1,OBJ057,Power Bank,56,2,2,1,1,448,448,224,224,224,448,448,0.750000,0.750000,0.500000,0.500000
milestone2/data/generated/images/train/train_000075.jpg,milestone2/data/generated/labels/train/train_000075.txt,train,Jaya Raghu Ram Penugonda,4,1,images_OBJ028/OBJ028_031.jpg,45dfe59a4f250cefffae034c63f9d950,OBJ028,Banana,27,2,2,0,0,448,448,224,0,0,224,224,0.250000,0.250000,0.500000,0.500000
milestone2/data/generated/images/train/train_000075.jpg,milestone2/data/generated/labels/train/train_000075.txt,train,Jaya Raghu Ram Penugonda,4,2,images_OBJ062/OBJ062_068.jpg,060bba9bd3aa2907bd1f02dcbecde3f3,OBJ062,Headphones,61,2,2,0,1,448,448,224,224,0,448,224,0.750000,0.250000,0.500000,0.500000
milestone2/data/generated/images/train/train_000075.jpg,milestone2/data/generated/labels/train/train_000075.txt,train,Jaya Raghu Ram Penugonda,4,3,images_OBJ027/OBJ027_090.jpg,48158998a6ef2e70bbb5bbe213aecc2e,OBJ027,Tennis ball,26,2,2,1,1,448,448,224,224,224,448,448,0.750000,0.750000,0.500000,0.500000
milestone2/data/generated/images/train/train_000075.jpg,milestone2/data/generated/labels/train/train_000075.txt,train,Jaya Raghu Ram Penugonda,4,4,images_OBJ055/OBJ055_024.jpg,4c27298ca029aff08825bf9d380c25b5,OBJ055,Scientific Calculator,54,2,2,1,0,448,448,224,0,224,224,448,0.250000,0.750000,0.500000,0.500000
milestone2/data/generated/images/train/train_000076.jpg,milestone2/data/generated/labels/train/train_000076.txt,train,Jaya Raghu Ram Penugonda,3,1,images_OBJ031/OBJ031_038.jpg,86a73838b02e3523dc86e97d131d7671,OBJ031,UNO card box,30,2,2,0,1,448,448,224,224,0,448,224,0.750000,0.250000,0.500000,0.500000
milestone2/data/generated/images/train/train_000076.jpg,milestone2/data/generated/labels/train/train_000076.txt,train,Jaya Raghu Ram Penugonda,3,2,images_OBJ026/OBJ026_044.jpg,0d59930dfe04660c0a7f710e4b8ac104,OBJ026,Red Sox Cap,25,2,2,1,0,448,448,224,0,224,224,448,0.250000,0.750000,0.500000,0.500000
milestone2/data/generated/images/train/train_000076.jpg,milestone2/data/generated/labels/train/train_000076.txt,train,Jaya Raghu Ram Penugonda,3,3,images_OBJ013/OBJ013_063.jpg,65f2e9b8b80a3ba11003829a2ab4909f,OBJ013,Mobile phone,12,2,2,1,1,448,448,224,224,224,448,448,0.750000,0.750000,0.500000,0.500000
milestone2/data/generated/images/train/train_000077.jpg,milestone2/data/generated/labels/train/train_000077.txt,train,Jaya Raghu Ram Penugonda,5,1,images_OBJ038/OBJ038_021.jpg,293832411e2cea4b9931311a3fecff17,OBJ038,Perfume bottle,37,2,3,0,0,672,448,224,0,0,224,224,0.166667,0.250000,0.333333,0.500000
milestone2/data/generated/images/train/train_000077.jpg,milestone2/data/generated/labels/train/train_000077.txt,train,Jaya Raghu Ram Penugonda,5,2,images_OBJ051/OBJ051_041.jpg,e8455cf2337f75864c25c03d227b9972,OBJ051,Tissue,50,2,3,0,2,672,448,224,448,0,672,224,0.833333,0.250000,0.333333,0.500000
milestone2/data/generated/images/train/train_000077.jpg,milestone2/data/generated/labels/train/train_000077.txt,train,Jaya Raghu Ram Penugonda,5,3,images_OBJ072/OBJ072_063.jpg,18832467b3a130353fc0dc6d8add05df,OBJ072,Dog,71,2,3,1,0,672,448,224,0,224,224,448,0.166667,0.750000,0.333333,0.500000
milestone2/data/generated/images/train/train_000077.jpg,milestone2/data/generated/labels/train/train_000077.txt,train,Jaya Raghu Ram Penugonda,5,4,images_OBJ070/OBJ070_008.jpg,6af339fbb9971572e53b51dc06b29ca3,OBJ070,Astronaut projector,69,2,3,0,1,672,448,224,224,0,448,224,0.500000,0.250000,0.333333,0.500000
milestone2/data/generated/images/train/train_000077.jpg,milestone2/data/generated/labels/train/train_000077.txt,train,Jaya Raghu Ram Penugonda,5,5,images_OBJ056/OBJ056_083.jpg,fa94638a1337c01271e3741d8ea4d96e,OBJ056,Trader Joe's Bag,55,2,3,1,2,672,448,224,448,224,672,448,0.833333,0.750000,0.333333,0.500000
milestone2/data/generated/images/train/train_000078.jpg,milestone2/data/generated/labels/train/train_000078.txt,train,Jaya Raghu Ram Penugonda,4,1,images_OBJ006/OBJ006_017.jpg,ccfb75b56de84301dec739ff18ea1596,OBJ006,Capybara Toy,5,2,2,0,0,448,448,224,0,0,224,224,0.250000,0.250000,0.500000,0.500000
milestone2/data/generated/images/train/train_000078.jpg,milestone2/data/generated/labels/train/train_000078.txt,train,Jaya Raghu Ram Penugonda,4,2,images_OBJ020/OBJ020_078.jpg,774915a4be992c1fabe7031557e38eef,OBJ020,Airpod,19,2,2,1,0,448,448,224,0,224,224,448,0.250000,0.750000,0.500000,0.500000
milestone2/data/generated/images/train/train_000078.jpg,milestone2/data/generated/labels/train/train_000078.txt,train,Jaya Raghu Ram Penugonda,4,3,images_OBJ007/OBJ007_030.jpg,c8d74a5633410087a83628cc352c7f9a,OBJ007,Apple,6,2,2,0,1,448,448,224,224,0,448,224,0.750000,0.250000,0.500000,0.500000
milestone2/data/generated/images/train/train_000078.jpg,milestone2/data/generated/labels/train/train_000078.txt,train,Jaya Raghu Ram Penugonda,4,4,images_OBJ012/OBJ012_063.jpg,bea1bebe4f43ce04db3d3825afffbe88,OBJ012,Computer Keyboard,11,2,2,1,1,448,448,224,224,224,448,448,0.750000,0.750000,0.500000,0.500000
milestone2/data/generated/images/train/train_000079.jpg,milestone2/data/generated/labels/train/train_000079.txt,train,Jaya Raghu Ram Penugonda,4,1,images_OBJ036/OBJ036_089.jpg,d055923d019372a0c5cfd4b57ac4cf86,OBJ036,Pencil case,35,2,2,0,1,448,448,224,224,0,448,224,0.750000,0.250000,0.500000,0.500000
milestone2/data/generated/images/train/train_000079.jpg,milestone2/data/generated/labels/train/train_000079.txt,train,Jaya Raghu Ram Penugonda,4,2,images_OBJ030/OBJ030_094.jpg,bd24f0dc6c59a952b40fbe1fd321bd66,OBJ030,Tennis racket,29,2,2,1,1,448,448,224,224,224,448,448,0.750000,0.750000,0.500000,0.500000
milestone2/data/generated/images/train/train_000079.jpg,milestone2/data/generated/labels/train/train_000079.txt,train,Jaya Raghu Ram Penugonda,4,3,images_OBJ068/OBJ068_005.jpg,893051f7269a1602244101c69d509c7b,OBJ068,Neck Pillow,67,2,2,1,0,448,448,224,0,224,224,448,0.250000,0.750000,0.500000,0.500000
milestone2/data/generated/images/train/train_000079.jpg,milestone2/data/generated/labels/train/train_000079.txt,train,Jaya Raghu Ram Penugonda,4,4,images_OBJ064/OBJ064_012.jpg,14ac9a7d9ac3ea5974e2683529fe1310,OBJ064,RGB Projector,63,2,2,0,0,448,448,224,0,0,224,224,0.250000,0.250000,0.500000,0.500000
milestone2/data/generated/images/train/train_000080.jpg,milestone2/data/generated/labels/train/train_000080.txt,train,Jaya Raghu Ram Penugonda,3,1,images_OBJ005/OBJ005_097.jpg,a75d392ecfcb6a114eceb33e1abe6bf1,OBJ005,Computer mouse,4,2,2,0,1,448,448,224,224,0,448,224,0.750000,0.250000,0.500000,0.500000
milestone2/data/generated/images/train/train_000080.jpg,milestone2/data/generated/labels/train/train_000080.txt,train,Jaya Raghu Ram Penugonda,3,2,images_OBJ009/OBJ009_031.jpg,057537fa93eeb50933bd6c1f1bceaa93,OBJ009,Marshall Speaker,8,2,2,1,1,448,448,224,224,224,448,448,0.750000,0.750000,0.500000,0.500000
milestone2/data/generated/images/train/train_000080.jpg,milestone2/data/generated/labels/train/train_000080.txt,train,Jaya Raghu Ram Penugonda,3,3,images_OBJ071/OBJ071_015.jpg,6e89829e578e89b15d5dd9ba388f9378,OBJ071,Sloth Plushie,70,2,2,1,0,448,448,224,0,224,224,448,0.250000,0.750000,0.500000,0.500000
milestone2/data/generated/images/train/train_000081.jpg,milestone2/data/generated/labels/train/train_000081.txt,train,Jaya Raghu Ram Penugonda,5,1,images_OBJ010/OBJ010_046.jpg,ebdf68fc3cf1e590217c0f44ccd1d2a1,OBJ010,Nike sneakers,9,2,3,0,1,672,448,224,224,0,448,224,0.500000,0.250000,0.333333,0.500000
milestone2/data/generated/images/train/train_000081.jpg,milestone2/data/generated/labels/train/train_000081.txt,train,Jaya Raghu Ram Penugonda,5,2,images_OBJ041/OBJ041_020.jpg,c4e02cdf3a9f3bc56d0a140d1748e2c0,OBJ041,Table fan,40,2,3,0,2,672,448,224,448,0,672,224,0.833333,0.250000,0.333333,0.500000
milestone2/data/generated/images/train/train_000081.jpg,milestone2/data/generated/labels/train/train_000081.txt,train,Jaya Raghu Ram Penugonda,5,3,images_OBJ061/OBJ061_085.jpg,1dbde2669c0e99a77c9159e10468cc73,OBJ061,Card wallet,60,2,3,1,0,672,448,224,0,224,224,448,0.166667,0.750000,0.333333,0.500000
milestone2/data/generated/images/train/train_000081.jpg,milestone2/data/generated/labels/train/train_000081.txt,train,Jaya Raghu Ram Penugonda,5,4,images_OBJ066/OBJ066_037.jpg,e71bd9f8889df02427d3303880abf62f,OBJ066,Hair oil,65,2,3,1,1,672,448,224,224,224,448,448,0.500000,0.750000,0.333333,0.500000
milestone2/data/generated/images/train/train_000081.jpg,milestone2/data/generated/labels/train/train_000081.txt,train,Jaya Raghu Ram Penugonda,5,5,images_OBJ073/OBJ073_011.jpg,abc2b6ed151eaa9dca5fe1a3753082c5,OBJ073,Bowl,72,2,3,1,2,672,448,224,448,224,672,448,0.833333,0.750000,0.333333,0.500000
milestone2/data/generated/images/train/train_000082.jpg,milestone2/data/generated/labels/train/train_000082.txt,train,Jaya Raghu Ram Penugonda,4,1,images_OBJ035/OBJ035_085.jpg,d7c3b9968ab016b1d0ab85cb74832826,OBJ035,Badminton racket,34,2,2,0,1,448,448,224,224,0,448,224,0.750000,0.250000,0.500000,0.500000
milestone2/data/generated/images/train/train_000082.jpg,milestone2/data/generated/labels/train/train_000082.txt,train,Jaya Raghu Ram Penugonda,4,2,images_OBJ047/OBJ047_086.jpg,a8f6d610b710f57d5c7ca959576dce7d,OBJ047,Backpack,46,2,2,1,1,448,448,224,224,224,448,448,0.750000,0.750000,0.500000,0.500000
milestone2/data/generated/images/train/train_000082.jpg,milestone2/data/generated/labels/train/train_000082.txt,train,Jaya Raghu Ram Penugonda,4,3,images_OBJ002/OBJ002_001.jpg,56dbd5dda86393629333e68820378859,OBJ002,Water bottle,1,2,2,1,0,448,448,224,0,224,224,448,0.250000,0.750000,0.500000,0.500000
milestone2/data/generated/images/train/train_000082.jpg,milestone2/data/generated/labels/train/train_000082.txt,train,Jaya Raghu Ram Penugonda,4,4,images_OBJ053/OBJ053_002.jpg,7662bc9ecf018adfeb4aadcc7a55c1c6,OBJ053,Moisturizer,52,2,2,0,0,448,448,224,0,0,224,224,0.250000,0.250000,0.500000,0.500000
milestone2/data/generated/images/train/train_000083.jpg,milestone2/data/generated/labels/train/train_000083.txt,train,Jaya Raghu Ram Penugonda,5,1,images_OBJ048/OBJ048_075.jpg,74a4f65ab0a60cb906979eba0dc39cd1,OBJ048,Wireless powerbank,47,2,3,0,0,672,448,224,0,0,224,224,0.166667,0.250000,0.333333,0.500000
milestone2/data/generated/images/train/train_000083.jpg,milestone2/data/generated/labels/train/train_000083.txt,train,Jaya Raghu Ram Penugonda,5,2,images_OBJ001/OBJ001_011.jpg,dc1a954f056694827b4fbec0be49dac7,OBJ001,Basketball,0,2,3,1,1,672,448,224,224,224,448,448,0.500000,0.750000,0.333333,0.500000
milestone2/data/generated/images/train/train_000083.jpg,milestone2/data/generated/labels/train/train_000083.txt,train,Jaya Raghu Ram Penugonda,5,3,images_OBJ016/OBJ016_078.jpg,61c0b9ae7fbc3fa5cc8e9d3676eb4c25,OBJ016,Sandisk Portable SSD,15,2,3,1,0,672,448,224,0,224,224,448,0.166667,0.750000,0.333333,0.500000
milestone2/data/generated/images/train/train_000083.jpg,milestone2/data/generated/labels/train/train_000083.txt,train,Jaya Raghu Ram Penugonda,5,4,images_OBJ069/OBJ069_006.jpg,b0f8253809915cc97820e36ea926913a,OBJ069,Knife,68,2,3,0,1,672,448,224,224,0,448,224,0.500000,0.250000,0.333333,0.500000
milestone2/data/generated/images/train/train_000083.jpg,milestone2/data/generated/labels/train/train_000083.txt,train,Jaya Raghu Ram Penugonda,5,5,images_OBJ050/OBJ050_011.jpg,b5022fba8ea02122f517a8eaa64c3342,OBJ050,Hairbrush,49,2,3,0,2,672,448,224,448,0,672,224,0.833333,0.250000,0.333333,0.500000
milestone2/data/generated/images/train/train_000084.jpg,milestone2/data/generated/labels/train/train_000084.txt,train,Jaya Raghu Ram Penugonda,4,1,images_OBJ004/OBJ004_026.jpg,ad7f9afc329bf2fb183f131059b443ad,OBJ004,Toy Car,3,2,2,1,0,448,448,224,0,224,224,448,0.250000,0.750000,0.500000,0.500000
milestone2/data/generated/images/train/train_000084.jpg,milestone2/data/generated/labels/train/train_000084.txt,train,Jaya Raghu Ram Penugonda,4,2,images_OBJ014/OBJ014_066.jpeg,8664b3c48bc39087af7f121d01763a14,OBJ014,Sunglasses,13,2,2,0,0,448,448,224,0,0,224,224,0.250000,0.250000,0.500000,0.500000
milestone2/data/generated/images/train/train_000084.jpg,milestone2/data/generated/labels/train/train_000084.txt,train,Jaya Raghu Ram Penugonda,4,3,images_OBJ063/OBJ063_071.jpg,485b509f2b19302f36472d27163c8069,OBJ063,Measuring Bottle,62,2,2,1,1,448,448,224,224,224,448,448,0.750000,0.750000,0.500000,0.500000
milestone2/data/generated/images/train/train_000084.jpg,milestone2/data/generated/labels/train/train_000084.txt,train,Jaya Raghu Ram Penugonda,4,4,images_OBJ023/OBJ023_078.JPG,463e0b6d0970d9d153962b4d1763acb2,OBJ023,Bracelet,22,2,2,0,1,448,448,224,224,0,448,224,0.750000,0.250000,0.500000,0.500000
milestone2/data/generated/images/train/train_000085.jpg,milestone2/data/generated/labels/train/train_000085.txt,train,Jaya Raghu Ram Penugonda,3,1,images_OBJ046/OBJ046_055.jpg,e428a63f706a48b81db1ebb3cb8fd03e,OBJ046,iWatch,45,2,2,1,0,448,448,224,0,224,224,448,0.250000,0.750000,0.500000,0.500000
milestone2/data/generated/images/train/train_000085.jpg,milestone2/data/generated/labels/train/train_000085.txt,train,Jaya Raghu Ram Penugonda,3,2,images_OBJ017/OBJ017_058.jpg,6c33d8d102a9d3eb0b195d5c7fcb8cc2,OBJ017,Controller,16,2,2,0,0,448,448,224,0,0,224,224,0.250000,0.250000,0.500000,0.500000
milestone2/data/generated/images/train/train_000085.jpg,milestone2/data/generated/labels/train/train_000085.txt,train,Jaya Raghu Ram Penugonda,3,3,images_OBJ024/OBJ024_010.jpg,f7bbe97f86589961493baf5117aa0ef8,OBJ024,Plush doll,23,2,2,0,1,448,448,224,224,0,448,224,0.750000,0.250000,0.500000,0.500000
milestone2/data/generated/images/train/train_000086.jpg,milestone2/data/generated/labels/train/train_000086.txt,train,Jaya Raghu Ram Penugonda,4,1,images_OBJ043/OBJ043_060.jpg,37085372e1f9b2d08c1c9559373b5d50,OBJ043,Swimming Goggles,42,2,2,1,1,448,448,224,224,224,448,448,0.750000,0.750000,0.500000,0.500000
milestone2/data/generated/images/train/train_000086.jpg,milestone2/data/generated/labels/train/train_000086.txt,train,Jaya Raghu Ram Penugonda,4,2,images_OBJ040/OBJ040_061.JPG,70f593c5c58a1f37f4c6d1f80b1f42ba,OBJ040,Clutcher,39,2,2,0,1,448,448,224,224,0,448,224,0.750000,0.250000,0.500000,0.500000
milestone2/data/generated/images/train/train_000086.jpg,milestone2/data/generated/labels/train/train_000086.txt,train,Jaya Raghu Ram Penugonda,4,3,images_OBJ058/OBJ058_081.jpg,f9c54d5febb52008b923813eb399419d,OBJ058,Footstool,57,2,2,0,0,448,448,224,0,0,224,224,0.250000,0.250000,0.500000,0.500000
milestone2/data/generated/images/train/train_000086.jpg,milestone2/data/generated/labels/train/train_000086.txt,train,Jaya Raghu Ram Penugonda,4,4,images_OBJ021/OBJ021_076.jpg,3a6c7ec1a594f4cb08c6486b71bef39d,OBJ021,Toy Bunny,20,2,2,1,0,448,448,224,0,224,224,448,0.250000,0.750000,0.500000,0.500000
milestone2/data/generated/images/train/train_000087.jpg,milestone2/data/generated/labels/train/train_000087.txt,train,Jaya Raghu Ram Penugonda,5,1,images_OBJ065/OBJ065_012.jpg,9cfc30edabaa5522c11bdd4949bba263,OBJ065,Analog watch,64,2,3,1,1,672,448,224,224,224,448,448,0.500000,0.750000,0.333333,0.500000
milestone2/data/generated/images/train/train_000087.jpg,milestone2/data/generated/labels/train/train_000087.txt,train,Jaya Raghu Ram Penugonda,5,2,images_OBJ029/OBJ029_090.jpg,7712473c26e36c639fad4eb764cc545d,OBJ029,Orange,28,2,3,1,0,672,448,224,0,224,224,448,0.166667,0.750000,0.333333,0.500000
milestone2/data/generated/images/train/train_000087.jpg,milestone2/data/generated/labels/train/train_000087.txt,train,Jaya Raghu Ram Penugonda,5,3,images_OBJ025/OBJ025_056.jpg,1f482e896572b6da27331748e1d78385,OBJ025,Watch,24,2,3,0,1,672,448,224,224,0,448,224,0.500000,0.250000,0.333333,0.500000
milestone2/data/generated/images/train/train_000087.jpg,milestone2/data/generated/labels/train/train_000087.txt,train,Jaya Raghu Ram Penugonda,5,4,images_OBJ011/OBJ011_046.jpg,350a2778d48ab1cc9299be9392594a6e,OBJ011,Mug,10,2,3,1,2,672,448,224,448,224,672,448,0.833333,0.750000,0.333333,0.500000
milestone2/data/generated/images/train/train_000087.jpg,milestone2/data/generated/labels/train/train_000087.txt,train,Jaya Raghu Ram Penugonda,5,5,images_OBJ008/OBJ008_064.jpg,4228d757b234e74a94578c0c2961033b,OBJ008,Cat,7,2,3,0,0,672,448,224,0,0,224,224,0.166667,0.250000,0.333333,0.500000
milestone2/data/generated/images/train/train_000088.jpg,milestone2/data/generated/labels/train/train_000088.txt,train,Jaya Raghu Ram Penugonda,4,1,images_OBJ032/OBJ032_066.jpg,d06946ab0cf3f1f0f276addced4ef2cf,OBJ032,Sound Card,31,2,2,0,0,448,448,224,0,0,224,224,0.250000,0.250000,0.500000,0.500000
milestone2/data/generated/images/train/train_000088.jpg,milestone2/data/generated/labels/train/train_000088.txt,train,Jaya Raghu Ram Penugonda,4,2,images_OBJ033/OBJ033_035.jpg,5f87a94bd9211fb9026359151e33d5f8,OBJ033,Duck,32,2,2,1,1,448,448,224,224,224,448,448,0.750000,0.750000,0.500000,0.500000
milestone2/data/generated/images/train/train_000088.jpg,milestone2/data/generated/labels/train/train_000088.txt,train,Jaya Raghu Ram Penugonda,4,3,images_OBJ054/OBJ054_048.jpg,b39661151e90124909a35dd4e4391399,OBJ054,Purse,53,2,2,1,0,448,448,224,0,224,224,448,0.250000,0.750000,0.500000,0.500000
milestone2/data/generated/images/train/train_000088.jpg,milestone2/data/generated/labels/train/train_000088.txt,train,Jaya Raghu Ram Penugonda,4,4,images_OBJ018/OBJ018_055.jpg,e20b14d8695957676240aa8041399c75,OBJ018,Rubiks cube,17,2,2,0,1,448,448,224,224,0,448,224,0.750000,0.250000,0.500000,0.500000
milestone2/data/generated/images/train/train_000089.jpg,milestone2/data/generated/labels/train/train_000089.txt,train,Jaya Raghu Ram Penugonda,3,1,images_OBJ060/OBJ060_3.JPG,8701128c78471f6ef224bbe444844348,OBJ060,Sleep Mask,59,2,2,1,0,448,448,224,0,224,224,448,0.250000,0.750000,0.500000,0.500000
milestone2/data/generated/images/train/train_000089.jpg,milestone2/data/generated/labels/train/train_000089.txt,train,Jaya Raghu Ram Penugonda,3,2,images_OBJ022/OBJ022_052.jpeg,6a32445a6da184e2e8d81615f3ef2442,OBJ022,Guitar,21,2,2,0,0,448,448,224,0,0,224,224,0.250000,0.250000,0.500000,0.500000
milestone2/data/generated/images/train/train_000089.jpg,milestone2/data/generated/labels/train/train_000089.txt,train,Jaya Raghu Ram Penugonda,3,3,images_OBJ042/OBJ042_009.jpg,8c191f9bce17e4377e8427a5c1f54e87,OBJ042,Mouth guard case,41,2,2,1,1,448,448,224,224,224,448,448,0.750000,0.750000,0.500000,0.500000
milestone2/data/generated/images/train/train_000090.jpg,milestone2/data/generated/labels/train/train_000090.txt,train,Jaya Raghu Ram Penugonda,5,1,images_OBJ015/OBJ015_060.jpg,31505ddce44e001a470ab238f06ffc0b,OBJ015,Water Tumbler,14,2,3,1,2,672,448,224,448,224,672,448,0.833333,0.750000,0.333333,0.500000
milestone2/data/generated/images/train/train_000090.jpg,milestone2/data/generated/labels/train/train_000090.txt,train,Jaya Raghu Ram Penugonda,5,2,images_OBJ034/OBJ034_068.jpg,32e5d27a52f963657435621e40761148,OBJ034,Table Tennis Racket,33,2,3,0,0,672,448,224,0,0,224,224,0.166667,0.250000,0.333333,0.500000
milestone2/data/generated/images/train/train_000090.jpg,milestone2/data/generated/labels/train/train_000090.txt,train,Jaya Raghu Ram Penugonda,5,3,images_OBJ019/OBJ019_081.jpg,b6b2008fe566c865232a267ad9363c33,OBJ019,Plant,18,2,3,1,0,672,448,224,0,224,224,448,0.166667,0.750000,0.333333,0.500000
milestone2/data/generated/images/train/train_000090.jpg,milestone2/data/generated/labels/train/train_000090.txt,train,Jaya Raghu Ram Penugonda,5,4,images_OBJ039/OBJ039_028.jpg,f3ff28b3e7330e82cbc581608fb06e2d,OBJ039,Scissors,38,2,3,1,1,672,448,224,224,224,448,448,0.500000,0.750000,0.333333,0.500000
milestone2/data/generated/images/train/train_000090.jpg,milestone2/data/generated/labels/train/train_000090.txt,train,Jaya Raghu Ram Penugonda,5,5,images_OBJ044/OBJ044_055.jpg,814489332921dbfc5018ee6a43dbccfe,OBJ044,Anime Figurine,43,2,3,0,2,672,448,224,448,0,672,224,0.833333,0.250000,0.333333,0.500000
milestone2/data/generated/images/train/train_000091.jpg,milestone2/data/generated/labels/train/train_000091.txt,train,Jaya Raghu Ram Penugonda,3,1,images_OBJ049/OBJ049_090.jpg,07c3cb6036ff0d0484223000ecfce6f4,OBJ049,Pickleball bat,48,2,2,1,1,448,448,224,224,224,448,448,0.750000,0.750000,0.500000,0.500000
milestone2/data/generated/images/train/train_000091.jpg,milestone2/data/generated/labels/train/train_000091.txt,train,Jaya Raghu Ram Penugonda,3,2,images_OBJ059/OBJ059_036.jpg,105b699fcbcab291585833a8b3afabd1,OBJ059,Comb,58,2,2,0,0,448,448,224,0,0,224,224,0.250000,0.250000,0.500000,0.500000
milestone2/data/generated/images/train/train_000091.jpg,milestone2/data/generated/labels/train/train_000091.txt,train,Jaya Raghu Ram Penugonda,3,3,images_OBJ028/OBJ028_024.jpg,921043a0ca2833a1894dc25d5b568106,OBJ028,Banana,27,2,2,1,0,448,448,224,0,224,224,448,0.250000,0.750000,0.500000,0.500000
milestone2/data/generated/images/train/train_000092.jpg,milestone2/data/generated/labels/train/train_000092.txt,train,Jaya Raghu Ram Penugonda,3,1,images_OBJ058/OBJ058_038.jpg,1eedd0800deecb241c9ae84d08ca923f,OBJ058,Footstool,57,2,2,1,0,448,448,224,0,224,224,448,0.250000,0.750000,0.500000,0.500000
milestone2/data/generated/images/train/train_000092.jpg,milestone2/data/generated/labels/train/train_000092.txt,train,Jaya Raghu Ram Penugonda,3,2,images_OBJ052/OBJ052_036.jpg,3600cf60c37c50ab8cc659be1d282028,OBJ052,Spoon,51,2,2,0,0,448,448,224,0,0,224,224,0.250000,0.250000,0.500000,0.500000
milestone2/data/generated/images/train/train_000092.jpg,milestone2/data/generated/labels/train/train_000092.txt,train,Jaya Raghu Ram Penugonda,3,3,images_OBJ038/OBJ038_036.jpg,3933a99a03b5225250506a2b3bd0a18e,OBJ038,Perfume bottle,37,2,2,0,1,448,448,224,224,0,448,224,0.750000,0.250000,0.500000,0.500000
milestone2/data/generated/images/train/train_000093.jpg,milestone2/data/generated/labels/train/train_000093.txt,train,Jaya Raghu Ram Penugonda,4,1,images_OBJ043/OBJ043_046.jpg,93889c51ff5a77c2c64a40abd52b18d0,OBJ043,Swimming Goggles,42,2,2,0,0,448,448,224,0,0,224,224,0.250000,0.250000,0.500000,0.500000
milestone2/data/generated/images/train/train_000093.jpg,milestone2/data/generated/labels/train/train_000093.txt,train,Jaya Raghu Ram Penugonda,4,2,images_OBJ023/OBJ023_013.JPG,9578df1a2f1bfb1b02db53b49c5724fb,OBJ023,Bracelet,22,2,2,1,0,448,448,224,0,224,224,448,0.250000,0.750000,0.500000,0.500000
milestone2/data/generated/images/train/train_000093.jpg,milestone2/data/generated/labels/train/train_000093.txt,train,Jaya Raghu Ram Penugonda,4,3,images_OBJ006/OBJ006_004.jpg,51f5df1284def782117cdf65ee24de41,OBJ006,Capybara Toy,5,2,2,1,1,448,448,224,224,224,448,448,0.750000,0.750000,0.500000,0.500000
milestone2/data/generated/images/train/train_000093.jpg,milestone2/data/generated/labels/train/train_000093.txt,train,Jaya Raghu Ram Penugonda,4,4,images_OBJ061/OBJ061_001.jpg,14b28cbce81371f3b59628ae1aa9828c,OBJ061,Card wallet,60,2,2,0,1,448,448,224,224,0,448,224,0.750000,0.250000,0.500000,0.500000
milestone2/data/generated/images/train/train_000094.jpg,milestone2/data/generated/labels/train/train_000094.txt,train,Jaya Raghu Ram Penugonda,5,1,images_OBJ010/OBJ010_004.jpg,a45f3b098dd02ae199ffe4774c847827,OBJ010,Nike sneakers,9,2,3,0,2,672,448,224,448,0,672,224,0.833333,0.250000,0.333333,0.500000
milestone2/data/generated/images/train/train_000094.jpg,milestone2/data/generated/labels/train/train_000094.txt,train,Jaya Raghu Ram Penugonda,5,2,images_OBJ066/OBJ066_066.jpg,e62c1e3ed9f49ff437d759d069510398,OBJ066,Hair oil,65,2,3,1,2,672,448,224,448,224,672,448,0.833333,0.750000,0.333333,0.500000
milestone2/data/generated/images/train/train_000094.jpg,milestone2/data/generated/labels/train/train_000094.txt,train,Jaya Raghu Ram Penugonda,5,3,images_OBJ016/OBJ016_057.jpg,e2d00fb5aaf8b8c0120869ddb86eeba6,OBJ016,Sandisk Portable SSD,15,2,3,0,1,672,448,224,224,0,448,224,0.500000,0.250000,0.333333,0.500000
milestone2/data/generated/images/train/train_000094.jpg,milestone2/data/generated/labels/train/train_000094.txt,train,Jaya Raghu Ram Penugonda,5,4,images_OBJ069/OBJ069_001.jpg,cccbf54e07c5df7180f65cf2313c1449,OBJ069,Knife,68,2,3,0,0,672,448,224,0,0,224,224,0.166667,0.250000,0.333333,0.500000
milestone2/data/generated/images/train/train_000094.jpg,milestone2/data/generated/labels/train/train_000094.txt,train,Jaya Raghu Ram Penugonda,5,5,images_OBJ071/OBJ071_007.jpg,d710a1381c65708d4f38ae095ef6f95d,OBJ071,Sloth Plushie,70,2,3,1,1,672,448,224,224,224,448,448,0.500000,0.750000,0.333333,0.500000
milestone2/data/generated/images/train/train_000095.jpg,milestone2/data/generated/labels/train/train_000095.txt,train,Jaya Raghu Ram Penugonda,4,1,images_OBJ064/OBJ064_023.jpg,2c001351bc34042ab759305d75ce9c49,OBJ064,RGB Projector,63,2,2,0,1,448,448,224,224,0,448,224,0.750000,0.250000,0.500000,0.500000
milestone2/data/generated/images/train/train_000095.jpg,milestone2/data/generated/labels/train/train_000095.txt,train,Jaya Raghu Ram Penugonda,4,2,images_OBJ018/OBJ018_092.jpg,96bf1cbca1c024a4fdacb905f82ba6e7,OBJ018,Rubiks cube,17,2,2,1,1,448,448,224,224,224,448,448,0.750000,0.750000,0.500000,0.500000
milestone2/data/generated/images/train/train_000095.jpg,milestone2/data/generated/labels/train/train_000095.txt,train,Jaya Raghu Ram Penugonda,4,3,images_OBJ021/OBJ021_016.jpg,0d8ba0e97f3f0fd7899c095d79d167b3,OBJ021,Toy Bunny,20,2,2,0,0,448,448,224,0,0,224,224,0.250000,0.250000,0.500000,0.500000
milestone2/data/generated/images/train/train_000095.jpg,milestone2/data/generated/labels/train/train_000095.txt,train,Jaya Raghu Ram Penugonda,4,4,images_OBJ062/OBJ062_022.jpg,b9a37e525f04169933e6ba64184c993a,OBJ062,Headphones,61,2,2,1,0,448,448,224,0,224,224,448,0.250000,0.750000,0.500000,0.500000
milestone2/data/generated/images/train/train_000096.jpg,milestone2/data/generated/labels/train/train_000096.txt,train,Jaya Raghu Ram Penugonda,5,1,images_OBJ033/OBJ033_019.jpg,271fb7a65f63e2d2685a7da62a2e1a47,OBJ033,Duck,32,2,3,0,2,672,448,224,448,0,672,224,0.833333,0.250000,0.333333,0.500000
milestone2/data/generated/images/train/train_000096.jpg,milestone2/data/generated/labels/train/train_000096.txt,train,Jaya Raghu Ram Penugonda,5,2,images_OBJ008/OBJ008_088.jpg,808bec8211d47710fd5c8dc8c6eb7072,OBJ008,Cat,7,2,3,1,2,672,448,224,448,224,672,448,0.833333,0.750000,0.333333,0.500000
milestone2/data/generated/images/train/train_000096.jpg,milestone2/data/generated/labels/train/train_000096.txt,train,Jaya Raghu Ram Penugonda,5,3,images_OBJ026/OBJ026_010.jpg,58ce3e774511eba448d1e986f10195f9,OBJ026,Red Sox Cap,25,2,3,0,0,672,448,224,0,0,224,224,0.166667,0.250000,0.333333,0.500000
milestone2/data/generated/images/train/train_000096.jpg,milestone2/data/generated/labels/train/train_000096.txt,train,Jaya Raghu Ram Penugonda,5,4,images_OBJ011/OBJ011_045.jpg,e52adb9252800dbaa2910397212f090d,OBJ011,Mug,10,2,3,1,0,672,448,224,0,224,224,448,0.166667,0.750000,0.333333,0.500000
milestone2/data/generated/images/train/train_000096.jpg,milestone2/data/generated/labels/train/train_000096.txt,train,Jaya Raghu Ram Penugonda,5,5,images_OBJ045/OBJ045_022.jpg,be27dd4e72ef7b3ec5ae8be7f884b37d,OBJ045,Wayfarer Sunglasses,44,2,3,0,1,672,448,224,224,0,448,224,0.500000,0.250000,0.333333,0.500000
milestone2/data/generated/images/train/train_000097.jpg,milestone2/data/generated/labels/train/train_000097.txt,train,Jaya Raghu Ram Penugonda,3,1,images_OBJ017/OBJ017_104.jpg,d75f67598d43a9b5143e7f07aff78680,OBJ017,Controller,16,2,2,1,1,448,448,224,224,224,448,448,0.750000,0.750000,0.500000,0.500000
milestone2/data/generated/images/train/train_000097.jpg,milestone2/data/generated/labels/train/train_000097.txt,train,Jaya Raghu Ram Penugonda,3,2,images_OBJ053/OBJ053_017.jpg,eede24520bf22a8aec092cf9db128e4d,OBJ053,Moisturizer,52,2,2,1,0,448,448,224,0,224,224,448,0.250000,0.750000,0.500000,0.500000
milestone2/data/generated/images/train/train_000097.jpg,milestone2/data/generated/labels/train/train_000097.txt,train,Jaya Raghu Ram Penugonda,3,3,images_OBJ065/OBJ065_045.jpg,058363b0ea9277e21c7b74d2b4740961,OBJ065,Analog watch,64,2,2,0,0,448,448,224,0,0,224,224,0.250000,0.250000,0.500000,0.500000
milestone2/data/generated/images/train/train_000098.jpg,milestone2/data/generated/labels/train/train_000098.txt,train,Jaya Raghu Ram Penugonda,3,1,images_OBJ039/OBJ039_024.jpg,2a225d21e50bde7af0c6a2caf183dcdf,OBJ039,Scissors,38,2,2,0,1,448,448,224,224,0,448,224,0.750000,0.250000,0.500000,0.500000
milestone2/data/generated/images/train/train_000098.jpg,milestone2/data/generated/labels/train/train_000098.txt,train,Jaya Raghu Ram Penugonda,3,2,images_OBJ003/OBJ003_062.jpg,e243f20b2f237855026a73256dcc270f,OBJ003,NoteBook,2,2,2,0,0,448,448,224,0,0,224,224,0.250000,0.250000,0.500000,0.500000
milestone2/data/generated/images/train/train_000098.jpg,milestone2/data/generated/labels/train/train_000098.txt,train,Jaya Raghu Ram Penugonda,3,3,images_OBJ059/OBJ059_001.jpg,78f17eec4a93deb43adb9063e00a7369,OBJ059,Comb,58,2,2,1,0,448,448,224,0,224,224,448,0.250000,0.750000,0.500000,0.500000
milestone2/data/generated/images/train/train_000099.jpg,milestone2/data/generated/labels/train/train_000099.txt,train,Jaya Raghu Ram Penugonda,4,1,images_OBJ049/OBJ049_092.jpg,c8d82158feeb7287b3a5ffb20123c2a2,OBJ049,Pickleball bat,48,2,2,1,1,448,448,224,224,224,448,448,0.750000,0.750000,0.500000,0.500000
milestone2/data/generated/images/train/train_000099.jpg,milestone2/data/generated/labels/train/train_000099.txt,train,Jaya Raghu Ram Penugonda,4,2,images_OBJ005/OBJ005_087.jpg,53d404e2850b632aa9a2cccba11b158e,OBJ005,Computer mouse,4,2,2,0,0,448,448,224,0,0,224,224,0.250000,0.250000,0.500000,0.500000
milestone2/data/generated/images/train/train_000099.jpg,milestone2/data/generated/labels/train/train_000099.txt,train,Jaya Raghu Ram Penugonda,4,3,images_OBJ054/OBJ054_043.jpg,d9cafb8d55aa1475761c4d3df490c4a9,OBJ054,Purse,53,2,2,0,1,448,448,224,224,0,448,224,0.750000,0.250000,0.500000,0.500000
milestone2/data/generated/images/train/train_000099.jpg,milestone2/data/generated/labels/train/train_000099.txt,train,Jaya Raghu Ram Penugonda,4,4,images_OBJ046/OBJ046_042.jpg,c9b3822f7bc942956005a2d81dac6e3a,OBJ046,iWatch,45,2,2,1,0,448,448,224,0,224,224,448,0.250000,0.750000,0.500000,0.500000
milestone2/data/generated/images/train/train_000100.jpg,milestone2/data/generated/labels/train/train_000100.txt,train,Jaya Raghu Ram Penugonda,5,1,images_OBJ051/OBJ051_031.jpg,273fb0f6d47550f2f3712a3e4126b435,OBJ051,Tissue,50,2,3,1,1,672,448,224,224,224,448,448,0.500000,0.750000,0.333333,0.500000
milestone2/data/generated/images/train/train_000100.jpg,milestone2/data/generated/labels/train/train_000100.txt,train,Jaya Raghu Ram Penugonda,5,2,images_OBJ048/OBJ048_024.jpg,ac011d0f669e2a63b48bf6adbe27b302,OBJ048,Wireless powerbank,47,2,3,1,0,672,448,224,0,224,224,448,0.166667,0.750000,0.333333,0.500000
milestone2/data/generated/images/train/train_000100.jpg,milestone2/data/generated/labels/train/train_000100.txt,train,Jaya Raghu Ram Penugonda,5,3,images_OBJ024/OBJ024_085.jpg,b3bbebff052bcff6c33399f541246641,OBJ024,Plush doll,23,2,3,1,2,672,448,224,448,224,672,448,0.833333,0.750000,0.333333,0.500000
milestone2/data/generated/images/train/train_000100.jpg,milestone2/data/generated/labels/train/train_000100.txt,train,Jaya Raghu Ram Penugonda,5,4,images_OBJ067/OBJ067_0058.jpg,d7c68835686515150d74e892216c4133,OBJ067,Men's Wallet,66,2,3,0,0,672,448,224,0,0,224,224,0.166667,0.250000,0.333333,0.500000
milestone2/data/generated/images/train/train_000100.jpg,milestone2/data/generated/labels/train/train_000100.txt,train,Jaya Raghu Ram Penugonda,5,5,images_OBJ015/OBJ015_023.jpg,3d8aa53f605dfdeaf02b4c9cf9a8c6e3,OBJ015,Water Tumbler,14,2,3,0,2,672,448,224,448,0,672,224,0.833333,0.250000,0.333333,0.500000
milestone2/data/generated/images/train/train_000101.jpg,milestone2/data/generated/labels/train/train_000101.txt,train,Jaya Raghu Ram Penugonda,3,1,images_OBJ019/OBJ019_004.jpg,c5708eb9501cff572f5d6a1014e78ba9,OBJ019,Plant,18,2,2,1,1,448,448,224,224,224,448,448,0.750000,0.750000,0.500000,0.500000
milestone2/data/generated/images/train/train_000101.jpg,milestone2/data/generated/labels/train/train_000101.txt,train,Jaya Raghu Ram Penugonda,3,2,images_OBJ056/OBJ056_035.jpg,ae049ccf53b4a5377692836a32818270,OBJ056,Trader Joe's Bag,55,2,2,0,0,448,448,224,0,0,224,224,0.250000,0.250000,0.500000,0.500000
milestone2/data/generated/images/train/train_000101.jpg,milestone2/data/generated/labels/train/train_000101.txt,train,Jaya Raghu Ram Penugonda,3,3,images_OBJ035/OBJ035_004.jpg,ecc10e67526d1fc51e0be90740a267d8,OBJ035,Badminton racket,34,2,2,1,0,448,448,224,0,224,224,448,0.250000,0.750000,0.500000,0.500000
milestone2/data/generated/images/train/train_000102.jpg,milestone2/data/generated/labels/train/train_000102.txt,train,Jaya Raghu Ram Penugonda,5,1,images_OBJ022/OBJ022_030.jpeg,3ea4578cf9434fbfa7d030e4eb7ec3eb,OBJ022,Guitar,21,2,3,1,2,672,448,224,448,224,672,448,0.833333,0.750000,0.333333,0.500000
milestone2/data/generated/images/train/train_000102.jpg,milestone2/data/generated/labels/train/train_000102.txt,train,Jaya Raghu Ram Penugonda,5,2,images_OBJ044/OBJ044_089.jpg,3e661a5e8d1ddd59af5b484b803d218b,OBJ044,Anime Figurine,43,2,3,0,1,672,448,224,224,0,448,224,0.500000,0.250000,0.333333,0.500000
milestone2/data/generated/images/train/train_000102.jpg,milestone2/data/generated/labels/train/train_000102.txt,train,Jaya Raghu Ram Penugonda,5,3,images_OBJ040/OBJ040_052.JPG,c46ec589020dae83d54442317187e117,OBJ040,Clutcher,39,2,3,0,2,672,448,224,448,0,672,224,0.833333,0.250000,0.333333,0.500000
milestone2/data/generated/images/train/train_000102.jpg,milestone2/data/generated/labels/train/train_000102.txt,train,Jaya Raghu Ram Penugonda,5,4,images_OBJ060/OBJ060_68.JPG,dbdd704b8c25ffcaa7de76eb1dd08232,OBJ060,Sleep Mask,59,2,3,1,0,672,448,224,0,224,224,448,0.166667,0.750000,0.333333,0.500000
milestone2/data/generated/images/train/train_000102.jpg,milestone2/data/generated/labels/train/train_000102.txt,train,Jaya Raghu Ram Penugonda,5,5,images_OBJ029/OBJ029_027.jpg,7fb75a76ce28b8c06c7c9ee4ed52ac14,OBJ029,Orange,28,2,3,1,1,672,448,224,224,224,448,448,0.500000,0.750000,0.333333,0.500000
milestone2/data/generated/images/train/train_000103.jpg,milestone2/data/generated/labels/train/train_000103.txt,train,Jaya Raghu Ram Penugonda,3,1,images_OBJ036/OBJ036_059.jpg,a6a1b846842a646e8137ab2b0c7799e2,OBJ036,Pencil case,35,2,2,0,1,448,448,224,224,0,448,224,0.750000,0.250000,0.500000,0.500000
milestone2/data/generated/images/train/train_000103.jpg,milestone2/data/generated/labels/train/train_000103.txt,train,Jaya Raghu Ram Penugonda,3,2,images_OBJ012/OBJ012_027.jpg,c215dd5a041a9c9d17b74225b313180d,OBJ012,Computer Keyboard,11,2,2,0,0,448,448,224,0,0,224,224,0.250000,0.250000,0.500000,0.500000
milestone2/data/generated/images/train/train_000103.jpg,milestone2/data/generated/labels/train/train_000103.txt,train,Jaya Raghu Ram Penugonda,3,3,images_OBJ027/OBJ027_078.jpg,68fa994ac27dfb17d3e8598a61d6f795,OBJ027,Tennis ball,26,2,2,1,1,448,448,224,224,224,448,448,0.750000,0.750000,0.500000,0.500000
milestone2/data/generated/images/train/train_000104.jpg,milestone2/data/generated/labels/train/train_000104.txt,train,Jaya Raghu Ram Penugonda,3,1,images_OBJ073/OBJ073_085.jpg,4bf48e442faa70d1b0cc5570d6921006,OBJ073,Bowl,72,2,2,0,0,448,448,224,0,0,224,224,0.250000,0.250000,0.500000,0.500000
milestone2/data/generated/images/train/train_000104.jpg,milestone2/data/generated/labels/train/train_000104.txt,train,Jaya Raghu Ram Penugonda,3,2,images_OBJ055/OBJ055_049.jpg,2d193453327608e39dfd90fcb38bca6b,OBJ055,Scientific Calculator,54,2,2,1,1,448,448,224,224,224,448,448,0.750000,0.750000,0.500000,0.500000
milestone2/data/generated/images/train/train_000104.jpg,milestone2/data/generated/labels/train/train_000104.txt,train,Jaya Raghu Ram Penugonda,3,3,images_OBJ063/OBJ063_004.jpg,e4af9ec5604b3cd2959edbf294a71b27,OBJ063,Measuring Bottle,62,2,2,0,1,448,448,224,224,0,448,224,0.750000,0.250000,0.500000,0.500000
milestone2/data/generated/images/train/train_000105.jpg,milestone2/data/generated/labels/train/train_000105.txt,train,Jaya Raghu Ram Penugonda,5,1,images_OBJ057/OBJ057_047.jpg,f7a2ec214019b9b4390057feca0a2961,OBJ057,Power Bank,56,2,3,1,1,672,448,224,224,224,448,448,0.500000,0.750000,0.333333,0.500000
milestone2/data/generated/images/train/train_000105.jpg,milestone2/data/generated/labels/train/train_000105.txt,train,Jaya Raghu Ram Penugonda,5,2,images_OBJ025/OBJ025_060.jpg,dc1d99eb215c2478819d96c45333ff96,OBJ025,Watch,24,2,3,0,2,672,448,224,448,0,672,224,0.833333,0.250000,0.333333,0.500000
milestone2/data/generated/images/train/train_000105.jpg,milestone2/data/generated/labels/train/train_000105.txt,train,Jaya Raghu Ram Penugonda,5,3,images_OBJ070/OBJ070_065.jpg,b8b57c0a167b66ff22f8a7c2e10e4f50,OBJ070,Astronaut projector,69,2,3,0,1,672,448,224,224,0,448,224,0.500000,0.250000,0.333333,0.500000
milestone2/data/generated/images/train/train_000105.jpg,milestone2/data/generated/labels/train/train_000105.txt,train,Jaya Raghu Ram Penugonda,5,4,images_OBJ009/OBJ009_092.jpg,e99dd8dd78e58ca5e29ca97db27b7c40,OBJ009,Marshall Speaker,8,2,3,1,0,672,448,224,0,224,224,448,0.166667,0.750000,0.333333,0.500000
milestone2/data/generated/images/train/train_000105.jpg,milestone2/data/generated/labels/train/train_000105.txt,train,Jaya Raghu Ram Penugonda,5,5,images_OBJ001/OBJ001_064.jpg,a2efacf7c3ac3cd6681b0447ef391660,OBJ001,Basketball,0,2,3,0,0,672,448,224,0,0,224,224,0.166667,0.250000,0.333333,0.500000
milestone2/data/generated/images/train/train_000106.jpg,milestone2/data/generated/labels/train/train_000106.txt,train,Jaya Raghu Ram Penugonda,3,1,images_OBJ041/OBJ041_054.jpg,030c0ab1ea16c1b75b2788597f220fbc,OBJ041,Table fan,40,2,2,0,1,448,448,224,224,0,448,224,0.750000,0.250000,0.500000,0.500000
milestone2/data/generated/images/train/train_000106.jpg,milestone2/data/generated/labels/train/train_000106.txt,train,Jaya Raghu Ram Penugonda,3,2,images_OBJ047/OBJ047_090.jpg,3d1be5d8aac446cb6359469dce651fe0,OBJ047,Backpack,46,2,2,1,0,448,448,224,0,224,224,448,0.250000,0.750000,0.500000,0.500000
milestone2/data/generated/images/train/train_000106.jpg,milestone2/data/generated/labels/train/train_000106.txt,train,Jaya Raghu Ram Penugonda,3,3,images_OBJ002/OBJ002_080.jpg,3af7b4e38060b8554fe555c08b7f0b2a,OBJ002,Water bottle,1,2,2,0,0,448,448,224,0,0,224,224,0.250000,0.250000,0.500000,0.500000
milestone2/data/generated/images/train/train_000107.jpg,milestone2/data/generated/labels/train/train_000107.txt,train,Jaya Raghu Ram Penugonda,4,1,images_OBJ068/OBJ068_070.jpg,7d5579b56b5441bfbe5883e2bd2e725b,OBJ068,Neck Pillow,67,2,2,0,1,448,448,224,224,0,448,224,0.750000,0.250000,0.500000,0.500000
milestone2/data/generated/images/train/train_000107.jpg,milestone2/data/generated/labels/train/train_000107.txt,train,Jaya Raghu Ram Penugonda,4,2,images_OBJ072/OBJ072_014.jpg,3e32b71a53e747b7972950182d642cb4,OBJ072,Dog,71,2,2,1,1,448,448,224,224,224,448,448,0.750000,0.750000,0.500000,0.500000
milestone2/data/generated/images/train/train_000107.jpg,milestone2/data/generated/labels/train/train_000107.txt,train,Jaya Raghu Ram Penugonda,4,3,images_OBJ031/OBJ031_001.jpg,e6b05a9070f23f4e807868b3a27c70c9,OBJ031,UNO card box,30,2,2,1,0,448,448,224,0,224,224,448,0.250000,0.750000,0.500000,0.500000
milestone2/data/generated/images/train/train_000107.jpg,milestone2/data/generated/labels/train/train_000107.txt,train,Jaya Raghu Ram Penugonda,4,4,images_OBJ007/OBJ007_022.jpg,f6a99ac9f81369c5e8c4fbd8b7696cee,OBJ007,Apple,6,2,2,0,0,448,448,224,0,0,224,224,0.250000,0.250000,0.500000,0.500000
milestone2/data/generated/images/train/train_000108.jpg,milestone2/data/generated/labels/train/train_000108.txt,train,Jaya Raghu Ram Penugonda,3,1,images_OBJ020/OBJ020_063.jpg,cca110495fcc0d696ac5ed8e7efb0cab,OBJ020,Airpod,19,2,2,1,1,448,448,224,224,224,448,448,0.750000,0.750000,0.500000,0.500000
milestone2/data/generated/images/train/train_000108.jpg,milestone2/data/generated/labels/train/train_000108.txt,train,Jaya Raghu Ram Penugonda,3,2,images_OBJ030/OBJ030_093.jpg,0a0eb5c009b76fb5aa46ea047a068121,OBJ030,Tennis racket,29,2,2,0,0,448,448,224,0,0,224,224,0.250000,0.250000,0.500000,0.500000
milestone2/data/generated/images/train/train_000108.jpg,milestone2/data/generated/labels/train/train_000108.txt,train,Jaya Raghu Ram Penugonda,3,3,images_OBJ050/OBJ050_093.jpg,be815c38721d48eaa91b9db95871ca96,OBJ050,Hairbrush,49,2,2,1,0,448,448,224,0,224,224,448,0.250000,0.750000,0.500000,0.500000
milestone2/data/generated/images/train/train_000109.jpg,milestone2/data/generated/labels/train/train_000109.txt,train,Jaya Raghu Ram Penugonda,4,1,images_OBJ032/OBJ032_053.jpg,ceb47f1847ac6b831108dd3bfe826884,OBJ032,Sound Card,31,2,2,0,0,448,448,224,0,0,224,224,0.250000,0.250000,0.500000,0.500000
milestone2/data/generated/images/train/train_000109.jpg,milestone2/data/generated/labels/train/train_000109.txt,train,Jaya Raghu Ram Penugonda,4,2,images_OBJ004/OBJ004_098.jpg,09b91711094bc829b2e179b57c920c4c,OBJ004,Toy Car,3,2,2,0,1,448,448,224,224,0,448,224,0.750000,0.250000,0.500000,0.500000
milestone2/data/generated/images/train/train_000109.jpg,milestone2/data/generated/labels/train/train_000109.txt,train,Jaya Raghu Ram Penugonda,4,3,images_OBJ037/OBJ037_077.jpg,57cd0ab16829f080c007e4d9004d38d7,OBJ037,Candle,36,2,2,1,1,448,448,224,224,224,448,448,0.750000,0.750000,0.500000,0.500000
milestone2/data/generated/images/train/train_000109.jpg,milestone2/data/generated/labels/train/train_000109.txt,train,Jaya Raghu Ram Penugonda,4,4,images_OBJ014/OBJ014_081.jpeg,55dfda2de8f872abbfddbf15fed9c18a,OBJ014,Sunglasses,13,2,2,1,0,448,448,224,0,224,224,448,0.250000,0.750000,0.500000,0.500000
milestone2/data/generated/images/train/train_000110.jpg,milestone2/data/generated/labels/train/train_000110.txt,train,Jaya Raghu Ram Penugonda,5,1,images_OBJ042/OBJ042_067.jpg,b419bb089ec455fb4e8e82d95ea68759,OBJ042,Mouth guard case,41,2,3,0,2,672,448,224,448,0,672,224,0.833333,0.250000,0.333333,0.500000
milestone2/data/generated/images/train/train_000110.jpg,milestone2/data/generated/labels/train/train_000110.txt,train,Jaya Raghu Ram Penugonda,5,2,images_OBJ013/OBJ013_010.jpg,e972a896956559c0fd06c07241208ed3,OBJ013,Mobile phone,12,2,3,0,0,672,448,224,0,0,224,224,0.166667,0.250000,0.333333,0.500000
milestone2/data/generated/images/train/train_000110.jpg,milestone2/data/generated/labels/train/train_000110.txt,train,Jaya Raghu Ram Penugonda,5,3,images_OBJ034/OBJ034_066.jpg,25df3f988034a35cd2c3b74bc7c31391,OBJ034,Table Tennis Racket,33,2,3,1,2,672,448,224,448,224,672,448,0.833333,0.750000,0.333333,0.500000
milestone2/data/generated/images/train/train_000110.jpg,milestone2/data/generated/labels/train/train_000110.txt,train,Jaya Raghu Ram Penugonda,5,4,images_OBJ060/OBJ060_5.JPG,f9b97db90693d10d0954ab743d72cf32,OBJ060,Sleep Mask,59,2,3,1,1,672,448,224,224,224,448,448,0.500000,0.750000,0.333333,0.500000
milestone2/data/generated/images/train/train_000110.jpg,milestone2/data/generated/labels/train/train_000110.txt,train,Jaya Raghu Ram Penugonda,5,5,images_OBJ070/OBJ070_061.jpg,b15f77f43db8fac770cd519bf9ddbc0f,OBJ070,Astronaut projector,69,2,3,1,0,672,448,224,0,224,224,448,0.166667,0.750000,0.333333,0.500000
milestone2/data/generated/images/train/train_000111.jpg,milestone2/data/generated/labels/train/train_000111.txt,train,Jaya Raghu Ram Penugonda,5,1,images_OBJ020/OBJ020_089.jpg,b7ccae61f2ee46b7067d2274688ead0f,OBJ020,Airpod,19,2,3,0,2,672,448,224,448,0,672,224,0.833333,0.250000,0.333333,0.500000
milestone2/data/generated/images/train/train_000111.jpg,milestone2/data/generated/labels/train/train_000111.txt,train,Jaya Raghu Ram Penugonda,5,2,images_OBJ051/OBJ051_077.jpg,db1f9114075f70fc9b0d52cfd75a14a3,OBJ051,Tissue,50,2,3,1,0,672,448,224,0,224,224,448,0.166667,0.750000,0.333333,0.500000
milestone2/data/generated/images/train/train_000111.jpg,milestone2/data/generated/labels/train/train_000111.txt,train,Jaya Raghu Ram Penugonda,5,3,images_OBJ036/OBJ036_067.jpg,dc4fd67d34a47b7890a807e3904e072d,OBJ036,Pencil case,35,2,3,1,2,672,448,224,448,224,672,448,0.833333,0.750000,0.333333,0.500000
milestone2/data/generated/images/train/train_000111.jpg,milestone2/data/generated/labels/train/train_000111.txt,train,Jaya Raghu Ram Penugonda,5,4,images_OBJ032/OBJ032_002.jpg,a341a5a27816d98931551ac148a49fa6,OBJ032,Sound Card,31,2,3,1,1,672,448,224,224,224,448,448,0.500000,0.750000,0.333333,0.500000
milestone2/data/generated/images/train/train_000111.jpg,milestone2/data/generated/labels/train/train_000111.txt,train,Jaya Raghu Ram Penugonda,5,5,images_OBJ044/OBJ044_007.jpg,062eef7c61c7ba5eb1ac27359cf0655f,OBJ044,Anime Figurine,43,2,3,0,0,672,448,224,0,0,224,224,0.166667,0.250000,0.333333,0.500000
milestone2/data/generated/images/train/train_000112.jpg,milestone2/data/generated/labels/train/train_000112.txt,train,Jaya Raghu Ram Penugonda,4,1,images_OBJ067/OBJ067_0082.jpg,8e19313d95e69664b61c4a844a19c9e8,OBJ067,Men's Wallet,66,2,2,1,1,448,448,224,224,224,448,448,0.750000,0.750000,0.500000,0.500000
milestone2/data/generated/images/train/train_000112.jpg,milestone2/data/generated/labels/train/train_000112.txt,train,Jaya Raghu Ram Penugonda,4,2,images_OBJ056/OBJ056_050.jpg,b06ff2b3ed13be022bd797a2bb2378a9,OBJ056,Trader Joe's Bag,55,2,2,0,1,448,448,224,224,0,448,224,0.750000,0.250000,0.500000,0.500000
milestone2/data/generated/images/train/train_000112.jpg,milestone2/data/generated/labels/train/train_000112.txt,train,Jaya Raghu Ram Penugonda,4,3,images_OBJ019/OBJ019_022.jpg,0a5bb9fee5b61cffe426c750048a952b,OBJ019,Plant,18,2,2,1,0,448,448,224,0,224,224,448,0.250000,0.750000,0.500000,0.500000
milestone2/data/generated/images/train/train_000112.jpg,milestone2/data/generated/labels/train/train_000112.txt,train,Jaya Raghu Ram Penugonda,4,4,images_OBJ065/OBJ065_014.jpg,46806d51255e8ad0d74c16303afdbfae,OBJ065,Analog watch,64,2,2,0,0,448,448,224,0,0,224,224,0.250000,0.250000,0.500000,0.500000
milestone2/data/generated/images/train/train_000113.jpg,milestone2/data/generated/labels/train/train_000113.txt,train,Jaya Raghu Ram Penugonda,4,1,images_OBJ033/OBJ033_080.jpg,6d994060d03413fe3593d9753e755c11,OBJ033,Duck,32,2,2,0,0,448,448,224,0,0,224,224,0.250000,0.250000,0.500000,0.500000
milestone2/data/generated/images/train/train_000113.jpg,milestone2/data/generated/labels/train/train_000113.txt,train,Jaya Raghu Ram Penugonda,4,2,images_OBJ022/OBJ022_062.jpeg,b174f6df73db15b2aa2e85c10248ebee,OBJ022,Guitar,21,2,2,1,0,448,448,224,0,224,224,448,0.250000,0.750000,0.500000,0.500000
milestone2/data/generated/images/train/train_000113.jpg,milestone2/data/generated/labels/train/train_000113.txt,train,Jaya Raghu Ram Penugonda,4,3,images_OBJ008/OBJ008_015.jpg,c4b982da03fc0634246d238af76ed04d,OBJ008,Cat,7,2,2,0,1,448,448,224,224,0,448,224,0.750000,0.250000,0.500000,0.500000
milestone2/data/generated/images/train/train_000113.jpg,milestone2/data/generated/labels/train/train_000113.txt,train,Jaya Raghu Ram Penugonda,4,4,images_OBJ038/OBJ038_057.jpg,1b80d8ddbbc3ef549ce43ce14b10cbcf,OBJ038,Perfume bottle,37,2,2,1,1,448,448,224,224,224,448,448,0.750000,0.750000,0.500000,0.500000
milestone2/data/generated/images/train/train_000114.jpg,milestone2/data/generated/labels/train/train_000114.txt,train,Jaya Raghu Ram Penugonda,3,1,images_OBJ007/OBJ007_044.jpg,c190da9f1073f788673ee255a8a2da12,OBJ007,Apple,6,2,2,0,0,448,448,224,0,0,224,224,0.250000,0.250000,0.500000,0.500000
milestone2/data/generated/images/train/train_000114.jpg,milestone2/data/generated/labels/train/train_000114.txt,train,Jaya Raghu Ram Penugonda,3,2,images_OBJ017/OBJ017_029.jpg,e22b3b0feaa75ffceb57f4f907118e6d,OBJ017,Controller,16,2,2,1,1,448,448,224,224,224,448,448,0.750000,0.750000,0.500000,0.500000
milestone2/data/generated/images/train/train_000114.jpg,milestone2/data/generated/labels/train/train_000114.txt,train,Jaya Raghu Ram Penugonda,3,3,images_OBJ064/OBJ064_088.jpg,24aa3013562022cc29c55835b3445368,OBJ064,RGB Projector,63,2,2,0,1,448,448,224,224,0,448,224,0.750000,0.250000,0.500000,0.500000
milestone2/data/generated/images/train/train_000115.jpg,milestone2/data/generated/labels/train/train_000115.txt,train,Jaya Raghu Ram Penugonda,5,1,images_OBJ072/OBJ072_076.jpg,e38b78d702b3a18d6804cede4762ed90,OBJ072,Dog,71,2,3,0,2,672,448,224,448,0,672,224,0.833333,0.250000,0.333333,0.500000
milestone2/data/generated/images/train/train_000115.jpg,milestone2/data/generated/labels/train/train_000115.txt,train,Jaya Raghu Ram Penugonda,5,2,images_OBJ040/OBJ040_043.JPG,eb54d077e0a345e993291670d88ab5f3,OBJ040,Clutcher,39,2,3,1,0,672,448,224,0,224,224,448,0.166667,0.750000,0.333333,0.500000
milestone2/data/generated/images/train/train_000115.jpg,milestone2/data/generated/labels/train/train_000115.txt,train,Jaya Raghu Ram Penugonda,5,3,images_OBJ021/OBJ021_041.jpg,8bb5e4d33148b04df8868062e13aff9b,OBJ021,Toy Bunny,20,2,3,1,1,672,448,224,224,224,448,448,0.500000,0.750000,0.333333,0.500000
milestone2/data/generated/images/train/train_000115.jpg,milestone2/data/generated/labels/train/train_000115.txt,train,Jaya Raghu Ram Penugonda,5,4,images_OBJ052/OBJ052_077.jpg,c02f042e9dfc45e67afbeaf13d3978bc,OBJ052,Spoon,51,2,3,0,0,672,448,224,0,0,224,224,0.166667,0.250000,0.333333,0.500000
milestone2/data/generated/images/train/train_000115.jpg,milestone2/data/generated/labels/train/train_000115.txt,train,Jaya Raghu Ram Penugonda,5,5,images_OBJ054/OBJ054_059.jpg,80b3e4b67e41a8906df4f062f3f84fa5,OBJ054,Purse,53,2,3,0,1,672,448,224,224,0,448,224,0.500000,0.250000,0.333333,0.500000
milestone2/data/generated/images/train/train_000116.jpg,milestone2/data/generated/labels/train/train_000116.txt,train,Jaya Raghu Ram Penugonda,5,1,images_OBJ030/OBJ030_011.jpg,50a8d209111a675d199adac9c93ee924,OBJ030,Tennis racket,29,2,3,1,1,672,448,224,224,224,448,448,0.500000,0.750000,0.333333,0.500000
milestone2/data/generated/images/train/train_000116.jpg,milestone2/data/generated/labels/train/train_000116.txt,train,Jaya Raghu Ram Penugonda,5,2,images_OBJ042/OBJ042_093.jpg,1c56f6b3b5926590b56730dfe19a1b7a,OBJ042,Mouth guard case,41,2,3,1,2,672,448,224,448,224,672,448,0.833333,0.750000,0.333333,0.500000
milestone2/data/generated/images/train/train_000116.jpg,milestone2/data/generated/labels/train/train_000116.txt,train,Jaya Raghu Ram Penugonda,5,3,images_OBJ039/OBJ039_011.jpg,36d17677c6ecdbc5db3b97c03e311d43,OBJ039,Scissors,38,2,3,0,1,672,448,224,224,0,448,224,0.500000,0.250000,0.333333,0.500000
milestone2/data/generated/images/train/train_000116.jpg,milestone2/data/generated/labels/train/train_000116.txt,train,Jaya Raghu Ram Penugonda,5,4,images_OBJ024/OBJ024_026.jpg,e2f3c7d75df9d347710e538b5b3b3662,OBJ024,Plush doll,23,2,3,0,2,672,448,224,448,0,672,224,0.833333,0.250000,0.333333,0.500000
milestone2/data/generated/images/train/train_000116.jpg,milestone2/data/generated/labels/train/train_000116.txt,train,Jaya Raghu Ram Penugonda,5,5,images_OBJ045/OBJ045_081.jpg,42ea6079e98d789fb3e51e2de1ba078e,OBJ045,Wayfarer Sunglasses,44,2,3,1,0,672,448,224,0,224,224,448,0.166667,0.750000,0.333333,0.500000
milestone2/data/generated/images/train/train_000117.jpg,milestone2/data/generated/labels/train/train_000117.txt,train,Jaya Raghu Ram Penugonda,5,1,images_OBJ062/OBJ062_053.jpg,c2df698a14634fa066fd2137bf3caa4b,OBJ062,Headphones,61,2,3,0,1,672,448,224,224,0,448,224,0.500000,0.250000,0.333333,0.500000
milestone2/data/generated/images/train/train_000117.jpg,milestone2/data/generated/labels/train/train_000117.txt,train,Jaya Raghu Ram Penugonda,5,2,images_OBJ059/OBJ059_056.jpg,50c901c1f43305d598d40e457c357d4d,OBJ059,Comb,58,2,3,1,2,672,448,224,448,224,672,448,0.833333,0.750000,0.333333,0.500000
milestone2/data/generated/images/train/train_000117.jpg,milestone2/data/generated/labels/train/train_000117.txt,train,Jaya Raghu Ram Penugonda,5,3,images_OBJ016/OBJ016_046.jpg,8496abfa76e02eecea5388687cc5a59b,OBJ016,Sandisk Portable SSD,15,2,3,0,0,672,448,224,0,0,224,224,0.166667,0.250000,0.333333,0.500000
milestone2/data/generated/images/train/train_000117.jpg,milestone2/data/generated/labels/train/train_000117.txt,train,Jaya Raghu Ram Penugonda,5,4,images_OBJ027/OBJ027_075.jpg,884aec287ba95f8312a66d282e366fad,OBJ027,Tennis ball,26,2,3,1,1,672,448,224,224,224,448,448,0.500000,0.750000,0.333333,0.500000
milestone2/data/generated/images/train/train_000117.jpg,milestone2/data/generated/labels/train/train_000117.txt,train,Jaya Raghu Ram Penugonda,5,5,images_OBJ025/OBJ025_047.jpg,112bf75df3f73ea774cb7704da429ca7,OBJ025,Watch,24,2,3,1,0,672,448,224,0,224,224,448,0.166667,0.750000,0.333333,0.500000
milestone2/data/generated/images/train/train_000118.jpg,milestone2/data/generated/labels/train/train_000118.txt,train,Jaya Raghu Ram Penugonda,3,1,images_OBJ046/OBJ046_001.jpg,9a3650b90124c4b0e115d0e3321de66d,OBJ046,iWatch,45,2,2,1,1,448,448,224,224,224,448,448,0.750000,0.750000,0.500000,0.500000
milestone2/data/generated/images/train/train_000118.jpg,milestone2/data/generated/labels/train/train_000118.txt,train,Jaya Raghu Ram Penugonda,3,2,images_OBJ015/OBJ015_057.jpg,da0d83efda31d3455c1d75a157d76e33,OBJ015,Water Tumbler,14,2,2,0,1,448,448,224,224,0,448,224,0.750000,0.250000,0.500000,0.500000
milestone2/data/generated/images/train/train_000118.jpg,milestone2/data/generated/labels/train/train_000118.txt,train,Jaya Raghu Ram Penugonda,3,3,images_OBJ010/OBJ010_086.jpg,f4b231d81809333afcbc238af593f685,OBJ010,Nike sneakers,9,2,2,0,0,448,448,224,0,0,224,224,0.250000,0.250000,0.500000,0.500000
milestone2/data/generated/images/train/train_000119.jpg,milestone2/data/generated/labels/train/train_000119.txt,train,Jaya Raghu Ram Penugonda,4,1,images_OBJ069/OBJ069_088.jpg,e25881ef8fcbdb92e994f319b2b25e0b,OBJ069,Knife,68,2,2,0,1,448,448,224,224,0,448,224,0.750000,0.250000,0.500000,0.500000
milestone2/data/generated/images/train/train_000119.jpg,milestone2/data/generated/labels/train/train_000119.txt,train,Jaya Raghu Ram Penugonda,4,2,images_OBJ066/OBJ066_003.jpg,c4b8e77d5260853c78872ab865133db5,OBJ066,Hair oil,65,2,2,1,1,448,448,224,224,224,448,448,0.750000,0.750000,0.500000,0.500000
milestone2/data/generated/images/train/train_000119.jpg,milestone2/data/generated/labels/train/train_000119.txt,train,Jaya Raghu Ram Penugonda,4,3,images_OBJ005/OBJ005_054.jpg,3c19ab6c05992cca74069e87ecf1de49,OBJ005,Computer mouse,4,2,2,0,0,448,448,224,0,0,224,224,0.250000,0.250000,0.500000,0.500000
milestone2/data/generated/images/train/train_000119.jpg,milestone2/data/generated/labels/train/train_000119.txt,train,Jaya Raghu Ram Penugonda,4,4,images_OBJ061/OBJ061_005.jpg,28c831b1315c07fe64d234707318d18a,OBJ061,Card wallet,60,2,2,1,0,448,448,224,0,224,224,448,0.250000,0.750000,0.500000,0.500000
milestone2/data/generated/images/train/train_000120.jpg,milestone2/data/generated/labels/train/train_000120.txt,train,Jaya Raghu Ram Penugonda,3,1,images_OBJ002/OBJ002_042.jpg,991691f57a4a642b189d953b5b7b705c,OBJ002,Water bottle,1,2,2,0,1,448,448,224,224,0,448,224,0.750000,0.250000,0.500000,0.500000
milestone2/data/generated/images/train/train_000120.jpg,milestone2/data/generated/labels/train/train_000120.txt,train,Jaya Raghu Ram Penugonda,3,2,images_OBJ055/OBJ055_067.jpg,e107de18c5f2b609f6357f5281193072,OBJ055,Scientific Calculator,54,2,2,0,0,448,448,224,0,0,224,224,0.250000,0.250000,0.500000,0.500000
milestone2/data/generated/images/train/train_000120.jpg,milestone2/data/generated/labels/train/train_000120.txt,train,Jaya Raghu Ram Penugonda,3,3,images_OBJ037/OBJ037_031.jpg,09f59d2c7a1097e9e7dfa31760a1add4,OBJ037,Candle,36,2,2,1,0,448,448,224,0,224,224,448,0.250000,0.750000,0.500000,0.500000
milestone2/data/generated/images/train/train_000121.jpg,milestone2/data/generated/labels/train/train_000121.txt,train,Jaya Raghu Ram Penugonda,3,1,images_OBJ034/OBJ034_064.jpg,5d5084833886cef7539a294688603d49,OBJ034,Table Tennis Racket,33,2,2,0,0,448,448,224,0,0,224,224,0.250000,0.250000,0.500000,0.500000
milestone2/data/generated/images/train/train_000121.jpg,milestone2/data/generated/labels/train/train_000121.txt,train,Jaya Raghu Ram Penugonda,3,2,images_OBJ018/OBJ018_053.jpg,d99f8beb80da6767c958ae731e253490,OBJ018,Rubiks cube,17,2,2,1,0,448,448,224,0,224,224,448,0.250000,0.750000,0.500000,0.500000
milestone2/data/generated/images/train/train_000121.jpg,milestone2/data/generated/labels/train/train_000121.txt,train,Jaya Raghu Ram Penugonda,3,3,images_OBJ063/OBJ063_080.jpg,23711d1d1236e87630f5cdaeeee4c062,OBJ063,Measuring Bottle,62,2,2,1,1,448,448,224,224,224,448,448,0.750000,0.750000,0.500000,0.500000
milestone2/data/generated/images/train/train_000122.jpg,milestone2/data/generated/labels/train/train_000122.txt,train,Jaya Raghu Ram Penugonda,4,1,images_OBJ058/OBJ058_066.jpg,a17cf88b38f9b2e74ae111b2a21a1a4b,OBJ058,Footstool,57,2,2,1,0,448,448,224,0,224,224,448,0.250000,0.750000,0.500000,0.500000
milestone2/data/generated/images/train/train_000122.jpg,milestone2/data/generated/labels/train/train_000122.txt,train,Jaya Raghu Ram Penugonda,4,2,images_OBJ023/OBJ023_018.jpg,47fd442f798016fbcd2daebb8439ae98,OBJ023,Bracelet,22,2,2,0,0,448,448,224,0,0,224,224,0.250000,0.250000,0.500000,0.500000
milestone2/data/generated/images/train/train_000122.jpg,milestone2/data/generated/labels/train/train_000122.txt,train,Jaya Raghu Ram Penugonda,4,3,images_OBJ053/OBJ053_036.jpg,4adc67a8cbfd3769db2ceb5b809081c8,OBJ053,Moisturizer,52,2,2,1,1,448,448,224,224,224,448,448,0.750000,0.750000,0.500000,0.500000
milestone2/data/generated/images/train/train_000122.jpg,milestone2/data/generated/labels/train/train_000122.txt,train,Jaya Raghu Ram Penugonda,4,4,images_OBJ029/OBJ029_033.jpg,a639d95d2eccfebd31ecdb1fcd9eb936,OBJ029,Orange,28,2,2,0,1,448,448,224,224,0,448,224,0.750000,0.250000,0.500000,0.500000
milestone2/data/generated/images/train/train_000123.jpg,milestone2/data/generated/labels/train/train_000123.txt,train,Jaya Raghu Ram Penugonda,4,1,images_OBJ048/OBJ048_078.jpg,9bcbaadd34db67b0471311f13dabad27,OBJ048,Wireless powerbank,47,2,2,1,1,448,448,224,224,224,448,448,0.750000,0.750000,0.500000,0.500000
milestone2/data/generated/images/train/train_000123.jpg,milestone2/data/generated/labels/train/train_000123.txt,train,Jaya Raghu Ram Penugonda,4,2,images_OBJ050/OBJ050_078.jpg,d766b0c98bdbf9e244b4fc29d376db92,OBJ050,Hairbrush,49,2,2,0,0,448,448,224,0,0,224,224,0.250000,0.250000,0.500000,0.500000
milestone2/data/generated/images/train/train_000123.jpg,milestone2/data/generated/labels/train/train_000123.txt,train,Jaya Raghu Ram Penugonda,4,3,images_OBJ068/OBJ068_093.jpg,72d6e6b160ca7d237aa2db6179b666e5,OBJ068,Neck Pillow,67,2,2,1,0,448,448,224,0,224,224,448,0.250000,0.750000,0.500000,0.500000
milestone2/data/generated/images/train/train_000123.jpg,milestone2/data/generated/labels/train/train_000123.txt,train,Jaya Raghu Ram Penugonda,4,4,images_OBJ012/OBJ012_074.jpg,dc5e95a43b11b4b3baf33df4c64870c5,OBJ012,Computer Keyboard,11,2,2,0,1,448,448,224,224,0,448,224,0.750000,0.250000,0.500000,0.500000
milestone2/data/generated/images/train/train_000124.jpg,milestone2/data/generated/labels/train/train_000124.txt,train,Jaya Raghu Ram Penugonda,4,1,images_OBJ006/OBJ006_011.jpg,c1e78283e2acd8df2163ac8ea9c328be,OBJ006,Capybara Toy,5,2,2,1,1,448,448,224,224,224,448,448,0.750000,0.750000,0.500000,0.500000
milestone2/data/generated/images/train/train_000124.jpg,milestone2/data/generated/labels/train/train_000124.txt,train,Jaya Raghu Ram Penugonda,4,2,images_OBJ071/OBJ071_067.jpg,87dbae18e21cf3e1b046949b512aeaf8,OBJ071,Sloth Plushie,70,2,2,0,0,448,448,224,0,0,224,224,0.250000,0.250000,0.500000,0.500000
milestone2/data/generated/images/train/train_000124.jpg,milestone2/data/generated/labels/train/train_000124.txt,train,Jaya Raghu Ram Penugonda,4,3,images_OBJ031/OBJ031_044.jpg,9e1d423493f1b1dae2f7680141a3f729,OBJ031,UNO card box,30,2,2,1,0,448,448,224,0,224,224,448,0.250000,0.750000,0.500000,0.500000
milestone2/data/generated/images/train/train_000124.jpg,milestone2/data/generated/labels/train/train_000124.txt,train,Jaya Raghu Ram Penugonda,4,4,images_OBJ001/OBJ001_079.jpg,96ad7cd575462611d6f3ac1428b1a357,OBJ001,Basketball,0,2,2,0,1,448,448,224,224,0,448,224,0.750000,0.250000,0.500000,0.500000
milestone2/data/generated/images/train/train_000125.jpg,milestone2/data/generated/labels/train/train_000125.txt,train,Jaya Raghu Ram Penugonda,4,1,images_OBJ049/OBJ049_048.jpg,e0e9897b6325456fa87206312cd3efea,OBJ049,Pickleball bat,48,2,2,0,0,448,448,224,0,0,224,224,0.250000,0.250000,0.500000,0.500000
milestone2/data/generated/images/train/train_000125.jpg,milestone2/data/generated/labels/train/train_000125.txt,train,Jaya Raghu Ram Penugonda,4,2,images_OBJ043/OBJ043_067.jpg,2a68f672a5d7ada1e4fb337ec22b6d63,OBJ043,Swimming Goggles,42,2,2,0,1,448,448,224,224,0,448,224,0.750000,0.250000,0.500000,0.500000
milestone2/data/generated/images/train/train_000125.jpg,milestone2/data/generated/labels/train/train_000125.txt,train,Jaya Raghu Ram Penugonda,4,3,images_OBJ026/OBJ026_075.jpg,bf49638e7ed50bfa513c38f13b4914b5,OBJ026,Red Sox Cap,25,2,2,1,0,448,448,224,0,224,224,448,0.250000,0.750000,0.500000,0.500000
milestone2/data/generated/images/train/train_000125.jpg,milestone2/data/generated/labels/train/train_000125.txt,train,Jaya Raghu Ram Penugonda,4,4,images_OBJ073/OBJ073_031.jpg,1538c7632b9e90f2acbb889527f0efaf,OBJ073,Bowl,72,2,2,1,1,448,448,224,224,224,448,448,0.750000,0.750000,0.500000,0.500000
milestone2/data/generated/images/train/train_000126.jpg,milestone2/data/generated/labels/train/train_000126.txt,train,Jaya Raghu Ram Penugonda,4,1,images_OBJ057/OBJ057_025.jpg,da6693dd4e1576acaef7128716e56365,OBJ057,Power Bank,56,2,2,1,0,448,448,224,0,224,224,448,0.250000,0.750000,0.500000,0.500000
milestone2/data/generated/images/train/train_000126.jpg,milestone2/data/generated/labels/train/train_000126.txt,train,Jaya Raghu Ram Penugonda,4,2,images_OBJ014/OBJ014_014.jpeg,28232d8fcf46865d1306e63e4c387f9d,OBJ014,Sunglasses,13,2,2,0,1,448,448,224,224,0,448,224,0.750000,0.250000,0.500000,0.500000
milestone2/data/generated/images/train/train_000126.jpg,milestone2/data/generated/labels/train/train_000126.txt,train,Jaya Raghu Ram Penugonda,4,3,images_OBJ047/OBJ047_041.jpg,4cb52b1b8adc151394b877bd00d241c2,OBJ047,Backpack,46,2,2,0,0,448,448,224,0,0,224,224,0.250000,0.250000,0.500000,0.500000
milestone2/data/generated/images/train/train_000126.jpg,milestone2/data/generated/labels/train/train_000126.txt,train,Jaya Raghu Ram Penugonda,4,4,images_OBJ004/OBJ004_022.jpg,a00598e5cd22891ea9eb4a709653756e,OBJ004,Toy Car,3,2,2,1,1,448,448,224,224,224,448,448,0.750000,0.750000,0.500000,0.500000
milestone2/data/generated/images/train/train_000127.jpg,milestone2/data/generated/labels/train/train_000127.txt,train,Jaya Raghu Ram Penugonda,5,1,images_OBJ028/OBJ028_050.jpg,c9500a10733aeb2fd07405b6f099bf24,OBJ028,Banana,27,2,3,0,0,672,448,224,0,0,224,224,0.166667,0.250000,0.333333,0.500000
milestone2/data/generated/images/train/train_000127.jpg,milestone2/data/generated/labels/train/train_000127.txt,train,Jaya Raghu Ram Penugonda,5,2,images_OBJ003/OBJ003_093.jpg,d25322512721b027fb1ec519452220b7,OBJ003,NoteBook,2,2,3,1,2,672,448,224,448,224,672,448,0.833333,0.750000,0.333333,0.500000
milestone2/data/generated/images/train/train_000127.jpg,milestone2/data/generated/labels/train/train_000127.txt,train,Jaya Raghu Ram Penugonda,5,3,images_OBJ035/OBJ035_006.jpg,41593856cd285bc3d86d02d77d417d71,OBJ035,Badminton racket,34,2,3,1,0,672,448,224,0,224,224,448,0.166667,0.750000,0.333333,0.500000
milestone2/data/generated/images/train/train_000127.jpg,milestone2/data/generated/labels/train/train_000127.txt,train,Jaya Raghu Ram Penugonda,5,4,images_OBJ011/OBJ011_071.jpg,45ca1fe8948e52da3a71ea87c18c7a2c,OBJ011,Mug,10,2,3,0,1,672,448,224,224,0,448,224,0.500000,0.250000,0.333333,0.500000
milestone2/data/generated/images/train/train_000127.jpg,milestone2/data/generated/labels/train/train_000127.txt,train,Jaya Raghu Ram Penugonda,5,5,images_OBJ009/OBJ009_009.jpg,2f63b2bc648317d660f37c5f3ecc5d64,OBJ009,Marshall Speaker,8,2,3,0,2,672,448,224,448,0,672,224,0.833333,0.250000,0.333333,0.500000
milestone2/data/generated/images/train/train_000128.jpg,milestone2/data/generated/labels/train/train_000128.txt,train,Jaya Raghu Ram Penugonda,3,1,images_OBJ013/OBJ013_036.jpg,fb35cf329966ce3c7bd90265dd2dfc82,OBJ013,Mobile phone,12,2,2,1,0,448,448,224,0,224,224,448,0.250000,0.750000,0.500000,0.500000
milestone2/data/generated/images/train/train_000128.jpg,milestone2/data/generated/labels/train/train_000128.txt,train,Jaya Raghu Ram Penugonda,3,2,images_OBJ041/OBJ041_067.jpg,de504bb9c60145017b3f75f81d1d63a2,OBJ041,Table fan,40,2,2,0,0,448,448,224,0,0,224,224,0.250000,0.250000,0.500000,0.500000
milestone2/data/generated/images/train/train_000128.jpg,milestone2/data/generated/labels/train/train_000128.txt,train,Jaya Raghu Ram Penugonda,3,3,images_OBJ055/OBJ055_019.jpg,fad2ea920ebbc9fc168caafdb0ad104e,OBJ055,Scientific Calculator,54,2,2,0,1,448,448,224,224,0,448,224,0.750000,0.250000,0.500000,0.500000
milestone2/data/generated/images/train/train_000129.jpg,milestone2/data/generated/labels/train/train_000129.txt,train,Jaya Raghu Ram Penugonda,5,1,images_OBJ020/OBJ020_003.jpg,b0f63089a755bb9980e0ba8a1eecc79f,OBJ020,Airpod,19,2,3,1,0,672,448,224,0,224,224,448,0.166667,0.750000,0.333333,0.500000
milestone2/data/generated/images/train/train_000129.jpg,milestone2/data/generated/labels/train/train_000129.txt,train,Jaya Raghu Ram Penugonda,5,2,images_OBJ069/OBJ069_075.jpg,475a256b3780715264203182f5965c11,OBJ069,Knife,68,2,3,1,2,672,448,224,448,224,672,448,0.833333,0.750000,0.333333,0.500000
milestone2/data/generated/images/train/train_000129.jpg,milestone2/data/generated/labels/train/train_000129.txt,train,Jaya Raghu Ram Penugonda,5,3,images_OBJ071/OBJ071_085.jpg,b56f665ffff5d7370fa887ba9953ecee,OBJ071,Sloth Plushie,70,2,3,1,1,672,448,224,224,224,448,448,0.500000,0.750000,0.333333,0.500000
milestone2/data/generated/images/train/train_000129.jpg,milestone2/data/generated/labels/train/train_000129.txt,train,Jaya Raghu Ram Penugonda,5,4,images_OBJ029/OBJ029_047.jpg,09693697dcac2da6480a09afbdd8c2c8,OBJ029,Orange,28,2,3,0,1,672,448,224,224,0,448,224,0.500000,0.250000,0.333333,0.500000
milestone2/data/generated/images/train/train_000129.jpg,milestone2/data/generated/labels/train/train_000129.txt,train,Jaya Raghu Ram Penugonda,5,5,images_OBJ038/OBJ038_020.jpg,d5849bdd5f94dd956d48f466d1204a7a,OBJ038,Perfume bottle,37,2,3,0,2,672,448,224,448,0,672,224,0.833333,0.250000,0.333333,0.500000
milestone2/data/generated/images/train/train_000130.jpg,milestone2/data/generated/labels/train/train_000130.txt,train,Jaya Raghu Ram Penugonda,5,1,images_OBJ063/OBJ063_029.jpg,c85707b09bd52ed8bfedf64972d9df40,OBJ063,Measuring Bottle,62,2,3,0,1,672,448,224,224,0,448,224,0.500000,0.250000,0.333333,0.500000
milestone2/data/generated/images/train/train_000130.jpg,milestone2/data/generated/labels/train/train_000130.txt,train,Jaya Raghu Ram Penugonda,5,2,images_OBJ005/OBJ005_038.jpg,38b522f298b96d554c5515d4a23460bd,OBJ005,Computer mouse,4,2,3,1,0,672,448,224,0,224,224,448,0.166667,0.750000,0.333333,0.500000
milestone2/data/generated/images/train/train_000130.jpg,milestone2/data/generated/labels/train/train_000130.txt,train,Jaya Raghu Ram Penugonda,5,3,images_OBJ025/OBJ025_049.jpg,884d214446b4f1b5f1abee69c3f5f87a,OBJ025,Watch,24,2,3,1,2,672,448,224,448,224,672,448,0.833333,0.750000,0.333333,0.500000
milestone2/data/generated/images/train/train_000130.jpg,milestone2/data/generated/labels/train/train_000130.txt,train,Jaya Raghu Ram Penugonda,5,4,images_OBJ004/OBJ004_013.jpg,26e8798a0e8e28e2054e28fc83188c83,OBJ004,Toy Car,3,2,3,0,2,672,448,224,448,0,672,224,0.833333,0.250000,0.333333,0.500000
milestone2/data/generated/images/train/train_000130.jpg,milestone2/data/generated/labels/train/train_000130.txt,train,Jaya Raghu Ram Penugonda,5,5,images_OBJ046/OBJ046_041.jpg,87668f438b785de5510dec7512c6bac7,OBJ046,iWatch,45,2,3,1,1,672,448,224,224,224,448,448,0.500000,0.750000,0.333333,0.500000
milestone2/data/generated/images/train/train_000131.jpg,milestone2/data/generated/labels/train/train_000131.txt,train,Jaya Raghu Ram Penugonda,5,1,images_OBJ039/OBJ039_056.jpg,3dce6e72538d1b777b252317c9a2a7ff,OBJ039,Scissors,38,2,3,0,0,672,448,224,0,0,224,224,0.166667,0.250000,0.333333,0.500000
milestone2/data/generated/images/train/train_000131.jpg,milestone2/data/generated/labels/train/train_000131.txt,train,Jaya Raghu Ram Penugonda,5,2,images_OBJ008/OBJ008_079.jpg,8d6ae275ae02f9e8ed38ca81c212bb4e,OBJ008,Cat,7,2,3,1,0,672,448,224,0,224,224,448,0.166667,0.750000,0.333333,0.500000
milestone2/data/generated/images/train/train_000131.jpg,milestone2/data/generated/labels/train/train_000131.txt,train,Jaya Raghu Ram Penugonda,5,3,images_OBJ041/OBJ041_085.jpg,3864ddce971952294769905a2d6d9c10,OBJ041,Table fan,40,2,3,0,1,672,448,224,224,0,448,224,0.500000,0.250000,0.333333,0.500000
milestone2/data/generated/images/train/train_000131.jpg,milestone2/data/generated/labels/train/train_000131.txt,train,Jaya Raghu Ram Penugonda,5,4,images_OBJ013/OBJ013_003.jpg,4799d777f153800a8ae344d65d3f3adb,OBJ013,Mobile phone,12,2,3,1,1,672,448,224,224,224,448,448,0.500000,0.750000,0.333333,0.500000
milestone2/data/generated/images/train/train_000131.jpg,milestone2/data/generated/labels/train/train_000131.txt,train,Jaya Raghu Ram Penugonda,5,5,images_OBJ064/OBJ064_095.jpg,f83dddb449a80e6fcafeddbc0254e5ab,OBJ064,RGB Projector,63,2,3,1,2,672,448,224,448,224,672,448,0.833333,0.750000,0.333333,0.500000
milestone2/data/generated/images/train/train_000132.jpg,milestone2/data/generated/labels/train/train_000132.txt,train,Jaya Raghu Ram Penugonda,3,1,images_OBJ022/OBJ022_061.jpeg,e9709f632506321165d73b37017ace9a,OBJ022,Guitar,21,2,2,1,0,448,448,224,0,224,224,448,0.250000,0.750000,0.500000,0.500000
milestone2/data/generated/images/train/train_000132.jpg,milestone2/data/generated/labels/train/train_000132.txt,train,Jaya Raghu Ram Penugonda,3,2,images_OBJ003/OBJ003_006.jpg,ef7e0d4f889eb41887b511c570171293,OBJ003,NoteBook,2,2,2,1,1,448,448,224,224,224,448,448,0.750000,0.750000,0.500000,0.500000
milestone2/data/generated/images/train/train_000132.jpg,milestone2/data/generated/labels/train/train_000132.txt,train,Jaya Raghu Ram Penugonda,3,3,images_OBJ052/OBJ052_053.jpg,8405be516ece579410f2cbd3004d1f11,OBJ052,Spoon,51,2,2,0,1,448,448,224,224,0,448,224,0.750000,0.250000,0.500000,0.500000
milestone2/data/generated/images/train/train_000133.jpg,milestone2/data/generated/labels/train/train_000133.txt,train,Jaya Raghu Ram Penugonda,3,1,images_OBJ019/OBJ019_034.jpg,682459ef828203e6a498f8bc9ab5fde5,OBJ019,Plant,18,2,2,0,1,448,448,224,224,0,448,224,0.750000,0.250000,0.500000,0.500000
milestone2/data/generated/images/train/train_000133.jpg,milestone2/data/generated/labels/train/train_000133.txt,train,Jaya Raghu Ram Penugonda,3,2,images_OBJ056/OBJ056_090.jpg,6d0acd2c6d596c09dd266b05966ac591,OBJ056,Trader Joe's Bag,55,2,2,0,0,448,448,224,0,0,224,224,0.250000,0.250000,0.500000,0.500000
milestone2/data/generated/images/train/train_000133.jpg,milestone2/data/generated/labels/train/train_000133.txt,train,Jaya Raghu Ram Penugonda,3,3,images_OBJ034/OBJ034_086.jpg,258466e085294255199b0b4d6ec0ae85,OBJ034,Table Tennis Racket,33,2,2,1,0,448,448,224,0,224,224,448,0.250000,0.750000,0.500000,0.500000
milestone2/data/generated/images/train/train_000134.jpg,milestone2/data/generated/labels/train/train_000134.txt,train,Jaya Raghu Ram Penugonda,3,1,images_OBJ066/OBJ066_053.jpg,580d5652500566327849f28e6fc783ec,OBJ066,Hair oil,65,2,2,0,1,448,448,224,224,0,448,224,0.750000,0.250000,0.500000,0.500000
milestone2/data/generated/images/train/train_000134.jpg,milestone2/data/generated/labels/train/train_000134.txt,train,Jaya Raghu Ram Penugonda,3,2,images_OBJ033/OBJ033_002.jpg,d2deeaf489c5cdb6c9ded17f98b77695,OBJ033,Duck,32,2,2,1,0,448,448,224,0,224,224,448,0.250000,0.750000,0.500000,0.500000
milestone2/data/generated/images/train/train_000134.jpg,milestone2/data/generated/labels/train/train_000134.txt,train,Jaya Raghu Ram Penugonda,3,3,images_OBJ018/OBJ018_054.jpg,c5b021220ac99453b59225357f502ff6,OBJ018,Rubiks cube,17,2,2,0,0,448,448,224,0,0,224,224,0.250000,0.250000,0.500000,0.500000
milestone2/data/generated/images/train/train_000135.jpg,milestone2/data/generated/labels/train/train_000135.txt,train,Jaya Raghu Ram Penugonda,3,1,images_OBJ023/OBJ023_056.JPG,45a83be6d96b905aaba72473b2682791,OBJ023,Bracelet,22,2,2,0,1,448,448,224,224,0,448,224,0.750000,0.250000,0.500000,0.500000
milestone2/data/generated/images/train/train_000135.jpg,milestone2/data/generated/labels/train/train_000135.txt,train,Jaya Raghu Ram Penugonda,3,2,images_OBJ072/OBJ072_002.jpg,bfd7ffdf6109230c1552e83018654344,OBJ072,Dog,71,2,2,1,0,448,448,224,0,224,224,448,0.250000,0.750000,0.500000,0.500000
milestone2/data/generated/images/train/train_000135.jpg,milestone2/data/generated/labels/train/train_000135.txt,train,Jaya Raghu Ram Penugonda,3,3,images_OBJ009/OBJ009_021.jpg,b3838a3f99342422ece4b9d625cfb64b,OBJ009,Marshall Speaker,8,2,2,0,0,448,448,224,0,0,224,224,0.250000,0.250000,0.500000,0.500000
milestone2/data/generated/images/train/train_000136.jpg,milestone2/data/generated/labels/train/train_000136.txt,train,Jaya Raghu Ram Penugonda,3,1,images_OBJ067/OBJ067_0069.jpg,ed43ef547e96d3d76b5e2f77835197ef,OBJ067,Men's Wallet,66,2,2,1,1,448,448,224,224,224,448,448,0.750000,0.750000,0.500000,0.500000
milestone2/data/generated/images/train/train_000136.jpg,milestone2/data/generated/labels/train/train_000136.txt,train,Jaya Raghu Ram Penugonda,3,2,images_OBJ028/OBJ028_013.jpg,ebac4cb4ae9688da11bece254316e4f5,OBJ028,Banana,27,2,2,0,1,448,448,224,224,0,448,224,0.750000,0.250000,0.500000,0.500000
milestone2/data/generated/images/train/train_000136.jpg,milestone2/data/generated/labels/train/train_000136.txt,train,Jaya Raghu Ram Penugonda,3,3,images_OBJ054/OBJ054_074.jpg,ae7909895768d7fb3e558dee6b4471d0,OBJ054,Purse,53,2,2,1,0,448,448,224,0,224,224,448,0.250000,0.750000,0.500000,0.500000
milestone2/data/generated/images/train/train_000137.jpg,milestone2/data/generated/labels/train/train_000137.txt,train,Jaya Raghu Ram Penugonda,5,1,images_OBJ032/OBJ032_094.jpg,da6142e05cf8ae34f814b7af49ac44e1,OBJ032,Sound Card,31,2,3,1,0,672,448,224,0,224,224,448,0.166667,0.750000,0.333333,0.500000
milestone2/data/generated/images/train/train_000137.jpg,milestone2/data/generated/labels/train/train_000137.txt,train,Jaya Raghu Ram Penugonda,5,2,images_OBJ011/OBJ011_089.jpg,dc4180a828d582f1bc00cd8d16c5fc46,OBJ011,Mug,10,2,3,0,2,672,448,224,448,0,672,224,0.833333,0.250000,0.333333,0.500000
milestone2/data/generated/images/train/train_000137.jpg,milestone2/data/generated/labels/train/train_000137.txt,train,Jaya Raghu Ram Penugonda,5,3,images_OBJ040/OBJ040_069.JPG,a0f0745ef8b01045fef677f1e43e1956,OBJ040,Clutcher,39,2,3,0,0,672,448,224,0,0,224,224,0.166667,0.250000,0.333333,0.500000
milestone2/data/generated/images/train/train_000137.jpg,milestone2/data/generated/labels/train/train_000137.txt,train,Jaya Raghu Ram Penugonda,5,4,images_OBJ062/OBJ062_033.jpg,99db9d22412c9a587483ff8a2f500b05,OBJ062,Headphones,61,2,3,1,1,672,448,224,224,224,448,448,0.500000,0.750000,0.333333,0.500000
milestone2/data/generated/images/train/train_000137.jpg,milestone2/data/generated/labels/train/train_000137.txt,train,Jaya Raghu Ram Penugonda,5,5,images_OBJ015/OBJ015_090.jpg,f14d07f33050350e0e221d4fd3f97333,OBJ015,Water Tumbler,14,2,3,1,2,672,448,224,448,224,672,448,0.833333,0.750000,0.333333,0.500000
milestone2/data/generated/images/train/train_000138.jpg,milestone2/data/generated/labels/train/train_000138.txt,train,Jaya Raghu Ram Penugonda,3,1,images_OBJ061/OBJ061_062.jpg,e96c16b0e9c1231f8a164c985d918f8b,OBJ061,Card wallet,60,2,2,0,0,448,448,224,0,0,224,224,0.250000,0.250000,0.500000,0.500000
milestone2/data/generated/images/train/train_000138.jpg,milestone2/data/generated/labels/train/train_000138.txt,train,Jaya Raghu Ram Penugonda,3,2,images_OBJ036/OBJ036_040.jpg,ee4a6901244fa5a33af96c5e0922b024,OBJ036,Pencil case,35,2,2,1,1,448,448,224,224,224,448,448,0.750000,0.750000,0.500000,0.500000
milestone2/data/generated/images/train/train_000138.jpg,milestone2/data/generated/labels/train/train_000138.txt,train,Jaya Raghu Ram Penugonda,3,3,images_OBJ045/OBJ045_056.jpg,de15299f6cba8c61fa2e5d9ee38e18a6,OBJ045,Wayfarer Sunglasses,44,2,2,0,1,448,448,224,224,0,448,224,0.750000,0.250000,0.500000,0.500000
milestone2/data/generated/images/train/train_000139.jpg,milestone2/data/generated/labels/train/train_000139.txt,train,Jaya Raghu Ram Penugonda,3,1,images_OBJ014/OBJ014_041.jpeg,b3977659c7266fc13a9332badc6ee2a8,OBJ014,Sunglasses,13,2,2,1,1,448,448,224,224,224,448,448,0.750000,0.750000,0.500000,0.500000
milestone2/data/generated/images/train/train_000139.jpg,milestone2/data/generated/labels/train/train_000139.txt,train,Jaya Raghu Ram Penugonda,3,2,images_OBJ024/OBJ024_023.jpg,627b418781b9b6031390c0eec9826cb9,OBJ024,Plush doll,23,2,2,0,1,448,448,224,224,0,448,224,0.750000,0.250000,0.500000,0.500000
milestone2/data/generated/images/train/train_000139.jpg,milestone2/data/generated/labels/train/train_000139.txt,train,Jaya Raghu Ram Penugonda,3,3,images_OBJ007/OBJ007_001.jpg,8970632aac93678669447534326af339,OBJ007,Apple,6,2,2,0,0,448,448,224,0,0,224,224,0.250000,0.250000,0.500000,0.500000
milestone2/data/generated/images/train/train_000140.jpg,milestone2/data/generated/labels/train/train_000140.txt,train,Jaya Raghu Ram Penugonda,5,1,images_OBJ006/OBJ006_018.jpg,ff2c2ea03dfdb10f47d44d92a6ffd4eb,OBJ006,Capybara Toy,5,2,3,0,1,672,448,224,224,0,448,224,0.500000,0.250000,0.333333,0.500000
milestone2/data/generated/images/train/train_000140.jpg,milestone2/data/generated/labels/train/train_000140.txt,train,Jaya Raghu Ram Penugonda,5,2,images_OBJ037/OBJ037_060.jpg,d974dab88261153f282a666a2286d533,OBJ037,Candle,36,2,3,0,2,672,448,224,448,0,672,224,0.833333,0.250000,0.333333,0.500000
milestone2/data/generated/images/train/train_000140.jpg,milestone2/data/generated/labels/train/train_000140.txt,train,Jaya Raghu Ram Penugonda,5,3,images_OBJ017/OBJ017_032.jpg,6edce97553c30af1dbfdf57309875b64,OBJ017,Controller,16,2,3,0,0,672,448,224,0,0,224,224,0.166667,0.250000,0.333333,0.500000
milestone2/data/generated/images/train/train_000140.jpg,milestone2/data/generated/labels/train/train_000140.txt,train,Jaya Raghu Ram Penugonda,5,4,images_OBJ044/OBJ044_001.jpg,6e2e6c2347d8ab57dd4b3f11dab99f8e,OBJ044,Anime Figurine,43,2,3,1,1,672,448,224,224,224,448,448,0.500000,0.750000,0.333333,0.500000
milestone2/data/generated/images/train/train_000140.jpg,milestone2/data/generated/labels/train/train_000140.txt,train,Jaya Raghu Ram Penugonda,5,5,images_OBJ073/OBJ073_055.jpg,fc8687918604ba6419e5521ee4e224b9,OBJ073,Bowl,72,2,3,1,2,672,448,224,448,224,672,448,0.833333,0.750000,0.333333,0.500000
milestone2/data/generated/images/val/val_000016.jpg,milestone2/data/generated/labels/val/val_000016.txt,val,Jaya Raghu Ram Penugonda,4,1,images_OBJ014/OBJ014_010.jpeg,c1d42b5ed1dab249ceb31f252ef4bb3e,OBJ014,Sunglasses,13,2,2,1,1,448,448,224,224,224,448,448,0.750000,0.750000,0.500000,0.500000
milestone2/data/generated/images/val/val_000016.jpg,milestone2/data/generated/labels/val/val_000016.txt,val,Jaya Raghu Ram Penugonda,4,2,images_OBJ008/OBJ008_045.jpg,baa2c8dd6f2b202adf6c7b1741253c0a,OBJ008,Cat,7,2,2,1,0,448,448,224,0,224,224,448,0.250000,0.750000,0.500000,0.500000
milestone2/data/generated/images/val/val_000016.jpg,milestone2/data/generated/labels/val/val_000016.txt,val,Jaya Raghu Ram Penugonda,4,3,images_OBJ049/OBJ049_089.jpg,f1822fb95991cd9200099ee7b4e91673,OBJ049,Pickleball bat,48,2,2,0,1,448,448,224,224,0,448,224,0.750000,0.250000,0.500000,0.500000
milestone2/data/generated/images/val/val_000016.jpg,milestone2/data/generated/labels/val/val_000016.txt,val,Jaya Raghu Ram Penugonda,4,4,images_OBJ054/OBJ054_020.jpg,684c3cfc9a263401314f62fe25ddc6cf,OBJ054,Purse,53,2,2,0,0,448,448,224,0,0,224,224,0.250000,0.250000,0.500000,0.500000
milestone2/data/generated/images/val/val_000017.jpg,milestone2/data/generated/labels/val/val_000017.txt,val,Jaya Raghu Ram Penugonda,4,1,images_OBJ003/OBJ003_005.jpg,fdb92c4d22bc279c221399cf32398d81,OBJ003,NoteBook,2,2,2,0,1,448,448,224,224,0,448,224,0.750000,0.250000,0.500000,0.500000
milestone2/data/generated/images/val/val_000017.jpg,milestone2/data/generated/labels/val/val_000017.txt,val,Jaya Raghu Ram Penugonda,4,2,images_OBJ033/OBJ033_087.jpg,5119f7a7433afe7a8415c14d0ed2d202,OBJ033,Duck,32,2,2,1,0,448,448,224,0,224,224,448,0.250000,0.750000,0.500000,0.500000
milestone2/data/generated/images/val/val_000017.jpg,milestone2/data/generated/labels/val/val_000017.txt,val,Jaya Raghu Ram Penugonda,4,3,images_OBJ015/OBJ015_084.jpg,24efabd0727c16196b19e2c6f7e2f62b,OBJ015,Water Tumbler,14,2,2,0,0,448,448,224,0,0,224,224,0.250000,0.250000,0.500000,0.500000
milestone2/data/generated/images/val/val_000017.jpg,milestone2/data/generated/labels/val/val_000017.txt,val,Jaya Raghu Ram Penugonda,4,4,images_OBJ022/OBJ022_049.jpeg,25e5f39d0fdce52851133f9e9c2c6c6f,OBJ022,Guitar,21,2,2,1,1,448,448,224,224,224,448,448,0.750000,0.750000,0.500000,0.500000
milestone2/data/generated/images/val/val_000018.jpg,milestone2/data/generated/labels/val/val_000018.txt,val,Jaya Raghu Ram Penugonda,5,1,images_OBJ044/OBJ044_012.jpg,9d95a723ac0081a40df3f177a3d79cd1,OBJ044,Anime Figurine,43,2,3,1,1,672,448,224,224,224,448,448,0.500000,0.750000,0.333333,0.500000
milestone2/data/generated/images/val/val_000018.jpg,milestone2/data/generated/labels/val/val_000018.txt,val,Jaya Raghu Ram Penugonda,5,2,images_OBJ023/OBJ023_055.JPG,8e3982a4b58a5dd8d7c1615eff0d414d,OBJ023,Bracelet,22,2,3,0,2,672,448,224,448,0,672,224,0.833333,0.250000,0.333333,0.500000
milestone2/data/generated/images/val/val_000018.jpg,milestone2/data/generated/labels/val/val_000018.txt,val,Jaya Raghu Ram Penugonda,5,3,images_OBJ037/OBJ037_076.jpg,59b19637e67d776ce049ee453184418f,OBJ037,Candle,36,2,3,0,0,672,448,224,0,0,224,224,0.166667,0.250000,0.333333,0.500000
milestone2/data/generated/images/val/val_000018.jpg,milestone2/data/generated/labels/val/val_000018.txt,val,Jaya Raghu Ram Penugonda,5,4,images_OBJ071/OBJ071_014.jpg,59bd23c5cf607e287e9f587d0f269cf5,OBJ071,Sloth Plushie,70,2,3,1,2,672,448,224,448,224,672,448,0.833333,0.750000,0.333333,0.500000
milestone2/data/generated/images/val/val_000018.jpg,milestone2/data/generated/labels/val/val_000018.txt,val,Jaya Raghu Ram Penugonda,5,5,images_OBJ031/OBJ031_005.jpg,adf466db6e1931c606eadd6e62f8550b,OBJ031,UNO card box,30,2,3,1,0,672,448,224,0,224,224,448,0.166667,0.750000,0.333333,0.500000
milestone2/data/generated/images/val/val_000019.jpg,milestone2/data/generated/labels/val/val_000019.txt,val,Jaya Raghu Ram Penugonda,5,1,images_OBJ010/OBJ010_079.jpg,96419bb726c53babfa9bf83357f82cc9,OBJ010,Nike sneakers,9,2,3,0,0,672,448,224,0,0,224,224,0.166667,0.250000,0.333333,0.500000
milestone2/data/generated/images/val/val_000019.jpg,milestone2/data/generated/labels/val/val_000019.txt,val,Jaya Raghu Ram Penugonda,5,2,images_OBJ018/OBJ018_023.jpg,4b423a7df5e5bccb85a74c10bf424cd9,OBJ018,Rubiks cube,17,2,3,1,1,672,448,224,224,224,448,448,0.500000,0.750000,0.333333,0.500000
milestone2/data/generated/images/val/val_000019.jpg,milestone2/data/generated/labels/val/val_000019.txt,val,Jaya Raghu Ram Penugonda,5,3,images_OBJ011/OBJ011_004.jpg,94a562702c623098b2a2cdc1b43b3571,OBJ011,Mug,10,2,3,0,1,672,448,224,224,0,448,224,0.500000,0.250000,0.333333,0.500000
milestone2/data/generated/images/val/val_000019.jpg,milestone2/data/generated/labels/val/val_000019.txt,val,Jaya Raghu Ram Penugonda,5,4,images_OBJ007/OBJ007_059.jpg,a7d32e4324f1f26837fa39d28d2e2bda,OBJ007,Apple,6,2,3,1,0,672,448,224,0,224,224,448,0.166667,0.750000,0.333333,0.500000
milestone2/data/generated/images/val/val_000019.jpg,milestone2/data/generated/labels/val/val_000019.txt,val,Jaya Raghu Ram Penugonda,5,5,images_OBJ004/OBJ004_068.jpg,389a492cca509065b91c6f9eb4a1d821,OBJ004,Toy Car,3,2,3,1,2,672,448,224,448,224,672,448,0.833333,0.750000,0.333333,0.500000
milestone2/data/generated/images/val/val_000020.jpg,milestone2/data/generated/labels/val/val_000020.txt,val,Jaya Raghu Ram Penugonda,4,1,images_OBJ017/OBJ017_091.jpg,7049dd300c2c634aa2605a3fc5172019,OBJ017,Controller,16,2,2,0,0,448,448,224,0,0,224,224,0.250000,0.250000,0.500000,0.500000
milestone2/data/generated/images/val/val_000020.jpg,milestone2/data/generated/labels/val/val_000020.txt,val,Jaya Raghu Ram Penugonda,4,2,images_OBJ062/OBJ062_039.jpg,d8891de230031547c4983540cf8d905e,OBJ062,Headphones,61,2,2,0,1,448,448,224,224,0,448,224,0.750000,0.250000,0.500000,0.500000
milestone2/data/generated/images/val/val_000020.jpg,milestone2/data/generated/labels/val/val_000020.txt,val,Jaya Raghu Ram Penugonda,4,3,images_OBJ008/OBJ008_006.jpg,fda73dfe9a63fca0c933947345bfb437,OBJ008,Cat,7,2,2,1,0,448,448,224,0,224,224,448,0.250000,0.750000,0.500000,0.500000
milestone2/data/generated/images/val/val_000020.jpg,milestone2/data/generated/labels/val/val_000020.txt,val,Jaya Raghu Ram Penugonda,4,4,images_OBJ067/OBJ067_0030.jpg,b43e7423ee6e3c21da171dba419bc2a1,OBJ067,Men's Wallet,66,2,2,1,1,448,448,224,224,224,448,448,0.750000,0.750000,0.500000,0.500000
milestone2/data/generated/images/val/val_000021.jpg,milestone2/data/generated/labels/val/val_000021.txt,val,Jaya Raghu Ram Penugonda,3,1,images_OBJ053/OBJ053_004.jpg,cfd043b27accfe0ef6afd63e60d7a4b7,OBJ053,Moisturizer,52,2,2,0,0,448,448,224,0,0,224,224,0.250000,0.250000,0.500000,0.500000
milestone2/data/generated/images/val/val_000021.jpg,milestone2/data/generated/labels/val/val_000021.txt,val,Jaya Raghu Ram Penugonda,3,2,images_OBJ058/OBJ058_067.jpg,7e84f77d15c4d445b8d4307276142773,OBJ058,Footstool,57,2,2,1,1,448,448,224,224,224,448,448,0.750000,0.750000,0.500000,0.500000
milestone2/data/generated/images/val/val_000021.jpg,milestone2/data/generated/labels/val/val_000021.txt,val,Jaya Raghu Ram Penugonda,3,3,images_OBJ046/OBJ046_074.jpg,5a56cdb5cb83bf71dcb1444f01b510dd,OBJ046,iWatch,45,2,2,1,0,448,448,224,0,224,224,448,0.250000,0.750000,0.500000,0.500000
milestone2/data/generated/images/val/val_000022.jpg,milestone2/data/generated/labels/val/val_000022.txt,val,Jaya Raghu Ram Penugonda,3,1,images_OBJ065/OBJ065_032.jpg,93f4cd7f921459eb74bd05489c391f3a,OBJ065,Analog watch,64,2,2,1,0,448,448,224,0,224,224,448,0.250000,0.750000,0.500000,0.500000
milestone2/data/generated/images/val/val_000022.jpg,milestone2/data/generated/labels/val/val_000022.txt,val,Jaya Raghu Ram Penugonda,3,2,images_OBJ031/OBJ031_084.jpg,233d2c6b2adbf7fabdf74e9ac39f96d3,OBJ031,UNO card box,30,2,2,1,1,448,448,224,224,224,448,448,0.750000,0.750000,0.500000,0.500000
milestone2/data/generated/images/val/val_000022.jpg,milestone2/data/generated/labels/val/val_000022.txt,val,Jaya Raghu Ram Penugonda,3,3,images_OBJ001/OBJ001_001.jpg,7fcdbc081db719a7e7a480ff72b6d5c8,OBJ001,Basketball,0,2,2,0,1,448,448,224,224,0,448,224,0.750000,0.250000,0.500000,0.500000
milestone2/data/generated/images/val/val_000023.jpg,milestone2/data/generated/labels/val/val_000023.txt,val,Jaya Raghu Ram Penugonda,5,1,images_OBJ019/OBJ019_051.jpg,40b925fd29df6b2b4049cb3fb5824eab,OBJ019,Plant,18,2,3,1,1,672,448,224,224,224,448,448,0.500000,0.750000,0.333333,0.500000
milestone2/data/generated/images/val/val_000023.jpg,milestone2/data/generated/labels/val/val_000023.txt,val,Jaya Raghu Ram Penugonda,5,2,images_OBJ023/OBJ023_20.JPG,7840751a1f29646fdac18bf1a09cf04f,OBJ023,Bracelet,22,2,3,0,2,672,448,224,448,0,672,224,0.833333,0.250000,0.333333,0.500000
milestone2/data/generated/images/val/val_000023.jpg,milestone2/data/generated/labels/val/val_000023.txt,val,Jaya Raghu Ram Penugonda,5,3,images_OBJ047/OBJ047_072.jpg,a7e5c3ff0c472625478100d81cf17333,OBJ047,Backpack,46,2,3,1,0,672,448,224,0,224,224,448,0.166667,0.750000,0.333333,0.500000
milestone2/data/generated/images/val/val_000023.jpg,milestone2/data/generated/labels/val/val_000023.txt,val,Jaya Raghu Ram Penugonda,5,4,images_OBJ015/OBJ015_030.jpg,f4ee6812dd14cb9505b709a39e36ed41,OBJ015,Water Tumbler,14,2,3,0,0,672,448,224,0,0,224,224,0.166667,0.250000,0.333333,0.500000
milestone2/data/generated/images/val/val_000023.jpg,milestone2/data/generated/labels/val/val_000023.txt,val,Jaya Raghu Ram Penugonda,5,5,images_OBJ048/OBJ048_065.jpg,a8e8948d83fe9955b637f7a529dc2d77,OBJ048,Wireless powerbank,47,2,3,0,1,672,448,224,224,0,448,224,0.500000,0.250000,0.333333,0.500000
milestone2/data/generated/images/val/val_000024.jpg,milestone2/data/generated/labels/val/val_000024.txt,val,Jaya Raghu Ram Penugonda,4,1,images_OBJ069/OBJ069_053.jpg,8757c1f9a940599aff4cd41ca98fae40,OBJ069,Knife,68,2,2,0,1,448,448,224,224,0,448,224,0.750000,0.250000,0.500000,0.500000
milestone2/data/generated/images/val/val_000024.jpg,milestone2/data/generated/labels/val/val_000024.txt,val,Jaya Raghu Ram Penugonda,4,2,images_OBJ006/OBJ006_052.jpg,e9db69f26367e9af6302888c7de8a0c5,OBJ006,Capybara Toy,5,2,2,1,0,448,448,224,0,224,224,448,0.250000,0.750000,0.500000,0.500000
milestone2/data/generated/images/val/val_000024.jpg,milestone2/data/generated/labels/val/val_000024.txt,val,Jaya Raghu Ram Penugonda,4,3,images_OBJ003/OBJ003_003.jpg,0f0152577f4ea6295a982d807bdecef1,OBJ003,NoteBook,2,2,2,0,0,448,448,224,0,0,224,224,0.250000,0.250000,0.500000,0.500000
milestone2/data/generated/images/val/val_000024.jpg,milestone2/data/generated/labels/val/val_000024.txt,val,Jaya Raghu Ram Penugonda,4,4,images_OBJ070/OBJ070_043.jpg,6d648b24c6370d19c6eaf17a01267d40,OBJ070,Astronaut projector,69,2,2,1,1,448,448,224,224,224,448,448,0.750000,0.750000,0.500000,0.500000
milestone2/data/generated/images/val/val_000025.jpg,milestone2/data/generated/labels/val/val_000025.txt,val,Jaya Raghu Ram Penugonda,5,1,images_OBJ032/OBJ032_057.jpg,cf56bd0ad8071602ae459974252fd413,OBJ032,Sound Card,31,2,3,1,1,672,448,224,224,224,448,448,0.500000,0.750000,0.333333,0.500000
milestone2/data/generated/images/val/val_000025.jpg,milestone2/data/generated/labels/val/val_000025.txt,val,Jaya Raghu Ram Penugonda,5,2,images_OBJ002/OBJ002_047.jpg,63c57493a303ba2094ec03362dd66221,OBJ002,Water bottle,1,2,3,0,0,672,448,224,0,0,224,224,0.166667,0.250000,0.333333,0.500000
milestone2/data/generated/images/val/val_000025.jpg,milestone2/data/generated/labels/val/val_000025.txt,val,Jaya Raghu Ram Penugonda,5,3,images_OBJ056/OBJ056_024.jpg,8f65c092318d450e9bf8344edff9558a,OBJ056,Trader Joe's Bag,55,2,3,0,2,672,448,224,448,0,672,224,0.833333,0.250000,0.333333,0.500000
milestone2/data/generated/images/val/val_000025.jpg,milestone2/data/generated/labels/val/val_000025.txt,val,Jaya Raghu Ram Penugonda,5,4,images_OBJ071/OBJ071_068.jpg,e538d71c60f1cd770f27c8973d128026,OBJ071,Sloth Plushie,70,2,3,0,1,672,448,224,224,0,448,224,0.500000,0.250000,0.333333,0.500000
milestone2/data/generated/images/val/val_000025.jpg,milestone2/data/generated/labels/val/val_000025.txt,val,Jaya Raghu Ram Penugonda,5,5,images_OBJ009/OBJ009_088.jpg,e9e99b15f9471c2a767109e61ec743c2,OBJ009,Marshall Speaker,8,2,3,1,2,672,448,224,448,224,672,448,0.833333,0.750000,0.333333,0.500000
milestone2/data/generated/images/val/val_000026.jpg,milestone2/data/generated/labels/val/val_000026.txt,val,Jaya Raghu Ram Penugonda,3,1,images_OBJ025/OBJ025_091.jpg,3d1b42c35989a704ee3fc83737c12d69,OBJ025,Watch,24,2,2,0,0,448,448,224,0,0,224,224,0.250000,0.250000,0.500000,0.500000
milestone2/data/generated/images/val/val_000026.jpg,milestone2/data/generated/labels/val/val_000026.txt,val,Jaya Raghu Ram Penugonda,3,2,images_OBJ022/OBJ022_005.jpeg,7fa144bc3e3a45ad1b955b344dd89cfc,OBJ022,Guitar,21,2,2,1,0,448,448,224,0,224,224,448,0.250000,0.750000,0.500000,0.500000
milestone2/data/generated/images/val/val_000026.jpg,milestone2/data/generated/labels/val/val_000026.txt,val,Jaya Raghu Ram Penugonda,3,3,images_OBJ073/OBJ073_087.jpg,ddcced420b01dc4c961d760a80f34c68,OBJ073,Bowl,72,2,2,0,1,448,448,224,224,0,448,224,0.750000,0.250000,0.500000,0.500000
milestone2/data/generated/images/val/val_000027.jpg,milestone2/data/generated/labels/val/val_000027.txt,val,Jaya Raghu Ram Penugonda,5,1,images_OBJ027/OBJ027_023.jpg,13322b606b63c879507d068364cd12c6,OBJ027,Tennis ball,26,2,3,0,1,672,448,224,224,0,448,224,0.500000,0.250000,0.333333,0.500000
milestone2/data/generated/images/val/val_000027.jpg,milestone2/data/generated/labels/val/val_000027.txt,val,Jaya Raghu Ram Penugonda,5,2,images_OBJ041/OBJ041_022.jpg,da49fa30df19986b141036b45155a94f,OBJ041,Table fan,40,2,3,0,0,672,448,224,0,0,224,224,0.166667,0.250000,0.333333,0.500000
milestone2/data/generated/images/val/val_000027.jpg,milestone2/data/generated/labels/val/val_000027.txt,val,Jaya Raghu Ram Penugonda,5,3,images_OBJ036/OBJ036_075.jpg,8465b706d5b8c2c2ef752f143ba68e4e,OBJ036,Pencil case,35,2,3,1,0,672,448,224,0,224,224,448,0.166667,0.750000,0.333333,0.500000
milestone2/data/generated/images/val/val_000027.jpg,milestone2/data/generated/labels/val/val_000027.txt,val,Jaya Raghu Ram Penugonda,5,4,images_OBJ005/OBJ005_010.jpg,a22c2553bb440eaef222e35a932a1dfe,OBJ005,Computer mouse,4,2,3,0,2,672,448,224,448,0,672,224,0.833333,0.250000,0.333333,0.500000
milestone2/data/generated/images/val/val_000027.jpg,milestone2/data/generated/labels/val/val_000027.txt,val,Jaya Raghu Ram Penugonda,5,5,images_OBJ055/OBJ055_080.jpg,8afb40ba2e2b87b0130e7dc847d40486,OBJ055,Scientific Calculator,54,2,3,1,1,672,448,224,224,224,448,448,0.500000,0.750000,0.333333,0.500000
milestone2/data/generated/images/val/val_000028.jpg,milestone2/data/generated/labels/val/val_000028.txt,val,Jaya Raghu Ram Penugonda,4,1,images_OBJ028/OBJ028_060.jpg,0916a80c55d26c284ec5472409ef191d,OBJ028,Banana,27,2,2,0,1,448,448,224,224,0,448,224,0.750000,0.250000,0.500000,0.500000
milestone2/data/generated/images/val/val_000028.jpg,milestone2/data/generated/labels/val/val_000028.txt,val,Jaya Raghu Ram Penugonda,4,2,images_OBJ039/OBJ039_071.jpg,e1ac2466237e7744451d0f1f91d9ee96,OBJ039,Scissors,38,2,2,0,0,448,448,224,0,0,224,224,0.250000,0.250000,0.500000,0.500000
milestone2/data/generated/images/val/val_000028.jpg,milestone2/data/generated/labels/val/val_000028.txt,val,Jaya Raghu Ram Penugonda,4,3,images_OBJ044/OBJ044_006.jpg,7694a76788776c7f9d3f34718dc60e5f,OBJ044,Anime Figurine,43,2,2,1,0,448,448,224,0,224,224,448,0.250000,0.750000,0.500000,0.500000
milestone2/data/generated/images/val/val_000028.jpg,milestone2/data/generated/labels/val/val_000028.txt,val,Jaya Raghu Ram Penugonda,4,4,images_OBJ060/OBJ060_79.JPG,a5ffb419f0936e4ef0eee8da9bccb2ce,OBJ060,Sleep Mask,59,2,2,1,1,448,448,224,224,224,448,448,0.750000,0.750000,0.500000,0.500000
milestone2/data/generated/images/val/val_000029.jpg,milestone2/data/generated/labels/val/val_000029.txt,val,Jaya Raghu Ram Penugonda,5,1,images_OBJ054/OBJ054_039.jpg,adabb1b68f0ba95c85db03d0dc927e27,OBJ054,Purse,53,2,3,0,2,672,448,224,448,0,672,224,0.833333,0.250000,0.333333,0.500000
milestone2/data/generated/images/val/val_000029.jpg,milestone2/data/generated/labels/val/val_000029.txt,val,Jaya Raghu Ram Penugonda,5,2,images_OBJ040/OBJ040_053.JPG,8c7a4f80740d341081c131146d491256,OBJ040,Clutcher,39,2,3,0,0,672,448,224,0,0,224,224,0.166667,0.250000,0.333333,0.500000
milestone2/data/generated/images/val/val_000029.jpg,milestone2/data/generated/labels/val/val_000029.txt,val,Jaya Raghu Ram Penugonda,5,3,images_OBJ026/OBJ026_074.jpg,532daedec9b3c02a22b18f3e8b6fef48,OBJ026,Red Sox Cap,25,2,3,1,1,672,448,224,224,224,448,448,0.500000,0.750000,0.333333,0.500000
milestone2/data/generated/images/val/val_000029.jpg,milestone2/data/generated/labels/val/val_000029.txt,val,Jaya Raghu Ram Penugonda,5,4,images_OBJ061/OBJ061_093.jpg,556b283ef50393fa8063bdba92a6d2e3,OBJ061,Card wallet,60,2,3,1,0,672,448,224,0,224,224,448,0.166667,0.750000,0.333333,0.500000
milestone2/data/generated/images/val/val_000029.jpg,milestone2/data/generated/labels/val/val_000029.txt,val,Jaya Raghu Ram Penugonda,5,5,images_OBJ051/OBJ051_058.jpg,2850d5625a826d26226bbda5547f1ec0,OBJ051,Tissue,50,2,3,0,1,672,448,224,224,0,448,224,0.500000,0.250000,0.333333,0.500000
milestone2/data/generated/images/val/val_000030.jpg,milestone2/data/generated/labels/val/val_000030.txt,val,Jaya Raghu Ram Penugonda,3,1,images_OBJ063/OBJ063_002.jpg,4daaebb84ba3bfa41499463844a9a867,OBJ063,Measuring Bottle,62,2,2,0,0,448,448,224,0,0,224,224,0.250000,0.250000,0.500000,0.500000
milestone2/data/generated/images/val/val_000030.jpg,milestone2/data/generated/labels/val/val_000030.txt,val,Jaya Raghu Ram Penugonda,3,2,images_OBJ033/OBJ033_027.jpg,d8c2a6d892c78331b91fba0d28bcb427,OBJ033,Duck,32,2,2,1,0,448,448,224,0,224,224,448,0.250000,0.750000,0.500000,0.500000
milestone2/data/generated/images/val/val_000030.jpg,milestone2/data/generated/labels/val/val_000030.txt,val,Jaya Raghu Ram Penugonda,3,3,images_OBJ052/OBJ052_071.jpg,3cbb217a1751a042b705d866273f1f9e,OBJ052,Spoon,51,2,2,1,1,448,448,224,224,224,448,448,0.750000,0.750000,0.500000,0.500000
milestone2/data/generated/images/test/test_000016.jpg,milestone2/data/generated/labels/test/test_000016.txt,test,Jaya Raghu Ram Penugonda,4,1,images_OBJ064/OBJ064_033.jpg,a3cc6d47a37d798c49fef4a0ec7faa01,OBJ064,RGB Projector,63,2,2,0,1,448,448,224,224,0,448,224,0.750000,0.250000,0.500000,0.500000
milestone2/data/generated/images/test/test_000016.jpg,milestone2/data/generated/labels/test/test_000016.txt,test,Jaya Raghu Ram Penugonda,4,2,images_OBJ046/OBJ046_077.jpg,4b93742597dd9db5240956870b96d9d9,OBJ046,iWatch,45,2,2,0,0,448,448,224,0,0,224,224,0.250000,0.250000,0.500000,0.500000
milestone2/data/generated/images/test/test_000016.jpg,milestone2/data/generated/labels/test/test_000016.txt,test,Jaya Raghu Ram Penugonda,4,3,images_OBJ013/OBJ013_057.jpg,2741b31a96192d29bff1e5f76b859b1b,OBJ013,Mobile phone,12,2,2,1,1,448,448,224,224,224,448,448,0.750000,0.750000,0.500000,0.500000
milestone2/data/generated/images/test/test_000016.jpg,milestone2/data/generated/labels/test/test_000016.txt,test,Jaya Raghu Ram Penugonda,4,4,images_OBJ007/OBJ007_068.jpg,c38cff45b062040d3fda75143864faa6,OBJ007,Apple,6,2,2,1,0,448,448,224,0,224,224,448,0.250000,0.750000,0.500000,0.500000
milestone2/data/generated/images/test/test_000017.jpg,milestone2/data/generated/labels/test/test_000017.txt,test,Jaya Raghu Ram Penugonda,3,1,images_OBJ005/OBJ005_012.jpg,230b1963cb04793fead8d80cf755a7af,OBJ005,Computer mouse,4,2,2,0,1,448,448,224,224,0,448,224,0.750000,0.250000,0.500000,0.500000
milestone2/data/generated/images/test/test_000017.jpg,milestone2/data/generated/labels/test/test_000017.txt,test,Jaya Raghu Ram Penugonda,3,2,images_OBJ039/OBJ039_034.jpg,92b7caa137c1392c5171ca88c4305014,OBJ039,Scissors,38,2,2,0,0,448,448,224,0,0,224,224,0.250000,0.250000,0.500000,0.500000
milestone2/data/generated/images/test/test_000017.jpg,milestone2/data/generated/labels/test/test_000017.txt,test,Jaya Raghu Ram Penugonda,3,3,images_OBJ061/OBJ061_011.jpg,8351b400632a30e9354a13c88d88a273,OBJ061,Card wallet,60,2,2,1,0,448,448,224,0,224,224,448,0.250000,0.750000,0.500000,0.500000
milestone2/data/generated/images/test/test_000018.jpg,milestone2/data/generated/labels/test/test_000018.txt,test,Jaya Raghu Ram Penugonda,5,1,images_OBJ020/OBJ020_066.jpg,0134cfcd320bf04d6e276b3ac31250d5,OBJ020,Airpod,19,2,3,1,0,672,448,224,0,224,224,448,0.166667,0.750000,0.333333,0.500000
milestone2/data/generated/images/test/test_000018.jpg,milestone2/data/generated/labels/test/test_000018.txt,test,Jaya Raghu Ram Penugonda,5,2,images_OBJ043/OBJ043_058.jpg,c6a16be124d2ad22f63deda8c74127f5,OBJ043,Swimming Goggles,42,2,3,1,2,672,448,224,448,224,672,448,0.833333,0.750000,0.333333,0.500000
milestone2/data/generated/images/test/test_000018.jpg,milestone2/data/generated/labels/test/test_000018.txt,test,Jaya Raghu Ram Penugonda,5,3,images_OBJ016/OBJ016_013.jpg,af2f89bdbe1b55b57d2f58d1f4744b12,OBJ016,Sandisk Portable SSD,15,2,3,0,0,672,448,224,0,0,224,224,0.166667,0.250000,0.333333,0.500000
milestone2/data/generated/images/test/test_000018.jpg,milestone2/data/generated/labels/test/test_000018.txt,test,Jaya Raghu Ram Penugonda,5,4,images_OBJ030/OBJ030_034.jpg,978c247bdc73de8aca9a336a62163f20,OBJ030,Tennis racket,29,2,3,1,1,672,448,224,224,224,448,448,0.500000,0.750000,0.333333,0.500000
milestone2/data/generated/images/test/test_000018.jpg,milestone2/data/generated/labels/test/test_000018.txt,test,Jaya Raghu Ram Penugonda,5,5,images_OBJ014/OBJ014_047.jpeg,f01cbfb0430bcafea5651b1dc9bb6b53,OBJ014,Sunglasses,13,2,3,0,2,672,448,224,448,0,672,224,0.833333,0.250000,0.333333,0.500000
milestone2/data/generated/images/test/test_000019.jpg,milestone2/data/generated/labels/test/test_000019.txt,test,Jaya Raghu Ram Penugonda,3,1,images_OBJ056/OBJ056_030.jpg,9785e225eb12c5e1ac65bdaca50aa314,OBJ056,Trader Joe's Bag,55,2,2,1,1,448,448,224,224,224,448,448,0.750000,0.750000,0.500000,0.500000
milestone2/data/generated/images/test/test_000019.jpg,milestone2/data/generated/labels/test/test_000019.txt,test,Jaya Raghu Ram Penugonda,3,2,images_OBJ041/OBJ041_052.jpg,22159e406ddc8a690c637c467fe2d62d,OBJ041,Table fan,40,2,2,0,1,448,448,224,224,0,448,224,0.750000,0.250000,0.500000,0.500000
milestone2/data/generated/images/test/test_000019.jpg,milestone2/data/generated/labels/test/test_000019.txt,test,Jaya Raghu Ram Penugonda,3,3,images_OBJ038/OBJ038_041.jpg,b988a77530af377b1db52708f0e35bb2,OBJ038,Perfume bottle,37,2,2,1,0,448,448,224,0,224,224,448,0.250000,0.750000,0.500000,0.500000
milestone2/data/generated/images/test/test_000020.jpg,milestone2/data/generated/labels/test/test_000020.txt,test,Jaya Raghu Ram Penugonda,5,1,images_OBJ050/OBJ050_044.jpg,a04d9f8e6478b5218b80d35729177b9d,OBJ050,Hairbrush,49,2,3,0,2,672,448,224,448,0,672,224,0.833333,0.250000,0.333333,0.500000
milestone2/data/generated/images/test/test_000020.jpg,milestone2/data/generated/labels/test/test_000020.txt,test,Jaya Raghu Ram Penugonda,5,2,images_OBJ067/OBJ067_0086.jpg,52048dc712b06427dd608c4878979a60,OBJ067,Men's Wallet,66,2,3,0,1,672,448,224,224,0,448,224,0.500000,0.250000,0.333333,0.500000
milestone2/data/generated/images/test/test_000020.jpg,milestone2/data/generated/labels/test/test_000020.txt,test,Jaya Raghu Ram Penugonda,5,3,images_OBJ010/OBJ010_071.jpg,9a5c420513d48a1333edc2286d896a6e,OBJ010,Nike sneakers,9,2,3,1,2,672,448,224,448,224,672,448,0.833333,0.750000,0.333333,0.500000
milestone2/data/generated/images/test/test_000020.jpg,milestone2/data/generated/labels/test/test_000020.txt,test,Jaya Raghu Ram Penugonda,5,4,images_OBJ028/OBJ028_008.jpg,80f9669da82e42bbe421ef45c786a94e,OBJ028,Banana,27,2,3,0,0,672,448,224,0,0,224,224,0.166667,0.250000,0.333333,0.500000
milestone2/data/generated/images/test/test_000020.jpg,milestone2/data/generated/labels/test/test_000020.txt,test,Jaya Raghu Ram Penugonda,5,5,images_OBJ043/OBJ043_010.jpg,6da72186c1fd892e368f2efd53b56435,OBJ043,Swimming Goggles,42,2,3,1,0,672,448,224,0,224,224,448,0.166667,0.750000,0.333333,0.500000
milestone2/data/generated/images/test/test_000021.jpg,milestone2/data/generated/labels/test/test_000021.txt,test,Jaya Raghu Ram Penugonda,3,1,images_OBJ070/OBJ070_015.jpg,aa92491a4628419db73ad7cc3929428a,OBJ070,Astronaut projector,69,2,2,0,1,448,448,224,224,0,448,224,0.750000,0.250000,0.500000,0.500000
milestone2/data/generated/images/test/test_000021.jpg,milestone2/data/generated/labels/test/test_000021.txt,test,Jaya Raghu Ram Penugonda,3,2,images_OBJ007/OBJ007_032.jpg,b408e5a18efa609ebe5f09c8dead4fc4,OBJ007,Apple,6,2,2,1,1,448,448,224,224,224,448,448,0.750000,0.750000,0.500000,0.500000
milestone2/data/generated/images/test/test_000021.jpg,milestone2/data/generated/labels/test/test_000021.txt,test,Jaya Raghu Ram Penugonda,3,3,images_OBJ057/OBJ057_077.jpg,6fd1a2cf02a88ab59d5483b6edd50264,OBJ057,Power Bank,56,2,2,0,0,448,448,224,0,0,224,224,0.250000,0.250000,0.500000,0.500000
milestone2/data/generated/images/test/test_000022.jpg,milestone2/data/generated/labels/test/test_000022.txt,test,Jaya Raghu Ram Penugonda,4,1,images_OBJ023/OBJ023_069.JPG,2a3d9e130ccfd33864ab5a6cbe7ad866,OBJ023,Bracelet,22,2,2,1,0,448,448,224,0,224,224,448,0.250000,0.750000,0.500000,0.500000
milestone2/data/generated/images/test/test_000022.jpg,milestone2/data/generated/labels/test/test_000022.txt,test,Jaya Raghu Ram Penugonda,4,2,images_OBJ032/OBJ032_024.jpg,703a2c1760faf40cb4eae7f052de946e,OBJ032,Sound Card,31,2,2,0,0,448,448,224,0,0,224,224,0.250000,0.250000,0.500000,0.500000
milestone2/data/generated/images/test/test_000022.jpg,milestone2/data/generated/labels/test/test_000022.txt,test,Jaya Raghu Ram Penugonda,4,3,images_OBJ051/OBJ051_064.jpg,2146e3b8b8b325d194e92fc4fa4fdde2,OBJ051,Tissue,50,2,2,0,1,448,448,224,224,0,448,224,0.750000,0.250000,0.500000,0.500000
milestone2/data/generated/images/test/test_000022.jpg,milestone2/data/generated/labels/test/test_000022.txt,test,Jaya Raghu Ram Penugonda,4,4,images_OBJ002/OBJ002_018.jpg,d9dd76ec314dd28ceb0d89dd41d9d8b7,OBJ002,Water bottle,1,2,2,1,1,448,448,224,224,224,448,448,0.750000,0.750000,0.500000,0.500000
milestone2/data/generated/images/test/test_000023.jpg,milestone2/data/generated/labels/test/test_000023.txt,test,Jaya Raghu Ram Penugonda,5,1,images_OBJ034/OBJ034_011.jpg,644ec8880f999bc2459fff58ad8c2312,OBJ034,Table Tennis Racket,33,2,3,1,2,672,448,224,448,224,672,448,0.833333,0.750000,0.333333,0.500000
milestone2/data/generated/images/test/test_000023.jpg,milestone2/data/generated/labels/test/test_000023.txt,test,Jaya Raghu Ram Penugonda,5,2,images_OBJ015/OBJ015_008.jpg,3dfa09b8024a4f25fe755bc28029ec4a,OBJ015,Water Tumbler,14,2,3,0,2,672,448,224,448,0,672,224,0.833333,0.250000,0.333333,0.500000
milestone2/data/generated/images/test/test_000023.jpg,milestone2/data/generated/labels/test/test_000023.txt,test,Jaya Raghu Ram Penugonda,5,3,images_OBJ035/OBJ035_077.jpg,9ce775fc684b9481116d398471460596,OBJ035,Badminton racket,34,2,3,1,1,672,448,224,224,224,448,448,0.500000,0.750000,0.333333,0.500000
milestone2/data/generated/images/test/test_000023.jpg,milestone2/data/generated/labels/test/test_000023.txt,test,Jaya Raghu Ram Penugonda,5,4,images_OBJ071/OBJ071_061.jpg,bea0abdae73690eda50bf7367df0c078,OBJ071,Sloth Plushie,70,2,3,0,1,672,448,224,224,0,448,224,0.500000,0.250000,0.333333,0.500000
milestone2/data/generated/images/test/test_000023.jpg,milestone2/data/generated/labels/test/test_000023.txt,test,Jaya Raghu Ram Penugonda,5,5,images_OBJ009/OBJ009_049.jpg,a9c4bbd9288654ebac98a23690411c23,OBJ009,Marshall Speaker,8,2,3,1,0,672,448,224,0,224,224,448,0.166667,0.750000,0.333333,0.500000
milestone2/data/generated/images/test/test_000024.jpg,milestone2/data/generated/labels/test/test_000024.txt,test,Jaya Raghu Ram Penugonda,4,1,images_OBJ020/OBJ020_035.jpg,e8d4910173f210a8ccf546b91c39732b,OBJ020,Airpod,19,2,2,0,1,448,448,224,224,0,448,224,0.750000,0.250000,0.500000,0.500000
milestone2/data/generated/images/test/test_000024.jpg,milestone2/data/generated/labels/test/test_000024.txt,test,Jaya Raghu Ram Penugonda,4,2,images_OBJ004/OBJ004_037.jpg,ddd9d6f224ad155f72aa5850b3e5de64,OBJ004,Toy Car,3,2,2,1,1,448,448,224,224,224,448,448,0.750000,0.750000,0.500000,0.500000
milestone2/data/generated/images/test/test_000024.jpg,milestone2/data/generated/labels/test/test_000024.txt,test,Jaya Raghu Ram Penugonda,4,3,images_OBJ065/OBJ065_035.jpg,fa86bdd6cd6dc7c4a85c2459e0919645,OBJ065,Analog watch,64,2,2,0,0,448,448,224,0,0,224,224,0.250000,0.250000,0.500000,0.500000
milestone2/data/generated/images/test/test_000024.jpg,milestone2/data/generated/labels/test/test_000024.txt,test,Jaya Raghu Ram Penugonda,4,4,images_OBJ040/OBJ040_031.JPG,d6844cf6e27cbd752f5f7b09d0b00470,OBJ040,Clutcher,39,2,2,1,0,448,448,224,0,224,224,448,0.250000,0.750000,0.500000,0.500000
milestone2/data/generated/images/test/test_000025.jpg,milestone2/data/generated/labels/test/test_000025.txt,test,Jaya Raghu Ram Penugonda,3,1,images_OBJ063/OBJ063_008.jpg,ac60933112315efc4211f6e797b19463,OBJ063,Measuring Bottle,62,2,2,1,0,448,448,224,0,224,224,448,0.250000,0.750000,0.500000,0.500000
milestone2/data/generated/images/test/test_000025.jpg,milestone2/data/generated/labels/test/test_000025.txt,test,Jaya Raghu Ram Penugonda,3,2,images_OBJ072/OBJ072_062.jpg,f3f632a75e4f1c3fe37ff3fd270b4aaf,OBJ072,Dog,71,2,2,0,0,448,448,224,0,0,224,224,0.250000,0.250000,0.500000,0.500000
milestone2/data/generated/images/test/test_000025.jpg,milestone2/data/generated/labels/test/test_000025.txt,test,Jaya Raghu Ram Penugonda,3,3,images_OBJ017/OBJ017_049.jpg,c60f9fb10c560f8104bff5262ac99d24,OBJ017,Controller,16,2,2,0,1,448,448,224,224,0,448,224,0.750000,0.250000,0.500000,0.500000
milestone2/data/generated/images/test/test_000026.jpg,milestone2/data/generated/labels/test/test_000026.txt,test,Jaya Raghu Ram Penugonda,4,1,images_OBJ016/OBJ016_084.jpg,eb8228dda543d2cb6bff00d4b5c0881a,OBJ016,Sandisk Portable SSD,15,2,2,1,0,448,448,224,0,224,224,448,0.250000,0.750000,0.500000,0.500000
milestone2/data/generated/images/test/test_000026.jpg,milestone2/data/generated/labels/test/test_000026.txt,test,Jaya Raghu Ram Penugonda,4,2,images_OBJ008/OBJ008_007.jpg,ead69b9c84b06478b236853119dd757d,OBJ008,Cat,7,2,2,0,0,448,448,224,0,0,224,224,0.250000,0.250000,0.500000,0.500000
milestone2/data/generated/images/test/test_000026.jpg,milestone2/data/generated/labels/test/test_000026.txt,test,Jaya Raghu Ram Penugonda,4,3,images_OBJ014/OBJ014_017.jpeg,c2a0b1791eb69b0dbc64a854598c6e10,OBJ014,Sunglasses,13,2,2,0,1,448,448,224,224,0,448,224,0.750000,0.250000,0.500000,0.500000
milestone2/data/generated/images/test/test_000026.jpg,milestone2/data/generated/labels/test/test_000026.txt,test,Jaya Raghu Ram Penugonda,4,4,images_OBJ061/OBJ061_088.jpg,a6c3f746b6216a09555b24972e735a15,OBJ061,Card wallet,60,2,2,1,1,448,448,224,224,224,448,448,0.750000,0.750000,0.500000,0.500000
milestone2/data/generated/images/test/test_000027.jpg,milestone2/data/generated/labels/test/test_000027.txt,test,Jaya Raghu Ram Penugonda,5,1,images_OBJ048/OBJ048_025.jpg,4ac2f968440de93cddc229311303b35e,OBJ048,Wireless powerbank,47,2,3,0,1,672,448,224,224,0,448,224,0.500000,0.250000,0.333333,0.500000
milestone2/data/generated/images/test/test_000027.jpg,milestone2/data/generated/labels/test/test_000027.txt,test,Jaya Raghu Ram Penugonda,5,2,images_OBJ018/OBJ018_031.jpg,a1d0d58a91ced7f2d533e8d514eed3d1,OBJ018,Rubiks cube,17,2,3,1,1,672,448,224,224,224,448,448,0.500000,0.750000,0.333333,0.500000
milestone2/data/generated/images/test/test_000027.jpg,milestone2/data/generated/labels/test/test_000027.txt,test,Jaya Raghu Ram Penugonda,5,3,images_OBJ036/OBJ036_018.jpg,d8a03b91ca662ffd731b37472f043732,OBJ036,Pencil case,35,2,3,0,0,672,448,224,0,0,224,224,0.166667,0.250000,0.333333,0.500000
milestone2/data/generated/images/test/test_000027.jpg,milestone2/data/generated/labels/test/test_000027.txt,test,Jaya Raghu Ram Penugonda,5,4,images_OBJ029/OBJ029_008.jpg,03dc1defa6a3810868f6a71e1a6d9e49,OBJ029,Orange,28,2,3,1,2,672,448,224,448,224,672,448,0.833333,0.750000,0.333333,0.500000
milestone2/data/generated/images/test/test_000027.jpg,milestone2/data/generated/labels/test/test_000027.txt,test,Jaya Raghu Ram Penugonda,5,5,images_OBJ069/OBJ069_093.jpg,70146302ea5762669d01bf0765b3929a,OBJ069,Knife,68,2,3,0,2,672,448,224,448,0,672,224,0.833333,0.250000,0.333333,0.500000
milestone2/data/generated/images/test/test_000028.jpg,milestone2/data/generated/labels/test/test_000028.txt,test,Jaya Raghu Ram Penugonda,5,1,images_OBJ046/OBJ046_004.jpg,bd3dc8a6351d834798bde5f967a6cb6a,OBJ046,iWatch,45,2,3,0,1,672,448,224,224,0,448,224,0.500000,0.250000,0.333333,0.500000
milestone2/data/generated/images/test/test_000028.jpg,milestone2/data/generated/labels/test/test_000028.txt,test,Jaya Raghu Ram Penugonda,5,2,images_OBJ056/OBJ056_001.jpg,a29e13567f395ce056887973d331a1bd,OBJ056,Trader Joe's Bag,55,2,3,0,2,672,448,224,448,0,672,224,0.833333,0.250000,0.333333,0.500000
milestone2/data/generated/images/test/test_000028.jpg,milestone2/data/generated/labels/test/test_000028.txt,test,Jaya Raghu Ram Penugonda,5,3,images_OBJ026/OBJ026_063.jpg,9fcd4df3c6bff056f7820926922f6545,OBJ026,Red Sox Cap,25,2,3,1,1,672,448,224,224,224,448,448,0.500000,0.750000,0.333333,0.500000
milestone2/data/generated/images/test/test_000028.jpg,milestone2/data/generated/labels/test/test_000028.txt,test,Jaya Raghu Ram Penugonda,5,4,images_OBJ039/OBJ039_035.jpg,d7f8124fe5af6f9e4b4198cc2b866a36,OBJ039,Scissors,38,2,3,0,0,672,448,224,0,0,224,224,0.166667,0.250000,0.333333,0.500000
milestone2/data/generated/images/test/test_000028.jpg,milestone2/data/generated/labels/test/test_000028.txt,test,Jaya Raghu Ram Penugonda,5,5,images_OBJ006/OBJ006_045.jpg,47fd23cbeb24d54697606638b4fee9dd,OBJ006,Capybara Toy,5,2,3,1,0,672,448,224,0,224,224,448,0.166667,0.750000,0.333333,0.500000
milestone2/data/generated/images/test/test_000029.jpg,milestone2/data/generated/labels/test/test_000029.txt,test,Jaya Raghu Ram Penugonda,3,1,images_OBJ011/OBJ011_092.jpg,e5cfe79f86ae56124b4bc003c0b25a04,OBJ011,Mug,10,2,2,1,0,448,448,224,0,224,224,448,0.250000,0.750000,0.500000,0.500000
milestone2/data/generated/images/test/test_000029.jpg,milestone2/data/generated/labels/test/test_000029.txt,test,Jaya Raghu Ram Penugonda,3,2,images_OBJ024/OBJ024_066.jpg,553b3367932a7c94366ec66b54f6ccaf,OBJ024,Plush doll,23,2,2,0,0,448,448,224,0,0,224,224,0.250000,0.250000,0.500000,0.500000
milestone2/data/generated/images/test/test_000029.jpg,milestone2/data/generated/labels/test/test_000029.txt,test,Jaya Raghu Ram Penugonda,3,3,images_OBJ064/OBJ064_049.jpg,eccf45a37f228f9b22d8c4cef51ed5cd,OBJ064,RGB Projector,63,2,2,1,1,448,448,224,224,224,448,448,0.750000,0.750000,0.500000,0.500000
milestone2/data/generated/images/test/test_000030.jpg,milestone2/data/generated/labels/test/test_000030.txt,test,Jaya Raghu Ram Penugonda,3,1,images_OBJ044/OBJ044_082.jpg,a13a4df79a3f82a8fbe0b803d1484623,OBJ044,Anime Figurine,43,2,2,0,0,448,448,224,0,0,224,224,0.250000,0.250000,0.500000,0.500000
milestone2/data/generated/images/test/test_000030.jpg,milestone2/data/generated/labels/test/test_000030.txt,test,Jaya Raghu Ram Penugonda,3,2,images_OBJ005/OBJ005_034.jpg,bd77d30b3c522d9ec2da43ab4b90e76b,OBJ005,Computer mouse,4,2,2,1,1,448,448,224,224,224,448,448,0.750000,0.750000,0.500000,0.500000
milestone2/data/generated/images/test/test_000030.jpg,milestone2/data/generated/labels/test/test_000030.txt,test,Jaya Raghu Ram Penugonda,3,3,images_OBJ068/OBJ068_043.jpg,a0ea886b6cb5b5f533a791e0cd096e9b,OBJ068,Neck Pillow,67,2,2,0,1,448,448,224,224,0,448,224,0.750000,0.250000,0.500000,0.500000
milestone2/data/generated/images/train/train_000141.jpg,milestone2/data/generated/labels/train/train_000141.txt,train,Nikhil Kudupudi,4,1,images_OBJ070/OBJ070_039.jpg,6657e3db53f3fe7cb7cb1542ba4a275d,OBJ070,Astronaut projector,69,2,2,1,0,448,448,224,0,224,224,448,0.250000,0.750000,0.500000,0.500000
milestone2/data/generated/images/train/train_000141.jpg,milestone2/data/generated/labels/train/train_000141.txt,train,Nikhil Kudupudi,4,2,images_OBJ030/OBJ030_075.jpg,06903c659bc14bda27b3608770b048c7,OBJ030,Tennis racket,29,2,2,1,1,448,448,224,224,224,448,448,0.750000,0.750000,0.500000,0.500000
milestone2/data/generated/images/train/train_000141.jpg,milestone2/data/generated/labels/train/train_000141.txt,train,Nikhil Kudupudi,4,3,images_OBJ050/OBJ050_060.jpg,1b5a628e6ab819d4276ada48ab6a30db,OBJ050,Hairbrush,49,2,2,0,1,448,448,224,224,0,448,224,0.750000,0.250000,0.500000,0.500000
milestone2/data/generated/images/train/train_000141.jpg,milestone2/data/generated/labels/train/train_000141.txt,train,Nikhil Kudupudi,4,4,images_OBJ043/OBJ043_029.jpg,ea435385514fb53c58b7fcfd857c3c87,OBJ043,Swimming Goggles,42,2,2,0,0,448,448,224,0,0,224,224,0.250000,0.250000,0.500000,0.500000
milestone2/data/generated/images/train/train_000142.jpg,milestone2/data/generated/labels/train/train_000142.txt,train,Nikhil Kudupudi,5,1,images_OBJ053/OBJ053_054.jpg,70802ab14d598e9b889d8c4423bd3736,OBJ053,Moisturizer,52,2,3,1,2,672,448,224,448,224,672,448,0.833333,0.750000,0.333333,0.500000
milestone2/data/generated/images/train/train_000142.jpg,milestone2/data/generated/labels/train/train_000142.txt,train,Nikhil Kudupudi,5,2,images_OBJ047/OBJ047_076.jpg,5c3abad6d841892b6444c44ea2dfdca2,OBJ047,Backpack,46,2,3,0,1,672,448,224,224,0,448,224,0.500000,0.250000,0.333333,0.500000
milestone2/data/generated/images/train/train_000142.jpg,milestone2/data/generated/labels/train/train_000142.txt,train,Nikhil Kudupudi,5,3,images_OBJ048/OBJ048_008.jpg,47d1f388aa62fc74a60386f8466f069b,OBJ048,Wireless powerbank,47,2,3,0,0,672,448,224,0,0,224,224,0.166667,0.250000,0.333333,0.500000
milestone2/data/generated/images/train/train_000142.jpg,milestone2/data/generated/labels/train/train_000142.txt,train,Nikhil Kudupudi,5,4,images_OBJ051/OBJ051_063.jpg,2b329818a9bfc9a32a89a9b11d7cf364,OBJ051,Tissue,50,2,3,1,1,672,448,224,224,224,448,448,0.500000,0.750000,0.333333,0.500000
milestone2/data/generated/images/train/train_000142.jpg,milestone2/data/generated/labels/train/train_000142.txt,train,Nikhil Kudupudi,5,5,images_OBJ002/OBJ002_040.jpg,a4e7c7e7cb87a4def7762c33bd3d7e30,OBJ002,Water bottle,1,2,3,0,2,672,448,224,448,0,672,224,0.833333,0.250000,0.333333,0.500000
milestone2/data/generated/images/train/train_000143.jpg,milestone2/data/generated/labels/train/train_000143.txt,train,Nikhil Kudupudi,5,1,images_OBJ012/OBJ012_091.jpeg,99fa07c94c4e63a4130d63aa714933c3,OBJ012,Computer Keyboard,11,2,3,0,1,672,448,224,224,0,448,224,0.500000,0.250000,0.333333,0.500000
milestone2/data/generated/images/train/train_000143.jpg,milestone2/data/generated/labels/train/train_000143.txt,train,Nikhil Kudupudi,5,2,images_OBJ026/OBJ026_001.jpg,d22e84d1b71e4062edc8bce282ad08de,OBJ026,Red Sox Cap,25,2,3,1,2,672,448,224,448,224,672,448,0.833333,0.750000,0.333333,0.500000
milestone2/data/generated/images/train/train_000143.jpg,milestone2/data/generated/labels/train/train_000143.txt,train,Nikhil Kudupudi,5,3,images_OBJ010/OBJ010_013.jpg,e4b2793a40edfb8fbcef3f555962e541,OBJ010,Nike sneakers,9,2,3,1,0,672,448,224,0,224,224,448,0.166667,0.750000,0.333333,0.500000
milestone2/data/generated/images/train/train_000143.jpg,milestone2/data/generated/labels/train/train_000143.txt,train,Nikhil Kudupudi,5,4,images_OBJ016/OBJ016_008.jpg,a2de05a143433a323e404dfd6f0538ff,OBJ016,Sandisk Portable SSD,15,2,3,0,0,672,448,224,0,0,224,224,0.166667,0.250000,0.333333,0.500000
milestone2/data/generated/images/train/train_000143.jpg,milestone2/data/generated/labels/train/train_000143.txt,train,Nikhil Kudupudi,5,5,images_OBJ021/OBJ021_066.jpg,edb3664be041ba77c87476c23681f1f9,OBJ021,Toy Bunny,20,2,3,1,1,672,448,224,224,224,448,448,0.500000,0.750000,0.333333,0.500000
milestone2/data/generated/images/train/train_000144.jpg,milestone2/data/generated/labels/train/train_000144.txt,train,Nikhil Kudupudi,5,1,images_OBJ042/OBJ042_015.jpg,0b8f70cc407df29df1736bb9c71b2847,OBJ042,Mouth guard case,41,2,3,0,0,672,448,224,0,0,224,224,0.166667,0.250000,0.333333,0.500000
milestone2/data/generated/images/train/train_000144.jpg,milestone2/data/generated/labels/train/train_000144.txt,train,Nikhil Kudupudi,5,2,images_OBJ068/OBJ068_069.jpg,b3efdddc756dc097e273e707c65ae0b4,OBJ068,Neck Pillow,67,2,3,1,2,672,448,224,448,224,672,448,0.833333,0.750000,0.333333,0.500000
milestone2/data/generated/images/train/train_000144.jpg,milestone2/data/generated/labels/train/train_000144.txt,train,Nikhil Kudupudi,5,3,images_OBJ031/OBJ031_070.jpg,4fe94ee9b84fc132cc04de089550ef0a,OBJ031,UNO card box,30,2,3,1,0,672,448,224,0,224,224,448,0.166667,0.750000,0.333333,0.500000
milestone2/data/generated/images/train/train_000144.jpg,milestone2/data/generated/labels/train/train_000144.txt,train,Nikhil Kudupudi,5,4,images_OBJ057/OBJ057_021.jpg,c9c2660a25f1a0d7d2fc498539db27c4,OBJ057,Power Bank,56,2,3,1,1,672,448,224,224,224,448,448,0.500000,0.750000,0.333333,0.500000
milestone2/data/generated/images/train/train_000144.jpg,milestone2/data/generated/labels/train/train_000144.txt,train,Nikhil Kudupudi,5,5,images_OBJ049/OBJ049_075.jpg,8dbbbc7fac321a0b5afed0c834fb65ff,OBJ049,Pickleball bat,48,2,3,0,2,672,448,224,448,0,672,224,0.833333,0.250000,0.333333,0.500000
milestone2/data/generated/images/train/train_000145.jpg,milestone2/data/generated/labels/train/train_000145.txt,train,Nikhil Kudupudi,4,1,images_OBJ065/OBJ065_044.jpg,255986502eb31c8eb94c49cd4a5b9471,OBJ065,Analog watch,64,2,2,1,1,448,448,224,224,224,448,448,0.750000,0.750000,0.500000,0.500000
milestone2/data/generated/images/train/train_000145.jpg,milestone2/data/generated/labels/train/train_000145.txt,train,Nikhil Kudupudi,4,2,images_OBJ027/OBJ027_076.jpg,235f2c17ca57b71339871f82227791f6,OBJ027,Tennis ball,26,2,2,1,0,448,448,224,0,224,224,448,0.250000,0.750000,0.500000,0.500000
milestone2/data/generated/images/train/train_000145.jpg,milestone2/data/generated/labels/train/train_000145.txt,train,Nikhil Kudupudi,4,3,images_OBJ058/OBJ058_003.jpg,0e9a6eb0fc999d43560a05246f6f6383,OBJ058,Footstool,57,2,2,0,0,448,448,224,0,0,224,224,0.250000,0.250000,0.500000,0.500000
milestone2/data/generated/images/train/train_000145.jpg,milestone2/data/generated/labels/train/train_000145.txt,train,Nikhil Kudupudi,4,4,images_OBJ035/OBJ035_070.jpg,27b3f72ad5338c7df06b7fa001c5a00b,OBJ035,Badminton racket,34,2,2,0,1,448,448,224,224,0,448,224,0.750000,0.250000,0.500000,0.500000
milestone2/data/generated/images/train/train_000146.jpg,milestone2/data/generated/labels/train/train_000146.txt,train,Nikhil Kudupudi,3,1,images_OBJ059/OBJ059_066.jpg,f9dd9583b206b51e507aaf099c9e8513,OBJ059,Comb,58,2,2,1,1,448,448,224,224,224,448,448,0.750000,0.750000,0.500000,0.500000
milestone2/data/generated/images/train/train_000146.jpg,milestone2/data/generated/labels/train/train_000146.txt,train,Nikhil Kudupudi,3,2,images_OBJ060/OBJ060_29.JPG,6a5cdf8328a50846a98e04c769da11c1,OBJ060,Sleep Mask,59,2,2,1,0,448,448,224,0,224,224,448,0.250000,0.750000,0.500000,0.500000
milestone2/data/generated/images/train/train_000146.jpg,milestone2/data/generated/labels/train/train_000146.txt,train,Nikhil Kudupudi,3,3,images_OBJ001/OBJ001_046.jpg,a1427e35fbdc0439f3a5f2a18cf55bce,OBJ001,Basketball,0,2,2,0,1,448,448,224,224,0,448,224,0.750000,0.250000,0.500000,0.500000
milestone2/data/generated/images/train/train_000147.jpg,milestone2/data/generated/labels/train/train_000147.txt,train,Nikhil Kudupudi,3,1,images_OBJ040/OBJ040_074.JPG,aac43d065d14b9cf21cec46d9a1c0236,OBJ040,Clutcher,39,2,2,0,1,448,448,224,224,0,448,224,0.750000,0.250000,0.500000,0.500000
milestone2/data/generated/images/train/train_000147.jpg,milestone2/data/generated/labels/train/train_000147.txt,train,Nikhil Kudupudi,3,2,images_OBJ039/OBJ039_077.jpg,910563ac85f5540c26d63efd61311527,OBJ039,Scissors,38,2,2,1,1,448,448,224,224,224,448,448,0.750000,0.750000,0.500000,0.500000
milestone2/data/generated/images/train/train_000147.jpg,milestone2/data/generated/labels/train/train_000147.txt,train,Nikhil Kudupudi,3,3,images_OBJ023/OBJ023_043.JPG,c482963fbd419177505a85a2feced410,OBJ023,Bracelet,22,2,2,0,0,448,448,224,0,0,224,224,0.250000,0.250000,0.500000,0.500000
milestone2/data/generated/images/train/train_000148.jpg,milestone2/data/generated/labels/train/train_000148.txt,train,Nikhil Kudupudi,4,1,images_OBJ031/OBJ031_088.jpg,5f6508aa520058a8823db22e36894668,OBJ031,UNO card box,30,2,2,1,1,448,448,224,224,224,448,448,0.750000,0.750000,0.500000,0.500000
milestone2/data/generated/images/train/train_000148.jpg,milestone2/data/generated/labels/train/train_000148.txt,train,Nikhil Kudupudi,4,2,images_OBJ027/OBJ027_039.jpg,ea69695ddd353864b426578ee269d4ec,OBJ027,Tennis ball,26,2,2,0,0,448,448,224,0,0,224,224,0.250000,0.250000,0.500000,0.500000
milestone2/data/generated/images/train/train_000148.jpg,milestone2/data/generated/labels/train/train_000148.txt,train,Nikhil Kudupudi,4,3,images_OBJ007/OBJ007_047.jpg,af6fdf242752bdb1970815662bfb03a2,OBJ007,Apple,6,2,2,1,0,448,448,224,0,224,224,448,0.250000,0.750000,0.500000,0.500000
milestone2/data/generated/images/train/train_000148.jpg,milestone2/data/generated/labels/train/train_000148.txt,train,Nikhil Kudupudi,4,4,images_OBJ067/OBJ067_0083.jpg,f6111081d89885948fe85a8e7d642be5,OBJ067,Men's Wallet,66,2,2,0,1,448,448,224,224,0,448,224,0.750000,0.250000,0.500000,0.500000
milestone2/data/generated/images/train/train_000149.jpg,milestone2/data/generated/labels/train/train_000149.txt,train,Nikhil Kudupudi,3,1,images_OBJ060/OBJ060_78.JPG,0f35c79a3894f489dfe52c06a479876e,OBJ060,Sleep Mask,59,2,2,0,1,448,448,224,224,0,448,224,0.750000,0.250000,0.500000,0.500000
milestone2/data/generated/images/train/train_000149.jpg,milestone2/data/generated/labels/train/train_000149.txt,train,Nikhil Kudupudi,3,2,images_OBJ019/OBJ019_046.jpg,66e4b7d4df2e01b4e84f5b15bb10c025,OBJ019,Plant,18,2,2,0,0,448,448,224,0,0,224,224,0.250000,0.250000,0.500000,0.500000
milestone2/data/generated/images/train/train_000149.jpg,milestone2/data/generated/labels/train/train_000149.txt,train,Nikhil Kudupudi,3,3,images_OBJ011/OBJ011_018.jpg,89c42d35aebd1d5e6f81b1d283131869,OBJ011,Mug,10,2,2,1,0,448,448,224,0,224,224,448,0.250000,0.750000,0.500000,0.500000
milestone2/data/generated/images/train/train_000150.jpg,milestone2/data/generated/labels/train/train_000150.txt,train,Nikhil Kudupudi,5,1,images_OBJ015/OBJ015_062.jpg,3315a28b490251043966d156a86ab094,OBJ015,Water Tumbler,14,2,3,1,0,672,448,224,0,224,224,448,0.166667,0.750000,0.333333,0.500000
milestone2/data/generated/images/train/train_000150.jpg,milestone2/data/generated/labels/train/train_000150.txt,train,Nikhil Kudupudi,5,2,images_OBJ001/OBJ001_025.jpg,98a6f2beec5a5f54528ab8b969a74ce8,OBJ001,Basketball,0,2,3,0,1,672,448,224,224,0,448,224,0.500000,0.250000,0.333333,0.500000
milestone2/data/generated/images/train/train_000150.jpg,milestone2/data/generated/labels/train/train_000150.txt,train,Nikhil Kudupudi,5,3,images_OBJ047/OBJ047_031.jpg,827fb84106c1157697a6b4e34d84d5da,OBJ047,Backpack,46,2,3,1,1,672,448,224,224,224,448,448,0.500000,0.750000,0.333333,0.500000
milestone2/data/generated/images/train/train_000150.jpg,milestone2/data/generated/labels/train/train_000150.txt,train,Nikhil Kudupudi,5,4,images_OBJ041/OBJ041_051.jpg,abcdab30167f56632e33c6be5956ec43,OBJ041,Table fan,40,2,3,0,0,672,448,224,0,0,224,224,0.166667,0.250000,0.333333,0.500000
milestone2/data/generated/images/train/train_000150.jpg,milestone2/data/generated/labels/train/train_000150.txt,train,Nikhil Kudupudi,5,5,images_OBJ066/OBJ066_051.jpg,1312fe276160294f96d8b46c5920692a,OBJ066,Hair oil,65,2,3,1,2,672,448,224,448,224,672,448,0.833333,0.750000,0.333333,0.500000
milestone2/data/generated/images/train/train_000151.jpg,milestone2/data/generated/labels/train/train_000151.txt,train,Nikhil Kudupudi,3,1,images_OBJ003/OBJ003_065.jpg,45bf9c6926bdae70a51ba013aae0bd71,OBJ003,NoteBook,2,2,2,0,1,448,448,224,224,0,448,224,0.750000,0.250000,0.500000,0.500000
milestone2/data/generated/images/train/train_000151.jpg,milestone2/data/generated/labels/train/train_000151.txt,train,Nikhil Kudupudi,3,2,images_OBJ053/OBJ053_051.jpg,3ed5b5cac2681431fcc237204e7bde89,OBJ053,Moisturizer,52,2,2,1,1,448,448,224,224,224,448,448,0.750000,0.750000,0.500000,0.500000
milestone2/data/generated/images/train/train_000151.jpg,milestone2/data/generated/labels/train/train_000151.txt,train,Nikhil Kudupudi,3,3,images_OBJ050/OBJ050_012.jpg,06670a4f4a4bd7d15eea3331409d3a3f,OBJ050,Hairbrush,49,2,2,1,0,448,448,224,0,224,224,448,0.250000,0.750000,0.500000,0.500000
milestone2/data/generated/images/train/train_000152.jpg,milestone2/data/generated/labels/train/train_000152.txt,train,Nikhil Kudupudi,5,1,images_OBJ071/OBJ071_040.jpg,0e556af270dc465078483a46db565156,OBJ071,Sloth Plushie,70,2,3,1,2,672,448,224,448,224,672,448,0.833333,0.750000,0.333333,0.500000
milestone2/data/generated/images/train/train_000152.jpg,milestone2/data/generated/labels/train/train_000152.txt,train,Nikhil Kudupudi,5,2,images_OBJ063/OBJ063_058.jpg,84449fc7c2d10d803d72d0b663f92f31,OBJ063,Measuring Bottle,62,2,3,0,0,672,448,224,0,0,224,224,0.166667,0.250000,0.333333,0.500000
milestone2/data/generated/images/train/train_000152.jpg,milestone2/data/generated/labels/train/train_000152.txt,train,Nikhil Kudupudi,5,3,images_OBJ030/OBJ030_025.jpg,206401cca046bc319ee26aa07e1f600b,OBJ030,Tennis racket,29,2,3,1,0,672,448,224,0,224,224,448,0.166667,0.750000,0.333333,0.500000
milestone2/data/generated/images/train/train_000152.jpg,milestone2/data/generated/labels/train/train_000152.txt,train,Nikhil Kudupudi,5,4,images_OBJ068/OBJ068_041.jpg,b608862ac3cf890cb882b6a7a5517dbb,OBJ068,Neck Pillow,67,2,3,0,1,672,448,224,224,0,448,224,0.500000,0.250000,0.333333,0.500000
milestone2/data/generated/images/train/train_000152.jpg,milestone2/data/generated/labels/train/train_000152.txt,train,Nikhil Kudupudi,5,5,images_OBJ008/OBJ008_023.jpg,ce304d58891526111cba99198fab4e01,OBJ008,Cat,7,2,3,1,1,672,448,224,224,224,448,448,0.500000,0.750000,0.333333,0.500000
milestone2/data/generated/images/train/train_000153.jpg,milestone2/data/generated/labels/train/train_000153.txt,train,Nikhil Kudupudi,4,1,images_OBJ056/OBJ056_095.jpg,4c994ab31a6c8c912de58e7fa73f112c,OBJ056,Trader Joe's Bag,55,2,2,0,1,448,448,224,224,0,448,224,0.750000,0.250000,0.500000,0.500000
milestone2/data/generated/images/train/train_000153.jpg,milestone2/data/generated/labels/train/train_000153.txt,train,Nikhil Kudupudi,4,2,images_OBJ045/OBJ045_055.jpg,98b377e6dcdd9776bc8762a1d30dc5a2,OBJ045,Wayfarer Sunglasses,44,2,2,1,1,448,448,224,224,224,448,448,0.750000,0.750000,0.500000,0.500000
milestone2/data/generated/images/train/train_000153.jpg,milestone2/data/generated/labels/train/train_000153.txt,train,Nikhil Kudupudi,4,3,images_OBJ073/OBJ073_064.jpg,dd04eb56a7bc3b6a680da25ba337935e,OBJ073,Bowl,72,2,2,0,0,448,448,224,0,0,224,224,0.250000,0.250000,0.500000,0.500000
milestone2/data/generated/images/train/train_000153.jpg,milestone2/data/generated/labels/train/train_000153.txt,train,Nikhil Kudupudi,4,4,images_OBJ021/OBJ021_084.jpg,b5fdcd968e5a8d11864ab1981349cfe0,OBJ021,Toy Bunny,20,2,2,1,0,448,448,224,0,224,224,448,0.250000,0.750000,0.500000,0.500000
milestone2/data/generated/images/train/train_000154.jpg,milestone2/data/generated/labels/train/train_000154.txt,train,Nikhil Kudupudi,4,1,images_OBJ033/OBJ033_034.jpg,12f7281657603087e34a04676c200e98,OBJ033,Duck,32,2,2,0,0,448,448,224,0,0,224,224,0.250000,0.250000,0.500000,0.500000
milestone2/data/generated/images/train/train_000154.jpg,milestone2/data/generated/labels/train/train_000154.txt,train,Nikhil Kudupudi,4,2,images_OBJ072/OBJ072_035.jpg,e9236787fbb06f2d935d0c111aae7396,OBJ072,Dog,71,2,2,1,1,448,448,224,224,224,448,448,0.750000,0.750000,0.500000,0.500000
milestone2/data/generated/images/train/train_000154.jpg,milestone2/data/generated/labels/train/train_000154.txt,train,Nikhil Kudupudi,4,3,images_OBJ037/OBJ037_056.jpg,19e6ab1dda17a565c4364db53aaf6ce8,OBJ037,Candle,36,2,2,0,1,448,448,224,224,0,448,224,0.750000,0.250000,0.500000,0.500000
milestone2/data/generated/images/train/train_000154.jpg,milestone2/data/generated/labels/train/train_000154.txt,train,Nikhil Kudupudi,4,4,images_OBJ049/OBJ049_099.jpg,bc0234cdc227e743190b5036c986bc69,OBJ049,Pickleball bat,48,2,2,1,0,448,448,224,0,224,224,448,0.250000,0.750000,0.500000,0.500000
milestone2/data/generated/images/train/train_000155.jpg,milestone2/data/generated/labels/train/train_000155.txt,train,Nikhil Kudupudi,3,1,images_OBJ002/OBJ002_048.jpg,5ace4dfcc65f6445a216ac69e37fbbde,OBJ002,Water bottle,1,2,2,1,0,448,448,224,0,224,224,448,0.250000,0.750000,0.500000,0.500000
milestone2/data/generated/images/train/train_000155.jpg,milestone2/data/generated/labels/train/train_000155.txt,train,Nikhil Kudupudi,3,2,images_OBJ013/OBJ013_029.jpg,883c0c65a84d9ebf6d7dcab3ab602cdc,OBJ013,Mobile phone,12,2,2,0,1,448,448,224,224,0,448,224,0.750000,0.250000,0.500000,0.500000
milestone2/data/generated/images/train/train_000155.jpg,milestone2/data/generated/labels/train/train_000155.txt,train,Nikhil Kudupudi,3,3,images_OBJ004/OBJ004_056.jpg,e1a8795eaec9037d60176473d071a477,OBJ004,Toy Car,3,2,2,0,0,448,448,224,0,0,224,224,0.250000,0.250000,0.500000,0.500000
milestone2/data/generated/images/train/train_000156.jpg,milestone2/data/generated/labels/train/train_000156.txt,train,Nikhil Kudupudi,3,1,images_OBJ070/OBJ070_024.jpg,4d1f9ae097f3c68829282083da01c1a9,OBJ070,Astronaut projector,69,2,2,1,1,448,448,224,224,224,448,448,0.750000,0.750000,0.500000,0.500000
milestone2/data/generated/images/train/train_000156.jpg,milestone2/data/generated/labels/train/train_000156.txt,train,Nikhil Kudupudi,3,2,images_OBJ042/OBJ042_032.jpg,be7674249f1936126dac5c65b22ab06d,OBJ042,Mouth guard case,41,2,2,0,0,448,448,224,0,0,224,224,0.250000,0.250000,0.500000,0.500000
milestone2/data/generated/images/train/train_000156.jpg,milestone2/data/generated/labels/train/train_000156.txt,train,Nikhil Kudupudi,3,3,images_OBJ038/OBJ038_025.jpg,d8bcab61d4dce2df1a5994c95a409f70,OBJ038,Perfume bottle,37,2,2,1,0,448,448,224,0,224,224,448,0.250000,0.750000,0.500000,0.500000
milestone2/data/generated/images/train/train_000157.jpg,milestone2/data/generated/labels/train/train_000157.txt,train,Nikhil Kudupudi,5,1,images_OBJ024/OBJ024_094.jpg,6baf0906b13fba2ac22702af6fad3496,OBJ024,Plush doll,23,2,3,1,1,672,448,224,224,224,448,448,0.500000,0.750000,0.333333,0.500000
milestone2/data/generated/images/train/train_000157.jpg,milestone2/data/generated/labels/train/train_000157.txt,train,Nikhil Kudupudi,5,2,images_OBJ051/OBJ051_004.jpg,3697d95e43be0ce514c57a99d4ba9eb0,OBJ051,Tissue,50,2,3,0,2,672,448,224,448,0,672,224,0.833333,0.250000,0.333333,0.500000
milestone2/data/generated/images/train/train_000157.jpg,milestone2/data/generated/labels/train/train_000157.txt,train,Nikhil Kudupudi,5,3,images_OBJ025/OBJ025_013.jpg,cb39f173e0ced16718cf1a6067d1636b,OBJ025,Watch,24,2,3,0,0,672,448,224,0,0,224,224,0.166667,0.250000,0.333333,0.500000
milestone2/data/generated/images/train/train_000157.jpg,milestone2/data/generated/labels/train/train_000157.txt,train,Nikhil Kudupudi,5,4,images_OBJ006/OBJ006_034.jpg,8573904c5929c44ac5d2968113903180,OBJ006,Capybara Toy,5,2,3,1,0,672,448,224,0,224,224,448,0.166667,0.750000,0.333333,0.500000
milestone2/data/generated/images/train/train_000157.jpg,milestone2/data/generated/labels/train/train_000157.txt,train,Nikhil Kudupudi,5,5,images_OBJ020/OBJ020_022.jpg,5ff5cc1c258df9d437427ced5d8ad3d9,OBJ020,Airpod,19,2,3,0,1,672,448,224,224,0,448,224,0.500000,0.250000,0.333333,0.500000
milestone2/data/generated/images/train/train_000158.jpg,milestone2/data/generated/labels/train/train_000158.txt,train,Nikhil Kudupudi,5,1,images_OBJ028/OBJ028_002.jpg,189bb023e5e11b3db3359cf090ccb4f4,OBJ028,Banana,27,2,3,0,1,672,448,224,224,0,448,224,0.500000,0.250000,0.333333,0.500000
milestone2/data/generated/images/train/train_000158.jpg,milestone2/data/generated/labels/train/train_000158.txt,train,Nikhil Kudupudi,5,2,images_OBJ043/OBJ043_089.jpg,80248f7ccb7a45fe113bcfe8feaf1a2b,OBJ043,Swimming Goggles,42,2,3,0,0,672,448,224,0,0,224,224,0.166667,0.250000,0.333333,0.500000
milestone2/data/generated/images/train/train_000158.jpg,milestone2/data/generated/labels/train/train_000158.txt,train,Nikhil Kudupudi,5,3,images_OBJ057/OBJ057_039.jpg,090747c463cd27a51ec1cf6258301789,OBJ057,Power Bank,56,2,3,1,2,672,448,224,448,224,672,448,0.833333,0.750000,0.333333,0.500000
milestone2/data/generated/images/train/train_000158.jpg,milestone2/data/generated/labels/train/train_000158.txt,train,Nikhil Kudupudi,5,4,images_OBJ058/OBJ058_080.jpg,639fda3a88b258f4a1f03178b12238f0,OBJ058,Footstool,57,2,3,0,2,672,448,224,448,0,672,224,0.833333,0.250000,0.333333,0.500000
milestone2/data/generated/images/train/train_000158.jpg,milestone2/data/generated/labels/train/train_000158.txt,train,Nikhil Kudupudi,5,5,images_OBJ012/OBJ012_042.jpg,5afae998b21244136c51a5ca2ab3784b,OBJ012,Computer Keyboard,11,2,3,1,0,672,448,224,0,224,224,448,0.166667,0.750000,0.333333,0.500000
milestone2/data/generated/images/train/train_000159.jpg,milestone2/data/generated/labels/train/train_000159.txt,train,Nikhil Kudupudi,5,1,images_OBJ055/OBJ055_002.jpg,cc7a403ec5d6bda71e6eb477bfb0154a,OBJ055,Scientific Calculator,54,2,3,0,2,672,448,224,448,0,672,224,0.833333,0.250000,0.333333,0.500000
milestone2/data/generated/images/train/train_000159.jpg,milestone2/data/generated/labels/train/train_000159.txt,train,Nikhil Kudupudi,5,2,images_OBJ069/OBJ069_055.jpg,2ea8fd726d5363aa6364f4abcb89c3f9,OBJ069,Knife,68,2,3,1,2,672,448,224,448,224,672,448,0.833333,0.750000,0.333333,0.500000
milestone2/data/generated/images/train/train_000159.jpg,milestone2/data/generated/labels/train/train_000159.txt,train,Nikhil Kudupudi,5,3,images_OBJ035/OBJ035_044.jpg,c17f2b6d69df3a797d1c6f2f06c0f06f,OBJ035,Badminton racket,34,2,3,0,0,672,448,224,0,0,224,224,0.166667,0.250000,0.333333,0.500000
milestone2/data/generated/images/train/train_000159.jpg,milestone2/data/generated/labels/train/train_000159.txt,train,Nikhil Kudupudi,5,4,images_OBJ005/OBJ005_018.jpg,091e6d57403ef5680fd88acb9c341ec0,OBJ005,Computer mouse,4,2,3,1,1,672,448,224,224,224,448,448,0.500000,0.750000,0.333333,0.500000
milestone2/data/generated/images/train/train_000159.jpg,milestone2/data/generated/labels/train/train_000159.txt,train,Nikhil Kudupudi,5,5,images_OBJ052/OBJ052_015.jpg,5d111e73e27dac38d2528414e59c7ac4,OBJ052,Spoon,51,2,3,0,1,672,448,224,224,0,448,224,0.500000,0.250000,0.333333,0.500000
milestone2/data/generated/images/train/train_000160.jpg,milestone2/data/generated/labels/train/train_000160.txt,train,Nikhil Kudupudi,4,1,images_OBJ054/OBJ054_033.jpg,675089851e34fbd02ee74e5a31eaa80f,OBJ054,Purse,53,2,2,1,1,448,448,224,224,224,448,448,0.750000,0.750000,0.500000,0.500000
milestone2/data/generated/images/train/train_000160.jpg,milestone2/data/generated/labels/train/train_000160.txt,train,Nikhil Kudupudi,4,2,images_OBJ062/OBJ062_035.jpg,967fe3aafc332698a5afbd6356537e0d,OBJ062,Headphones,61,2,2,1,0,448,448,224,0,224,224,448,0.250000,0.750000,0.500000,0.500000
milestone2/data/generated/images/train/train_000160.jpg,milestone2/data/generated/labels/train/train_000160.txt,train,Nikhil Kudupudi,4,3,images_OBJ032/OBJ032_072.jpg,da78827ff8ea1e8cca0144a9427709bf,OBJ032,Sound Card,31,2,2,0,1,448,448,224,224,0,448,224,0.750000,0.250000,0.500000,0.500000
milestone2/data/generated/images/train/train_000160.jpg,milestone2/data/generated/labels/train/train_000160.txt,train,Nikhil Kudupudi,4,4,images_OBJ044/OBJ044_080.jpg,d0b38036f77fe131637d44d0035a9e1f,OBJ044,Anime Figurine,43,2,2,0,0,448,448,224,0,0,224,224,0.250000,0.250000,0.500000,0.500000
milestone2/data/generated/images/train/train_000161.jpg,milestone2/data/generated/labels/train/train_000161.txt,train,Nikhil Kudupudi,3,1,images_OBJ029/OBJ029_092.jpg,e306f663c5ecb842a476218c98d666e5,OBJ029,Orange,28,2,2,1,1,448,448,224,224,224,448,448,0.750000,0.750000,0.500000,0.500000
milestone2/data/generated/images/train/train_000161.jpg,milestone2/data/generated/labels/train/train_000161.txt,train,Nikhil Kudupudi,3,2,images_OBJ016/OBJ016_032.jpg,168eaf7398c562bdabc498f92a785e85,OBJ016,Sandisk Portable SSD,15,2,2,0,1,448,448,224,224,0,448,224,0.750000,0.250000,0.500000,0.500000
milestone2/data/generated/images/train/train_000161.jpg,milestone2/data/generated/labels/train/train_000161.txt,train,Nikhil Kudupudi,3,3,images_OBJ017/OBJ017_003.jpg,bd6fecfab436c507c5bfd7cc799fad82,OBJ017,Controller,16,2,2,1,0,448,448,224,0,224,224,448,0.250000,0.750000,0.500000,0.500000
milestone2/data/generated/images/train/train_000162.jpg,milestone2/data/generated/labels/train/train_000162.txt,train,Nikhil Kudupudi,3,1,images_OBJ048/OBJ048_010.jpg,5573e9a4868d2f0dce5f43cf754de6cf,OBJ048,Wireless powerbank,47,2,2,0,0,448,448,224,0,0,224,224,0.250000,0.250000,0.500000,0.500000
milestone2/data/generated/images/train/train_000162.jpg,milestone2/data/generated/labels/train/train_000162.txt,train,Nikhil Kudupudi,3,2,images_OBJ010/OBJ010_005.jpg,d46340f1ca95cd961db1db88adc9b758,OBJ010,Nike sneakers,9,2,2,1,0,448,448,224,0,224,224,448,0.250000,0.750000,0.500000,0.500000
milestone2/data/generated/images/train/train_000162.jpg,milestone2/data/generated/labels/train/train_000162.txt,train,Nikhil Kudupudi,3,3,images_OBJ009/OBJ009_078.jpg,e8b4101d7d8ec3210efa7727e41b4a2b,OBJ009,Marshall Speaker,8,2,2,0,1,448,448,224,224,0,448,224,0.750000,0.250000,0.500000,0.500000
milestone2/data/generated/images/train/train_000163.jpg,milestone2/data/generated/labels/train/train_000163.txt,train,Nikhil Kudupudi,3,1,images_OBJ064/OBJ064_067.jpg,cb852803a17237053b36e072a567c6ba,OBJ064,RGB Projector,63,2,2,0,1,448,448,224,224,0,448,224,0.750000,0.250000,0.500000,0.500000
milestone2/data/generated/images/train/train_000163.jpg,milestone2/data/generated/labels/train/train_000163.txt,train,Nikhil Kudupudi,3,2,images_OBJ014/OBJ014_088.jpeg,9b72b1cbf823167f68f1ebf1de4193b5,OBJ014,Sunglasses,13,2,2,0,0,448,448,224,0,0,224,224,0.250000,0.250000,0.500000,0.500000
milestone2/data/generated/images/train/train_000163.jpg,milestone2/data/generated/labels/train/train_000163.txt,train,Nikhil Kudupudi,3,3,images_OBJ046/OBJ046_081.jpg,961da86b626b6021bf1387e4e95ff021,OBJ046,iWatch,45,2,2,1,1,448,448,224,224,224,448,448,0.750000,0.750000,0.500000,0.500000
milestone2/data/generated/images/train/train_000164.jpg,milestone2/data/generated/labels/train/train_000164.txt,train,Nikhil Kudupudi,3,1,images_OBJ034/OBJ034_074.jpg,5cd1564effa76985c17409f00cbb46b8,OBJ034,Table Tennis Racket,33,2,2,1,0,448,448,224,0,224,224,448,0.250000,0.750000,0.500000,0.500000
milestone2/data/generated/images/train/train_000164.jpg,milestone2/data/generated/labels/train/train_000164.txt,train,Nikhil Kudupudi,3,2,images_OBJ026/OBJ026_048.jpg,101fe57f3e4e2e13382087d14cb4cfd7,OBJ026,Red Sox Cap,25,2,2,0,1,448,448,224,224,0,448,224,0.750000,0.250000,0.500000,0.500000
milestone2/data/generated/images/train/train_000164.jpg,milestone2/data/generated/labels/train/train_000164.txt,train,Nikhil Kudupudi,3,3,images_OBJ059/OBJ059_055.jpg,7a2cef11451c1751808081d072174256,OBJ059,Comb,58,2,2,0,0,448,448,224,0,0,224,224,0.250000,0.250000,0.500000,0.500000
milestone2/data/generated/images/train/train_000165.jpg,milestone2/data/generated/labels/train/train_000165.txt,train,Nikhil Kudupudi,4,1,images_OBJ036/OBJ036_041.jpg,e30f48bbf2a5a704352ef8e08bf079d0,OBJ036,Pencil case,35,2,2,0,1,448,448,224,224,0,448,224,0.750000,0.250000,0.500000,0.500000
milestone2/data/generated/images/train/train_000165.jpg,milestone2/data/generated/labels/train/train_000165.txt,train,Nikhil Kudupudi,4,2,images_OBJ022/OBJ022_016.jpeg,34c04cf6554e2344b2d0cc67126dbf96,OBJ022,Guitar,21,2,2,1,0,448,448,224,0,224,224,448,0.250000,0.750000,0.500000,0.500000
milestone2/data/generated/images/train/train_000165.jpg,milestone2/data/generated/labels/train/train_000165.txt,train,Nikhil Kudupudi,4,3,images_OBJ065/OBJ065_037.jpg,ccf69d790a98e6fc70e68bc0b3b477d4,OBJ065,Analog watch,64,2,2,0,0,448,448,224,0,0,224,224,0.250000,0.250000,0.500000,0.500000
milestone2/data/generated/images/train/train_000165.jpg,milestone2/data/generated/labels/train/train_000165.txt,train,Nikhil Kudupudi,4,4,images_OBJ061/OBJ061_032.jpg,7a4b39cb46574ebcc4f9e80cf40cec56,OBJ061,Card wallet,60,2,2,1,1,448,448,224,224,224,448,448,0.750000,0.750000,0.500000,0.500000
milestone2/data/generated/images/train/train_000166.jpg,milestone2/data/generated/labels/train/train_000166.txt,train,Nikhil Kudupudi,3,1,images_OBJ018/OBJ018_017.jpg,17b464098d2c3f327585ecc3795b9c09,OBJ018,Rubiks cube,17,2,2,1,0,448,448,224,0,224,224,448,0.250000,0.750000,0.500000,0.500000
milestone2/data/generated/images/train/train_000166.jpg,milestone2/data/generated/labels/train/train_000166.txt,train,Nikhil Kudupudi,3,2,images_OBJ011/OBJ011_028.jpg,aa53c7347db659b0e2b85022494c5e5b,OBJ011,Mug,10,2,2,0,0,448,448,224,0,0,224,224,0.250000,0.250000,0.500000,0.500000
milestone2/data/generated/images/train/train_000166.jpg,milestone2/data/generated/labels/train/train_000166.txt,train,Nikhil Kudupudi,3,3,images_OBJ003/OBJ003_095.jpg,e898bb09ee6d520cec32ea43a6ef1ef7,OBJ003,NoteBook,2,2,2,1,1,448,448,224,224,224,448,448,0.750000,0.750000,0.500000,0.500000
milestone2/data/generated/images/train/train_000167.jpg,milestone2/data/generated/labels/train/train_000167.txt,train,Nikhil Kudupudi,5,1,images_OBJ036/OBJ036_016.jpg,50af98616019a039ba625719f1627346,OBJ036,Pencil case,35,2,3,1,0,672,448,224,0,224,224,448,0.166667,0.750000,0.333333,0.500000
milestone2/data/generated/images/train/train_000167.jpg,milestone2/data/generated/labels/train/train_000167.txt,train,Nikhil Kudupudi,5,2,images_OBJ067/OBJ067_0003.jpg,0202b20c05b6e7af4a594503f00cfc70,OBJ067,Men's Wallet,66,2,3,0,1,672,448,224,224,0,448,224,0.500000,0.250000,0.333333,0.500000
milestone2/data/generated/images/train/train_000167.jpg,milestone2/data/generated/labels/train/train_000167.txt,train,Nikhil Kudupudi,5,3,images_OBJ072/OBJ072_075.jpg,d65bdfd232075d4e9a25e1f80e44fa48,OBJ072,Dog,71,2,3,1,2,672,448,224,448,224,672,448,0.833333,0.750000,0.333333,0.500000
milestone2/data/generated/images/train/train_000167.jpg,milestone2/data/generated/labels/train/train_000167.txt,train,Nikhil Kudupudi,5,4,images_OBJ053/OBJ053_055.jpg,823163bf4ba5ef23ca82aa8fa84545ad,OBJ053,Moisturizer,52,2,3,0,0,672,448,224,0,0,224,224,0.166667,0.250000,0.333333,0.500000
milestone2/data/generated/images/train/train_000167.jpg,milestone2/data/generated/labels/train/train_000167.txt,train,Nikhil Kudupudi,5,5,images_OBJ022/OBJ022_029.jpeg,9c74096bbd42b9bd74a32d62bdf45504,OBJ022,Guitar,21,2,3,1,1,672,448,224,224,224,448,448,0.500000,0.750000,0.333333,0.500000
milestone2/data/generated/images/train/train_000168.jpg,milestone2/data/generated/labels/train/train_000168.txt,train,Nikhil Kudupudi,3,1,images_OBJ004/OBJ004_060.jpg,62d88da0a11ec9ded9d8fa98f9524952,OBJ004,Toy Car,3,2,2,0,1,448,448,224,224,0,448,224,0.750000,0.250000,0.500000,0.500000
milestone2/data/generated/images/train/train_000168.jpg,milestone2/data/generated/labels/train/train_000168.txt,train,Nikhil Kudupudi,3,2,images_OBJ041/OBJ041_063.jpg,c2d6345d306e5507b7c7b83d8e4e4a1e,OBJ041,Table fan,40,2,2,0,0,448,448,224,0,0,224,224,0.250000,0.250000,0.500000,0.500000
milestone2/data/generated/images/train/train_000168.jpg,milestone2/data/generated/labels/train/train_000168.txt,train,Nikhil Kudupudi,3,3,images_OBJ066/OBJ066_035.jpg,d34e3c8d663d34f52d86aa8d99a788b4,OBJ066,Hair oil,65,2,2,1,1,448,448,224,224,224,448,448,0.750000,0.750000,0.500000,0.500000
milestone2/data/generated/images/train/train_000169.jpg,milestone2/data/generated/labels/train/train_000169.txt,train,Nikhil Kudupudi,4,1,images_OBJ028/OBJ028_043.jpg,c790d90d77b70e274ab8fccb3268f7bf,OBJ028,Banana,27,2,2,0,0,448,448,224,0,0,224,224,0.250000,0.250000,0.500000,0.500000
milestone2/data/generated/images/train/train_000169.jpg,milestone2/data/generated/labels/train/train_000169.txt,train,Nikhil Kudupudi,4,2,images_OBJ018/OBJ018_027.jpg,7c14f01726f676055c648f959004a8bf,OBJ018,Rubiks cube,17,2,2,1,0,448,448,224,0,224,224,448,0.250000,0.750000,0.500000,0.500000
milestone2/data/generated/images/train/train_000169.jpg,milestone2/data/generated/labels/train/train_000169.txt,train,Nikhil Kudupudi,4,3,images_OBJ033/OBJ033_069.jpg,49e1635a2f515e83e05312f661847546,OBJ033,Duck,32,2,2,0,1,448,448,224,224,0,448,224,0.750000,0.250000,0.500000,0.500000
milestone2/data/generated/images/train/train_000169.jpg,milestone2/data/generated/labels/train/train_000169.txt,train,Nikhil Kudupudi,4,4,images_OBJ044/OBJ044_074.jpg,0610691c2f617d7f46c8dd5c1ccb5370,OBJ044,Anime Figurine,43,2,2,1,1,448,448,224,224,224,448,448,0.750000,0.750000,0.500000,0.500000
milestone2/data/generated/images/train/train_000170.jpg,milestone2/data/generated/labels/train/train_000170.txt,train,Nikhil Kudupudi,3,1,images_OBJ058/OBJ058_076.jpg,3765bb0e6074d2bccb4162f1e99adeae,OBJ058,Footstool,57,2,2,0,1,448,448,224,224,0,448,224,0.750000,0.250000,0.500000,0.500000
milestone2/data/generated/images/train/train_000170.jpg,milestone2/data/generated/labels/train/train_000170.txt,train,Nikhil Kudupudi,3,2,images_OBJ040/OBJ040_037.JPG,e0eeb87134a794bceee2179aaf8681a6,OBJ040,Clutcher,39,2,2,0,0,448,448,224,0,0,224,224,0.250000,0.250000,0.500000,0.500000
milestone2/data/generated/images/train/train_000170.jpg,milestone2/data/generated/labels/train/train_000170.txt,train,Nikhil Kudupudi,3,3,images_OBJ062/OBJ062_036.jpg,b9b7ba86108de6ccc6f9b5489a0de3c2,OBJ062,Headphones,61,2,2,1,0,448,448,224,0,224,224,448,0.250000,0.750000,0.500000,0.500000
milestone2/data/generated/images/train/train_000171.jpg,milestone2/data/generated/labels/train/train_000171.txt,train,Nikhil Kudupudi,4,1,images_OBJ030/OBJ030_018.jpg,b0e7744deed630fd41cf255946b09aa0,OBJ030,Tennis racket,29,2,2,1,0,448,448,224,0,224,224,448,0.250000,0.750000,0.500000,0.500000
milestone2/data/generated/images/train/train_000171.jpg,milestone2/data/generated/labels/train/train_000171.txt,train,Nikhil Kudupudi,4,2,images_OBJ071/OBJ071_072.jpg,9e01d08e3b67a8711117a2f0a2e379a6,OBJ071,Sloth Plushie,70,2,2,0,1,448,448,224,224,0,448,224,0.750000,0.250000,0.500000,0.500000
milestone2/data/generated/images/train/train_000171.jpg,milestone2/data/generated/labels/train/train_000171.txt,train,Nikhil Kudupudi,4,3,images_OBJ073/OBJ073_024.jpg,d69c5044726acb897351ce16e86153f2,OBJ073,Bowl,72,2,2,0,0,448,448,224,0,0,224,224,0.250000,0.250000,0.500000,0.500000
milestone2/data/generated/images/train/train_000171.jpg,milestone2/data/generated/labels/train/train_000171.txt,train,Nikhil Kudupudi,4,4,images_OBJ025/OBJ025_009.jpg,f8b1a7ca778754c16354c9e753b1c570,OBJ025,Watch,24,2,2,1,1,448,448,224,224,224,448,448,0.750000,0.750000,0.500000,0.500000
milestone2/data/generated/images/train/train_000172.jpg,milestone2/data/generated/labels/train/train_000172.txt,train,Nikhil Kudupudi,4,1,images_OBJ029/OBJ029_022.jpg,3953ea79b1b86330d839ca241c861296,OBJ029,Orange,28,2,2,1,1,448,448,224,224,224,448,448,0.750000,0.750000,0.500000,0.500000
milestone2/data/generated/images/train/train_000172.jpg,milestone2/data/generated/labels/train/train_000172.txt,train,Nikhil Kudupudi,4,2,images_OBJ027/OBJ027_062.jpg,64784a41d43d1a6d2afb8c4d8c057ef2,OBJ027,Tennis ball,26,2,2,1,0,448,448,224,0,224,224,448,0.250000,0.750000,0.500000,0.500000
milestone2/data/generated/images/train/train_000172.jpg,milestone2/data/generated/labels/train/train_000172.txt,train,Nikhil Kudupudi,4,3,images_OBJ024/OBJ024_039.jpg,86e4f589aa7ec021247208438817902a,OBJ024,Plush doll,23,2,2,0,0,448,448,224,0,0,224,224,0.250000,0.250000,0.500000,0.500000
milestone2/data/generated/images/train/train_000172.jpg,milestone2/data/generated/labels/train/train_000172.txt,train,Nikhil Kudupudi,4,4,images_OBJ037/OBJ037_073.jpg,3c7b92424009de7b417943d6ee2e616b,OBJ037,Candle,36,2,2,0,1,448,448,224,224,0,448,224,0.750000,0.250000,0.500000,0.500000
milestone2/data/generated/images/train/train_000173.jpg,milestone2/data/generated/labels/train/train_000173.txt,train,Nikhil Kudupudi,4,1,images_OBJ055/OBJ055_045.jpg,70ec4f8b3705814c5715733f93572995,OBJ055,Scientific Calculator,54,2,2,1,0,448,448,224,0,224,224,448,0.250000,0.750000,0.500000,0.500000
milestone2/data/generated/images/train/train_000173.jpg,milestone2/data/generated/labels/train/train_000173.txt,train,Nikhil Kudupudi,4,2,images_OBJ021/OBJ021_055.jpg,72bafd041ecf8c05cf62b294f0dbd6bf,OBJ021,Toy Bunny,20,2,2,1,1,448,448,224,224,224,448,448,0.750000,0.750000,0.500000,0.500000
milestone2/data/generated/images/train/train_000173.jpg,milestone2/data/generated/labels/train/train_000173.txt,train,Nikhil Kudupudi,4,3,images_OBJ063/OBJ063_056.jpg,309bbdccaf89a6e4442e84e5f0abaf2d,OBJ063,Measuring Bottle,62,2,2,0,0,448,448,224,0,0,224,224,0.250000,0.250000,0.500000,0.500000
milestone2/data/generated/images/train/train_000173.jpg,milestone2/data/generated/labels/train/train_000173.txt,train,Nikhil Kudupudi,4,4,images_OBJ023/OBJ023_058.JPG,534400e6b7617d964ded3e9201f43b28,OBJ023,Bracelet,22,2,2,0,1,448,448,224,224,0,448,224,0.750000,0.250000,0.500000,0.500000
milestone2/data/generated/images/train/train_000174.jpg,milestone2/data/generated/labels/train/train_000174.txt,train,Nikhil Kudupudi,3,1,images_OBJ047/OBJ047_045.jpg,c0436a375ee4809393d1fbb7a38c117d,OBJ047,Backpack,46,2,2,1,0,448,448,224,0,224,224,448,0.250000,0.750000,0.500000,0.500000
milestone2/data/generated/images/train/train_000174.jpg,milestone2/data/generated/labels/train/train_000174.txt,train,Nikhil Kudupudi,3,2,images_OBJ059/OBJ059_027.jpg,bcc34468663ccc7277f287e653609a93,OBJ059,Comb,58,2,2,0,1,448,448,224,224,0,448,224,0.750000,0.250000,0.500000,0.500000
milestone2/data/generated/images/train/train_000174.jpg,milestone2/data/generated/labels/train/train_000174.txt,train,Nikhil Kudupudi,3,3,images_OBJ051/OBJ051_020.jpg,c9e4ddbce50639f70a230becbca83bb4,OBJ051,Tissue,50,2,2,0,0,448,448,224,0,0,224,224,0.250000,0.250000,0.500000,0.500000
milestone2/data/generated/images/train/train_000175.jpg,milestone2/data/generated/labels/train/train_000175.txt,train,Nikhil Kudupudi,4,1,images_OBJ068/OBJ068_056.jpg,53526385235d710b0fbc68f16d0fdcb4,OBJ068,Neck Pillow,67,2,2,0,1,448,448,224,224,0,448,224,0.750000,0.250000,0.500000,0.500000
milestone2/data/generated/images/train/train_000175.jpg,milestone2/data/generated/labels/train/train_000175.txt,train,Nikhil Kudupudi,4,2,images_OBJ046/OBJ046_033.jpg,350ced4cc4e0ff8f1238aa484d12683e,OBJ046,iWatch,45,2,2,1,0,448,448,224,0,224,224,448,0.250000,0.750000,0.500000,0.500000
milestone2/data/generated/images/train/train_000175.jpg,milestone2/data/generated/labels/train/train_000175.txt,train,Nikhil Kudupudi,4,3,images_OBJ061/OBJ061_012.jpg,b8e2fb90441ba692ccc255c72761634b,OBJ061,Card wallet,60,2,2,1,1,448,448,224,224,224,448,448,0.750000,0.750000,0.500000,0.500000
milestone2/data/generated/images/train/train_000175.jpg,milestone2/data/generated/labels/train/train_000175.txt,train,Nikhil Kudupudi,4,4,images_OBJ054/OBJ054_051.jpg,4ac5afb25480c19ab205e4309320a593,OBJ054,Purse,53,2,2,0,0,448,448,224,0,0,224,224,0.250000,0.250000,0.500000,0.500000
milestone2/data/generated/images/train/train_000176.jpg,milestone2/data/generated/labels/train/train_000176.txt,train,Nikhil Kudupudi,5,1,images_OBJ015/OBJ015_078.jpg,a23f84fc44f30e53933faa24e7fb530c,OBJ015,Water Tumbler,14,2,3,1,0,672,448,224,0,224,224,448,0.166667,0.750000,0.333333,0.500000
milestone2/data/generated/images/train/train_000176.jpg,milestone2/data/generated/labels/train/train_000176.txt,train,Nikhil Kudupudi,5,2,images_OBJ043/OBJ043_023.jpg,8ac27d449ee93a922e0e526a44d2b941,OBJ043,Swimming Goggles,42,2,3,1,2,672,448,224,448,224,672,448,0.833333,0.750000,0.333333,0.500000
milestone2/data/generated/images/train/train_000176.jpg,milestone2/data/generated/labels/train/train_000176.txt,train,Nikhil Kudupudi,5,3,images_OBJ026/OBJ026_054.jpg,f2765797c8f46e0344770a1c2cb0d271,OBJ026,Red Sox Cap,25,2,3,0,2,672,448,224,448,0,672,224,0.833333,0.250000,0.333333,0.500000
milestone2/data/generated/images/train/train_000176.jpg,milestone2/data/generated/labels/train/train_000176.txt,train,Nikhil Kudupudi,5,4,images_OBJ048/OBJ048_007.jpg,0b371665b28cd5b6208602cbc6dbdc19,OBJ048,Wireless powerbank,47,2,3,1,1,672,448,224,224,224,448,448,0.500000,0.750000,0.333333,0.500000
milestone2/data/generated/images/train/train_000176.jpg,milestone2/data/generated/labels/train/train_000176.txt,train,Nikhil Kudupudi,5,5,images_OBJ002/OBJ002_006.jpg,3950e132175344f5e85b70ebb25e7409,OBJ002,Water bottle,1,2,3,0,1,672,448,224,224,0,448,224,0.500000,0.250000,0.333333,0.500000
milestone2/data/generated/images/train/train_000177.jpg,milestone2/data/generated/labels/train/train_000177.txt,train,Nikhil Kudupudi,5,1,images_OBJ050/OBJ050_058.jpg,330e0b3724a2c4f8d5053439aabe6905,OBJ050,Hairbrush,49,2,3,0,0,672,448,224,0,0,224,224,0.166667,0.250000,0.333333,0.500000
milestone2/data/generated/images/train/train_000177.jpg,milestone2/data/generated/labels/train/train_000177.txt,train,Nikhil Kudupudi,5,2,images_OBJ008/OBJ008_047.jpg,386548ef90dee4492cdbd0c38a2f6e61,OBJ008,Cat,7,2,3,1,1,672,448,224,224,224,448,448,0.500000,0.750000,0.333333,0.500000
milestone2/data/generated/images/train/train_000177.jpg,milestone2/data/generated/labels/train/train_000177.txt,train,Nikhil Kudupudi,5,3,images_OBJ020/OBJ020_009.jpg,493b6345f14bb8b44a2789c1804fcf28,OBJ020,Airpod,19,2,3,0,2,672,448,224,448,0,672,224,0.833333,0.250000,0.333333,0.500000
milestone2/data/generated/images/train/train_000177.jpg,milestone2/data/generated/labels/train/train_000177.txt,train,Nikhil Kudupudi,5,4,images_OBJ035/OBJ035_052.jpg,dacf735eed7c9181ef098b0146a6424d,OBJ035,Badminton racket,34,2,3,0,1,672,448,224,224,0,448,224,0.500000,0.250000,0.333333,0.500000
milestone2/data/generated/images/train/train_000177.jpg,milestone2/data/generated/labels/train/train_000177.txt,train,Nikhil Kudupudi,5,5,images_OBJ064/OBJ064_019.jpg,2740a20ab07e6e9a7db7151fb8fae71b,OBJ064,RGB Projector,63,2,3,1,2,672,448,224,448,224,672,448,0.833333,0.750000,0.333333,0.500000
milestone2/data/generated/images/train/train_000178.jpg,milestone2/data/generated/labels/train/train_000178.txt,train,Nikhil Kudupudi,5,1,images_OBJ017/OBJ017_105.jpg,8bb307842516b828e46f45bd52a381d2,OBJ017,Controller,16,2,3,1,2,672,448,224,448,224,672,448,0.833333,0.750000,0.333333,0.500000
milestone2/data/generated/images/train/train_000178.jpg,milestone2/data/generated/labels/train/train_000178.txt,train,Nikhil Kudupudi,5,2,images_OBJ019/OBJ019_003.jpg,0b59ed2538763ffc905a745df164894f,OBJ019,Plant,18,2,3,0,0,672,448,224,0,0,224,224,0.166667,0.250000,0.333333,0.500000
milestone2/data/generated/images/train/train_000178.jpg,milestone2/data/generated/labels/train/train_000178.txt,train,Nikhil Kudupudi,5,3,images_OBJ070/OBJ070_051.jpg,698e01fb2f9b9fc224dff86a8509ce39,OBJ070,Astronaut projector,69,2,3,1,1,672,448,224,224,224,448,448,0.500000,0.750000,0.333333,0.500000
milestone2/data/generated/images/train/train_000178.jpg,milestone2/data/generated/labels/train/train_000178.txt,train,Nikhil Kudupudi,5,4,images_OBJ013/OBJ013_052.jpg,ec1a1921cdd7cbb225edfa644c11305d,OBJ013,Mobile phone,12,2,3,1,0,672,448,224,0,224,224,448,0.166667,0.750000,0.333333,0.500000
milestone2/data/generated/images/train/train_000178.jpg,milestone2/data/generated/labels/train/train_000178.txt,train,Nikhil Kudupudi,5,5,images_OBJ056/OBJ056_034.jpg,d3203893e66a67eeb26315b89354df0e,OBJ056,Trader Joe's Bag,55,2,3,0,2,672,448,224,448,0,672,224,0.833333,0.250000,0.333333,0.500000
milestone2/data/generated/images/train/train_000179.jpg,milestone2/data/generated/labels/train/train_000179.txt,train,Nikhil Kudupudi,4,1,images_OBJ032/OBJ032_062.jpg,479c8a1541f7e95d1ec53598c64604aa,OBJ032,Sound Card,31,2,2,0,1,448,448,224,224,0,448,224,0.750000,0.250000,0.500000,0.500000
milestone2/data/generated/images/train/train_000179.jpg,milestone2/data/generated/labels/train/train_000179.txt,train,Nikhil Kudupudi,4,2,images_OBJ005/OBJ005_099.jpg,e2bbce11de985466823b33674b6ba230,OBJ005,Computer mouse,4,2,2,0,0,448,448,224,0,0,224,224,0.250000,0.250000,0.500000,0.500000
milestone2/data/generated/images/train/train_000179.jpg,milestone2/data/generated/labels/train/train_000179.txt,train,Nikhil Kudupudi,4,3,images_OBJ049/OBJ049_060.jpg,8c0f082c2231603de23bcf104491fef1,OBJ049,Pickleball bat,48,2,2,1,0,448,448,224,0,224,224,448,0.250000,0.750000,0.500000,0.500000
milestone2/data/generated/images/train/train_000179.jpg,milestone2/data/generated/labels/train/train_000179.txt,train,Nikhil Kudupudi,4,4,images_OBJ057/OBJ057_060.jpg,bc6716584929c235e06ebe7f617be79b,OBJ057,Power Bank,56,2,2,1,1,448,448,224,224,224,448,448,0.750000,0.750000,0.500000,0.500000
milestone2/data/generated/images/train/train_000180.jpg,milestone2/data/generated/labels/train/train_000180.txt,train,Nikhil Kudupudi,3,1,images_OBJ007/OBJ007_089.jpg,3a5ee3b3ed1d5f7df4a53af87963d2ed,OBJ007,Apple,6,2,2,0,1,448,448,224,224,0,448,224,0.750000,0.250000,0.500000,0.500000
milestone2/data/generated/images/train/train_000180.jpg,milestone2/data/generated/labels/train/train_000180.txt,train,Nikhil Kudupudi,3,2,images_OBJ031/OBJ031_056.jpg,e1cc292f7f2c676b2ecfdd55ed5d8ef5,OBJ031,UNO card box,30,2,2,1,1,448,448,224,224,224,448,448,0.750000,0.750000,0.500000,0.500000
milestone2/data/generated/images/train/train_000180.jpg,milestone2/data/generated/labels/train/train_000180.txt,train,Nikhil Kudupudi,3,3,images_OBJ069/OBJ069_020.jpg,5184bc769d5ad82c31f05aa972e1a84e,OBJ069,Knife,68,2,2,1,0,448,448,224,0,224,224,448,0.250000,0.750000,0.500000,0.500000
milestone2/data/generated/images/train/train_000181.jpg,milestone2/data/generated/labels/train/train_000181.txt,train,Nikhil Kudupudi,4,1,images_OBJ045/OBJ045_070.jpg,73210b094f607c7a51c466f59addaad1,OBJ045,Wayfarer Sunglasses,44,2,2,1,1,448,448,224,224,224,448,448,0.750000,0.750000,0.500000,0.500000
milestone2/data/generated/images/train/train_000181.jpg,milestone2/data/generated/labels/train/train_000181.txt,train,Nikhil Kudupudi,4,2,images_OBJ009/OBJ009_052.jpg,515b9a0a72b6ff53cb3b4872ce31391f,OBJ009,Marshall Speaker,8,2,2,0,1,448,448,224,224,0,448,224,0.750000,0.250000,0.500000,0.500000
milestone2/data/generated/images/train/train_000181.jpg,milestone2/data/generated/labels/train/train_000181.txt,train,Nikhil Kudupudi,4,3,images_OBJ014/OBJ014_036.jpeg,0e20e17cd7b983b13b6d9509ff58e01b,OBJ014,Sunglasses,13,2,2,1,0,448,448,224,0,224,224,448,0.250000,0.750000,0.500000,0.500000
milestone2/data/generated/images/train/train_000181.jpg,milestone2/data/generated/labels/train/train_000181.txt,train,Nikhil Kudupudi,4,4,images_OBJ042/OBJ042_082.jpg,2ea850faf6eaf142abff98910043c2e2,OBJ042,Mouth guard case,41,2,2,0,0,448,448,224,0,0,224,224,0.250000,0.250000,0.500000,0.500000
milestone2/data/generated/images/train/train_000182.jpg,milestone2/data/generated/labels/train/train_000182.txt,train,Nikhil Kudupudi,3,1,images_OBJ038/OBJ038_074.jpg,9167fdf745a2ca7186b4217ae6080c0f,OBJ038,Perfume bottle,37,2,2,0,0,448,448,224,0,0,224,224,0.250000,0.250000,0.500000,0.500000
milestone2/data/generated/images/train/train_000182.jpg,milestone2/data/generated/labels/train/train_000182.txt,train,Nikhil Kudupudi,3,2,images_OBJ010/OBJ010_060.jpg,8e148442c73c0eb6afa776d8ef36ea80,OBJ010,Nike sneakers,9,2,2,1,0,448,448,224,0,224,224,448,0.250000,0.750000,0.500000,0.500000
milestone2/data/generated/images/train/train_000182.jpg,milestone2/data/generated/labels/train/train_000182.txt,train,Nikhil Kudupudi,3,3,images_OBJ012/OBJ012_081.jpg,7f8a6191f431a7874fe03991647e7458,OBJ012,Computer Keyboard,11,2,2,1,1,448,448,224,224,224,448,448,0.750000,0.750000,0.500000,0.500000
milestone2/data/generated/images/train/train_000183.jpg,milestone2/data/generated/labels/train/train_000183.txt,train,Nikhil Kudupudi,3,1,images_OBJ065/OBJ065_094.jpg,320dd44ca696cf37c4c7f4e7049683a2,OBJ065,Analog watch,64,2,2,1,1,448,448,224,224,224,448,448,0.750000,0.750000,0.500000,0.500000
milestone2/data/generated/images/train/train_000183.jpg,milestone2/data/generated/labels/train/train_000183.txt,train,Nikhil Kudupudi,3,2,images_OBJ034/OBJ034_020.jpg,3bbb32f8d7319f579f2aa639ce0be2b1,OBJ034,Table Tennis Racket,33,2,2,0,1,448,448,224,224,0,448,224,0.750000,0.250000,0.500000,0.500000
milestone2/data/generated/images/train/train_000183.jpg,milestone2/data/generated/labels/train/train_000183.txt,train,Nikhil Kudupudi,3,3,images_OBJ060/OBJ060_19.JPG,0eff1a4d5ead87be681afc8c1f0e2a6c,OBJ060,Sleep Mask,59,2,2,1,0,448,448,224,0,224,224,448,0.250000,0.750000,0.500000,0.500000
milestone2/data/generated/images/train/train_000184.jpg,milestone2/data/generated/labels/train/train_000184.txt,train,Nikhil Kudupudi,5,1,images_OBJ039/OBJ039_053.jpg,e971bdd507d0d8efb0afa8643f64b96d,OBJ039,Scissors,38,2,3,1,0,672,448,224,0,224,224,448,0.166667,0.750000,0.333333,0.500000
milestone2/data/generated/images/train/train_000184.jpg,milestone2/data/generated/labels/train/train_000184.txt,train,Nikhil Kudupudi,5,2,images_OBJ052/OBJ052_073.jpg,133627fbc200d470a490c082ff3b8c1e,OBJ052,Spoon,51,2,3,0,2,672,448,224,448,0,672,224,0.833333,0.250000,0.333333,0.500000
milestone2/data/generated/images/train/train_000184.jpg,milestone2/data/generated/labels/train/train_000184.txt,train,Nikhil Kudupudi,5,3,images_OBJ006/OBJ006_070.jpg,bf58c392818de70cfa9033728783c64d,OBJ006,Capybara Toy,5,2,3,0,0,672,448,224,0,0,224,224,0.166667,0.250000,0.333333,0.500000
milestone2/data/generated/images/train/train_000184.jpg,milestone2/data/generated/labels/train/train_000184.txt,train,Nikhil Kudupudi,5,4,images_OBJ001/OBJ001_068.jpg,5ec3d3546bbbd9c08c84195d5504f14e,OBJ001,Basketball,0,2,3,1,1,672,448,224,224,224,448,448,0.500000,0.750000,0.333333,0.500000
milestone2/data/generated/images/train/train_000184.jpg,milestone2/data/generated/labels/train/train_000184.txt,train,Nikhil Kudupudi,5,5,images_OBJ016/OBJ016_049.jpg,05a4fbac6810f294a12b276c329a1980,OBJ016,Sandisk Portable SSD,15,2,3,0,1,672,448,224,224,0,448,224,0.500000,0.250000,0.333333,0.500000
milestone2/data/generated/images/train/train_000185.jpg,milestone2/data/generated/labels/train/train_000185.txt,train,Nikhil Kudupudi,3,1,images_OBJ008/OBJ008_026.jpg,0d36db121d40d1369ff9739e18203f98,OBJ008,Cat,7,2,2,1,1,448,448,224,224,224,448,448,0.750000,0.750000,0.500000,0.500000
milestone2/data/generated/images/train/train_000185.jpg,milestone2/data/generated/labels/train/train_000185.txt,train,Nikhil Kudupudi,3,2,images_OBJ027/OBJ027_022.jpg,86310d2bad5aa79efc6983832563e560,OBJ027,Tennis ball,26,2,2,0,1,448,448,224,224,0,448,224,0.750000,0.250000,0.500000,0.500000
milestone2/data/generated/images/train/train_000185.jpg,milestone2/data/generated/labels/train/train_000185.txt,train,Nikhil Kudupudi,3,3,images_OBJ044/OBJ044_041.jpg,4bddeef8931f0fed83d476b94955a3b0,OBJ044,Anime Figurine,43,2,2,0,0,448,448,224,0,0,224,224,0.250000,0.250000,0.500000,0.500000
milestone2/data/generated/images/train/train_000186.jpg,milestone2/data/generated/labels/train/train_000186.txt,train,Nikhil Kudupudi,5,1,images_OBJ040/OBJ040_020.JPG,5b855756b95fc9a1291c369fdc1a6108,OBJ040,Clutcher,39,2,3,1,1,672,448,224,224,224,448,448,0.500000,0.750000,0.333333,0.500000
milestone2/data/generated/images/train/train_000186.jpg,milestone2/data/generated/labels/train/train_000186.txt,train,Nikhil Kudupudi,5,2,images_OBJ068/OBJ068_016.jpg,4ffd930db78dafc3fa8d004b136b2cf6,OBJ068,Neck Pillow,67,2,3,0,0,672,448,224,0,0,224,224,0.166667,0.250000,0.333333,0.500000
milestone2/data/generated/images/train/train_000186.jpg,milestone2/data/generated/labels/train/train_000186.txt,train,Nikhil Kudupudi,5,3,images_OBJ063/OBJ063_039.jpg,5a64d5fdddfb9d0dc25359a235e35a39,OBJ063,Measuring Bottle,62,2,3,1,0,672,448,224,0,224,224,448,0.166667,0.750000,0.333333,0.500000
milestone2/data/generated/images/train/train_000186.jpg,milestone2/data/generated/labels/train/train_000186.txt,train,Nikhil Kudupudi,5,4,images_OBJ061/OBJ061_036.jpg,89e0e4f7bbd44a297091c4637e9c47b3,OBJ061,Card wallet,60,2,3,0,1,672,448,224,224,0,448,224,0.500000,0.250000,0.333333,0.500000
milestone2/data/generated/images/train/train_000186.jpg,milestone2/data/generated/labels/train/train_000186.txt,train,Nikhil Kudupudi,5,5,images_OBJ009/OBJ009_074.jpg,b08e779ab3c4de2a5d61d904184d6abd,OBJ009,Marshall Speaker,8,2,3,1,2,672,448,224,448,224,672,448,0.833333,0.750000,0.333333,0.500000
milestone2/data/generated/images/train/train_000187.jpg,milestone2/data/generated/labels/train/train_000187.txt,train,Nikhil Kudupudi,5,1,images_OBJ019/OBJ019_071.jpg,dd70189e72ba3d2a32f554e0b779a738,OBJ019,Plant,18,2,3,0,2,672,448,224,448,0,672,224,0.833333,0.250000,0.333333,0.500000
milestone2/data/generated/images/train/train_000187.jpg,milestone2/data/generated/labels/train/train_000187.txt,train,Nikhil Kudupudi,5,2,images_OBJ021/OBJ021_012.jpg,df6c30ab585b6bac82f870104dcdba6e,OBJ021,Toy Bunny,20,2,3,1,2,672,448,224,448,224,672,448,0.833333,0.750000,0.333333,0.500000
milestone2/data/generated/images/train/train_000187.jpg,milestone2/data/generated/labels/train/train_000187.txt,train,Nikhil Kudupudi,5,3,images_OBJ011/OBJ011_088.jpg,8b29ebc42d40dc0b14f770d089e6efc1,OBJ011,Mug,10,2,3,1,1,672,448,224,224,224,448,448,0.500000,0.750000,0.333333,0.500000
milestone2/data/generated/images/train/train_000187.jpg,milestone2/data/generated/labels/train/train_000187.txt,train,Nikhil Kudupudi,5,4,images_OBJ016/OBJ016_010.jpg,ec47f30cfc7fcdc03313422efe519a3b,OBJ016,Sandisk Portable SSD,15,2,3,0,1,672,448,224,224,0,448,224,0.500000,0.250000,0.333333,0.500000
milestone2/data/generated/images/train/train_000187.jpg,milestone2/data/generated/labels/train/train_000187.txt,train,Nikhil Kudupudi,5,5,images_OBJ056/OBJ056_042.jpg,c16565241f5d7ae164b3d99ec1cb237d,OBJ056,Trader Joe's Bag,55,2,3,0,0,672,448,224,0,0,224,224,0.166667,0.250000,0.333333,0.500000
milestone2/data/generated/images/train/train_000188.jpg,milestone2/data/generated/labels/train/train_000188.txt,train,Nikhil Kudupudi,5,1,images_OBJ030/OBJ030_014.jpg,c6174e714a9319d4e38dd391594007bd,OBJ030,Tennis racket,29,2,3,1,2,672,448,224,448,224,672,448,0.833333,0.750000,0.333333,0.500000
milestone2/data/generated/images/train/train_000188.jpg,milestone2/data/generated/labels/train/train_000188.txt,train,Nikhil Kudupudi,5,2,images_OBJ024/OBJ024_079.jpg,c8ba374c7f2ac6f25e0a21555159499a,OBJ024,Plush doll,23,2,3,0,1,672,448,224,224,0,448,224,0.500000,0.250000,0.333333,0.500000
milestone2/data/generated/images/train/train_000188.jpg,milestone2/data/generated/labels/train/train_000188.txt,train,Nikhil Kudupudi,5,3,images_OBJ002/OBJ002_037.jpg,2bf37d8e7ed8636b59b2b729db99427e,OBJ002,Water bottle,1,2,3,1,1,672,448,224,224,224,448,448,0.500000,0.750000,0.333333,0.500000
milestone2/data/generated/images/train/train_000188.jpg,milestone2/data/generated/labels/train/train_000188.txt,train,Nikhil Kudupudi,5,4,images_OBJ045/OBJ045_062.jpg,c49cb53c245665f4335b721c67460d19,OBJ045,Wayfarer Sunglasses,44,2,3,0,2,672,448,224,448,0,672,224,0.833333,0.250000,0.333333,0.500000
milestone2/data/generated/images/train/train_000188.jpg,milestone2/data/generated/labels/train/train_000188.txt,train,Nikhil Kudupudi,5,5,images_OBJ069/OBJ069_077.jpg,13f2f4c7664c87183f4643e88cb8e8c7,OBJ069,Knife,68,2,3,0,0,672,448,224,0,0,224,224,0.166667,0.250000,0.333333,0.500000
milestone2/data/generated/images/train/train_000189.jpg,milestone2/data/generated/labels/train/train_000189.txt,train,Nikhil Kudupudi,3,1,images_OBJ072/OBJ072_016.jpg,b79072065ecee977fd2d28faa7440ef7,OBJ072,Dog,71,2,2,0,0,448,448,224,0,0,224,224,0.250000,0.250000,0.500000,0.500000
milestone2/data/generated/images/train/train_000189.jpg,milestone2/data/generated/labels/train/train_000189.txt,train,Nikhil Kudupudi,3,2,images_OBJ039/OBJ039_058.jpg,ae73417ae364118a6520d6373be6af28,OBJ039,Scissors,38,2,2,1,1,448,448,224,224,224,448,448,0.750000,0.750000,0.500000,0.500000
milestone2/data/generated/images/train/train_000189.jpg,milestone2/data/generated/labels/train/train_000189.txt,train,Nikhil Kudupudi,3,3,images_OBJ070/OBJ070_027.jpg,632ae51178d8b0d2c9c4f123eabae69c,OBJ070,Astronaut projector,69,2,2,1,0,448,448,224,0,224,224,448,0.250000,0.750000,0.500000,0.500000
milestone2/data/generated/images/train/train_000190.jpg,milestone2/data/generated/labels/train/train_000190.txt,train,Nikhil Kudupudi,3,1,images_OBJ007/OBJ007_088.jpg,aa2e588201175a326d3fc9adc144e56a,OBJ007,Apple,6,2,2,1,1,448,448,224,224,224,448,448,0.750000,0.750000,0.500000,0.500000
milestone2/data/generated/images/train/train_000190.jpg,milestone2/data/generated/labels/train/train_000190.txt,train,Nikhil Kudupudi,3,2,images_OBJ032/OBJ032_008.jpg,ab24a462f0b884fd76fa4b4e4a250e5f,OBJ032,Sound Card,31,2,2,0,1,448,448,224,224,0,448,224,0.750000,0.250000,0.500000,0.500000
milestone2/data/generated/images/train/train_000190.jpg,milestone2/data/generated/labels/train/train_000190.txt,train,Nikhil Kudupudi,3,3,images_OBJ018/OBJ018_072.jpg,7f340290e8ad7e63bafac176749b3992,OBJ018,Rubiks cube,17,2,2,0,0,448,448,224,0,0,224,224,0.250000,0.250000,0.500000,0.500000
milestone2/data/generated/images/train/train_000191.jpg,milestone2/data/generated/labels/train/train_000191.txt,train,Nikhil Kudupudi,3,1,images_OBJ013/OBJ013_067.jpg,bbf17486a28e75b9f81a562d0f33b026,OBJ013,Mobile phone,12,2,2,0,1,448,448,224,224,0,448,224,0.750000,0.250000,0.500000,0.500000
milestone2/data/generated/images/train/train_000191.jpg,milestone2/data/generated/labels/train/train_000191.txt,train,Nikhil Kudupudi,3,2,images_OBJ001/OBJ001_016.jpg,e882fd4143c0c7b45a3b0d90898a2f83,OBJ001,Basketball,0,2,2,1,1,448,448,224,224,224,448,448,0.750000,0.750000,0.500000,0.500000
milestone2/data/generated/images/train/train_000191.jpg,milestone2/data/generated/labels/train/train_000191.txt,train,Nikhil Kudupudi,3,3,images_OBJ006/OBJ006_089.jpg,08b37609abbed4881d64e0bc19180fc4,OBJ006,Capybara Toy,5,2,2,1,0,448,448,224,0,224,224,448,0.250000,0.750000,0.500000,0.500000
milestone2/data/generated/images/train/train_000192.jpg,milestone2/data/generated/labels/train/train_000192.txt,train,Nikhil Kudupudi,3,1,images_OBJ031/OBJ031_024.jpg,a2ef4e8d32d907772642fa70b7bc58ad,OBJ031,UNO card box,30,2,2,1,0,448,448,224,0,224,224,448,0.250000,0.750000,0.500000,0.500000
milestone2/data/generated/images/train/train_000192.jpg,milestone2/data/generated/labels/train/train_000192.txt,train,Nikhil Kudupudi,3,2,images_OBJ053/OBJ053_085.jpg,974600fa28a463bb4dc7ed1dd6515fda,OBJ053,Moisturizer,52,2,2,1,1,448,448,224,224,224,448,448,0.750000,0.750000,0.500000,0.500000
milestone2/data/generated/images/train/train_000192.jpg,milestone2/data/generated/labels/train/train_000192.txt,train,Nikhil Kudupudi,3,3,images_OBJ065/OBJ065_001.jpg,6d43b123fd30f7c89f63705d030e2495,OBJ065,Analog watch,64,2,2,0,1,448,448,224,224,0,448,224,0.750000,0.250000,0.500000,0.500000
milestone2/data/generated/images/train/train_000193.jpg,milestone2/data/generated/labels/train/train_000193.txt,train,Nikhil Kudupudi,4,1,images_OBJ057/OBJ057_041.jpg,501fc7dfb97ca03a92eb9f4dfd0bd3a6,OBJ057,Power Bank,56,2,2,0,0,448,448,224,0,0,224,224,0.250000,0.250000,0.500000,0.500000
milestone2/data/generated/images/train/train_000193.jpg,milestone2/data/generated/labels/train/train_000193.txt,train,Nikhil Kudupudi,4,2,images_OBJ054/OBJ054_034.jpg,9a9e7707ccacb849f949b40810e2cd5a,OBJ054,Purse,53,2,2,0,1,448,448,224,224,0,448,224,0.750000,0.250000,0.500000,0.500000
milestone2/data/generated/images/train/train_000193.jpg,milestone2/data/generated/labels/train/train_000193.txt,train,Nikhil Kudupudi,4,3,images_OBJ043/OBJ043_003.jpg,575df521b67b1b747567580386425209,OBJ043,Swimming Goggles,42,2,2,1,1,448,448,224,224,224,448,448,0.750000,0.750000,0.500000,0.500000
milestone2/data/generated/images/train/train_000193.jpg,milestone2/data/generated/labels/train/train_000193.txt,train,Nikhil Kudupudi,4,4,images_OBJ058/OBJ058_057.jpg,04a8c43445e932bf6dffe87f08098f80,OBJ058,Footstool,57,2,2,1,0,448,448,224,0,224,224,448,0.250000,0.750000,0.500000,0.500000
milestone2/data/generated/images/train/train_000194.jpg,milestone2/data/generated/labels/train/train_000194.txt,train,Nikhil Kudupudi,4,1,images_OBJ049/OBJ049_085.jpg,ddb77afb9bab6110c63d62dd4563c7fd,OBJ049,Pickleball bat,48,2,2,0,1,448,448,224,224,0,448,224,0.750000,0.250000,0.500000,0.500000
milestone2/data/generated/images/train/train_000194.jpg,milestone2/data/generated/labels/train/train_000194.txt,train,Nikhil Kudupudi,4,2,images_OBJ071/OBJ071_092.jpg,9277946300d425570b7dd9f0116ba448,OBJ071,Sloth Plushie,70,2,2,1,0,448,448,224,0,224,224,448,0.250000,0.750000,0.500000,0.500000
milestone2/data/generated/images/train/train_000194.jpg,milestone2/data/generated/labels/train/train_000194.txt,train,Nikhil Kudupudi,4,3,images_OBJ020/OBJ020_064.jpg,f3db733cff271c449a2ae5cae18a0742,OBJ020,Airpod,19,2,2,0,0,448,448,224,0,0,224,224,0.250000,0.250000,0.500000,0.500000
milestone2/data/generated/images/train/train_000194.jpg,milestone2/data/generated/labels/train/train_000194.txt,train,Nikhil Kudupudi,4,4,images_OBJ015/OBJ015_013.jpg,a94160bab05264bf849e351aa8a1f3a6,OBJ015,Water Tumbler,14,2,2,1,1,448,448,224,224,224,448,448,0.750000,0.750000,0.500000,0.500000
milestone2/data/generated/images/train/train_000195.jpg,milestone2/data/generated/labels/train/train_000195.txt,train,Nikhil Kudupudi,4,1,images_OBJ026/OBJ026_059.jpg,94c8aa4a57653e414e3e52efa53c65a4,OBJ026,Red Sox Cap,25,2,2,1,0,448,448,224,0,224,224,448,0.250000,0.750000,0.500000,0.500000
milestone2/data/generated/images/train/train_000195.jpg,milestone2/data/generated/labels/train/train_000195.txt,train,Nikhil Kudupudi,4,2,images_OBJ038/OBJ038_043.jpg,42b904b5f029da95245b4c18dfe74755,OBJ038,Perfume bottle,37,2,2,0,1,448,448,224,224,0,448,224,0.750000,0.250000,0.500000,0.500000
milestone2/data/generated/images/train/train_000195.jpg,milestone2/data/generated/labels/train/train_000195.txt,train,Nikhil Kudupudi,4,3,images_OBJ067/OBJ067_0081.jpg,eaaa980394263afcac16c539ceb7e062,OBJ067,Men's Wallet,66,2,2,0,0,448,448,224,0,0,224,224,0.250000,0.250000,0.500000,0.500000
milestone2/data/generated/images/train/train_000195.jpg,milestone2/data/generated/labels/train/train_000195.txt,train,Nikhil Kudupudi,4,4,images_OBJ034/OBJ034_069.jpg,e2213e5b37eba4f0d7d41a490a211682,OBJ034,Table Tennis Racket,33,2,2,1,1,448,448,224,224,224,448,448,0.750000,0.750000,0.500000,0.500000
milestone2/data/generated/images/train/train_000196.jpg,milestone2/data/generated/labels/train/train_000196.txt,train,Nikhil Kudupudi,4,1,images_OBJ073/OBJ073_053.jpg,9b0956c9495a99868f3a1ddb37dbb01f,OBJ073,Bowl,72,2,2,1,0,448,448,224,0,224,224,448,0.250000,0.750000,0.500000,0.500000
milestone2/data/generated/images/train/train_000196.jpg,milestone2/data/generated/labels/train/train_000196.txt,train,Nikhil Kudupudi,4,2,images_OBJ010/OBJ010_091.jpg,364129be56e780556b8dc5bd1985e8cd,OBJ010,Nike sneakers,9,2,2,0,0,448,448,224,0,0,224,224,0.250000,0.250000,0.500000,0.500000
milestone2/data/generated/images/train/train_000196.jpg,milestone2/data/generated/labels/train/train_000196.txt,train,Nikhil Kudupudi,4,3,images_OBJ017/OBJ017_106.jpg,d77521680156d46a0ad40770dc82a604,OBJ017,Controller,16,2,2,0,1,448,448,224,224,0,448,224,0.750000,0.250000,0.500000,0.500000
milestone2/data/generated/images/train/train_000196.jpg,milestone2/data/generated/labels/train/train_000196.txt,train,Nikhil Kudupudi,4,4,images_OBJ062/OBJ062_009.jpg,2ac524115372d086a12863e5f7ac9d9a,OBJ062,Headphones,61,2,2,1,1,448,448,224,224,224,448,448,0.750000,0.750000,0.500000,0.500000
milestone2/data/generated/images/train/train_000197.jpg,milestone2/data/generated/labels/train/train_000197.txt,train,Nikhil Kudupudi,5,1,images_OBJ050/OBJ050_066.jpg,71e5305409db90abb55af70c1bea5fe6,OBJ050,Hairbrush,49,2,3,0,0,672,448,224,0,0,224,224,0.166667,0.250000,0.333333,0.500000
milestone2/data/generated/images/train/train_000197.jpg,milestone2/data/generated/labels/train/train_000197.txt,train,Nikhil Kudupudi,5,2,images_OBJ028/OBJ028_023.jpg,0dc4e9688d8344e98ae38bb641640851,OBJ028,Banana,27,2,3,1,2,672,448,224,448,224,672,448,0.833333,0.750000,0.333333,0.500000
milestone2/data/generated/images/train/train_000197.jpg,milestone2/data/generated/labels/train/train_000197.txt,train,Nikhil Kudupudi,5,3,images_OBJ047/OBJ047_002.jpg,784025094b20e7d23a616637a7b61c55,OBJ047,Backpack,46,2,3,1,0,672,448,224,0,224,224,448,0.166667,0.750000,0.333333,0.500000
milestone2/data/generated/images/train/train_000197.jpg,milestone2/data/generated/labels/train/train_000197.txt,train,Nikhil Kudupudi,5,4,images_OBJ025/OBJ025_012.jpg,6c5fcf5d2fc0fd11339dcfa0352482ed,OBJ025,Watch,24,2,3,0,1,672,448,224,224,0,448,224,0.500000,0.250000,0.333333,0.500000
milestone2/data/generated/images/train/train_000197.jpg,milestone2/data/generated/labels/train/train_000197.txt,train,Nikhil Kudupudi,5,5,images_OBJ055/OBJ055_087.jpg,3b673961139a062c52325cb64a709fce,OBJ055,Scientific Calculator,54,2,3,0,2,672,448,224,448,0,672,224,0.833333,0.250000,0.333333,0.500000
milestone2/data/generated/images/train/train_000198.jpg,milestone2/data/generated/labels/train/train_000198.txt,train,Nikhil Kudupudi,4,1,images_OBJ064/OBJ064_094.jpg,18f02207089e7ba052a77e118a17a1b1,OBJ064,RGB Projector,63,2,2,1,0,448,448,224,0,224,224,448,0.250000,0.750000,0.500000,0.500000
milestone2/data/generated/images/train/train_000198.jpg,milestone2/data/generated/labels/train/train_000198.txt,train,Nikhil Kudupudi,4,2,images_OBJ036/OBJ036_006.jpg,ccdeab185c82afa397e7d6118a1770a1,OBJ036,Pencil case,35,2,2,1,1,448,448,224,224,224,448,448,0.750000,0.750000,0.500000,0.500000
milestone2/data/generated/images/train/train_000198.jpg,milestone2/data/generated/labels/train/train_000198.txt,train,Nikhil Kudupudi,4,3,images_OBJ023/OBJ023_001.JPG,80c5f8bdbc038de67a479f673b22fe71,OBJ023,Bracelet,22,2,2,0,1,448,448,224,224,0,448,224,0.750000,0.250000,0.500000,0.500000
milestone2/data/generated/images/train/train_000198.jpg,milestone2/data/generated/labels/train/train_000198.txt,train,Nikhil Kudupudi,4,4,images_OBJ029/OBJ029_037.jpg,ce9698eda5909558c52a185bd74d4bee,OBJ029,Orange,28,2,2,0,0,448,448,224,0,0,224,224,0.250000,0.250000,0.500000,0.500000
milestone2/data/generated/images/train/train_000199.jpg,milestone2/data/generated/labels/train/train_000199.txt,train,Nikhil Kudupudi,5,1,images_OBJ059/OBJ059_072.jpg,5a61e3697cf522228b57e14696f23a15,OBJ059,Comb,58,2,3,1,0,672,448,224,0,224,224,448,0.166667,0.750000,0.333333,0.500000
milestone2/data/generated/images/train/train_000199.jpg,milestone2/data/generated/labels/train/train_000199.txt,train,Nikhil Kudupudi,5,2,images_OBJ037/OBJ037_049.jpg,5eec0fbb174e640a3cdb57fe84dc1b78,OBJ037,Candle,36,2,3,1,2,672,448,224,448,224,672,448,0.833333,0.750000,0.333333,0.500000
milestone2/data/generated/images/train/train_000199.jpg,milestone2/data/generated/labels/train/train_000199.txt,train,Nikhil Kudupudi,5,3,images_OBJ033/OBJ033_076.jpg,e17d6cb2d2b6097b5992210f53eb35bb,OBJ033,Duck,32,2,3,1,1,672,448,224,224,224,448,448,0.500000,0.750000,0.333333,0.500000
milestone2/data/generated/images/train/train_000199.jpg,milestone2/data/generated/labels/train/train_000199.txt,train,Nikhil Kudupudi,5,4,images_OBJ060/OBJ060_46.JPG,a19d43fe21b0dfc6445505597a112659,OBJ060,Sleep Mask,59,2,3,0,1,672,448,224,224,0,448,224,0.500000,0.250000,0.333333,0.500000
milestone2/data/generated/images/train/train_000199.jpg,milestone2/data/generated/labels/train/train_000199.txt,train,Nikhil Kudupudi,5,5,images_OBJ003/OBJ003_039.jpg,47d10b0d790e8779cb218e8ce60fd6db,OBJ003,NoteBook,2,2,3,0,0,672,448,224,0,0,224,224,0.166667,0.250000,0.333333,0.500000
milestone2/data/generated/images/train/train_000200.jpg,milestone2/data/generated/labels/train/train_000200.txt,train,Nikhil Kudupudi,4,1,images_OBJ004/OBJ004_091.jpg,b9d373acfa3ee95d9a31c566db86a532,OBJ004,Toy Car,3,2,2,0,0,448,448,224,0,0,224,224,0.250000,0.250000,0.500000,0.500000
milestone2/data/generated/images/train/train_000200.jpg,milestone2/data/generated/labels/train/train_000200.txt,train,Nikhil Kudupudi,4,2,images_OBJ014/OBJ014_064.jpeg,1a60688d70e7f0cb4d740555f9060292,OBJ014,Sunglasses,13,2,2,0,1,448,448,224,224,0,448,224,0.750000,0.250000,0.500000,0.500000
milestone2/data/generated/images/train/train_000200.jpg,milestone2/data/generated/labels/train/train_000200.txt,train,Nikhil Kudupudi,4,3,images_OBJ046/OBJ046_051.jpg,292239b3cdd3518660f1a0ac0c953ad5,OBJ046,iWatch,45,2,2,1,0,448,448,224,0,224,224,448,0.250000,0.750000,0.500000,0.500000
milestone2/data/generated/images/train/train_000200.jpg,milestone2/data/generated/labels/train/train_000200.txt,train,Nikhil Kudupudi,4,4,images_OBJ066/OBJ066_072.jpg,0edfe555e74d66a31bc09a0e3805fdef,OBJ066,Hair oil,65,2,2,1,1,448,448,224,224,224,448,448,0.750000,0.750000,0.500000,0.500000
milestone2/data/generated/images/train/train_000201.jpg,milestone2/data/generated/labels/train/train_000201.txt,train,Nikhil Kudupudi,4,1,images_OBJ052/OBJ052_012.jpg,b98afc1d97c3f6027eda20404452b3e2,OBJ052,Spoon,51,2,2,0,1,448,448,224,224,0,448,224,0.750000,0.250000,0.500000,0.500000
milestone2/data/generated/images/train/train_000201.jpg,milestone2/data/generated/labels/train/train_000201.txt,train,Nikhil Kudupudi,4,2,images_OBJ005/OBJ005_086.jpg,1c22ac990b8cfeabe7f834acb3aef507,OBJ005,Computer mouse,4,2,2,0,0,448,448,224,0,0,224,224,0.250000,0.250000,0.500000,0.500000
milestone2/data/generated/images/train/train_000201.jpg,milestone2/data/generated/labels/train/train_000201.txt,train,Nikhil Kudupudi,4,3,images_OBJ042/OBJ042_079.jpg,a79d4a5d76609c319392c80900b6fc3b,OBJ042,Mouth guard case,41,2,2,1,0,448,448,224,0,224,224,448,0.250000,0.750000,0.500000,0.500000
milestone2/data/generated/images/train/train_000201.jpg,milestone2/data/generated/labels/train/train_000201.txt,train,Nikhil Kudupudi,4,4,images_OBJ051/OBJ051_024.jpg,676ee5cf124af45a8adcde3eb9d8864c,OBJ051,Tissue,50,2,2,1,1,448,448,224,224,224,448,448,0.750000,0.750000,0.500000,0.500000
milestone2/data/generated/images/train/train_000202.jpg,milestone2/data/generated/labels/train/train_000202.txt,train,Nikhil Kudupudi,5,1,images_OBJ041/OBJ041_039.jpg,6e61ec4204dce4f946230610d80eb5e9,OBJ041,Table fan,40,2,3,0,2,672,448,224,448,0,672,224,0.833333,0.250000,0.333333,0.500000
milestone2/data/generated/images/train/train_000202.jpg,milestone2/data/generated/labels/train/train_000202.txt,train,Nikhil Kudupudi,5,2,images_OBJ012/OBJ012_058.jpg,ed4dda1263e63f527108e7ebd51df386,OBJ012,Computer Keyboard,11,2,3,1,2,672,448,224,448,224,672,448,0.833333,0.750000,0.333333,0.500000
milestone2/data/generated/images/train/train_000202.jpg,milestone2/data/generated/labels/train/train_000202.txt,train,Nikhil Kudupudi,5,3,images_OBJ048/OBJ048_058.jpg,a59293264dc1c82166c4502cafc03a1d,OBJ048,Wireless powerbank,47,2,3,1,1,672,448,224,224,224,448,448,0.500000,0.750000,0.333333,0.500000
milestone2/data/generated/images/train/train_000202.jpg,milestone2/data/generated/labels/train/train_000202.txt,train,Nikhil Kudupudi,5,4,images_OBJ035/OBJ035_067.jpg,4b7438cbecade64466afa461f3dc033c,OBJ035,Badminton racket,34,2,3,0,0,672,448,224,0,0,224,224,0.166667,0.250000,0.333333,0.500000
milestone2/data/generated/images/train/train_000202.jpg,milestone2/data/generated/labels/train/train_000202.txt,train,Nikhil Kudupudi,5,5,images_OBJ022/OBJ022_044.jpeg,47e38e73159a9bdf0cb0c91b2dd6b998,OBJ022,Guitar,21,2,3,1,0,672,448,224,0,224,224,448,0.166667,0.750000,0.333333,0.500000
milestone2/data/generated/images/train/train_000203.jpg,milestone2/data/generated/labels/train/train_000203.txt,train,Nikhil Kudupudi,3,1,images_OBJ005/OBJ005_060.jpg,f15b2d4043b398473ad4f9ac976f915e,OBJ005,Computer mouse,4,2,2,0,0,448,448,224,0,0,224,224,0.250000,0.250000,0.500000,0.500000
milestone2/data/generated/images/train/train_000203.jpg,milestone2/data/generated/labels/train/train_000203.txt,train,Nikhil Kudupudi,3,2,images_OBJ002/OBJ002_077.jpg,4510c9d777909307a8bee237ba9de897,OBJ002,Water bottle,1,2,2,1,0,448,448,224,0,224,224,448,0.250000,0.750000,0.500000,0.500000
milestone2/data/generated/images/train/train_000203.jpg,milestone2/data/generated/labels/train/train_000203.txt,train,Nikhil Kudupudi,3,3,images_OBJ033/OBJ033_068.jpg,2b35da1f913a9b3bf85a418b913e9ac2,OBJ033,Duck,32,2,2,1,1,448,448,224,224,224,448,448,0.750000,0.750000,0.500000,0.500000
milestone2/data/generated/images/train/train_000204.jpg,milestone2/data/generated/labels/train/train_000204.txt,train,Nikhil Kudupudi,3,1,images_OBJ045/OBJ045_085.jpg,1ad70de9e4b14d03950aec62f12175c1,OBJ045,Wayfarer Sunglasses,44,2,2,1,1,448,448,224,224,224,448,448,0.750000,0.750000,0.500000,0.500000
milestone2/data/generated/images/train/train_000204.jpg,milestone2/data/generated/labels/train/train_000204.txt,train,Nikhil Kudupudi,3,2,images_OBJ034/OBJ034_007.jpg,8bacc407fde117d056003e06f8471567,OBJ034,Table Tennis Racket,33,2,2,0,1,448,448,224,224,0,448,224,0.750000,0.250000,0.500000,0.500000
milestone2/data/generated/images/train/train_000204.jpg,milestone2/data/generated/labels/train/train_000204.txt,train,Nikhil Kudupudi,3,3,images_OBJ064/OBJ064_007.jpg,b52033f1cbea42f6429f38de7685762c,OBJ064,RGB Projector,63,2,2,1,0,448,448,224,0,224,224,448,0.250000,0.750000,0.500000,0.500000
milestone2/data/generated/images/train/train_000205.jpg,milestone2/data/generated/labels/train/train_000205.txt,train,Nikhil Kudupudi,5,1,images_OBJ059/OBJ059_071.jpg,273e1b719b2eb4fb50f80576356b5287,OBJ059,Comb,58,2,3,1,1,672,448,224,224,224,448,448,0.500000,0.750000,0.333333,0.500000
milestone2/data/generated/images/train/train_000205.jpg,milestone2/data/generated/labels/train/train_000205.txt,train,Nikhil Kudupudi,5,2,images_OBJ017/OBJ017_022.jpg,86b62cdf4641a6916100d0596f1ffbb9,OBJ017,Controller,16,2,3,0,1,672,448,224,224,0,448,224,0.500000,0.250000,0.333333,0.500000
milestone2/data/generated/images/train/train_000205.jpg,milestone2/data/generated/labels/train/train_000205.txt,train,Nikhil Kudupudi,5,3,images_OBJ025/OBJ025_077.jpg,b883fc64af389c3d7f246e33db2f207c,OBJ025,Watch,24,2,3,1,2,672,448,224,448,224,672,448,0.833333,0.750000,0.333333,0.500000
milestone2/data/generated/images/train/train_000205.jpg,milestone2/data/generated/labels/train/train_000205.txt,train,Nikhil Kudupudi,5,4,images_OBJ044/OBJ044_068.jpg,cb429d80042815817054225f1eff5a44,OBJ044,Anime Figurine,43,2,3,0,2,672,448,224,448,0,672,224,0.833333,0.250000,0.333333,0.500000
milestone2/data/generated/images/train/train_000205.jpg,milestone2/data/generated/labels/train/train_000205.txt,train,Nikhil Kudupudi,5,5,images_OBJ007/OBJ007_026.jpg,5a367b49d0105928017516e3ae00b7c6,OBJ007,Apple,6,2,3,0,0,672,448,224,0,0,224,224,0.166667,0.250000,0.333333,0.500000
milestone2/data/generated/images/train/train_000206.jpg,milestone2/data/generated/labels/train/train_000206.txt,train,Nikhil Kudupudi,5,1,images_OBJ070/OBJ070_087.jpg,b9c432a848bd2d4ab81e96d0fb7345cb,OBJ070,Astronaut projector,69,2,3,1,2,672,448,224,448,224,672,448,0.833333,0.750000,0.333333,0.500000
milestone2/data/generated/images/train/train_000206.jpg,milestone2/data/generated/labels/train/train_000206.txt,train,Nikhil Kudupudi,5,2,images_OBJ061/OBJ061_092.jpg,bbd9a66c227b7d43ad0c5d679bae82db,OBJ061,Card wallet,60,2,3,1,1,672,448,224,224,224,448,448,0.500000,0.750000,0.333333,0.500000
milestone2/data/generated/images/train/train_000206.jpg,milestone2/data/generated/labels/train/train_000206.txt,train,Nikhil Kudupudi,5,3,images_OBJ030/OBJ030_077.jpg,7f1a717ac585be745344b5b199f744da,OBJ030,Tennis racket,29,2,3,0,1,672,448,224,224,0,448,224,0.500000,0.250000,0.333333,0.500000
milestone2/data/generated/images/train/train_000206.jpg,milestone2/data/generated/labels/train/train_000206.txt,train,Nikhil Kudupudi,5,4,images_OBJ042/OBJ042_012.jpg,9b749fcfc438d6dcfdb9b27bad3f3690,OBJ042,Mouth guard case,41,2,3,0,0,672,448,224,0,0,224,224,0.166667,0.250000,0.333333,0.500000
milestone2/data/generated/images/train/train_000206.jpg,milestone2/data/generated/labels/train/train_000206.txt,train,Nikhil Kudupudi,5,5,images_OBJ065/OBJ065_083.jpg,04422977343fc7f64c7be6d4c21ba0de,OBJ065,Analog watch,64,2,3,0,2,672,448,224,448,0,672,224,0.833333,0.250000,0.333333,0.500000
milestone2/data/generated/images/train/train_000207.jpg,milestone2/data/generated/labels/train/train_000207.txt,train,Nikhil Kudupudi,4,1,images_OBJ031/OBJ031_057.jpg,31c906890c980391cc2a330b8326363c,OBJ031,UNO card box,30,2,2,0,1,448,448,224,224,0,448,224,0.750000,0.250000,0.500000,0.500000
milestone2/data/generated/images/train/train_000207.jpg,milestone2/data/generated/labels/train/train_000207.txt,train,Nikhil Kudupudi,4,2,images_OBJ048/OBJ048_054.jpg,89cd8eae4ce2fde38c3935bbc6d08736,OBJ048,Wireless powerbank,47,2,2,0,0,448,448,224,0,0,224,224,0.250000,0.250000,0.500000,0.500000
milestone2/data/generated/images/train/train_000207.jpg,milestone2/data/generated/labels/train/train_000207.txt,train,Nikhil Kudupudi,4,3,images_OBJ018/OBJ018_009.jpg,a58bab72ef1571df0f87054496edbb40,OBJ018,Rubiks cube,17,2,2,1,1,448,448,224,224,224,448,448,0.750000,0.750000,0.500000,0.500000
milestone2/data/generated/images/train/train_000207.jpg,milestone2/data/generated/labels/train/train_000207.txt,train,Nikhil Kudupudi,4,4,images_OBJ063/OBJ063_085.jpg,81b5baefb38f44c45282c2bd57b26045,OBJ063,Measuring Bottle,62,2,2,1,0,448,448,224,0,224,224,448,0.250000,0.750000,0.500000,0.500000
milestone2/data/generated/images/train/train_000208.jpg,milestone2/data/generated/labels/train/train_000208.txt,train,Nikhil Kudupudi,5,1,images_OBJ020/OBJ020_028.jpg,b89ee2380d91dbd0d41a909cff63bdc3,OBJ020,Airpod,19,2,3,1,1,672,448,224,224,224,448,448,0.500000,0.750000,0.333333,0.500000
milestone2/data/generated/images/train/train_000208.jpg,milestone2/data/generated/labels/train/train_000208.txt,train,Nikhil Kudupudi,5,2,images_OBJ073/OBJ073_008.jpg,184fa5916b1afe422b53f5412475e41b,OBJ073,Bowl,72,2,3,0,2,672,448,224,448,0,672,224,0.833333,0.250000,0.333333,0.500000
milestone2/data/generated/images/train/train_000208.jpg,milestone2/data/generated/labels/train/train_000208.txt,train,Nikhil Kudupudi,5,3,images_OBJ057/OBJ057_004.jpg,0d0440366feddc860ca8bcc93979867b,OBJ057,Power Bank,56,2,3,0,0,672,448,224,0,0,224,224,0.166667,0.250000,0.333333,0.500000
milestone2/data/generated/images/train/train_000208.jpg,milestone2/data/generated/labels/train/train_000208.txt,train,Nikhil Kudupudi,5,4,images_OBJ006/OBJ006_003.jpg,0d50a9506e46cd31fbeda1715eab0d34,OBJ006,Capybara Toy,5,2,3,0,1,672,448,224,224,0,448,224,0.500000,0.250000,0.333333,0.500000
milestone2/data/generated/images/train/train_000208.jpg,milestone2/data/generated/labels/train/train_000208.txt,train,Nikhil Kudupudi,5,5,images_OBJ023/OBJ023_062.JPG,ad02f8e2dd192d60b1c12ba7fc65275d,OBJ023,Bracelet,22,2,3,1,2,672,448,224,448,224,672,448,0.833333,0.750000,0.333333,0.500000
milestone2/data/generated/images/train/train_000209.jpg,milestone2/data/generated/labels/train/train_000209.txt,train,Nikhil Kudupudi,5,1,images_OBJ067/OBJ067_0014.jpg,d9a89fab3a3c1af841c34865cf689d5b,OBJ067,Men's Wallet,66,2,3,0,0,672,448,224,0,0,224,224,0.166667,0.250000,0.333333,0.500000
milestone2/data/generated/images/train/train_000209.jpg,milestone2/data/generated/labels/train/train_000209.txt,train,Nikhil Kudupudi,5,2,images_OBJ068/OBJ068_009.jpg,bfb03680bc0d413decf366c78d89b110,OBJ068,Neck Pillow,67,2,3,0,2,672,448,224,448,0,672,224,0.833333,0.250000,0.333333,0.500000
milestone2/data/generated/images/train/train_000209.jpg,milestone2/data/generated/labels/train/train_000209.txt,train,Nikhil Kudupudi,5,3,images_OBJ054/OBJ054_087.jpg,b67b5d58a34ba2eec651760d6b8db986,OBJ054,Purse,53,2,3,1,0,672,448,224,0,224,224,448,0.166667,0.750000,0.333333,0.500000
milestone2/data/generated/images/train/train_000209.jpg,milestone2/data/generated/labels/train/train_000209.txt,train,Nikhil Kudupudi,5,4,images_OBJ008/OBJ008_041.jpg,164935e7598b6b0259ef66d6c8927e37,OBJ008,Cat,7,2,3,1,1,672,448,224,224,224,448,448,0.500000,0.750000,0.333333,0.500000
milestone2/data/generated/images/train/train_000209.jpg,milestone2/data/generated/labels/train/train_000209.txt,train,Nikhil Kudupudi,5,5,images_OBJ052/OBJ052_043.jpg,0529afff19e31bd452d8424dd782c567,OBJ052,Spoon,51,2,3,0,1,672,448,224,224,0,448,224,0.500000,0.250000,0.333333,0.500000
milestone2/data/generated/images/train/train_000210.jpg,milestone2/data/generated/labels/train/train_000210.txt,train,Nikhil Kudupudi,5,1,images_OBJ014/OBJ014_046.jpeg,bfbfb69852d6700584794545089f55f1,OBJ014,Sunglasses,13,2,3,0,2,672,448,224,448,0,672,224,0.833333,0.250000,0.333333,0.500000
milestone2/data/generated/images/train/train_000210.jpg,milestone2/data/generated/labels/train/train_000210.txt,train,Nikhil Kudupudi,5,2,images_OBJ019/OBJ019_025.jpg,426b035e8292a18556ff65367f26b4d9,OBJ019,Plant,18,2,3,1,1,672,448,224,224,224,448,448,0.500000,0.750000,0.333333,0.500000
milestone2/data/generated/images/train/train_000210.jpg,milestone2/data/generated/labels/train/train_000210.txt,train,Nikhil Kudupudi,5,3,images_OBJ062/OBJ062_081.jpg,cd97a5e83c6245789ff3c3232fc87bb3,OBJ062,Headphones,61,2,3,0,1,672,448,224,224,0,448,224,0.500000,0.250000,0.333333,0.500000
milestone2/data/generated/images/train/train_000210.jpg,milestone2/data/generated/labels/train/train_000210.txt,train,Nikhil Kudupudi,5,4,images_OBJ036/OBJ036_029.jpg,fe1de553df24ec3d554e967277ec7564,OBJ036,Pencil case,35,2,3,1,0,672,448,224,0,224,224,448,0.166667,0.750000,0.333333,0.500000
milestone2/data/generated/images/train/train_000210.jpg,milestone2/data/generated/labels/train/train_000210.txt,train,Nikhil Kudupudi,5,5,images_OBJ024/OBJ024_070.jpg,aeb75f3abc89fd5c8104bb6681b16a10,OBJ024,Plush doll,23,2,3,1,2,672,448,224,448,224,672,448,0.833333,0.750000,0.333333,0.500000
milestone2/data/generated/images/val/val_000031.jpg,milestone2/data/generated/labels/val/val_000031.txt,val,Nikhil Kudupudi,5,1,images_OBJ057/OBJ057_045.jpg,7d818acb41271b8f45ef3fafcbe94a36,OBJ057,Power Bank,56,2,3,0,0,672,448,224,0,0,224,224,0.166667,0.250000,0.333333,0.500000
milestone2/data/generated/images/val/val_000031.jpg,milestone2/data/generated/labels/val/val_000031.txt,val,Nikhil Kudupudi,5,2,images_OBJ050/OBJ050_061.jpg,4d1330015ca9ae0edd1bb8c5eb00468d,OBJ050,Hairbrush,49,2,3,1,1,672,448,224,224,224,448,448,0.500000,0.750000,0.333333,0.500000
milestone2/data/generated/images/val/val_000031.jpg,milestone2/data/generated/labels/val/val_000031.txt,val,Nikhil Kudupudi,5,3,images_OBJ068/OBJ068_004.jpg,ed8faa045f8a6cf8c5eeb799153c44b0,OBJ068,Neck Pillow,67,2,3,0,2,672,448,224,448,0,672,224,0.833333,0.250000,0.333333,0.500000
milestone2/data/generated/images/val/val_000031.jpg,milestone2/data/generated/labels/val/val_000031.txt,val,Nikhil Kudupudi,5,4,images_OBJ030/OBJ030_073.jpg,739c16921cea56e9ec467cede268f63d,OBJ030,Tennis racket,29,2,3,1,2,672,448,224,448,224,672,448,0.833333,0.750000,0.333333,0.500000
milestone2/data/generated/images/val/val_000031.jpg,milestone2/data/generated/labels/val/val_000031.txt,val,Nikhil Kudupudi,5,5,images_OBJ064/OBJ064_070.jpg,3356faee02dff72a1ecdb51f282a840a,OBJ064,RGB Projector,63,2,3,1,0,672,448,224,0,224,224,448,0.166667,0.750000,0.333333,0.500000
milestone2/data/generated/images/val/val_000032.jpg,milestone2/data/generated/labels/val/val_000032.txt,val,Nikhil Kudupudi,4,1,images_OBJ029/OBJ029_036.jpg,4d7f832983faebfc6431000e8f051a0b,OBJ029,Orange,28,2,2,1,1,448,448,224,224,224,448,448,0.750000,0.750000,0.500000,0.500000
milestone2/data/generated/images/val/val_000032.jpg,milestone2/data/generated/labels/val/val_000032.txt,val,Nikhil Kudupudi,4,2,images_OBJ045/OBJ045_005.jpg,c3f3ed3d2da2e85fa4a2ab9ba2e8129e,OBJ045,Wayfarer Sunglasses,44,2,2,0,1,448,448,224,224,0,448,224,0.750000,0.250000,0.500000,0.500000
milestone2/data/generated/images/val/val_000032.jpg,milestone2/data/generated/labels/val/val_000032.txt,val,Nikhil Kudupudi,4,3,images_OBJ021/OBJ021_075.jpg,d9cf541d3fd2b77e6baddc364c6b10fc,OBJ021,Toy Bunny,20,2,2,1,0,448,448,224,0,224,224,448,0.250000,0.750000,0.500000,0.500000
milestone2/data/generated/images/val/val_000032.jpg,milestone2/data/generated/labels/val/val_000032.txt,val,Nikhil Kudupudi,4,4,images_OBJ034/OBJ034_006.jpg,c0362d327617e1016b3b8b2e05348883,OBJ034,Table Tennis Racket,33,2,2,0,0,448,448,224,0,0,224,224,0.250000,0.250000,0.500000,0.500000
milestone2/data/generated/images/val/val_000033.jpg,milestone2/data/generated/labels/val/val_000033.txt,val,Nikhil Kudupudi,5,1,images_OBJ042/OBJ042_005.jpg,e4f9d63215ef449043d56405fd3d897c,OBJ042,Mouth guard case,41,2,3,1,2,672,448,224,448,224,672,448,0.833333,0.750000,0.333333,0.500000
milestone2/data/generated/images/val/val_000033.jpg,milestone2/data/generated/labels/val/val_000033.txt,val,Nikhil Kudupudi,5,2,images_OBJ066/OBJ066_013.jpg,16b2dcba14456852ecb58ffca68ef68d,OBJ066,Hair oil,65,2,3,0,2,672,448,224,448,0,672,224,0.833333,0.250000,0.333333,0.500000
milestone2/data/generated/images/val/val_000033.jpg,milestone2/data/generated/labels/val/val_000033.txt,val,Nikhil Kudupudi,5,3,images_OBJ037/OBJ037_017.jpg,797457f91486c888431b75578145ee50,OBJ037,Candle,36,2,3,0,0,672,448,224,0,0,224,224,0.166667,0.250000,0.333333,0.500000
milestone2/data/generated/images/val/val_000033.jpg,milestone2/data/generated/labels/val/val_000033.txt,val,Nikhil Kudupudi,5,4,images_OBJ016/OBJ016_095.jpg,41a4b73cfd97c135efd13107401cde09,OBJ016,Sandisk Portable SSD,15,2,3,1,0,672,448,224,0,224,224,448,0.166667,0.750000,0.333333,0.500000
milestone2/data/generated/images/val/val_000033.jpg,milestone2/data/generated/labels/val/val_000033.txt,val,Nikhil Kudupudi,5,5,images_OBJ014/OBJ014_015.jpeg,e0b1d0b3576c2fa0a8fc16854939643d,OBJ014,Sunglasses,13,2,3,1,1,672,448,224,224,224,448,448,0.500000,0.750000,0.333333,0.500000
milestone2/data/generated/images/val/val_000034.jpg,milestone2/data/generated/labels/val/val_000034.txt,val,Nikhil Kudupudi,5,1,images_OBJ013/OBJ013_053.jpg,075238cc5a1ca06ee763a332b2be7db7,OBJ013,Mobile phone,12,2,3,0,2,672,448,224,448,0,672,224,0.833333,0.250000,0.333333,0.500000
milestone2/data/generated/images/val/val_000034.jpg,milestone2/data/generated/labels/val/val_000034.txt,val,Nikhil Kudupudi,5,2,images_OBJ035/OBJ035_083.jpg,98191cefd8d1fad6f10980e550a8a901,OBJ035,Badminton racket,34,2,3,0,0,672,448,224,0,0,224,224,0.166667,0.250000,0.333333,0.500000
milestone2/data/generated/images/val/val_000034.jpg,milestone2/data/generated/labels/val/val_000034.txt,val,Nikhil Kudupudi,5,3,images_OBJ038/OBJ038_051.jpg,df0ed54c9b0460730d354ae9e7caf3a4,OBJ038,Perfume bottle,37,2,3,1,1,672,448,224,224,224,448,448,0.500000,0.750000,0.333333,0.500000
milestone2/data/generated/images/val/val_000034.jpg,milestone2/data/generated/labels/val/val_000034.txt,val,Nikhil Kudupudi,5,4,images_OBJ049/OBJ049_002.jpg,5ae524fb4d2bd884966e442eba6e43eb,OBJ049,Pickleball bat,48,2,3,0,1,672,448,224,224,0,448,224,0.500000,0.250000,0.333333,0.500000
milestone2/data/generated/images/val/val_000034.jpg,milestone2/data/generated/labels/val/val_000034.txt,val,Nikhil Kudupudi,5,5,images_OBJ043/OBJ043_001.jpg,a14db2603d848a2f7cf4126134b53e74,OBJ043,Swimming Goggles,42,2,3,1,2,672,448,224,448,224,672,448,0.833333,0.750000,0.333333,0.500000
milestone2/data/generated/images/val/val_000035.jpg,milestone2/data/generated/labels/val/val_000035.txt,val,Nikhil Kudupudi,5,1,images_OBJ024/OBJ024_013.jpg,c00867ba585b72dca827335f729a48d0,OBJ024,Plush doll,23,2,3,1,0,672,448,224,0,224,224,448,0.166667,0.750000,0.333333,0.500000
milestone2/data/generated/images/val/val_000035.jpg,milestone2/data/generated/labels/val/val_000035.txt,val,Nikhil Kudupudi,5,2,images_OBJ012/OBJ012_001.jpg,57ec6499df6258a856e87b0f4ff9f6a6,OBJ012,Computer Keyboard,11,2,3,0,1,672,448,224,224,0,448,224,0.500000,0.250000,0.333333,0.500000
milestone2/data/generated/images/val/val_000035.jpg,milestone2/data/generated/labels/val/val_000035.txt,val,Nikhil Kudupudi,5,3,images_OBJ020/OBJ020_007.jpg,dcd84a484fd349198cc0fbdf497805fa,OBJ020,Airpod,19,2,3,1,2,672,448,224,448,224,672,448,0.833333,0.750000,0.333333,0.500000
milestone2/data/generated/images/val/val_000035.jpg,milestone2/data/generated/labels/val/val_000035.txt,val,Nikhil Kudupudi,5,4,images_OBJ059/OBJ059_052.jpg,0886189e7471750770bbd01f8551c677,OBJ059,Comb,58,2,3,1,1,672,448,224,224,224,448,448,0.500000,0.750000,0.333333,0.500000
milestone2/data/generated/images/val/val_000035.jpg,milestone2/data/generated/labels/val/val_000035.txt,val,Nikhil Kudupudi,5,5,images_OBJ072/OBJ072_003.jpg,ba36d403ce8c51ef7fe3e44538150474,OBJ072,Dog,71,2,3,0,0,672,448,224,0,0,224,224,0.166667,0.250000,0.333333,0.500000
milestone2/data/generated/images/val/val_000036.jpg,milestone2/data/generated/labels/val/val_000036.txt,val,Nikhil Kudupudi,5,1,images_OBJ037/OBJ037_057.jpg,3d94b3ef4928cb59521488d5acda4c18,OBJ037,Candle,36,2,3,0,2,672,448,224,448,0,672,224,0.833333,0.250000,0.333333,0.500000
milestone2/data/generated/images/val/val_000036.jpg,milestone2/data/generated/labels/val/val_000036.txt,val,Nikhil Kudupudi,5,2,images_OBJ070/OBJ070_086.jpg,8ea256714b87651acebc405b8164e1e0,OBJ070,Astronaut projector,69,2,3,0,1,672,448,224,224,0,448,224,0.500000,0.250000,0.333333,0.500000
milestone2/data/generated/images/val/val_000036.jpg,milestone2/data/generated/labels/val/val_000036.txt,val,Nikhil Kudupudi,5,3,images_OBJ027/OBJ027_038.jpg,67d66c91958cb0e81b2f4d1c892624ca,OBJ027,Tennis ball,26,2,3,1,2,672,448,224,448,224,672,448,0.833333,0.750000,0.333333,0.500000
milestone2/data/generated/images/val/val_000036.jpg,milestone2/data/generated/labels/val/val_000036.txt,val,Nikhil Kudupudi,5,4,images_OBJ030/OBJ030_029.jpg,edf76d483f82b0789ff7b8eeacccc32e,OBJ030,Tennis racket,29,2,3,1,1,672,448,224,224,224,448,448,0.500000,0.750000,0.333333,0.500000
milestone2/data/generated/images/val/val_000036.jpg,milestone2/data/generated/labels/val/val_000036.txt,val,Nikhil Kudupudi,5,5,images_OBJ013/OBJ013_068.jpg,a89d918e10249f8882a44376f1b20b45,OBJ013,Mobile phone,12,2,3,0,0,672,448,224,0,0,224,224,0.166667,0.250000,0.333333,0.500000
milestone2/data/generated/images/val/val_000037.jpg,milestone2/data/generated/labels/val/val_000037.txt,val,Nikhil Kudupudi,4,1,images_OBJ050/OBJ050_064.jpg,00e2d63f846c875d7e99bc5c79676635,OBJ050,Hairbrush,49,2,2,1,1,448,448,224,224,224,448,448,0.750000,0.750000,0.500000,0.500000
milestone2/data/generated/images/val/val_000037.jpg,milestone2/data/generated/labels/val/val_000037.txt,val,Nikhil Kudupudi,4,2,images_OBJ049/OBJ049_033.jpg,cc38dc07c5d39e0670557fbdf650110a,OBJ049,Pickleball bat,48,2,2,0,1,448,448,224,224,0,448,224,0.750000,0.250000,0.500000,0.500000
milestone2/data/generated/images/val/val_000037.jpg,milestone2/data/generated/labels/val/val_000037.txt,val,Nikhil Kudupudi,4,3,images_OBJ045/OBJ045_063.jpg,aaabbe90c89f8decb3a1024f10fc62ce,OBJ045,Wayfarer Sunglasses,44,2,2,0,0,448,448,224,0,0,224,224,0.250000,0.250000,0.500000,0.500000
milestone2/data/generated/images/val/val_000037.jpg,milestone2/data/generated/labels/val/val_000037.txt,val,Nikhil Kudupudi,4,4,images_OBJ007/OBJ007_072.jpg,088a520ce2eacadaea789e8cfaa923c8,OBJ007,Apple,6,2,2,1,0,448,448,224,0,224,224,448,0.250000,0.750000,0.500000,0.500000
milestone2/data/generated/images/val/val_000038.jpg,milestone2/data/generated/labels/val/val_000038.txt,val,Nikhil Kudupudi,4,1,images_OBJ041/OBJ041_012.jpg,a9729ff4e247d527fbbaed938c53ddb4,OBJ041,Table fan,40,2,2,0,0,448,448,224,0,0,224,224,0.250000,0.250000,0.500000,0.500000
milestone2/data/generated/images/val/val_000038.jpg,milestone2/data/generated/labels/val/val_000038.txt,val,Nikhil Kudupudi,4,2,images_OBJ002/OBJ002_052.jpg,cf66ced94277d7ca10518a6df24b68ce,OBJ002,Water bottle,1,2,2,1,1,448,448,224,224,224,448,448,0.750000,0.750000,0.500000,0.500000
milestone2/data/generated/images/val/val_000038.jpg,milestone2/data/generated/labels/val/val_000038.txt,val,Nikhil Kudupudi,4,3,images_OBJ028/OBJ028_006.jpg,ce3da434ca276476881e3e45168313fb,OBJ028,Banana,27,2,2,0,1,448,448,224,224,0,448,224,0.750000,0.250000,0.500000,0.500000
milestone2/data/generated/images/val/val_000038.jpg,milestone2/data/generated/labels/val/val_000038.txt,val,Nikhil Kudupudi,4,4,images_OBJ009/OBJ009_091.jpg,e7d8c51a78b269e3af6ea7ec43f22ce3,OBJ009,Marshall Speaker,8,2,2,1,0,448,448,224,0,224,224,448,0.250000,0.750000,0.500000,0.500000
milestone2/data/generated/images/val/val_000039.jpg,milestone2/data/generated/labels/val/val_000039.txt,val,Nikhil Kudupudi,5,1,images_OBJ061/OBJ061_038.jpg,f960222e9134add8eb0593ec5c4b0551,OBJ061,Card wallet,60,2,3,1,0,672,448,224,0,224,224,448,0.166667,0.750000,0.333333,0.500000
milestone2/data/generated/images/val/val_000039.jpg,milestone2/data/generated/labels/val/val_000039.txt,val,Nikhil Kudupudi,5,2,images_OBJ067/OBJ067_0080.jpg,b5dafae4494f0066821a00e29e148a39,OBJ067,Men's Wallet,66,2,3,0,1,672,448,224,224,0,448,224,0.500000,0.250000,0.333333,0.500000
milestone2/data/generated/images/val/val_000039.jpg,milestone2/data/generated/labels/val/val_000039.txt,val,Nikhil Kudupudi,5,3,images_OBJ054/OBJ054_006.jpg,13d538e8e4c970936516c28ef973b1e9,OBJ054,Purse,53,2,3,0,2,672,448,224,448,0,672,224,0.833333,0.250000,0.333333,0.500000
milestone2/data/generated/images/val/val_000039.jpg,milestone2/data/generated/labels/val/val_000039.txt,val,Nikhil Kudupudi,5,4,images_OBJ057/OBJ057_067.jpg,1c9ace1376bbbd51fc76f86c60f5de9d,OBJ057,Power Bank,56,2,3,0,0,672,448,224,0,0,224,224,0.166667,0.250000,0.333333,0.500000
milestone2/data/generated/images/val/val_000039.jpg,milestone2/data/generated/labels/val/val_000039.txt,val,Nikhil Kudupudi,5,5,images_OBJ068/OBJ068_089.jpg,8bcc23f211f844bde7e4d722331dc125,OBJ068,Neck Pillow,67,2,3,1,1,672,448,224,224,224,448,448,0.500000,0.750000,0.333333,0.500000
milestone2/data/generated/images/val/val_000040.jpg,milestone2/data/generated/labels/val/val_000040.txt,val,Nikhil Kudupudi,4,1,images_OBJ065/OBJ065_084.jpg,4842ab23c46d7cfcb9a69b4daf5b9232,OBJ065,Analog watch,64,2,2,1,1,448,448,224,224,224,448,448,0.750000,0.750000,0.500000,0.500000
milestone2/data/generated/images/val/val_000040.jpg,milestone2/data/generated/labels/val/val_000040.txt,val,Nikhil Kudupudi,4,2,images_OBJ010/OBJ010_052.jpg,275e482691fc01619e0fecf490827363,OBJ010,Nike sneakers,9,2,2,0,0,448,448,224,0,0,224,224,0.250000,0.250000,0.500000,0.500000
milestone2/data/generated/images/val/val_000040.jpg,milestone2/data/generated/labels/val/val_000040.txt,val,Nikhil Kudupudi,4,3,images_OBJ021/OBJ021_014.jpg,415c8d65dcee3aa8f837a8314aba6c39,OBJ021,Toy Bunny,20,2,2,0,1,448,448,224,224,0,448,224,0.750000,0.250000,0.500000,0.500000
milestone2/data/generated/images/val/val_000040.jpg,milestone2/data/generated/labels/val/val_000040.txt,val,Nikhil Kudupudi,4,4,images_OBJ034/OBJ034_094.jpg,4bf5d66ed7bb2f42fd66b0de82d3bbb5,OBJ034,Table Tennis Racket,33,2,2,1,0,448,448,224,0,224,224,448,0.250000,0.750000,0.500000,0.500000
milestone2/data/generated/images/val/val_000041.jpg,milestone2/data/generated/labels/val/val_000041.txt,val,Nikhil Kudupudi,3,1,images_OBJ042/OBJ042_095.jpg,14758b6693a11f26e77634bdcd987e6b,OBJ042,Mouth guard case,41,2,2,1,1,448,448,224,224,224,448,448,0.750000,0.750000,0.500000,0.500000
milestone2/data/generated/images/val/val_000041.jpg,milestone2/data/generated/labels/val/val_000041.txt,val,Nikhil Kudupudi,3,2,images_OBJ069/OBJ069_002.jpg,d35bf16c3519722d09498eb1ebb4d7e5,OBJ069,Knife,68,2,2,0,0,448,448,224,0,0,224,224,0.250000,0.250000,0.500000,0.500000
milestone2/data/generated/images/val/val_000041.jpg,milestone2/data/generated/labels/val/val_000041.txt,val,Nikhil Kudupudi,3,3,images_OBJ048/OBJ048_038.jpg,f4093129ac204c22aefc5269319b1e0b,OBJ048,Wireless powerbank,47,2,2,0,1,448,448,224,224,0,448,224,0.750000,0.250000,0.500000,0.500000
milestone2/data/generated/images/val/val_000042.jpg,milestone2/data/generated/labels/val/val_000042.txt,val,Nikhil Kudupudi,5,1,images_OBJ062/OBJ062_040.jpg,7566ffdee28ff7f9a59f5fc2147ae348,OBJ062,Headphones,61,2,3,0,0,672,448,224,0,0,224,224,0.166667,0.250000,0.333333,0.500000
milestone2/data/generated/images/val/val_000042.jpg,milestone2/data/generated/labels/val/val_000042.txt,val,Nikhil Kudupudi,5,2,images_OBJ017/OBJ017_055.jpg,c2cb2248c3f01d3ac584f5dc23d86475,OBJ017,Controller,16,2,3,0,2,672,448,224,448,0,672,224,0.833333,0.250000,0.333333,0.500000
milestone2/data/generated/images/val/val_000042.jpg,milestone2/data/generated/labels/val/val_000042.txt,val,Nikhil Kudupudi,5,3,images_OBJ064/OBJ064_089.jpg,e8961c7a994c6d41e19355f6a5c7cf0d,OBJ064,RGB Projector,63,2,3,0,1,672,448,224,224,0,448,224,0.500000,0.250000,0.333333,0.500000
milestone2/data/generated/images/val/val_000042.jpg,milestone2/data/generated/labels/val/val_000042.txt,val,Nikhil Kudupudi,5,4,images_OBJ035/OBJ035_002.jpg,7fd5ea33b5ee82ef4bc19624f3fc9ed9,OBJ035,Badminton racket,34,2,3,1,1,672,448,224,224,224,448,448,0.500000,0.750000,0.333333,0.500000
milestone2/data/generated/images/val/val_000042.jpg,milestone2/data/generated/labels/val/val_000042.txt,val,Nikhil Kudupudi,5,5,images_OBJ040/OBJ040_013.JPG,239a734330ae4535c5d77b2701b3960d,OBJ040,Clutcher,39,2,3,1,2,672,448,224,448,224,672,448,0.833333,0.750000,0.333333,0.500000
milestone2/data/generated/images/val/val_000043.jpg,milestone2/data/generated/labels/val/val_000043.txt,val,Nikhil Kudupudi,5,1,images_OBJ006/OBJ006_083.jpg,eb1bf096410d41d6b165981704dfdee4,OBJ006,Capybara Toy,5,2,3,0,2,672,448,224,448,0,672,224,0.833333,0.250000,0.333333,0.500000
milestone2/data/generated/images/val/val_000043.jpg,milestone2/data/generated/labels/val/val_000043.txt,val,Nikhil Kudupudi,5,2,images_OBJ004/OBJ004_081.jpg,d0cb50c930b487a29528895d4d15038f,OBJ004,Toy Car,3,2,3,1,2,672,448,224,448,224,672,448,0.833333,0.750000,0.333333,0.500000
milestone2/data/generated/images/val/val_000043.jpg,milestone2/data/generated/labels/val/val_000043.txt,val,Nikhil Kudupudi,5,3,images_OBJ012/OBJ012_044.jpg,a92e636103aeebda21aa096a28feefb1,OBJ012,Computer Keyboard,11,2,3,1,1,672,448,224,224,224,448,448,0.500000,0.750000,0.333333,0.500000
milestone2/data/generated/images/val/val_000043.jpg,milestone2/data/generated/labels/val/val_000043.txt,val,Nikhil Kudupudi,5,4,images_OBJ011/OBJ011_023.jpg,a75df234f7777ea78aeb9a3c66f6806c,OBJ011,Mug,10,2,3,1,0,672,448,224,0,224,224,448,0.166667,0.750000,0.333333,0.500000
milestone2/data/generated/images/val/val_000043.jpg,milestone2/data/generated/labels/val/val_000043.txt,val,Nikhil Kudupudi,5,5,images_OBJ073/OBJ073_070.jpg,877153fff2d57050ab503eb8aa1d093c,OBJ073,Bowl,72,2,3,0,0,672,448,224,0,0,224,224,0.166667,0.250000,0.333333,0.500000
milestone2/data/generated/images/val/val_000044.jpg,milestone2/data/generated/labels/val/val_000044.txt,val,Nikhil Kudupudi,4,1,images_OBJ051/OBJ051_105.jpg,fdb08c78dd59e98e90a13aace752e4e8,OBJ051,Tissue,50,2,2,0,1,448,448,224,224,0,448,224,0.750000,0.250000,0.500000,0.500000
milestone2/data/generated/images/val/val_000044.jpg,milestone2/data/generated/labels/val/val_000044.txt,val,Nikhil Kudupudi,4,2,images_OBJ029/OBJ029_053.jpg,171723046ef79b32eac6aff921365a63,OBJ029,Orange,28,2,2,1,1,448,448,224,224,224,448,448,0.750000,0.750000,0.500000,0.500000
milestone2/data/generated/images/val/val_000044.jpg,milestone2/data/generated/labels/val/val_000044.txt,val,Nikhil Kudupudi,4,3,images_OBJ005/OBJ005_019.jpg,76bddd31301dd165ef50ce315f5c8ccc,OBJ005,Computer mouse,4,2,2,1,0,448,448,224,0,224,224,448,0.250000,0.750000,0.500000,0.500000
milestone2/data/generated/images/val/val_000044.jpg,milestone2/data/generated/labels/val/val_000044.txt,val,Nikhil Kudupudi,4,4,images_OBJ014/OBJ014_093.jpeg,378682d3ef2ed8ecad5318691cbe6f66,OBJ014,Sunglasses,13,2,2,0,0,448,448,224,0,0,224,224,0.250000,0.250000,0.500000,0.500000
milestone2/data/generated/images/val/val_000045.jpg,milestone2/data/generated/labels/val/val_000045.txt,val,Nikhil Kudupudi,4,1,images_OBJ008/OBJ008_061.jpg,0b04bffc9f6a42049e1830e2e6e73321,OBJ008,Cat,7,2,2,0,1,448,448,224,224,0,448,224,0.750000,0.250000,0.500000,0.500000
milestone2/data/generated/images/val/val_000045.jpg,milestone2/data/generated/labels/val/val_000045.txt,val,Nikhil Kudupudi,4,2,images_OBJ060/OBJ060_67.JPG,f8c6023c952759160a18a3fa01d216ad,OBJ060,Sleep Mask,59,2,2,1,1,448,448,224,224,224,448,448,0.750000,0.750000,0.500000,0.500000
milestone2/data/generated/images/val/val_000045.jpg,milestone2/data/generated/labels/val/val_000045.txt,val,Nikhil Kudupudi,4,3,images_OBJ058/OBJ058_011.jpg,78b3082659b2f45a46033436470bf95a,OBJ058,Footstool,57,2,2,1,0,448,448,224,0,224,224,448,0.250000,0.750000,0.500000,0.500000
milestone2/data/generated/images/val/val_000045.jpg,milestone2/data/generated/labels/val/val_000045.txt,val,Nikhil Kudupudi,4,4,images_OBJ047/OBJ047_043.jpg,4bdfb441fd68805895dc2ec121140982,OBJ047,Backpack,46,2,2,0,0,448,448,224,0,0,224,224,0.250000,0.250000,0.500000,0.500000
milestone2/data/generated/images/test/test_000031.jpg,milestone2/data/generated/labels/test/test_000031.txt,test,Nikhil Kudupudi,5,1,images_OBJ066/OBJ066_028.jpg,f884b8c07b58a9a0475599701a6b8f0a,OBJ066,Hair oil,65,2,3,1,2,672,448,224,448,224,672,448,0.833333,0.750000,0.333333,0.500000
milestone2/data/generated/images/test/test_000031.jpg,milestone2/data/generated/labels/test/test_000031.txt,test,Nikhil Kudupudi,5,2,images_OBJ055/OBJ055_078.jpg,4a0dc323ec56d235b688f073f08d63f8,OBJ055,Scientific Calculator,54,2,3,0,0,672,448,224,0,0,224,224,0.166667,0.250000,0.333333,0.500000
milestone2/data/generated/images/test/test_000031.jpg,milestone2/data/generated/labels/test/test_000031.txt,test,Nikhil Kudupudi,5,3,images_OBJ060/OBJ060_33.JPG,c594e7c4888b93b8ae15f035b10513c1,OBJ060,Sleep Mask,59,2,3,0,2,672,448,224,448,0,672,224,0.833333,0.250000,0.333333,0.500000
milestone2/data/generated/images/test/test_000031.jpg,milestone2/data/generated/labels/test/test_000031.txt,test,Nikhil Kudupudi,5,4,images_OBJ013/OBJ013_004.jpg,1eb571d05b26ce181c6aa156392b980e,OBJ013,Mobile phone,12,2,3,0,1,672,448,224,224,0,448,224,0.500000,0.250000,0.333333,0.500000
milestone2/data/generated/images/test/test_000031.jpg,milestone2/data/generated/labels/test/test_000031.txt,test,Nikhil Kudupudi,5,5,images_OBJ019/OBJ019_075.jpg,a21e18b1d0f18191ee0e18010f423955,OBJ019,Plant,18,2,3,1,0,672,448,224,0,224,224,448,0.166667,0.750000,0.333333,0.500000
milestone2/data/generated/images/test/test_000032.jpg,milestone2/data/generated/labels/test/test_000032.txt,test,Nikhil Kudupudi,3,1,images_OBJ047/OBJ047_074.jpg,bdf394a9dd5a77e970c2f54f72e874cc,OBJ047,Backpack,46,2,2,1,1,448,448,224,224,224,448,448,0.750000,0.750000,0.500000,0.500000
milestone2/data/generated/images/test/test_000032.jpg,milestone2/data/generated/labels/test/test_000032.txt,test,Nikhil Kudupudi,3,2,images_OBJ027/OBJ027_060.jpg,ebfe01e46084c9272002be9145795851,OBJ027,Tennis ball,26,2,2,0,1,448,448,224,224,0,448,224,0.750000,0.250000,0.500000,0.500000
milestone2/data/generated/images/test/test_000032.jpg,milestone2/data/generated/labels/test/test_000032.txt,test,Nikhil Kudupudi,3,3,images_OBJ025/OBJ025_043.jpg,e306432b24cbf2b3d0daacf86e04c7a0,OBJ025,Watch,24,2,2,1,0,448,448,224,0,224,224,448,0.250000,0.750000,0.500000,0.500000
milestone2/data/generated/images/test/test_000033.jpg,milestone2/data/generated/labels/test/test_000033.txt,test,Nikhil Kudupudi,5,1,images_OBJ037/OBJ037_084.jpg,a47e2d2531d9449fb538a74aa20a37ca,OBJ037,Candle,36,2,3,1,2,672,448,224,448,224,672,448,0.833333,0.750000,0.333333,0.500000
milestone2/data/generated/images/test/test_000033.jpg,milestone2/data/generated/labels/test/test_000033.txt,test,Nikhil Kudupudi,5,2,images_OBJ073/OBJ073_021.jpg,392e3413b232540edc057b1066e387dd,OBJ073,Bowl,72,2,3,1,1,672,448,224,224,224,448,448,0.500000,0.750000,0.333333,0.500000
milestone2/data/generated/images/test/test_000033.jpg,milestone2/data/generated/labels/test/test_000033.txt,test,Nikhil Kudupudi,5,3,images_OBJ049/OBJ049_026.jpg,ebb94ce043c487208c40fe616cae5ab5,OBJ049,Pickleball bat,48,2,3,1,0,672,448,224,0,224,224,448,0.166667,0.750000,0.333333,0.500000
milestone2/data/generated/images/test/test_000033.jpg,milestone2/data/generated/labels/test/test_000033.txt,test,Nikhil Kudupudi,5,4,images_OBJ053/OBJ053_015.jpg,ea01f004e6c192f9fe6afab8ea426f13,OBJ053,Moisturizer,52,2,3,0,2,672,448,224,448,0,672,224,0.833333,0.250000,0.333333,0.500000
milestone2/data/generated/images/test/test_000033.jpg,milestone2/data/generated/labels/test/test_000033.txt,test,Nikhil Kudupudi,5,5,images_OBJ001/OBJ001_087.jpg,87facee8731426ab210189d497a7a33f,OBJ001,Basketball,0,2,3,0,1,672,448,224,224,0,448,224,0.500000,0.250000,0.333333,0.500000
milestone2/data/generated/images/test/test_000034.jpg,milestone2/data/generated/labels/test/test_000034.txt,test,Nikhil Kudupudi,3,1,images_OBJ058/OBJ058_071.jpg,53b1cb08b801650930a89268093afa0c,OBJ058,Footstool,57,2,2,0,1,448,448,224,224,0,448,224,0.750000,0.250000,0.500000,0.500000
milestone2/data/generated/images/test/test_000034.jpg,milestone2/data/generated/labels/test/test_000034.txt,test,Nikhil Kudupudi,3,2,images_OBJ062/OBJ062_047.jpg,64576b5a0b6f81a56e5ea0e842104078,OBJ062,Headphones,61,2,2,1,1,448,448,224,224,224,448,448,0.750000,0.750000,0.500000,0.500000
milestone2/data/generated/images/test/test_000034.jpg,milestone2/data/generated/labels/test/test_000034.txt,test,Nikhil Kudupudi,3,3,images_OBJ045/OBJ045_013.jpg,650e5798e67031de9e4117ed28095c80,OBJ045,Wayfarer Sunglasses,44,2,2,1,0,448,448,224,0,224,224,448,0.250000,0.750000,0.500000,0.500000
milestone2/data/generated/images/test/test_000035.jpg,milestone2/data/generated/labels/test/test_000035.txt,test,Nikhil Kudupudi,3,1,images_OBJ003/OBJ003_067.jpg,b344d0fb38a6c131bb76bf0e660a6f40,OBJ003,NoteBook,2,2,2,0,1,448,448,224,224,0,448,224,0.750000,0.250000,0.500000,0.500000
milestone2/data/generated/images/test/test_000035.jpg,milestone2/data/generated/labels/test/test_000035.txt,test,Nikhil Kudupudi,3,2,images_OBJ021/OBJ021_009.jpg,ae83ad96282cf1ce105a26904b87c87a,OBJ021,Toy Bunny,20,2,2,0,0,448,448,224,0,0,224,224,0.250000,0.250000,0.500000,0.500000
milestone2/data/generated/images/test/test_000035.jpg,milestone2/data/generated/labels/test/test_000035.txt,test,Nikhil Kudupudi,3,3,images_OBJ059/OBJ059_034.jpg,5a733d0298838e87502b2ea740d67fd1,OBJ059,Comb,58,2,2,1,0,448,448,224,0,224,224,448,0.250000,0.750000,0.500000,0.500000
milestone2/data/generated/images/test/test_000036.jpg,milestone2/data/generated/labels/test/test_000036.txt,test,Nikhil Kudupudi,3,1,images_OBJ052/OBJ052_072.jpg,e90b9d1bff0cbe8c451a11bc333c2c5b,OBJ052,Spoon,51,2,2,0,0,448,448,224,0,0,224,224,0.250000,0.250000,0.500000,0.500000
milestone2/data/generated/images/test/test_000036.jpg,milestone2/data/generated/labels/test/test_000036.txt,test,Nikhil Kudupudi,3,2,images_OBJ030/OBJ030_091.jpg,92ac99d1f1e07a83ed99243c35026493,OBJ030,Tennis racket,29,2,2,1,1,448,448,224,224,224,448,448,0.750000,0.750000,0.500000,0.500000
milestone2/data/generated/images/test/test_000036.jpg,milestone2/data/generated/labels/test/test_000036.txt,test,Nikhil Kudupudi,3,3,images_OBJ012/OBJ012_016.jpg,078671a115f7285e5cbdc7637f40241f,OBJ012,Computer Keyboard,11,2,2,0,1,448,448,224,224,0,448,224,0.750000,0.250000,0.500000,0.500000
milestone2/data/generated/images/test/test_000037.jpg,milestone2/data/generated/labels/test/test_000037.txt,test,Nikhil Kudupudi,5,1,images_OBJ031/OBJ031_051.jpg,52863e2cc1ff61b4db177f4fbade4db0,OBJ031,UNO card box,30,2,3,1,0,672,448,224,0,224,224,448,0.166667,0.750000,0.333333,0.500000
milestone2/data/generated/images/test/test_000037.jpg,milestone2/data/generated/labels/test/test_000037.txt,test,Nikhil Kudupudi,5,2,images_OBJ022/OBJ022_083.jpeg,dab65316a9ad7acb876d6b6af91443f4,OBJ022,Guitar,21,2,3,1,1,672,448,224,224,224,448,448,0.500000,0.750000,0.333333,0.500000
milestone2/data/generated/images/test/test_000037.jpg,milestone2/data/generated/labels/test/test_000037.txt,test,Nikhil Kudupudi,5,3,images_OBJ033/OBJ033_062.jpg,79856109bf4d72ad5dffd861897b144b,OBJ033,Duck,32,2,3,0,1,672,448,224,224,0,448,224,0.500000,0.250000,0.333333,0.500000
milestone2/data/generated/images/test/test_000037.jpg,milestone2/data/generated/labels/test/test_000037.txt,test,Nikhil Kudupudi,5,4,images_OBJ054/OBJ054_038.jpg,0df9553be165601beecdca702270a5c9,OBJ054,Purse,53,2,3,0,0,672,448,224,0,0,224,224,0.166667,0.250000,0.333333,0.500000
milestone2/data/generated/images/test/test_000037.jpg,milestone2/data/generated/labels/test/test_000037.txt,test,Nikhil Kudupudi,5,5,images_OBJ042/OBJ042_074.jpg,b91560427e4e8e6472188f724f2d8354,OBJ042,Mouth guard case,41,2,3,0,2,672,448,224,448,0,672,224,0.833333,0.250000,0.333333,0.500000
milestone2/data/generated/images/test/test_000038.jpg,milestone2/data/generated/labels/test/test_000038.txt,test,Nikhil Kudupudi,5,1,images_OBJ049/OBJ049_043.jpg,55637d56a8dc0e27a469ee4844bfd3f8,OBJ049,Pickleball bat,48,2,3,0,2,672,448,224,448,0,672,224,0.833333,0.250000,0.333333,0.500000
milestone2/data/generated/images/test/test_000038.jpg,milestone2/data/generated/labels/test/test_000038.txt,test,Nikhil Kudupudi,5,2,images_OBJ009/OBJ009_044.jpg,08c5948eaab4e887718778559257cde2,OBJ009,Marshall Speaker,8,2,3,0,0,672,448,224,0,0,224,224,0.166667,0.250000,0.333333,0.500000
milestone2/data/generated/images/test/test_000038.jpg,milestone2/data/generated/labels/test/test_000038.txt,test,Nikhil Kudupudi,5,3,images_OBJ041/OBJ041_018.jpg,79d558ea7c23013755323efe47f16c0a,OBJ041,Table fan,40,2,3,0,1,672,448,224,224,0,448,224,0.500000,0.250000,0.333333,0.500000
milestone2/data/generated/images/test/test_000038.jpg,milestone2/data/generated/labels/test/test_000038.txt,test,Nikhil Kudupudi,5,4,images_OBJ029/OBJ029_030.jpg,92cd00517ee08cc9d203ca4f3d61a197,OBJ029,Orange,28,2,3,1,1,672,448,224,224,224,448,448,0.500000,0.750000,0.333333,0.500000
milestone2/data/generated/images/test/test_000038.jpg,milestone2/data/generated/labels/test/test_000038.txt,test,Nikhil Kudupudi,5,5,images_OBJ063/OBJ063_035.jpg,c83a4770e315991a6157ae6dc05587f4,OBJ063,Measuring Bottle,62,2,3,1,2,672,448,224,448,224,672,448,0.833333,0.750000,0.333333,0.500000
milestone2/data/generated/images/test/test_000039.jpg,milestone2/data/generated/labels/test/test_000039.txt,test,Nikhil Kudupudi,4,1,images_OBJ008/OBJ008_011.jpg,651abeed5b6e8064083238e53df2cfb4,OBJ008,Cat,7,2,2,0,1,448,448,224,224,0,448,224,0.750000,0.250000,0.500000,0.500000
milestone2/data/generated/images/test/test_000039.jpg,milestone2/data/generated/labels/test/test_000039.txt,test,Nikhil Kudupudi,4,2,images_OBJ025/OBJ025_019.jpg,ff37508c717c9bccc611095ea36ca00b,OBJ025,Watch,24,2,2,0,0,448,448,224,0,0,224,224,0.250000,0.250000,0.500000,0.500000
milestone2/data/generated/images/test/test_000039.jpg,milestone2/data/generated/labels/test/test_000039.txt,test,Nikhil Kudupudi,4,3,images_OBJ004/OBJ004_063.jpg,41b7d4a2b1d95212cc8118e45877ea09,OBJ004,Toy Car,3,2,2,1,1,448,448,224,224,224,448,448,0.750000,0.750000,0.500000,0.500000
milestone2/data/generated/images/test/test_000039.jpg,milestone2/data/generated/labels/test/test_000039.txt,test,Nikhil Kudupudi,4,4,images_OBJ013/OBJ013_091.jpg,4857c795fbdb2910008b9830518f62c5,OBJ013,Mobile phone,12,2,2,1,0,448,448,224,0,224,224,448,0.250000,0.750000,0.500000,0.500000
milestone2/data/generated/images/test/test_000040.jpg,milestone2/data/generated/labels/test/test_000040.txt,test,Nikhil Kudupudi,5,1,images_OBJ050/OBJ050_041.jpg,d80511a95f88713947cc2d0df115eaf9,OBJ050,Hairbrush,49,2,3,1,2,672,448,224,448,224,672,448,0.833333,0.750000,0.333333,0.500000
milestone2/data/generated/images/test/test_000040.jpg,milestone2/data/generated/labels/test/test_000040.txt,test,Nikhil Kudupudi,5,2,images_OBJ040/OBJ040_085.JPG,d8927c62bc4ad2b8d885a09715174fa2,OBJ040,Clutcher,39,2,3,1,1,672,448,224,224,224,448,448,0.500000,0.750000,0.333333,0.500000
milestone2/data/generated/images/test/test_000040.jpg,milestone2/data/generated/labels/test/test_000040.txt,test,Nikhil Kudupudi,5,3,images_OBJ003/OBJ003_040.jpg,1f22892a3c57014617dec9beaa632552,OBJ003,NoteBook,2,2,3,0,1,672,448,224,224,0,448,224,0.500000,0.250000,0.333333,0.500000
milestone2/data/generated/images/test/test_000040.jpg,milestone2/data/generated/labels/test/test_000040.txt,test,Nikhil Kudupudi,5,4,images_OBJ027/OBJ027_033.jpg,75457fd83366c6dae8de596cd6bdb9e2,OBJ027,Tennis ball,26,2,3,0,0,672,448,224,0,0,224,224,0.166667,0.250000,0.333333,0.500000
milestone2/data/generated/images/test/test_000040.jpg,milestone2/data/generated/labels/test/test_000040.txt,test,Nikhil Kudupudi,5,5,images_OBJ067/OBJ067_0090.jpg,fcfd4a2e811b8a50d0370be5b0445c2f,OBJ067,Men's Wallet,66,2,3,1,0,672,448,224,0,224,224,448,0.166667,0.750000,0.333333,0.500000
milestone2/data/generated/images/test/test_000041.jpg,milestone2/data/generated/labels/test/test_000041.txt,test,Nikhil Kudupudi,4,1,images_OBJ072/OBJ072_041.jpg,eaa24905c143cba9be39a8eac4efa2d9,OBJ072,Dog,71,2,2,1,0,448,448,224,0,224,224,448,0.250000,0.750000,0.500000,0.500000
milestone2/data/generated/images/test/test_000041.jpg,milestone2/data/generated/labels/test/test_000041.txt,test,Nikhil Kudupudi,4,2,images_OBJ058/OBJ058_061.jpg,fb60785ddc0544c34a2ce2f0472e04e5,OBJ058,Footstool,57,2,2,0,0,448,448,224,0,0,224,224,0.250000,0.250000,0.500000,0.500000
milestone2/data/generated/images/test/test_000041.jpg,milestone2/data/generated/labels/test/test_000041.txt,test,Nikhil Kudupudi,4,3,images_OBJ038/OBJ038_050.jpg,9ba593cc6b5654afe3c6687ad895c91c,OBJ038,Perfume bottle,37,2,2,0,1,448,448,224,224,0,448,224,0.750000,0.250000,0.500000,0.500000
milestone2/data/generated/images/test/test_000041.jpg,milestone2/data/generated/labels/test/test_000041.txt,test,Nikhil Kudupudi,4,4,images_OBJ002/OBJ002_095.jpg,9648ccfc2e700a256f7e8b481c5bdbfa,OBJ002,Water bottle,1,2,2,1,1,448,448,224,224,224,448,448,0.750000,0.750000,0.500000,0.500000
milestone2/data/generated/images/test/test_000042.jpg,milestone2/data/generated/labels/test/test_000042.txt,test,Nikhil Kudupudi,5,1,images_OBJ024/OBJ024_027.jpg,81c447c0f7ea05736ee12839c2d6a961,OBJ024,Plush doll,23,2,3,0,1,672,448,224,224,0,448,224,0.500000,0.250000,0.333333,0.500000
milestone2/data/generated/images/test/test_000042.jpg,milestone2/data/generated/labels/test/test_000042.txt,test,Nikhil Kudupudi,5,2,images_OBJ055/OBJ055_034.jpg,20b3033738a35f59a461080950252ab3,OBJ055,Scientific Calculator,54,2,3,0,2,672,448,224,448,0,672,224,0.833333,0.250000,0.333333,0.500000
milestone2/data/generated/images/test/test_000042.jpg,milestone2/data/generated/labels/test/test_000042.txt,test,Nikhil Kudupudi,5,3,images_OBJ057/OBJ057_017.jpg,33443fb8fa80074a572747cd86443226,OBJ057,Power Bank,56,2,3,1,0,672,448,224,0,224,224,448,0.166667,0.750000,0.333333,0.500000
milestone2/data/generated/images/test/test_000042.jpg,milestone2/data/generated/labels/test/test_000042.txt,test,Nikhil Kudupudi,5,4,images_OBJ052/OBJ052_086.jpg,63419cf457153f64841fbcc7fe8612a9,OBJ052,Spoon,51,2,3,1,2,672,448,224,448,224,672,448,0.833333,0.750000,0.333333,0.500000
milestone2/data/generated/images/test/test_000042.jpg,milestone2/data/generated/labels/test/test_000042.txt,test,Nikhil Kudupudi,5,5,images_OBJ059/OBJ059_049.jpg,6199d553bfb77f2820fc4092b468399d,OBJ059,Comb,58,2,3,0,0,672,448,224,0,0,224,224,0.166667,0.250000,0.333333,0.500000
milestone2/data/generated/images/test/test_000043.jpg,milestone2/data/generated/labels/test/test_000043.txt,test,Nikhil Kudupudi,4,1,images_OBJ032/OBJ032_080.jpg,9445e73de12da454e7de7f8b7eb1014a,OBJ032,Sound Card,31,2,2,0,1,448,448,224,224,0,448,224,0.750000,0.250000,0.500000,0.500000
milestone2/data/generated/images/test/test_000043.jpg,milestone2/data/generated/labels/test/test_000043.txt,test,Nikhil Kudupudi,4,2,images_OBJ043/OBJ043_082.jpg,ef35cd517c0bad690cfd6a668aaa695a,OBJ043,Swimming Goggles,42,2,2,1,0,448,448,224,0,224,224,448,0.250000,0.750000,0.500000,0.500000
milestone2/data/generated/images/test/test_000043.jpg,milestone2/data/generated/labels/test/test_000043.txt,test,Nikhil Kudupudi,4,3,images_OBJ073/OBJ073_036.jpg,25f262b84107451c94b2473774608109,OBJ073,Bowl,72,2,2,0,0,448,448,224,0,0,224,224,0.250000,0.250000,0.500000,0.500000
milestone2/data/generated/images/test/test_000043.jpg,milestone2/data/generated/labels/test/test_000043.txt,test,Nikhil Kudupudi,4,4,images_OBJ034/OBJ034_015.jpg,0c7e5d5284695642a812b1303e2c4c81,OBJ034,Table Tennis Racket,33,2,2,1,1,448,448,224,224,224,448,448,0.750000,0.750000,0.500000,0.500000
milestone2/data/generated/images/test/test_000044.jpg,milestone2/data/generated/labels/test/test_000044.txt,test,Nikhil Kudupudi,5,1,images_OBJ014/OBJ014_068.jpeg,36a62827cd5f41d11d6bfcab88a0c19c,OBJ014,Sunglasses,13,2,3,0,1,672,448,224,224,0,448,224,0.500000,0.250000,0.333333,0.500000
milestone2/data/generated/images/test/test_000044.jpg,milestone2/data/generated/labels/test/test_000044.txt,test,Nikhil Kudupudi,5,2,images_OBJ020/OBJ020_071.jpg,3dfe1c6a1005317bbe6028a0132a50bf,OBJ020,Airpod,19,2,3,1,1,672,448,224,224,224,448,448,0.500000,0.750000,0.333333,0.500000
milestone2/data/generated/images/test/test_000044.jpg,milestone2/data/generated/labels/test/test_000044.txt,test,Nikhil Kudupudi,5,3,images_OBJ017/OBJ017_007.jpg,c8c79f2c5afc71ad4c6b8e019cb5d696,OBJ017,Controller,16,2,3,0,0,672,448,224,0,0,224,224,0.166667,0.250000,0.333333,0.500000
milestone2/data/generated/images/test/test_000044.jpg,milestone2/data/generated/labels/test/test_000044.txt,test,Nikhil Kudupudi,5,4,images_OBJ054/OBJ054_090.jpg,612fbad1bd111815ca3daeaf0bb64571,OBJ054,Purse,53,2,3,1,0,672,448,224,0,224,224,448,0.166667,0.750000,0.333333,0.500000
milestone2/data/generated/images/test/test_000044.jpg,milestone2/data/generated/labels/test/test_000044.txt,test,Nikhil Kudupudi,5,5,images_OBJ035/OBJ035_024.jpg,25dfb8ccdf3ddafa3404f7e3702897cd,OBJ035,Badminton racket,34,2,3,0,2,672,448,224,448,0,672,224,0.833333,0.250000,0.333333,0.500000
milestone2/data/generated/images/test/test_000045.jpg,milestone2/data/generated/labels/test/test_000045.txt,test,Nikhil Kudupudi,4,1,images_OBJ031/OBJ031_094.jpg,68616050ca215361bb567032fe10e2fd,OBJ031,UNO card box,30,2,2,1,0,448,448,224,0,224,224,448,0.250000,0.750000,0.500000,0.500000
milestone2/data/generated/images/test/test_000045.jpg,milestone2/data/generated/labels/test/test_000045.txt,test,Nikhil Kudupudi,4,2,images_OBJ011/OBJ011_011.jpg,1b57e4ba1bde2e5d541c01803f93797a,OBJ011,Mug,10,2,2,1,1,448,448,224,224,224,448,448,0.750000,0.750000,0.500000,0.500000
milestone2/data/generated/images/test/test_000045.jpg,milestone2/data/generated/labels/test/test_000045.txt,test,Nikhil Kudupudi,4,3,images_OBJ030/OBJ030_040.jpg,204f1de7a33eb33ae4332cb64d2cbb19,OBJ030,Tennis racket,29,2,2,0,0,448,448,224,0,0,224,224,0.250000,0.250000,0.500000,0.500000
milestone2/data/generated/images/test/test_000045.jpg,milestone2/data/generated/labels/test/test_000045.txt,test,Nikhil Kudupudi,4,4,images_OBJ047/OBJ047_050.jpg,1a8fd93b50b86aef9d8b7aa6103f2aad,OBJ047,Backpack,46,2,2,0,1,448,448,224,224,0,448,224,0.750000,0.250000,0.500000,0.500000
milestone2/data/generated/images/train/train_000211.jpg,milestone2/data/generated/labels/train/train_000211.txt,train,Sri Lakshmi Swetha Jalluri,4,1,images_OBJ051/OBJ051_036.jpg,5532c7b306f812502d1ada6b4e365233,OBJ051,Tissue,50,2,2,1,1,448,448,224,224,224,448,448,0.750000,0.750000,0.500000,0.500000
milestone2/data/generated/images/train/train_000211.jpg,milestone2/data/generated/labels/train/train_000211.txt,train,Sri Lakshmi Swetha Jalluri,4,2,images_OBJ058/OBJ058_040.jpg,d16772aa220619b9cad471a34d1ce6bf,OBJ058,Footstool,57,2,2,0,1,448,448,224,224,0,448,224,0.750000,0.250000,0.500000,0.500000
milestone2/data/generated/images/train/train_000211.jpg,milestone2/data/generated/labels/train/train_000211.txt,train,Sri Lakshmi Swetha Jalluri,4,3,images_OBJ053/OBJ053_010.jpg,e67ec29ce3224c9c025b90afa1a6954a,OBJ053,Moisturizer,52,2,2,1,0,448,448,224,0,224,224,448,0.250000,0.750000,0.500000,0.500000
milestone2/data/generated/images/train/train_000211.jpg,milestone2/data/generated/labels/train/train_000211.txt,train,Sri Lakshmi Swetha Jalluri,4,4,images_OBJ046/OBJ046_008.jpg,5380ca60c895800f8464fadadce90e65,OBJ046,iWatch,45,2,2,0,0,448,448,224,0,0,224,224,0.250000,0.250000,0.500000,0.500000
milestone2/data/generated/images/train/train_000212.jpg,milestone2/data/generated/labels/train/train_000212.txt,train,Sri Lakshmi Swetha Jalluri,5,1,images_OBJ043/OBJ043_008.jpg,ad8c0726eefa2c9053175ff7269262e4,OBJ043,Swimming Goggles,42,2,3,0,1,672,448,224,224,0,448,224,0.500000,0.250000,0.333333,0.500000
milestone2/data/generated/images/train/train_000212.jpg,milestone2/data/generated/labels/train/train_000212.txt,train,Sri Lakshmi Swetha Jalluri,5,2,images_OBJ050/OBJ050_052.jpg,2dcbe90a7d95c670e5783b27bfd22639,OBJ050,Hairbrush,49,2,3,1,0,672,448,224,0,224,224,448,0.166667,0.750000,0.333333,0.500000
milestone2/data/generated/images/train/train_000212.jpg,milestone2/data/generated/labels/train/train_000212.txt,train,Sri Lakshmi Swetha Jalluri,5,3,images_OBJ055/OBJ055_007.jpg,035d46386f61cd2b621c11ea2845601f,OBJ055,Scientific Calculator,54,2,3,0,0,672,448,224,0,0,224,224,0.166667,0.250000,0.333333,0.500000
milestone2/data/generated/images/train/train_000212.jpg,milestone2/data/generated/labels/train/train_000212.txt,train,Sri Lakshmi Swetha Jalluri,5,4,images_OBJ015/OBJ015_080.jpg,abf63ec03cf14f5ecdcfe7cfcbb547d3,OBJ015,Water Tumbler,14,2,3,1,1,672,448,224,224,224,448,448,0.500000,0.750000,0.333333,0.500000
milestone2/data/generated/images/train/train_000212.jpg,milestone2/data/generated/labels/train/train_000212.txt,train,Sri Lakshmi Swetha Jalluri,5,5,images_OBJ071/OBJ071_011.jpg,83ddf0f012c5c1c6be8d77acb3c85f2f,OBJ071,Sloth Plushie,70,2,3,0,2,672,448,224,448,0,672,224,0.833333,0.250000,0.333333,0.500000
milestone2/data/generated/images/train/train_000213.jpg,milestone2/data/generated/labels/train/train_000213.txt,train,Sri Lakshmi Swetha Jalluri,3,1,images_OBJ027/OBJ027_069.jpg,948bedc21df8ed53549660cd3a634dd1,OBJ027,Tennis ball,26,2,2,0,1,448,448,224,224,0,448,224,0.750000,0.250000,0.500000,0.500000
milestone2/data/generated/images/train/train_000213.jpg,milestone2/data/generated/labels/train/train_000213.txt,train,Sri Lakshmi Swetha Jalluri,3,2,images_OBJ037/OBJ037_050.jpg,35b1c2973c597501a5f8765f11626522,OBJ037,Candle,36,2,2,1,0,448,448,224,0,224,224,448,0.250000,0.750000,0.500000,0.500000
milestone2/data/generated/images/train/train_000213.jpg,milestone2/data/generated/labels/train/train_000213.txt,train,Sri Lakshmi Swetha Jalluri,3,3,images_OBJ049/OBJ049_078.jpg,4b9c3d473124de5644c920f7c9f3842a,OBJ049,Pickleball bat,48,2,2,0,0,448,448,224,0,0,224,224,0.250000,0.250000,0.500000,0.500000
milestone2/data/generated/images/train/train_000214.jpg,milestone2/data/generated/labels/train/train_000214.txt,train,Sri Lakshmi Swetha Jalluri,4,1,images_OBJ038/OBJ038_046.jpg,be4c19dce7d0f89d25476a1362b043e0,OBJ038,Perfume bottle,37,2,2,0,1,448,448,224,224,0,448,224,0.750000,0.250000,0.500000,0.500000
milestone2/data/generated/images/train/train_000214.jpg,milestone2/data/generated/labels/train/train_000214.txt,train,Sri Lakshmi Swetha Jalluri,4,2,images_OBJ016/OBJ016_005.jpg,ee11b823fa247b2e6a1be5e130612817,OBJ016,Sandisk Portable SSD,15,2,2,1,0,448,448,224,0,224,224,448,0.250000,0.750000,0.500000,0.500000
milestone2/data/generated/images/train/train_000214.jpg,milestone2/data/generated/labels/train/train_000214.txt,train,Sri Lakshmi Swetha Jalluri,4,3,images_OBJ039/OBJ039_040.jpg,9ac4e7182174e9e8353eecdd4f791d80,OBJ039,Scissors,38,2,2,1,1,448,448,224,224,224,448,448,0.750000,0.750000,0.500000,0.500000
milestone2/data/generated/images/train/train_000214.jpg,milestone2/data/generated/labels/train/train_000214.txt,train,Sri Lakshmi Swetha Jalluri,4,4,images_OBJ072/OBJ072_028.jpg,749ecc5f74d7e7ef9088c639ca5b78f4,OBJ072,Dog,71,2,2,0,0,448,448,224,0,0,224,224,0.250000,0.250000,0.500000,0.500000
milestone2/data/generated/images/train/train_000215.jpg,milestone2/data/generated/labels/train/train_000215.txt,train,Sri Lakshmi Swetha Jalluri,5,1,images_OBJ009/OBJ009_053.jpg,2ed844f1305ffddee8951b828cb8a8b5,OBJ009,Marshall Speaker,8,2,3,1,0,672,448,224,0,224,224,448,0.166667,0.750000,0.333333,0.500000
milestone2/data/generated/images/train/train_000215.jpg,milestone2/data/generated/labels/train/train_000215.txt,train,Sri Lakshmi Swetha Jalluri,5,2,images_OBJ032/OBJ032_091.jpg,01eeb854c42cf54c0cc99ea6e70aabea,OBJ032,Sound Card,31,2,3,0,2,672,448,224,448,0,672,224,0.833333,0.250000,0.333333,0.500000
milestone2/data/generated/images/train/train_000215.jpg,milestone2/data/generated/labels/train/train_000215.txt,train,Sri Lakshmi Swetha Jalluri,5,3,images_OBJ035/OBJ035_081.jpg,f0b0640cf8a1e5b2d898e7af9ca88504,OBJ035,Badminton racket,34,2,3,0,1,672,448,224,224,0,448,224,0.500000,0.250000,0.333333,0.500000
milestone2/data/generated/images/train/train_000215.jpg,milestone2/data/generated/labels/train/train_000215.txt,train,Sri Lakshmi Swetha Jalluri,5,4,images_OBJ011/OBJ011_053.jpg,718cea8d6bf82d532d4da6790861805b,OBJ011,Mug,10,2,3,1,2,672,448,224,448,224,672,448,0.833333,0.750000,0.333333,0.500000
milestone2/data/generated/images/train/train_000215.jpg,milestone2/data/generated/labels/train/train_000215.txt,train,Sri Lakshmi Swetha Jalluri,5,5,images_OBJ060/OBJ060_12.JPG,89bfba5e5bcf42317426fc56278b41b2,OBJ060,Sleep Mask,59,2,3,1,1,672,448,224,224,224,448,448,0.500000,0.750000,0.333333,0.500000
milestone2/data/generated/images/train/train_000216.jpg,milestone2/data/generated/labels/train/train_000216.txt,train,Sri Lakshmi Swetha Jalluri,5,1,images_OBJ041/OBJ041_032.jpg,e61d3524dc777d524c5752e7952ba7d7,OBJ041,Table fan,40,2,3,1,0,672,448,224,0,224,224,448,0.166667,0.750000,0.333333,0.500000
milestone2/data/generated/images/train/train_000216.jpg,milestone2/data/generated/labels/train/train_000216.txt,train,Sri Lakshmi Swetha Jalluri,5,2,images_OBJ040/OBJ040_002.JPG,5779ac614a2144cc0a554e176a7a040b,OBJ040,Clutcher,39,2,3,1,1,672,448,224,224,224,448,448,0.500000,0.750000,0.333333,0.500000
milestone2/data/generated/images/train/train_000216.jpg,milestone2/data/generated/labels/train/train_000216.txt,train,Sri Lakshmi Swetha Jalluri,5,3,images_OBJ029/OBJ029_093.jpg,66c0f1fc46db4735659f495ad537f5ae,OBJ029,Orange,28,2,3,0,0,672,448,224,0,0,224,224,0.166667,0.250000,0.333333,0.500000
milestone2/data/generated/images/train/train_000216.jpg,milestone2/data/generated/labels/train/train_000216.txt,train,Sri Lakshmi Swetha Jalluri,5,4,images_OBJ001/OBJ001_048.jpg,958979490d5ed2bc7288d3e8080d3138,OBJ001,Basketball,0,2,3,0,1,672,448,224,224,0,448,224,0.500000,0.250000,0.333333,0.500000
milestone2/data/generated/images/train/train_000216.jpg,milestone2/data/generated/labels/train/train_000216.txt,train,Sri Lakshmi Swetha Jalluri,5,5,images_OBJ047/OBJ047_071.jpg,55e9ce67206cba4083d53cfe68ae1665,OBJ047,Backpack,46,2,3,0,2,672,448,224,448,0,672,224,0.833333,0.250000,0.333333,0.500000
milestone2/data/generated/images/train/train_000217.jpg,milestone2/data/generated/labels/train/train_000217.txt,train,Sri Lakshmi Swetha Jalluri,5,1,images_OBJ028/OBJ028_038.jpg,8492948d8099fac76c77dd323767030c,OBJ028,Banana,27,2,3,1,2,672,448,224,448,224,672,448,0.833333,0.750000,0.333333,0.500000
milestone2/data/generated/images/train/train_000217.jpg,milestone2/data/generated/labels/train/train_000217.txt,train,Sri Lakshmi Swetha Jalluri,5,2,images_OBJ066/OBJ066_022.jpg,c59ba13347eb78ca772b6897ba527657,OBJ066,Hair oil,65,2,3,1,0,672,448,224,0,224,224,448,0.166667,0.750000,0.333333,0.500000
milestone2/data/generated/images/train/train_000217.jpg,milestone2/data/generated/labels/train/train_000217.txt,train,Sri Lakshmi Swetha Jalluri,5,3,images_OBJ022/OBJ022_042.jpeg,37f95e5c44e8f5b1e6481784db45f886,OBJ022,Guitar,21,2,3,1,1,672,448,224,224,224,448,448,0.500000,0.750000,0.333333,0.500000
milestone2/data/generated/images/train/train_000217.jpg,milestone2/data/generated/labels/train/train_000217.txt,train,Sri Lakshmi Swetha Jalluri,5,4,images_OBJ069/OBJ069_017.jpg,809d7935426db802717ec0a9482b840a,OBJ069,Knife,68,2,3,0,0,672,448,224,0,0,224,224,0.166667,0.250000,0.333333,0.500000
milestone2/data/generated/images/train/train_000217.jpg,milestone2/data/generated/labels/train/train_000217.txt,train,Sri Lakshmi Swetha Jalluri,5,5,images_OBJ010/OBJ010_056.jpg,731283a2dc32f88215b3d784904b4179,OBJ010,Nike sneakers,9,2,3,0,1,672,448,224,224,0,448,224,0.500000,0.250000,0.333333,0.500000
milestone2/data/generated/images/train/train_000218.jpg,milestone2/data/generated/labels/train/train_000218.txt,train,Sri Lakshmi Swetha Jalluri,3,1,images_OBJ056/OBJ056_092.jpg,ee877115272f4d528853b93a4f9670e6,OBJ056,Trader Joe's Bag,55,2,2,1,0,448,448,224,0,224,224,448,0.250000,0.750000,0.500000,0.500000
milestone2/data/generated/images/train/train_000218.jpg,milestone2/data/generated/labels/train/train_000218.txt,train,Sri Lakshmi Swetha Jalluri,3,2,images_OBJ012/OBJ012_012.jpg,e1e89370ee675270a044672af8f3e2a3,OBJ012,Computer Keyboard,11,2,2,0,1,448,448,224,224,0,448,224,0.750000,0.250000,0.500000,0.500000
milestone2/data/generated/images/train/train_000218.jpg,milestone2/data/generated/labels/train/train_000218.txt,train,Sri Lakshmi Swetha Jalluri,3,3,images_OBJ003/OBJ003_004.jpg,83e17ac82ce458ecb2db22ba790bea89,OBJ003,NoteBook,2,2,2,0,0,448,448,224,0,0,224,224,0.250000,0.250000,0.500000,0.500000
milestone2/data/generated/images/train/train_000219.jpg,milestone2/data/generated/labels/train/train_000219.txt,train,Sri Lakshmi Swetha Jalluri,5,1,images_OBJ013/OBJ013_061.jpg,474d59db3618bc28206bba6aa6d940a4,OBJ013,Mobile phone,12,2,3,0,2,672,448,224,448,0,672,224,0.833333,0.250000,0.333333,0.500000
milestone2/data/generated/images/train/train_000219.jpg,milestone2/data/generated/labels/train/train_000219.txt,train,Sri Lakshmi Swetha Jalluri,5,2,images_OBJ004/OBJ004_079.jpg,b67f0573ce4e9d56e63ee957798c4ad0,OBJ004,Toy Car,3,2,3,0,1,672,448,224,224,0,448,224,0.500000,0.250000,0.333333,0.500000
milestone2/data/generated/images/train/train_000219.jpg,milestone2/data/generated/labels/train/train_000219.txt,train,Sri Lakshmi Swetha Jalluri,5,3,images_OBJ026/OBJ026_058.jpg,d3f66ed3e5ea58c18af0ec4e77a61826,OBJ026,Red Sox Cap,25,2,3,1,1,672,448,224,224,224,448,448,0.500000,0.750000,0.333333,0.500000
milestone2/data/generated/images/train/train_000219.jpg,milestone2/data/generated/labels/train/train_000219.txt,train,Sri Lakshmi Swetha Jalluri,5,4,images_OBJ021/OBJ021_025.jpg,1783bc68938b9686862d708519e89bf6,OBJ021,Toy Bunny,20,2,3,0,0,672,448,224,0,0,224,224,0.166667,0.250000,0.333333,0.500000
milestone2/data/generated/images/train/train_000219.jpg,milestone2/data/generated/labels/train/train_000219.txt,train,Sri Lakshmi Swetha Jalluri,5,5,images_OBJ020/OBJ020_091.jpg,613f599c06e6c48582de5aad301bb0be,OBJ020,Airpod,19,2,3,1,2,672,448,224,448,224,672,448,0.833333,0.750000,0.333333,0.500000
milestone2/data/generated/images/train/train_000220.jpg,milestone2/data/generated/labels/train/train_000220.txt,train,Sri Lakshmi Swetha Jalluri,5,1,images_OBJ060/OBJ060_91.JPG,73e9fab518a82d5e48ddfc04421038a5,OBJ060,Sleep Mask,59,2,3,0,0,672,448,224,0,0,224,224,0.166667,0.250000,0.333333,0.500000
milestone2/data/generated/images/train/train_000220.jpg,milestone2/data/generated/labels/train/train_000220.txt,train,Sri Lakshmi Swetha Jalluri,5,2,images_OBJ033/OBJ033_085.jpg,3e0b7f5a54e6a30399fa1ea309f88a78,OBJ033,Duck,32,2,3,0,1,672,448,224,224,0,448,224,0.500000,0.250000,0.333333,0.500000
milestone2/data/generated/images/train/train_000220.jpg,milestone2/data/generated/labels/train/train_000220.txt,train,Sri Lakshmi Swetha Jalluri,5,3,images_OBJ031/OBJ031_014.jpg,598e43bad315e50ce22fe731e7404f7a,OBJ031,UNO card box,30,2,3,1,0,672,448,224,0,224,224,448,0.166667,0.750000,0.333333,0.500000
milestone2/data/generated/images/train/train_000220.jpg,milestone2/data/generated/labels/train/train_000220.txt,train,Sri Lakshmi Swetha Jalluri,5,4,images_OBJ016/OBJ016_072.jpg,57650bc618d43a904517bf309f16602b,OBJ016,Sandisk Portable SSD,15,2,3,1,2,672,448,224,448,224,672,448,0.833333,0.750000,0.333333,0.500000
milestone2/data/generated/images/train/train_000220.jpg,milestone2/data/generated/labels/train/train_000220.txt,train,Sri Lakshmi Swetha Jalluri,5,5,images_OBJ069/OBJ069_040.jpg,a532fe0a3d1d8143983b55fdd4e2065d,OBJ069,Knife,68,2,3,0,2,672,448,224,448,0,672,224,0.833333,0.250000,0.333333,0.500000
milestone2/data/generated/images/train/train_000221.jpg,milestone2/data/generated/labels/train/train_000221.txt,train,Sri Lakshmi Swetha Jalluri,4,1,images_OBJ003/OBJ003_038.jpg,1f84ef339accd36507e69b956308b860,OBJ003,NoteBook,2,2,2,0,1,448,448,224,224,0,448,224,0.750000,0.250000,0.500000,0.500000
milestone2/data/generated/images/train/train_000221.jpg,milestone2/data/generated/labels/train/train_000221.txt,train,Sri Lakshmi Swetha Jalluri,4,2,images_OBJ021/OBJ021_087.jpg,a9a6894cd6f9834197172e728b258729,OBJ021,Toy Bunny,20,2,2,0,0,448,448,224,0,0,224,224,0.250000,0.250000,0.500000,0.500000
milestone2/data/generated/images/train/train_000221.jpg,milestone2/data/generated/labels/train/train_000221.txt,train,Sri Lakshmi Swetha Jalluri,4,3,images_OBJ030/OBJ030_030.jpg,b205368088fdb470c61ebd2d21b201bb,OBJ030,Tennis racket,29,2,2,1,0,448,448,224,0,224,224,448,0.250000,0.750000,0.500000,0.500000
milestone2/data/generated/images/train/train_000221.jpg,milestone2/data/generated/labels/train/train_000221.txt,train,Sri Lakshmi Swetha Jalluri,4,4,images_OBJ025/OBJ025_029.jpg,713eb2c1fac6de6f8ed7ce526d79c4ba,OBJ025,Watch,24,2,2,1,1,448,448,224,224,224,448,448,0.750000,0.750000,0.500000,0.500000
milestone2/data/generated/images/train/train_000222.jpg,milestone2/data/generated/labels/train/train_000222.txt,train,Sri Lakshmi Swetha Jalluri,3,1,images_OBJ047/OBJ047_047.jpg,cbdcf858eef531618e7a32bb5e623d6c,OBJ047,Backpack,46,2,2,1,1,448,448,224,224,224,448,448,0.750000,0.750000,0.500000,0.500000
milestone2/data/generated/images/train/train_000222.jpg,milestone2/data/generated/labels/train/train_000222.txt,train,Sri Lakshmi Swetha Jalluri,3,2,images_OBJ015/OBJ015_040.jpg,7d7c56ff9c360d7243469ede03f4376a,OBJ015,Water Tumbler,14,2,2,0,1,448,448,224,224,0,448,224,0.750000,0.250000,0.500000,0.500000
milestone2/data/generated/images/train/train_000222.jpg,milestone2/data/generated/labels/train/train_000222.txt,train,Sri Lakshmi Swetha Jalluri,3,3,images_OBJ036/OBJ036_052.jpg,22a786f2b73335100e5503a2034ff108,OBJ036,Pencil case,35,2,2,0,0,448,448,224,0,0,224,224,0.250000,0.250000,0.500000,0.500000
milestone2/data/generated/images/train/train_000223.jpg,milestone2/data/generated/labels/train/train_000223.txt,train,Sri Lakshmi Swetha Jalluri,3,1,images_OBJ002/OBJ002_043.jpg,84ccd4f20ae4c05118e558b5a7e9041a,OBJ002,Water bottle,1,2,2,1,0,448,448,224,0,224,224,448,0.250000,0.750000,0.500000,0.500000
milestone2/data/generated/images/train/train_000223.jpg,milestone2/data/generated/labels/train/train_000223.txt,train,Sri Lakshmi Swetha Jalluri,3,2,images_OBJ054/OBJ054_047.jpg,188b94d84e8b37da59ebfd30224b1fd3,OBJ054,Purse,53,2,2,0,1,448,448,224,224,0,448,224,0.750000,0.250000,0.500000,0.500000
milestone2/data/generated/images/train/train_000223.jpg,milestone2/data/generated/labels/train/train_000223.txt,train,Sri Lakshmi Swetha Jalluri,3,3,images_OBJ038/OBJ038_001.jpg,24322d363aa0d394207a98bb48393a17,OBJ038,Perfume bottle,37,2,2,0,0,448,448,224,0,0,224,224,0.250000,0.250000,0.500000,0.500000
milestone2/data/generated/images/train/train_000224.jpg,milestone2/data/generated/labels/train/train_000224.txt,train,Sri Lakshmi Swetha Jalluri,4,1,images_OBJ043/OBJ043_011.jpg,0396242707b5962e7958abf61988c8cb,OBJ043,Swimming Goggles,42,2,2,1,0,448,448,224,0,224,224,448,0.250000,0.750000,0.500000,0.500000
milestone2/data/generated/images/train/train_000224.jpg,milestone2/data/generated/labels/train/train_000224.txt,train,Sri Lakshmi Swetha Jalluri,4,2,images_OBJ072/OBJ072_038.jpg,6d05057c69e2b73d134e5fef91a6ef9e,OBJ072,Dog,71,2,2,0,1,448,448,224,224,0,448,224,0.750000,0.250000,0.500000,0.500000
milestone2/data/generated/images/train/train_000224.jpg,milestone2/data/generated/labels/train/train_000224.txt,train,Sri Lakshmi Swetha Jalluri,4,3,images_OBJ041/OBJ041_080.jpg,6d0fd138d00805f1861dbf827f3f674f,OBJ041,Table fan,40,2,2,1,1,448,448,224,224,224,448,448,0.750000,0.750000,0.500000,0.500000
milestone2/data/generated/images/train/train_000224.jpg,milestone2/data/generated/labels/train/train_000224.txt,train,Sri Lakshmi Swetha Jalluri,4,4,images_OBJ049/OBJ049_022.jpg,a92da46f9363d3da12727fdad004abc3,OBJ049,Pickleball bat,48,2,2,0,0,448,448,224,0,0,224,224,0.250000,0.250000,0.500000,0.500000
milestone2/data/generated/images/train/train_000225.jpg,milestone2/data/generated/labels/train/train_000225.txt,train,Sri Lakshmi Swetha Jalluri,5,1,images_OBJ052/OBJ052_013.jpg,3eb67de53380035c8ec6010f74972f52,OBJ052,Spoon,51,2,3,1,0,672,448,224,0,224,224,448,0.166667,0.750000,0.333333,0.500000
milestone2/data/generated/images/train/train_000225.jpg,milestone2/data/generated/labels/train/train_000225.txt,train,Sri Lakshmi Swetha Jalluri,5,2,images_OBJ011/OBJ011_074.jpg,7172b698f64ded2562f2aee5fa4dfbe1,OBJ011,Mug,10,2,3,0,2,672,448,224,448,0,672,224,0.833333,0.250000,0.333333,0.500000
milestone2/data/generated/images/train/train_000225.jpg,milestone2/data/generated/labels/train/train_000225.txt,train,Sri Lakshmi Swetha Jalluri,5,3,images_OBJ007/OBJ007_020.jpg,3347de704d46792fa18d4efd69890bae,OBJ007,Apple,6,2,3,0,1,672,448,224,224,0,448,224,0.500000,0.250000,0.333333,0.500000
milestone2/data/generated/images/train/train_000225.jpg,milestone2/data/generated/labels/train/train_000225.txt,train,Sri Lakshmi Swetha Jalluri,5,4,images_OBJ059/OBJ059_077.jpg,8709424a9348138f147de0060384b29e,OBJ059,Comb,58,2,3,1,1,672,448,224,224,224,448,448,0.500000,0.750000,0.333333,0.500000
milestone2/data/generated/images/train/train_000225.jpg,milestone2/data/generated/labels/train/train_000225.txt,train,Sri Lakshmi Swetha Jalluri,5,5,images_OBJ019/OBJ019_069.jpg,f9e702aa33255384efd5d1963830bcf6,OBJ019,Plant,18,2,3,0,0,672,448,224,0,0,224,224,0.166667,0.250000,0.333333,0.500000
milestone2/data/generated/images/train/train_000226.jpg,milestone2/data/generated/labels/train/train_000226.txt,train,Sri Lakshmi Swetha Jalluri,5,1,images_OBJ017/OBJ017_043.jpg,4b0f88f8010d761b0773b97c25b5c8e6,OBJ017,Controller,16,2,3,1,0,672,448,224,0,224,224,448,0.166667,0.750000,0.333333,0.500000
milestone2/data/generated/images/train/train_000226.jpg,milestone2/data/generated/labels/train/train_000226.txt,train,Sri Lakshmi Swetha Jalluri,5,2,images_OBJ018/OBJ018_087.jpg,f76546f182cca9805ccb8b6a00278f76,OBJ018,Rubiks cube,17,2,3,1,1,672,448,224,224,224,448,448,0.500000,0.750000,0.333333,0.500000
milestone2/data/generated/images/train/train_000226.jpg,milestone2/data/generated/labels/train/train_000226.txt,train,Sri Lakshmi Swetha Jalluri,5,3,images_OBJ048/OBJ048_070.jpg,5bfa59ca5f5a0db81938bad9632a47a6,OBJ048,Wireless powerbank,47,2,3,0,1,672,448,224,224,0,448,224,0.500000,0.250000,0.333333,0.500000
milestone2/data/generated/images/train/train_000226.jpg,milestone2/data/generated/labels/train/train_000226.txt,train,Sri Lakshmi Swetha Jalluri,5,4,images_OBJ058/OBJ058_089.jpg,e7c9557c48ac3adc5cdb5e01aca50563,OBJ058,Footstool,57,2,3,0,0,672,448,224,0,0,224,224,0.166667,0.250000,0.333333,0.500000
milestone2/data/generated/images/train/train_000226.jpg,milestone2/data/generated/labels/train/train_000226.txt,train,Sri Lakshmi Swetha Jalluri,5,5,images_OBJ061/OBJ061_003.jpg,7b4cc3552d52c37ad3bae345c18ebed3,OBJ061,Card wallet,60,2,3,0,2,672,448,224,448,0,672,224,0.833333,0.250000,0.333333,0.500000
milestone2/data/generated/images/train/train_000227.jpg,milestone2/data/generated/labels/train/train_000227.txt,train,Sri Lakshmi Swetha Jalluri,3,1,images_OBJ009/OBJ009_030.jpg,2c3a19d6454e8863351f18e5549014e4,OBJ009,Marshall Speaker,8,2,2,0,1,448,448,224,224,0,448,224,0.750000,0.250000,0.500000,0.500000
milestone2/data/generated/images/train/train_000227.jpg,milestone2/data/generated/labels/train/train_000227.txt,train,Sri Lakshmi Swetha Jalluri,3,2,images_OBJ073/OBJ073_003.jpg,aa72b20cb0a99cfb857738a9a1c39d5b,OBJ073,Bowl,72,2,2,0,0,448,448,224,0,0,224,224,0.250000,0.250000,0.500000,0.500000
milestone2/data/generated/images/train/train_000227.jpg,milestone2/data/generated/labels/train/train_000227.txt,train,Sri Lakshmi Swetha Jalluri,3,3,images_OBJ071/OBJ071_010.jpg,d02775f4135ceae80adff9b608261ea3,OBJ071,Sloth Plushie,70,2,2,1,0,448,448,224,0,224,224,448,0.250000,0.750000,0.500000,0.500000
milestone2/data/generated/images/train/train_000228.jpg,milestone2/data/generated/labels/train/train_000228.txt,train,Sri Lakshmi Swetha Jalluri,3,1,images_OBJ026/OBJ026_043.jpg,1151359383233b9a214121ec712fa240,OBJ026,Red Sox Cap,25,2,2,1,0,448,448,224,0,224,224,448,0.250000,0.750000,0.500000,0.500000
milestone2/data/generated/images/train/train_000228.jpg,milestone2/data/generated/labels/train/train_000228.txt,train,Sri Lakshmi Swetha Jalluri,3,2,images_OBJ067/OBJ067_0085.jpg,c341e95a1c2e77657593ce327ef4b30b,OBJ067,Men's Wallet,66,2,2,0,0,448,448,224,0,0,224,224,0.250000,0.250000,0.500000,0.500000
milestone2/data/generated/images/train/train_000228.jpg,milestone2/data/generated/labels/train/train_000228.txt,train,Sri Lakshmi Swetha Jalluri,3,3,images_OBJ057/OBJ057_010.jpg,8e1ba5a4979066026a0e839f53c99718,OBJ057,Power Bank,56,2,2,1,1,448,448,224,224,224,448,448,0.750000,0.750000,0.500000,0.500000
milestone2/data/generated/images/train/train_000229.jpg,milestone2/data/generated/labels/train/train_000229.txt,train,Sri Lakshmi Swetha Jalluri,3,1,images_OBJ008/OBJ008_027.jpg,ba2d9235da9e3693405681302d53779b,OBJ008,Cat,7,2,2,0,1,448,448,224,224,0,448,224,0.750000,0.250000,0.500000,0.500000
milestone2/data/generated/images/train/train_000229.jpg,milestone2/data/generated/labels/train/train_000229.txt,train,Sri Lakshmi Swetha Jalluri,3,2,images_OBJ053/OBJ053_027.jpg,20310eb7503ae706d70e6e0c0efa75ae,OBJ053,Moisturizer,52,2,2,1,0,448,448,224,0,224,224,448,0.250000,0.750000,0.500000,0.500000
milestone2/data/generated/images/train/train_000229.jpg,milestone2/data/generated/labels/train/train_000229.txt,train,Sri Lakshmi Swetha Jalluri,3,3,images_OBJ055/OBJ055_077.jpg,cb7413b008bd429b89c7333b74d2c4ca,OBJ055,Scientific Calculator,54,2,2,0,0,448,448,224,0,0,224,224,0.250000,0.250000,0.500000,0.500000
milestone2/data/generated/images/train/train_000230.jpg,milestone2/data/generated/labels/train/train_000230.txt,train,Sri Lakshmi Swetha Jalluri,4,1,images_OBJ040/OBJ040_007.JPG,f37288a9f2bd9aab6597f5d7c0b3ccb1,OBJ040,Clutcher,39,2,2,1,1,448,448,224,224,224,448,448,0.750000,0.750000,0.500000,0.500000
milestone2/data/generated/images/train/train_000230.jpg,milestone2/data/generated/labels/train/train_000230.txt,train,Sri Lakshmi Swetha Jalluri,4,2,images_OBJ010/OBJ010_053.jpg,36b2aeacabadc9d0ec858c06ce48e00f,OBJ010,Nike sneakers,9,2,2,0,1,448,448,224,224,0,448,224,0.750000,0.250000,0.500000,0.500000
milestone2/data/generated/images/train/train_000230.jpg,milestone2/data/generated/labels/train/train_000230.txt,train,Sri Lakshmi Swetha Jalluri,4,3,images_OBJ028/OBJ028_077.jpg,c1b291b6b577af3a4be059264a842de3,OBJ028,Banana,27,2,2,0,0,448,448,224,0,0,224,224,0.250000,0.250000,0.500000,0.500000
milestone2/data/generated/images/train/train_000230.jpg,milestone2/data/generated/labels/train/train_000230.txt,train,Sri Lakshmi Swetha Jalluri,4,4,images_OBJ070/OBJ070_056.jpg,7241ea76f2e0e7003fd0fb691463667d,OBJ070,Astronaut projector,69,2,2,1,0,448,448,224,0,224,224,448,0.250000,0.750000,0.500000,0.500000
milestone2/data/generated/images/train/train_000231.jpg,milestone2/data/generated/labels/train/train_000231.txt,train,Sri Lakshmi Swetha Jalluri,4,1,images_OBJ066/OBJ066_088.jpg,17ee82ddaa54bac8e2f4b11d350ecc9f,OBJ066,Hair oil,65,2,2,1,1,448,448,224,224,224,448,448,0.750000,0.750000,0.500000,0.500000
milestone2/data/generated/images/train/train_000231.jpg,milestone2/data/generated/labels/train/train_000231.txt,train,Sri Lakshmi Swetha Jalluri,4,2,images_OBJ001/OBJ001_045.jpg,8112639e72b8cb00d95f6f8291149120,OBJ001,Basketball,0,2,2,0,0,448,448,224,0,0,224,224,0.250000,0.250000,0.500000,0.500000
milestone2/data/generated/images/train/train_000231.jpg,milestone2/data/generated/labels/train/train_000231.txt,train,Sri Lakshmi Swetha Jalluri,4,3,images_OBJ063/OBJ063_053.jpg,54415a6361b3a240317c6f38d7a4d200,OBJ063,Measuring Bottle,62,2,2,1,0,448,448,224,0,224,224,448,0.250000,0.750000,0.500000,0.500000
milestone2/data/generated/images/train/train_000231.jpg,milestone2/data/generated/labels/train/train_000231.txt,train,Sri Lakshmi Swetha Jalluri,4,4,images_OBJ051/OBJ051_067.jpg,775c554d1309c6659819562ae26ad8ad,OBJ051,Tissue,50,2,2,0,1,448,448,224,224,0,448,224,0.750000,0.250000,0.500000,0.500000
milestone2/data/generated/images/train/train_000232.jpg,milestone2/data/generated/labels/train/train_000232.txt,train,Sri Lakshmi Swetha Jalluri,5,1,images_OBJ004/OBJ004_032.jpg,cb21934e09b2e04fcd99bede54b470ef,OBJ004,Toy Car,3,2,3,1,2,672,448,224,448,224,672,448,0.833333,0.750000,0.333333,0.500000
milestone2/data/generated/images/train/train_000232.jpg,milestone2/data/generated/labels/train/train_000232.txt,train,Sri Lakshmi Swetha Jalluri,5,2,images_OBJ012/OBJ012_045.jpg,7a8da4a38b7ed390111aa619f009593e,OBJ012,Computer Keyboard,11,2,3,0,0,672,448,224,0,0,224,224,0.166667,0.250000,0.333333,0.500000
milestone2/data/generated/images/train/train_000232.jpg,milestone2/data/generated/labels/train/train_000232.txt,train,Sri Lakshmi Swetha Jalluri,5,3,images_OBJ065/OBJ065_076.jpg,90a2cc32470d0715ce7f4d9e484d96f5,OBJ065,Analog watch,64,2,3,0,1,672,448,224,224,0,448,224,0.500000,0.250000,0.333333,0.500000
milestone2/data/generated/images/train/train_000232.jpg,milestone2/data/generated/labels/train/train_000232.txt,train,Sri Lakshmi Swetha Jalluri,5,4,images_OBJ032/OBJ032_044.jpg,66eacb35b60c2e9f9352486a8036995e,OBJ032,Sound Card,31,2,3,1,0,672,448,224,0,224,224,448,0.166667,0.750000,0.333333,0.500000
milestone2/data/generated/images/train/train_000232.jpg,milestone2/data/generated/labels/train/train_000232.txt,train,Sri Lakshmi Swetha Jalluri,5,5,images_OBJ068/OBJ068_010.jpg,7cf05026dcca031d2809053a29089f00,OBJ068,Neck Pillow,67,2,3,1,1,672,448,224,224,224,448,448,0.500000,0.750000,0.333333,0.500000
milestone2/data/generated/images/train/train_000233.jpg,milestone2/data/generated/labels/train/train_000233.txt,train,Sri Lakshmi Swetha Jalluri,4,1,images_OBJ027/OBJ027_027.jpg,108f2e7838cd23af9aad48bb4614d1e8,OBJ027,Tennis ball,26,2,2,1,1,448,448,224,224,224,448,448,0.750000,0.750000,0.500000,0.500000
milestone2/data/generated/images/train/train_000233.jpg,milestone2/data/generated/labels/train/train_000233.txt,train,Sri Lakshmi Swetha Jalluri,4,2,images_OBJ024/OBJ024_057.jpg,d8e7d31089ff60b1de197e5735824e54,OBJ024,Plush doll,23,2,2,0,1,448,448,224,224,0,448,224,0.750000,0.250000,0.500000,0.500000
milestone2/data/generated/images/train/train_000233.jpg,milestone2/data/generated/labels/train/train_000233.txt,train,Sri Lakshmi Swetha Jalluri,4,3,images_OBJ046/OBJ046_036.jpg,7e324dffbf911ef1625e76e77f6d93f3,OBJ046,iWatch,45,2,2,0,0,448,448,224,0,0,224,224,0.250000,0.250000,0.500000,0.500000
milestone2/data/generated/images/train/train_000233.jpg,milestone2/data/generated/labels/train/train_000233.txt,train,Sri Lakshmi Swetha Jalluri,4,4,images_OBJ039/OBJ039_023.jpg,160e3d0baaab6f7c7bb88111b55ba94c,OBJ039,Scissors,38,2,2,1,0,448,448,224,0,224,224,448,0.250000,0.750000,0.500000,0.500000
milestone2/data/generated/images/train/train_000234.jpg,milestone2/data/generated/labels/train/train_000234.txt,train,Sri Lakshmi Swetha Jalluri,4,1,images_OBJ042/OBJ042_048.jpg,5eca4f2c534e8153aff5677cc025e8de,OBJ042,Mouth guard case,41,2,2,0,1,448,448,224,224,0,448,224,0.750000,0.250000,0.500000,0.500000
milestone2/data/generated/images/train/train_000234.jpg,milestone2/data/generated/labels/train/train_000234.txt,train,Sri Lakshmi Swetha Jalluri,4,2,images_OBJ006/OBJ006_080.jpg,9606289fe053adaee732b460843d79d8,OBJ006,Capybara Toy,5,2,2,1,0,448,448,224,0,224,224,448,0.250000,0.750000,0.500000,0.500000
milestone2/data/generated/images/train/train_000234.jpg,milestone2/data/generated/labels/train/train_000234.txt,train,Sri Lakshmi Swetha Jalluri,4,3,images_OBJ062/OBJ062_046.jpg,f1da8e1611953ee8c5e552a26c6425fe,OBJ062,Headphones,61,2,2,1,1,448,448,224,224,224,448,448,0.750000,0.750000,0.500000,0.500000
milestone2/data/generated/images/train/train_000234.jpg,milestone2/data/generated/labels/train/train_000234.txt,train,Sri Lakshmi Swetha Jalluri,4,4,images_OBJ037/OBJ037_009.jpg,a0ff804168252e76aca2225bbf7e4a7d,OBJ037,Candle,36,2,2,0,0,448,448,224,0,0,224,224,0.250000,0.250000,0.500000,0.500000
milestone2/data/generated/images/train/train_000235.jpg,milestone2/data/generated/labels/train/train_000235.txt,train,Sri Lakshmi Swetha Jalluri,3,1,images_OBJ044/OBJ044_042.jpg,690cd5a83eca98232a4ae8f6d61217bd,OBJ044,Anime Figurine,43,2,2,0,1,448,448,224,224,0,448,224,0.750000,0.250000,0.500000,0.500000
milestone2/data/generated/images/train/train_000235.jpg,milestone2/data/generated/labels/train/train_000235.txt,train,Sri Lakshmi Swetha Jalluri,3,2,images_OBJ029/OBJ029_061.jpg,28765cab50bf4c47e45948d0107621b8,OBJ029,Orange,28,2,2,1,0,448,448,224,0,224,224,448,0.250000,0.750000,0.500000,0.500000
milestone2/data/generated/images/train/train_000235.jpg,milestone2/data/generated/labels/train/train_000235.txt,train,Sri Lakshmi Swetha Jalluri,3,3,images_OBJ056/OBJ056_089.jpg,7f84139b9d92856e8fcfb41ef16ac7d8,OBJ056,Trader Joe's Bag,55,2,2,0,0,448,448,224,0,0,224,224,0.250000,0.250000,0.500000,0.500000
milestone2/data/generated/images/train/train_000236.jpg,milestone2/data/generated/labels/train/train_000236.txt,train,Sri Lakshmi Swetha Jalluri,4,1,images_OBJ064/OBJ064_092.jpg,adef1ccca8efc42bf839167b9794d764,OBJ064,RGB Projector,63,2,2,1,0,448,448,224,0,224,224,448,0.250000,0.750000,0.500000,0.500000
milestone2/data/generated/images/train/train_000236.jpg,milestone2/data/generated/labels/train/train_000236.txt,train,Sri Lakshmi Swetha Jalluri,4,2,images_OBJ045/OBJ045_049.jpg,512d2b3539b9a2662fb83f64d09afbf7,OBJ045,Wayfarer Sunglasses,44,2,2,0,0,448,448,224,0,0,224,224,0.250000,0.250000,0.500000,0.500000
milestone2/data/generated/images/train/train_000236.jpg,milestone2/data/generated/labels/train/train_000236.txt,train,Sri Lakshmi Swetha Jalluri,4,3,images_OBJ035/OBJ035_003.jpg,7f693139a718baea2224143eab74ca19,OBJ035,Badminton racket,34,2,2,1,1,448,448,224,224,224,448,448,0.750000,0.750000,0.500000,0.500000
milestone2/data/generated/images/train/train_000236.jpg,milestone2/data/generated/labels/train/train_000236.txt,train,Sri Lakshmi Swetha Jalluri,4,4,images_OBJ022/OBJ022_011.jpeg,0214da9e5951986c48ea1f1c490bc32b,OBJ022,Guitar,21,2,2,0,1,448,448,224,224,0,448,224,0.750000,0.250000,0.500000,0.500000
milestone2/data/generated/images/train/train_000237.jpg,milestone2/data/generated/labels/train/train_000237.txt,train,Sri Lakshmi Swetha Jalluri,3,1,images_OBJ050/OBJ050_005.jpg,0c0b2d9d531133985f913d5476c5dd5d,OBJ050,Hairbrush,49,2,2,1,0,448,448,224,0,224,224,448,0.250000,0.750000,0.500000,0.500000
milestone2/data/generated/images/train/train_000237.jpg,milestone2/data/generated/labels/train/train_000237.txt,train,Sri Lakshmi Swetha Jalluri,3,2,images_OBJ013/OBJ013_090.jpg,2b83112219f2bc8164f8d82bef2a0a08,OBJ013,Mobile phone,12,2,2,1,1,448,448,224,224,224,448,448,0.750000,0.750000,0.500000,0.500000
milestone2/data/generated/images/train/train_000237.jpg,milestone2/data/generated/labels/train/train_000237.txt,train,Sri Lakshmi Swetha Jalluri,3,3,images_OBJ023/OBJ023_082.JPG,200582933e9fd2e30958214b6292644b,OBJ023,Bracelet,22,2,2,0,1,448,448,224,224,0,448,224,0.750000,0.250000,0.500000,0.500000
milestone2/data/generated/images/train/train_000238.jpg,milestone2/data/generated/labels/train/train_000238.txt,train,Sri Lakshmi Swetha Jalluri,5,1,images_OBJ014/OBJ014_074.jpeg,e434a4776731b3ef05afab7761048fa6,OBJ014,Sunglasses,13,2,3,0,1,672,448,224,224,0,448,224,0.500000,0.250000,0.333333,0.500000
milestone2/data/generated/images/train/train_000238.jpg,milestone2/data/generated/labels/train/train_000238.txt,train,Sri Lakshmi Swetha Jalluri,5,2,images_OBJ034/OBJ034_089.jpg,cd6e01e53ec9228474c9e406d14c25d8,OBJ034,Table Tennis Racket,33,2,3,1,1,672,448,224,224,224,448,448,0.500000,0.750000,0.333333,0.500000
milestone2/data/generated/images/train/train_000238.jpg,milestone2/data/generated/labels/train/train_000238.txt,train,Sri Lakshmi Swetha Jalluri,5,3,images_OBJ005/OBJ005_079.jpg,e25ae283c04fa578ab2b8a61b4378623,OBJ005,Computer mouse,4,2,3,1,2,672,448,224,448,224,672,448,0.833333,0.750000,0.333333,0.500000
milestone2/data/generated/images/train/train_000238.jpg,milestone2/data/generated/labels/train/train_000238.txt,train,Sri Lakshmi Swetha Jalluri,5,4,images_OBJ051/OBJ051_101.jpg,5b37f81ef2d62c44c8a0d6f3e1c02c20,OBJ051,Tissue,50,2,3,0,0,672,448,224,0,0,224,224,0.166667,0.250000,0.333333,0.500000
milestone2/data/generated/images/train/train_000238.jpg,milestone2/data/generated/labels/train/train_000238.txt,train,Sri Lakshmi Swetha Jalluri,5,5,images_OBJ044/OBJ044_036.jpg,f823ec01840f587d364c86f5d10886bb,OBJ044,Anime Figurine,43,2,3,0,2,672,448,224,448,0,672,224,0.833333,0.250000,0.333333,0.500000
milestone2/data/generated/images/train/train_000239.jpg,milestone2/data/generated/labels/train/train_000239.txt,train,Sri Lakshmi Swetha Jalluri,4,1,images_OBJ007/OBJ007_043.jpg,ed6370d1a748139cece826a298ac1340,OBJ007,Apple,6,2,2,1,0,448,448,224,0,224,224,448,0.250000,0.750000,0.500000,0.500000
milestone2/data/generated/images/train/train_000239.jpg,milestone2/data/generated/labels/train/train_000239.txt,train,Sri Lakshmi Swetha Jalluri,4,2,images_OBJ073/OBJ073_075.jpg,419279a46fafcf0f928f08198c9ef8fe,OBJ073,Bowl,72,2,2,0,0,448,448,224,0,0,224,224,0.250000,0.250000,0.500000,0.500000
milestone2/data/generated/images/train/train_000239.jpg,milestone2/data/generated/labels/train/train_000239.txt,train,Sri Lakshmi Swetha Jalluri,4,3,images_OBJ055/OBJ055_086.jpg,9526750cd62a6520e2f2ca447d24fd53,OBJ055,Scientific Calculator,54,2,2,0,1,448,448,224,224,0,448,224,0.750000,0.250000,0.500000,0.500000
milestone2/data/generated/images/train/train_000239.jpg,milestone2/data/generated/labels/train/train_000239.txt,train,Sri Lakshmi Swetha Jalluri,4,4,images_OBJ023/OBJ023_006.JPG,2543f4d17cf7de9be3940cee1c428995,OBJ023,Bracelet,22,2,2,1,1,448,448,224,224,224,448,448,0.750000,0.750000,0.500000,0.500000
milestone2/data/generated/images/train/train_000240.jpg,milestone2/data/generated/labels/train/train_000240.txt,train,Sri Lakshmi Swetha Jalluri,5,1,images_OBJ024/OBJ024_036.jpg,3a4cc2f6fc956704c1f870321940d1a3,OBJ024,Plush doll,23,2,3,0,2,672,448,224,448,0,672,224,0.833333,0.250000,0.333333,0.500000
milestone2/data/generated/images/train/train_000240.jpg,milestone2/data/generated/labels/train/train_000240.txt,train,Sri Lakshmi Swetha Jalluri,5,2,images_OBJ034/OBJ034_046.jpg,01825042645841316c76a2b197a62114,OBJ034,Table Tennis Racket,33,2,3,1,2,672,448,224,448,224,672,448,0.833333,0.750000,0.333333,0.500000
milestone2/data/generated/images/train/train_000240.jpg,milestone2/data/generated/labels/train/train_000240.txt,train,Sri Lakshmi Swetha Jalluri,5,3,images_OBJ033/OBJ033_028.jpg,b0ddacaaae6d8185d109dfabbd24076a,OBJ033,Duck,32,2,3,1,0,672,448,224,0,224,224,448,0.166667,0.750000,0.333333,0.500000
milestone2/data/generated/images/train/train_000240.jpg,milestone2/data/generated/labels/train/train_000240.txt,train,Sri Lakshmi Swetha Jalluri,5,4,images_OBJ005/OBJ005_027.jpg,597193d63a15e377775e00d13588fd36,OBJ005,Computer mouse,4,2,3,0,0,672,448,224,0,0,224,224,0.166667,0.250000,0.333333,0.500000
milestone2/data/generated/images/train/train_000240.jpg,milestone2/data/generated/labels/train/train_000240.txt,train,Sri Lakshmi Swetha Jalluri,5,5,images_OBJ053/OBJ053_077.jpg,fa7d2df5db1e52d776b7289d21e6332f,OBJ053,Moisturizer,52,2,3,0,1,672,448,224,224,0,448,224,0.500000,0.250000,0.333333,0.500000
milestone2/data/generated/images/train/train_000241.jpg,milestone2/data/generated/labels/train/train_000241.txt,train,Sri Lakshmi Swetha Jalluri,4,1,images_OBJ017/OBJ017_006.jpg,7be88c80c4273f210556b0ef6357fb10,OBJ017,Controller,16,2,2,1,0,448,448,224,0,224,224,448,0.250000,0.750000,0.500000,0.500000
milestone2/data/generated/images/train/train_000241.jpg,milestone2/data/generated/labels/train/train_000241.txt,train,Sri Lakshmi Swetha Jalluri,4,2,images_OBJ006/OBJ006_075.jpg,09edcd6a1ae1b0c1757579c0388f3245,OBJ006,Capybara Toy,5,2,2,0,0,448,448,224,0,0,224,224,0.250000,0.250000,0.500000,0.500000
milestone2/data/generated/images/train/train_000241.jpg,milestone2/data/generated/labels/train/train_000241.txt,train,Sri Lakshmi Swetha Jalluri,4,3,images_OBJ072/OBJ072_031.jpg,60db2a8814788fb9788b0ca348214d03,OBJ072,Dog,71,2,2,0,1,448,448,224,224,0,448,224,0.750000,0.250000,0.500000,0.500000
milestone2/data/generated/images/train/train_000241.jpg,milestone2/data/generated/labels/train/train_000241.txt,train,Sri Lakshmi Swetha Jalluri,4,4,images_OBJ026/OBJ026_002.jpg,0282bcbcc1de1461e8ae9ea6be4f0cd2,OBJ026,Red Sox Cap,25,2,2,1,1,448,448,224,224,224,448,448,0.750000,0.750000,0.500000,0.500000
milestone2/data/generated/images/train/train_000242.jpg,milestone2/data/generated/labels/train/train_000242.txt,train,Sri Lakshmi Swetha Jalluri,4,1,images_OBJ041/OBJ041_036.jpg,7fd0c96a23b9c51b6913b23788b2ae2a,OBJ041,Table fan,40,2,2,0,0,448,448,224,0,0,224,224,0.250000,0.250000,0.500000,0.500000
milestone2/data/generated/images/train/train_000242.jpg,milestone2/data/generated/labels/train/train_000242.txt,train,Sri Lakshmi Swetha Jalluri,4,2,images_OBJ003/OBJ003_073.jpg,d28827d74d7b274c6fc45b4b00e19bed,OBJ003,NoteBook,2,2,2,0,1,448,448,224,224,0,448,224,0.750000,0.250000,0.500000,0.500000
milestone2/data/generated/images/train/train_000242.jpg,milestone2/data/generated/labels/train/train_000242.txt,train,Sri Lakshmi Swetha Jalluri,4,3,images_OBJ012/OBJ012_048.jpg,074a0bb63d1d8f29941eec963b1bdf01,OBJ012,Computer Keyboard,11,2,2,1,1,448,448,224,224,224,448,448,0.750000,0.750000,0.500000,0.500000
milestone2/data/generated/images/train/train_000242.jpg,milestone2/data/generated/labels/train/train_000242.txt,train,Sri Lakshmi Swetha Jalluri,4,4,images_OBJ035/OBJ035_001.jpg,5fff38f369bdaf58d92923e4dec4d4ee,OBJ035,Badminton racket,34,2,2,1,0,448,448,224,0,224,224,448,0.250000,0.750000,0.500000,0.500000
milestone2/data/generated/images/train/train_000243.jpg,milestone2/data/generated/labels/train/train_000243.txt,train,Sri Lakshmi Swetha Jalluri,5,1,images_OBJ004/OBJ004_031.jpg,6113db5d70d9280f3422970fc1628280,OBJ004,Toy Car,3,2,3,1,2,672,448,224,448,224,672,448,0.833333,0.750000,0.333333,0.500000
milestone2/data/generated/images/train/train_000243.jpg,milestone2/data/generated/labels/train/train_000243.txt,train,Sri Lakshmi Swetha Jalluri,5,2,images_OBJ066/OBJ066_004.jpg,4b8db272289b9727458fe6a141e8da93,OBJ066,Hair oil,65,2,3,1,1,672,448,224,224,224,448,448,0.500000,0.750000,0.333333,0.500000
milestone2/data/generated/images/train/train_000243.jpg,milestone2/data/generated/labels/train/train_000243.txt,train,Sri Lakshmi Swetha Jalluri,5,3,images_OBJ013/OBJ013_080.jpg,e8f75c472ecf76d3574b81d5b5745956,OBJ013,Mobile phone,12,2,3,0,0,672,448,224,0,0,224,224,0.166667,0.250000,0.333333,0.500000
milestone2/data/generated/images/train/train_000243.jpg,milestone2/data/generated/labels/train/train_000243.txt,train,Sri Lakshmi Swetha Jalluri,5,4,images_OBJ059/OBJ059_043.jpg,b5835456a8f7a28d89949eaa74146e84,OBJ059,Comb,58,2,3,0,1,672,448,224,224,0,448,224,0.500000,0.250000,0.333333,0.500000
milestone2/data/generated/images/train/train_000243.jpg,milestone2/data/generated/labels/train/train_000243.txt,train,Sri Lakshmi Swetha Jalluri,5,5,images_OBJ040/OBJ040_078.JPG,8e91f434b378f3a248447a2203e6798c,OBJ040,Clutcher,39,2,3,1,0,672,448,224,0,224,224,448,0.166667,0.750000,0.333333,0.500000
milestone2/data/generated/images/train/train_000244.jpg,milestone2/data/generated/labels/train/train_000244.txt,train,Sri Lakshmi Swetha Jalluri,3,1,images_OBJ032/OBJ032_022.jpg,95d6e61e71f2369b33f32cb10564a63d,OBJ032,Sound Card,31,2,2,1,1,448,448,224,224,224,448,448,0.750000,0.750000,0.500000,0.500000
milestone2/data/generated/images/train/train_000244.jpg,milestone2/data/generated/labels/train/train_000244.txt,train,Sri Lakshmi Swetha Jalluri,3,2,images_OBJ071/OBJ071_023.jpg,b1820883a23b7d115254713f3aa1b3c3,OBJ071,Sloth Plushie,70,2,2,0,1,448,448,224,224,0,448,224,0.750000,0.250000,0.500000,0.500000
milestone2/data/generated/images/train/train_000244.jpg,milestone2/data/generated/labels/train/train_000244.txt,train,Sri Lakshmi Swetha Jalluri,3,3,images_OBJ050/OBJ050_049.jpg,ea00d43b37f017f7de46b1087fa18f0c,OBJ050,Hairbrush,49,2,2,0,0,448,448,224,0,0,224,224,0.250000,0.250000,0.500000,0.500000
milestone2/data/generated/images/train/train_000245.jpg,milestone2/data/generated/labels/train/train_000245.txt,train,Sri Lakshmi Swetha Jalluri,3,1,images_OBJ027/OBJ027_079.jpg,64e9748d68c41517bcee6e1455d74728,OBJ027,Tennis ball,26,2,2,0,0,448,448,224,0,0,224,224,0.250000,0.250000,0.500000,0.500000
milestone2/data/generated/images/train/train_000245.jpg,milestone2/data/generated/labels/train/train_000245.txt,train,Sri Lakshmi Swetha Jalluri,3,2,images_OBJ001/OBJ001_034.jpg,c7907c67771f800c3d56f52de6aedcf2,OBJ001,Basketball,0,2,2,1,0,448,448,224,0,224,224,448,0.250000,0.750000,0.500000,0.500000
milestone2/data/generated/images/train/train_000245.jpg,milestone2/data/generated/labels/train/train_000245.txt,train,Sri Lakshmi Swetha Jalluri,3,3,images_OBJ020/OBJ020_002.jpg,004216dda36a011643983a189f94e1c2,OBJ020,Airpod,19,2,2,0,1,448,448,224,224,0,448,224,0.750000,0.250000,0.500000,0.500000
milestone2/data/generated/images/train/train_000246.jpg,milestone2/data/generated/labels/train/train_000246.txt,train,Sri Lakshmi Swetha Jalluri,3,1,images_OBJ010/OBJ010_040.jpg,fa23b808570763b7c6fbae24bc4baab2,OBJ010,Nike sneakers,9,2,2,0,0,448,448,224,0,0,224,224,0.250000,0.250000,0.500000,0.500000
milestone2/data/generated/images/train/train_000246.jpg,milestone2/data/generated/labels/train/train_000246.txt,train,Sri Lakshmi Swetha Jalluri,3,2,images_OBJ011/OBJ011_050.jpg,72155142e0b52ba87ee1c3d4231750f3,OBJ011,Mug,10,2,2,1,0,448,448,224,0,224,224,448,0.250000,0.750000,0.500000,0.500000
milestone2/data/generated/images/train/train_000246.jpg,milestone2/data/generated/labels/train/train_000246.txt,train,Sri Lakshmi Swetha Jalluri,3,3,images_OBJ064/OBJ064_043.jpg,3f5036eb43a4b16a8877fea5b04cda36,OBJ064,RGB Projector,63,2,2,0,1,448,448,224,224,0,448,224,0.750000,0.250000,0.500000,0.500000
milestone2/data/generated/images/train/train_000247.jpg,milestone2/data/generated/labels/train/train_000247.txt,train,Sri Lakshmi Swetha Jalluri,4,1,images_OBJ021/OBJ021_073.jpg,3cd0c771ff841b2a4560019e5e3e463b,OBJ021,Toy Bunny,20,2,2,0,0,448,448,224,0,0,224,224,0.250000,0.250000,0.500000,0.500000
milestone2/data/generated/images/train/train_000247.jpg,milestone2/data/generated/labels/train/train_000247.txt,train,Sri Lakshmi Swetha Jalluri,4,2,images_OBJ067/OBJ067_0072.jpg,f943f75e6977518ea45d93de916e01d3,OBJ067,Men's Wallet,66,2,2,1,0,448,448,224,0,224,224,448,0.250000,0.750000,0.500000,0.500000
milestone2/data/generated/images/train/train_000247.jpg,milestone2/data/generated/labels/train/train_000247.txt,train,Sri Lakshmi Swetha Jalluri,4,3,images_OBJ056/OBJ056_025.jpg,f76b34f1a78e55574f6409b4697c4434,OBJ056,Trader Joe's Bag,55,2,2,0,1,448,448,224,224,0,448,224,0.750000,0.250000,0.500000,0.500000
milestone2/data/generated/images/train/train_000247.jpg,milestone2/data/generated/labels/train/train_000247.txt,train,Sri Lakshmi Swetha Jalluri,4,4,images_OBJ028/OBJ028_048.jpg,d19dc7c0655b0013f44d767b8d9dae63,OBJ028,Banana,27,2,2,1,1,448,448,224,224,224,448,448,0.750000,0.750000,0.500000,0.500000
milestone2/data/generated/images/train/train_000248.jpg,milestone2/data/generated/labels/train/train_000248.txt,train,Sri Lakshmi Swetha Jalluri,4,1,images_OBJ047/OBJ047_068.jpg,3023fc4853c9624f8bc4a9a3170da2ad,OBJ047,Backpack,46,2,2,1,1,448,448,224,224,224,448,448,0.750000,0.750000,0.500000,0.500000
milestone2/data/generated/images/train/train_000248.jpg,milestone2/data/generated/labels/train/train_000248.txt,train,Sri Lakshmi Swetha Jalluri,4,2,images_OBJ069/OBJ069_066.jpg,a9547c30bb74d5c58fbcc333b6141191,OBJ069,Knife,68,2,2,0,1,448,448,224,224,0,448,224,0.750000,0.250000,0.500000,0.500000
milestone2/data/generated/images/train/train_000248.jpg,milestone2/data/generated/labels/train/train_000248.txt,train,Sri Lakshmi Swetha Jalluri,4,3,images_OBJ037/OBJ037_027.jpg,551a0de40c363081ed27e9c8ae409287,OBJ037,Candle,36,2,2,1,0,448,448,224,0,224,224,448,0.250000,0.750000,0.500000,0.500000
milestone2/data/generated/images/train/train_000248.jpg,milestone2/data/generated/labels/train/train_000248.txt,train,Sri Lakshmi Swetha Jalluri,4,4,images_OBJ068/OBJ068_074.jpg,f352188e132fb9c63c2befe58eecdf12,OBJ068,Neck Pillow,67,2,2,0,0,448,448,224,0,0,224,224,0.250000,0.250000,0.500000,0.500000
milestone2/data/generated/images/train/train_000249.jpg,milestone2/data/generated/labels/train/train_000249.txt,train,Sri Lakshmi Swetha Jalluri,4,1,images_OBJ025/OBJ025_037.jpg,6a33518b740a830451f6042464189dfd,OBJ025,Watch,24,2,2,1,1,448,448,224,224,224,448,448,0.750000,0.750000,0.500000,0.500000
milestone2/data/generated/images/train/train_000249.jpg,milestone2/data/generated/labels/train/train_000249.txt,train,Sri Lakshmi Swetha Jalluri,4,2,images_OBJ016/OBJ016_051.jpg,45e87de7bcb9afe5757bd2929db33ecf,OBJ016,Sandisk Portable SSD,15,2,2,1,0,448,448,224,0,224,224,448,0.250000,0.750000,0.500000,0.500000
milestone2/data/generated/images/train/train_000249.jpg,milestone2/data/generated/labels/train/train_000249.txt,train,Sri Lakshmi Swetha Jalluri,4,3,images_OBJ009/OBJ009_011.jpg,d1fc4fa06e3e06b3519d910e753b9394,OBJ009,Marshall Speaker,8,2,2,0,0,448,448,224,0,0,224,224,0.250000,0.250000,0.500000,0.500000
milestone2/data/generated/images/train/train_000249.jpg,milestone2/data/generated/labels/train/train_000249.txt,train,Sri Lakshmi Swetha Jalluri,4,4,images_OBJ022/OBJ022_064.jpeg,d6d5007bd9289c3651b2f5f07ce56784,OBJ022,Guitar,21,2,2,0,1,448,448,224,224,0,448,224,0.750000,0.250000,0.500000,0.500000
milestone2/data/generated/images/train/train_000250.jpg,milestone2/data/generated/labels/train/train_000250.txt,train,Sri Lakshmi Swetha Jalluri,5,1,images_OBJ038/OBJ038_033.jpg,b4132eaa88b9171c3689dc5f50ac1ef7,OBJ038,Perfume bottle,37,2,3,1,1,672,448,224,224,224,448,448,0.500000,0.750000,0.333333,0.500000
milestone2/data/generated/images/train/train_000250.jpg,milestone2/data/generated/labels/train/train_000250.txt,train,Sri Lakshmi Swetha Jalluri,5,2,images_OBJ045/OBJ045_012.jpg,532da6d65409118c27173af5dad3775b,OBJ045,Wayfarer Sunglasses,44,2,3,1,0,672,448,224,0,224,224,448,0.166667,0.750000,0.333333,0.500000
milestone2/data/generated/images/train/train_000250.jpg,milestone2/data/generated/labels/train/train_000250.txt,train,Sri Lakshmi Swetha Jalluri,5,3,images_OBJ042/OBJ042_044.jpg,18aeaaaa2eb629a4f39e7fe176f6886c,OBJ042,Mouth guard case,41,2,3,1,2,672,448,224,448,224,672,448,0.833333,0.750000,0.333333,0.500000
milestone2/data/generated/images/train/train_000250.jpg,milestone2/data/generated/labels/train/train_000250.txt,train,Sri Lakshmi Swetha Jalluri,5,4,images_OBJ054/OBJ054_055.jpg,6fd4e0934f60aaf3142bf1e15f8a1b2e,OBJ054,Purse,53,2,3,0,1,672,448,224,224,0,448,224,0.500000,0.250000,0.333333,0.500000
milestone2/data/generated/images/train/train_000250.jpg,milestone2/data/generated/labels/train/train_000250.txt,train,Sri Lakshmi Swetha Jalluri,5,5,images_OBJ043/OBJ043_063.jpg,9a68ecc6e02f4a5d6497ffc727f93f21,OBJ043,Swimming Goggles,42,2,3,0,0,672,448,224,0,0,224,224,0.166667,0.250000,0.333333,0.500000
milestone2/data/generated/images/train/train_000251.jpg,milestone2/data/generated/labels/train/train_000251.txt,train,Sri Lakshmi Swetha Jalluri,3,1,images_OBJ008/OBJ008_075.jpg,d4906038c8aa83e9f55d0d565c2cb228,OBJ008,Cat,7,2,2,0,0,448,448,224,0,0,224,224,0.250000,0.250000,0.500000,0.500000
milestone2/data/generated/images/train/train_000251.jpg,milestone2/data/generated/labels/train/train_000251.txt,train,Sri Lakshmi Swetha Jalluri,3,2,images_OBJ030/OBJ030_026.jpg,ed90b0e4e154d754cf104f9845faa1eb,OBJ030,Tennis racket,29,2,2,0,1,448,448,224,224,0,448,224,0.750000,0.250000,0.500000,0.500000
milestone2/data/generated/images/train/train_000251.jpg,milestone2/data/generated/labels/train/train_000251.txt,train,Sri Lakshmi Swetha Jalluri,3,3,images_OBJ015/OBJ015_066.jpg,e0498ba46d693027af2adb15a8a11a47,OBJ015,Water Tumbler,14,2,2,1,0,448,448,224,0,224,224,448,0.250000,0.750000,0.500000,0.500000
milestone2/data/generated/images/train/train_000252.jpg,milestone2/data/generated/labels/train/train_000252.txt,train,Sri Lakshmi Swetha Jalluri,4,1,images_OBJ058/OBJ058_027.jpg,d6c6abffd05a932b7fe68d93f6bcee8c,OBJ058,Footstool,57,2,2,1,0,448,448,224,0,224,224,448,0.250000,0.750000,0.500000,0.500000
milestone2/data/generated/images/train/train_000252.jpg,milestone2/data/generated/labels/train/train_000252.txt,train,Sri Lakshmi Swetha Jalluri,4,2,images_OBJ052/OBJ052_001.jpg,e604a1cc1816f778afcdb6e4c8f43f08,OBJ052,Spoon,51,2,2,1,1,448,448,224,224,224,448,448,0.750000,0.750000,0.500000,0.500000
milestone2/data/generated/images/train/train_000252.jpg,milestone2/data/generated/labels/train/train_000252.txt,train,Sri Lakshmi Swetha Jalluri,4,3,images_OBJ070/OBJ070_054.jpg,0c1c7d920c2ebc1cb95954220cbf6c25,OBJ070,Astronaut projector,69,2,2,0,0,448,448,224,0,0,224,224,0.250000,0.250000,0.500000,0.500000
milestone2/data/generated/images/train/train_000252.jpg,milestone2/data/generated/labels/train/train_000252.txt,train,Sri Lakshmi Swetha Jalluri,4,4,images_OBJ031/OBJ031_050.jpg,823e8f206b467b307098d6924b21fcc7,OBJ031,UNO card box,30,2,2,0,1,448,448,224,224,0,448,224,0.750000,0.250000,0.500000,0.500000
milestone2/data/generated/images/train/train_000253.jpg,milestone2/data/generated/labels/train/train_000253.txt,train,Sri Lakshmi Swetha Jalluri,3,1,images_OBJ002/OBJ002_011.jpg,15dfd145cecb9eb882b5d2723e42652f,OBJ002,Water bottle,1,2,2,1,0,448,448,224,0,224,224,448,0.250000,0.750000,0.500000,0.500000
milestone2/data/generated/images/train/train_000253.jpg,milestone2/data/generated/labels/train/train_000253.txt,train,Sri Lakshmi Swetha Jalluri,3,2,images_OBJ018/OBJ018_056.jpg,c1429daa5e5e711481913f3549d79b3d,OBJ018,Rubiks cube,17,2,2,1,1,448,448,224,224,224,448,448,0.750000,0.750000,0.500000,0.500000
milestone2/data/generated/images/train/train_000253.jpg,milestone2/data/generated/labels/train/train_000253.txt,train,Sri Lakshmi Swetha Jalluri,3,3,images_OBJ049/OBJ049_032.jpg,85c94d20e11a9d4a5c0f598bc822d517,OBJ049,Pickleball bat,48,2,2,0,1,448,448,224,224,0,448,224,0.750000,0.250000,0.500000,0.500000
milestone2/data/generated/images/train/train_000254.jpg,milestone2/data/generated/labels/train/train_000254.txt,train,Sri Lakshmi Swetha Jalluri,3,1,images_OBJ039/OBJ039_051.jpg,9b40977ff5dbcfc0090183415f4e841d,OBJ039,Scissors,38,2,2,1,0,448,448,224,0,224,224,448,0.250000,0.750000,0.500000,0.500000
milestone2/data/generated/images/train/train_000254.jpg,milestone2/data/generated/labels/train/train_000254.txt,train,Sri Lakshmi Swetha Jalluri,3,2,images_OBJ029/OBJ029_089.jpg,9c20fc4a65669aa87c6261916930d6f2,OBJ029,Orange,28,2,2,0,1,448,448,224,224,0,448,224,0.750000,0.250000,0.500000,0.500000
milestone2/data/generated/images/train/train_000254.jpg,milestone2/data/generated/labels/train/train_000254.txt,train,Sri Lakshmi Swetha Jalluri,3,3,images_OBJ036/OBJ036_011.jpg,de2359445354b228757bfbcf7f143d1f,OBJ036,Pencil case,35,2,2,1,1,448,448,224,224,224,448,448,0.750000,0.750000,0.500000,0.500000
milestone2/data/generated/images/train/train_000255.jpg,milestone2/data/generated/labels/train/train_000255.txt,train,Sri Lakshmi Swetha Jalluri,4,1,images_OBJ062/OBJ062_023.jpg,7bca24422b154308322e43c01611bdc1,OBJ062,Headphones,61,2,2,0,1,448,448,224,224,0,448,224,0.750000,0.250000,0.500000,0.500000
milestone2/data/generated/images/train/train_000255.jpg,milestone2/data/generated/labels/train/train_000255.txt,train,Sri Lakshmi Swetha Jalluri,4,2,images_OBJ057/OBJ057_053.jpg,0d36749c94168977530021315ec11b20,OBJ057,Power Bank,56,2,2,1,0,448,448,224,0,224,224,448,0.250000,0.750000,0.500000,0.500000
milestone2/data/generated/images/train/train_000255.jpg,milestone2/data/generated/labels/train/train_000255.txt,train,Sri Lakshmi Swetha Jalluri,4,3,images_OBJ063/OBJ063_075.jpg,2e1b275942fa0ea00253a40b2641f3d9,OBJ063,Measuring Bottle,62,2,2,0,0,448,448,224,0,0,224,224,0.250000,0.250000,0.500000,0.500000
milestone2/data/generated/images/train/train_000255.jpg,milestone2/data/generated/labels/train/train_000255.txt,train,Sri Lakshmi Swetha Jalluri,4,4,images_OBJ061/OBJ061_016.jpg,328ecdcd1ef90cfdc6c9902a4f6b545d,OBJ061,Card wallet,60,2,2,1,1,448,448,224,224,224,448,448,0.750000,0.750000,0.500000,0.500000
milestone2/data/generated/images/train/train_000256.jpg,milestone2/data/generated/labels/train/train_000256.txt,train,Sri Lakshmi Swetha Jalluri,5,1,images_OBJ060/OBJ060_9.JPG,ba21c952dd679b04a8392aaac7b879a2,OBJ060,Sleep Mask,59,2,3,1,1,672,448,224,224,224,448,448,0.500000,0.750000,0.333333,0.500000
milestone2/data/generated/images/train/train_000256.jpg,milestone2/data/generated/labels/train/train_000256.txt,train,Sri Lakshmi Swetha Jalluri,5,2,images_OBJ065/OBJ065_085.jpg,2e020e86c42041319534824fea4346d4,OBJ065,Analog watch,64,2,3,0,2,672,448,224,448,0,672,224,0.833333,0.250000,0.333333,0.500000
milestone2/data/generated/images/train/train_000256.jpg,milestone2/data/generated/labels/train/train_000256.txt,train,Sri Lakshmi Swetha Jalluri,5,3,images_OBJ014/OBJ014_073.jpeg,52416457739d485e9ea8115ad300e437,OBJ014,Sunglasses,13,2,3,1,0,672,448,224,0,224,224,448,0.166667,0.750000,0.333333,0.500000
milestone2/data/generated/images/train/train_000256.jpg,milestone2/data/generated/labels/train/train_000256.txt,train,Sri Lakshmi Swetha Jalluri,5,4,images_OBJ046/OBJ046_019.jpg,abc46b2f6bd48a8b8a78ee6021543fde,OBJ046,iWatch,45,2,3,1,2,672,448,224,448,224,672,448,0.833333,0.750000,0.333333,0.500000
milestone2/data/generated/images/train/train_000256.jpg,milestone2/data/generated/labels/train/train_000256.txt,train,Sri Lakshmi Swetha Jalluri,5,5,images_OBJ019/OBJ019_067.jpg,6351d776ff56f5854a6d4933d017fa35,OBJ019,Plant,18,2,3,0,1,672,448,224,224,0,448,224,0.500000,0.250000,0.333333,0.500000
milestone2/data/generated/images/train/train_000257.jpg,milestone2/data/generated/labels/train/train_000257.txt,train,Sri Lakshmi Swetha Jalluri,4,1,images_OBJ048/OBJ048_023.jpg,1c8dc1269f1bf05af5b3472709224ac8,OBJ048,Wireless powerbank,47,2,2,1,0,448,448,224,0,224,224,448,0.250000,0.750000,0.500000,0.500000
milestone2/data/generated/images/train/train_000257.jpg,milestone2/data/generated/labels/train/train_000257.txt,train,Sri Lakshmi Swetha Jalluri,4,2,images_OBJ070/OBJ070_074.jpg,63ac1c808dae7f6d05baad9715190f63,OBJ070,Astronaut projector,69,2,2,0,1,448,448,224,224,0,448,224,0.750000,0.250000,0.500000,0.500000
milestone2/data/generated/images/train/train_000257.jpg,milestone2/data/generated/labels/train/train_000257.txt,train,Sri Lakshmi Swetha Jalluri,4,3,images_OBJ009/OBJ009_066.jpg,26dc36e9e81d04c36f5978f2fa7fac22,OBJ009,Marshall Speaker,8,2,2,0,0,448,448,224,0,0,224,224,0.250000,0.250000,0.500000,0.500000
milestone2/data/generated/images/train/train_000257.jpg,milestone2/data/generated/labels/train/train_000257.txt,train,Sri Lakshmi Swetha Jalluri,4,4,images_OBJ012/OBJ012_072.jpg,37641b8775b674c90d96c6d0cece845a,OBJ012,Computer Keyboard,11,2,2,1,1,448,448,224,224,224,448,448,0.750000,0.750000,0.500000,0.500000
milestone2/data/generated/images/train/train_000258.jpg,milestone2/data/generated/labels/train/train_000258.txt,train,Sri Lakshmi Swetha Jalluri,5,1,images_OBJ033/OBJ033_008.jpg,fb81db59cd785327824014082a20fe12,OBJ033,Duck,32,2,3,0,0,672,448,224,0,0,224,224,0.166667,0.250000,0.333333,0.500000
milestone2/data/generated/images/train/train_000258.jpg,milestone2/data/generated/labels/train/train_000258.txt,train,Sri Lakshmi Swetha Jalluri,5,2,images_OBJ052/OBJ052_017.jpg,c6b05f07feb79d17c013679d392da39a,OBJ052,Spoon,51,2,3,1,2,672,448,224,448,224,672,448,0.833333,0.750000,0.333333,0.500000
milestone2/data/generated/images/train/train_000258.jpg,milestone2/data/generated/labels/train/train_000258.txt,train,Sri Lakshmi Swetha Jalluri,5,3,images_OBJ016/OBJ016_089.jpg,59aaa36123a39e14c58c81a54bb95daa,OBJ016,Sandisk Portable SSD,15,2,3,0,2,672,448,224,448,0,672,224,0.833333,0.250000,0.333333,0.500000
milestone2/data/generated/images/train/train_000258.jpg,milestone2/data/generated/labels/train/train_000258.txt,train,Sri Lakshmi Swetha Jalluri,5,4,images_OBJ067/OBJ067_0029.jpg,ecad27caaef2a4decd914a937d9ffc20,OBJ067,Men's Wallet,66,2,3,1,1,672,448,224,224,224,448,448,0.500000,0.750000,0.333333,0.500000
milestone2/data/generated/images/train/train_000258.jpg,milestone2/data/generated/labels/train/train_000258.txt,train,Sri Lakshmi Swetha Jalluri,5,5,images_OBJ010/OBJ010_030.jpg,f0a304d545c5187c863721198a34c158,OBJ010,Nike sneakers,9,2,3,0,1,672,448,224,224,0,448,224,0.500000,0.250000,0.333333,0.500000
milestone2/data/generated/images/train/train_000259.jpg,milestone2/data/generated/labels/train/train_000259.txt,train,Sri Lakshmi Swetha Jalluri,5,1,images_OBJ003/OBJ003_035.jpg,2c1c24000e6a8dbebc7de06ec017ba55,OBJ003,NoteBook,2,2,3,1,0,672,448,224,0,224,224,448,0.166667,0.750000,0.333333,0.500000
milestone2/data/generated/images/train/train_000259.jpg,milestone2/data/generated/labels/train/train_000259.txt,train,Sri Lakshmi Swetha Jalluri,5,2,images_OBJ018/OBJ018_071.jpg,e08aa73f870bff13593a44878f9294d2,OBJ018,Rubiks cube,17,2,3,0,0,672,448,224,0,0,224,224,0.166667,0.250000,0.333333,0.500000
milestone2/data/generated/images/train/train_000259.jpg,milestone2/data/generated/labels/train/train_000259.txt,train,Sri Lakshmi Swetha Jalluri,5,3,images_OBJ055/OBJ055_008.jpg,30984a1d111b607fba5506739c4829a5,OBJ055,Scientific Calculator,54,2,3,0,1,672,448,224,224,0,448,224,0.500000,0.250000,0.333333,0.500000
milestone2/data/generated/images/train/train_000259.jpg,milestone2/data/generated/labels/train/train_000259.txt,train,Sri Lakshmi Swetha Jalluri,5,4,images_OBJ032/OBJ032_051.jpg,88ad90e22cb96a2c1be403b80ca84ed3,OBJ032,Sound Card,31,2,3,1,1,672,448,224,224,224,448,448,0.500000,0.750000,0.333333,0.500000
milestone2/data/generated/images/train/train_000259.jpg,milestone2/data/generated/labels/train/train_000259.txt,train,Sri Lakshmi Swetha Jalluri,5,5,images_OBJ004/OBJ004_046.jpg,758e47a516cef5e635c03e9e35194444,OBJ004,Toy Car,3,2,3,0,2,672,448,224,448,0,672,224,0.833333,0.250000,0.333333,0.500000
milestone2/data/generated/images/train/train_000260.jpg,milestone2/data/generated/labels/train/train_000260.txt,train,Sri Lakshmi Swetha Jalluri,3,1,images_OBJ041/OBJ041_025.jpg,e6de13ad4868dc3e076d1da690f1cf3d,OBJ041,Table fan,40,2,2,1,1,448,448,224,224,224,448,448,0.750000,0.750000,0.500000,0.500000
milestone2/data/generated/images/train/train_000260.jpg,milestone2/data/generated/labels/train/train_000260.txt,train,Sri Lakshmi Swetha Jalluri,3,2,images_OBJ038/OBJ038_019.jpg,d729437828a0b99fb869eac0bc06422a,OBJ038,Perfume bottle,37,2,2,1,0,448,448,224,0,224,224,448,0.250000,0.750000,0.500000,0.500000
milestone2/data/generated/images/train/train_000260.jpg,milestone2/data/generated/labels/train/train_000260.txt,train,Sri Lakshmi Swetha Jalluri,3,3,images_OBJ008/OBJ008_050.jpg,ebf5cc3c11bb8a56a5f9548e2db02ba4,OBJ008,Cat,7,2,2,0,0,448,448,224,0,0,224,224,0.250000,0.250000,0.500000,0.500000
milestone2/data/generated/images/train/train_000261.jpg,milestone2/data/generated/labels/train/train_000261.txt,train,Sri Lakshmi Swetha Jalluri,5,1,images_OBJ029/OBJ029_043.jpg,9dc8d2bfb3f152c55724b943ec2d73c6,OBJ029,Orange,28,2,3,1,2,672,448,224,448,224,672,448,0.833333,0.750000,0.333333,0.500000
milestone2/data/generated/images/train/train_000261.jpg,milestone2/data/generated/labels/train/train_000261.txt,train,Sri Lakshmi Swetha Jalluri,5,2,images_OBJ051/OBJ051_027.jpg,a2719c8546604fa72bf86c01ba23b796,OBJ051,Tissue,50,2,3,0,0,672,448,224,0,0,224,224,0.166667,0.250000,0.333333,0.500000
milestone2/data/generated/images/train/train_000261.jpg,milestone2/data/generated/labels/train/train_000261.txt,train,Sri Lakshmi Swetha Jalluri,5,3,images_OBJ028/OBJ028_069.jpg,40e32b9315b06794343bbad92d373980,OBJ028,Banana,27,2,3,1,1,672,448,224,224,224,448,448,0.500000,0.750000,0.333333,0.500000
milestone2/data/generated/images/train/train_000261.jpg,milestone2/data/generated/labels/train/train_000261.txt,train,Sri Lakshmi Swetha Jalluri,5,4,images_OBJ049/OBJ049_056.jpg,68822d61ca4ab794d249d918d4da6362,OBJ049,Pickleball bat,48,2,3,0,2,672,448,224,448,0,672,224,0.833333,0.250000,0.333333,0.500000
milestone2/data/generated/images/train/train_000261.jpg,milestone2/data/generated/labels/train/train_000261.txt,train,Sri Lakshmi Swetha Jalluri,5,5,images_OBJ054/OBJ054_023.jpg,1d068f45e49248e54a904a9ceed3ad69,OBJ054,Purse,53,2,3,0,1,672,448,224,224,0,448,224,0.500000,0.250000,0.333333,0.500000
milestone2/data/generated/images/train/train_000262.jpg,milestone2/data/generated/labels/train/train_000262.txt,train,Sri Lakshmi Swetha Jalluri,4,1,images_OBJ072/OBJ072_057.jpg,216899fc7ea99e1d1973578a15efdf46,OBJ072,Dog,71,2,2,0,0,448,448,224,0,0,224,224,0.250000,0.250000,0.500000,0.500000
milestone2/data/generated/images/train/train_000262.jpg,milestone2/data/generated/labels/train/train_000262.txt,train,Sri Lakshmi Swetha Jalluri,4,2,images_OBJ056/OBJ056_069.jpg,51eac698f6cb53217a55b33a7afa55c9,OBJ056,Trader Joe's Bag,55,2,2,1,0,448,448,224,0,224,224,448,0.250000,0.750000,0.500000,0.500000
milestone2/data/generated/images/train/train_000262.jpg,milestone2/data/generated/labels/train/train_000262.txt,train,Sri Lakshmi Swetha Jalluri,4,3,images_OBJ002/OBJ002_014.jpg,1af77a50ae1cfa74087de850a5ef316f,OBJ002,Water bottle,1,2,2,1,1,448,448,224,224,224,448,448,0.750000,0.750000,0.500000,0.500000
milestone2/data/generated/images/train/train_000262.jpg,milestone2/data/generated/labels/train/train_000262.txt,train,Sri Lakshmi Swetha Jalluri,4,4,images_OBJ031/OBJ031_009.jpg,8aedc1a70e0f71659664357b57fe8794,OBJ031,UNO card box,30,2,2,0,1,448,448,224,224,0,448,224,0.750000,0.250000,0.500000,0.500000
milestone2/data/generated/images/train/train_000263.jpg,milestone2/data/generated/labels/train/train_000263.txt,train,Sri Lakshmi Swetha Jalluri,5,1,images_OBJ042/OBJ042_042.jpg,00d6e0963c71dd80779f7b0f2341d2e6,OBJ042,Mouth guard case,41,2,3,1,0,672,448,224,0,224,224,448,0.166667,0.750000,0.333333,0.500000
milestone2/data/generated/images/train/train_000263.jpg,milestone2/data/generated/labels/train/train_000263.txt,train,Sri Lakshmi Swetha Jalluri,5,2,images_OBJ043/OBJ043_015.jpg,7234fbec8d2da8d73c07624252f8c3f7,OBJ043,Swimming Goggles,42,2,3,1,2,672,448,224,448,224,672,448,0.833333,0.750000,0.333333,0.500000
milestone2/data/generated/images/train/train_000263.jpg,milestone2/data/generated/labels/train/train_000263.txt,train,Sri Lakshmi Swetha Jalluri,5,3,images_OBJ040/OBJ040_016.JPG,e81d090423ae4e091152708f6470c11e,OBJ040,Clutcher,39,2,3,1,1,672,448,224,224,224,448,448,0.500000,0.750000,0.333333,0.500000
milestone2/data/generated/images/train/train_000263.jpg,milestone2/data/generated/labels/train/train_000263.txt,train,Sri Lakshmi Swetha Jalluri,5,4,images_OBJ005/OBJ005_069.jpg,db6f146a4707fbf907fe8a6e6d0cd6bc,OBJ005,Computer mouse,4,2,3,0,1,672,448,224,224,0,448,224,0.500000,0.250000,0.333333,0.500000
milestone2/data/generated/images/train/train_000263.jpg,milestone2/data/generated/labels/train/train_000263.txt,train,Sri Lakshmi Swetha Jalluri,5,5,images_OBJ006/OBJ006_020.jpg,e0ce6a67c641f0f3b2f41f4f9a00d6bc,OBJ006,Capybara Toy,5,2,3,0,2,672,448,224,448,0,672,224,0.833333,0.250000,0.333333,0.500000
milestone2/data/generated/images/train/train_000264.jpg,milestone2/data/generated/labels/train/train_000264.txt,train,Sri Lakshmi Swetha Jalluri,4,1,images_OBJ030/OBJ030_009.jpg,f155177ac0a8e8e141aedd68ca06f788,OBJ030,Tennis racket,29,2,2,1,0,448,448,224,0,224,224,448,0.250000,0.750000,0.500000,0.500000
milestone2/data/generated/images/train/train_000264.jpg,milestone2/data/generated/labels/train/train_000264.txt,train,Sri Lakshmi Swetha Jalluri,4,2,images_OBJ013/OBJ013_007.jpg,3e4fb277e1cbf6ab4be968e273ca200c,OBJ013,Mobile phone,12,2,2,1,1,448,448,224,224,224,448,448,0.750000,0.750000,0.500000,0.500000
milestone2/data/generated/images/train/train_000264.jpg,milestone2/data/generated/labels/train/train_000264.txt,train,Sri Lakshmi Swetha Jalluri,4,3,images_OBJ065/OBJ065_031.jpg,a7be368be87529cf4785e3032c6e2023,OBJ065,Analog watch,64,2,2,0,1,448,448,224,224,0,448,224,0.750000,0.250000,0.500000,0.500000
milestone2/data/generated/images/train/train_000264.jpg,milestone2/data/generated/labels/train/train_000264.txt,train,Sri Lakshmi Swetha Jalluri,4,4,images_OBJ023/OBJ023_050.JPG,953cd3c5ae02bfe117d1958dc1b34977,OBJ023,Bracelet,22,2,2,0,0,448,448,224,0,0,224,224,0.250000,0.250000,0.500000,0.500000
milestone2/data/generated/images/train/train_000265.jpg,milestone2/data/generated/labels/train/train_000265.txt,train,Sri Lakshmi Swetha Jalluri,3,1,images_OBJ026/OBJ026_060.jpg,d5de77e30761712bf6a837d02d442fc9,OBJ026,Red Sox Cap,25,2,2,1,1,448,448,224,224,224,448,448,0.750000,0.750000,0.500000,0.500000
milestone2/data/generated/images/train/train_000265.jpg,milestone2/data/generated/labels/train/train_000265.txt,train,Sri Lakshmi Swetha Jalluri,3,2,images_OBJ064/OBJ064_011.jpg,a1277a10369741b0eca6af850231a622,OBJ064,RGB Projector,63,2,2,1,0,448,448,224,0,224,224,448,0.250000,0.750000,0.500000,0.500000
milestone2/data/generated/images/train/train_000265.jpg,milestone2/data/generated/labels/train/train_000265.txt,train,Sri Lakshmi Swetha Jalluri,3,3,images_OBJ039/OBJ039_026.jpg,e723112f0d541f128ae0e9fa1123b58c,OBJ039,Scissors,38,2,2,0,1,448,448,224,224,0,448,224,0.750000,0.250000,0.500000,0.500000
milestone2/data/generated/images/train/train_000266.jpg,milestone2/data/generated/labels/train/train_000266.txt,train,Sri Lakshmi Swetha Jalluri,5,1,images_OBJ044/OBJ044_065.jpg,6f71c6f672c9f41376b9a6158ebd3fa9,OBJ044,Anime Figurine,43,2,3,1,0,672,448,224,0,224,224,448,0.166667,0.750000,0.333333,0.500000
milestone2/data/generated/images/train/train_000266.jpg,milestone2/data/generated/labels/train/train_000266.txt,train,Sri Lakshmi Swetha Jalluri,5,2,images_OBJ069/OBJ069_071.jpg,4f910ec4b6531882e28116673ce886fc,OBJ069,Knife,68,2,3,1,1,672,448,224,224,224,448,448,0.500000,0.750000,0.333333,0.500000
milestone2/data/generated/images/train/train_000266.jpg,milestone2/data/generated/labels/train/train_000266.txt,train,Sri Lakshmi Swetha Jalluri,5,3,images_OBJ007/OBJ007_063.jpg,53795d4a84e5a1a91c56a46d1c8aa1c3,OBJ007,Apple,6,2,3,0,1,672,448,224,224,0,448,224,0.500000,0.250000,0.333333,0.500000
milestone2/data/generated/images/train/train_000266.jpg,milestone2/data/generated/labels/train/train_000266.txt,train,Sri Lakshmi Swetha Jalluri,5,4,images_OBJ066/OBJ066_095.jpg,02f2c643b8914b9aec9980d17958453f,OBJ066,Hair oil,65,2,3,0,0,672,448,224,0,0,224,224,0.166667,0.250000,0.333333,0.500000
milestone2/data/generated/images/train/train_000266.jpg,milestone2/data/generated/labels/train/train_000266.txt,train,Sri Lakshmi Swetha Jalluri,5,5,images_OBJ063/OBJ063_003.jpg,7bf1f977c60b501203b63687cadb32e3,OBJ063,Measuring Bottle,62,2,3,0,2,672,448,224,448,0,672,224,0.833333,0.250000,0.333333,0.500000
milestone2/data/generated/images/train/train_000267.jpg,milestone2/data/generated/labels/train/train_000267.txt,train,Sri Lakshmi Swetha Jalluri,4,1,images_OBJ060/OBJ060_66.JPG,52ba58542bf48b80def384d759f089fc,OBJ060,Sleep Mask,59,2,2,0,1,448,448,224,224,0,448,224,0.750000,0.250000,0.500000,0.500000
milestone2/data/generated/images/train/train_000267.jpg,milestone2/data/generated/labels/train/train_000267.txt,train,Sri Lakshmi Swetha Jalluri,4,2,images_OBJ059/OBJ059_025.jpg,8ce08036273cca7d56c5676ebf89e8a8,OBJ059,Comb,58,2,2,1,1,448,448,224,224,224,448,448,0.750000,0.750000,0.500000,0.500000
milestone2/data/generated/images/train/train_000267.jpg,milestone2/data/generated/labels/train/train_000267.txt,train,Sri Lakshmi Swetha Jalluri,4,3,images_OBJ045/OBJ045_083.jpg,fe73cb6a1a5dd593650184d2223b8946,OBJ045,Wayfarer Sunglasses,44,2,2,0,0,448,448,224,0,0,224,224,0.250000,0.250000,0.500000,0.500000
milestone2/data/generated/images/train/train_000267.jpg,milestone2/data/generated/labels/train/train_000267.txt,train,Sri Lakshmi Swetha Jalluri,4,4,images_OBJ027/OBJ027_091.jpg,8e9106ceb55db0114bab917a71e55b56,OBJ027,Tennis ball,26,2,2,1,0,448,448,224,0,224,224,448,0.250000,0.750000,0.500000,0.500000
milestone2/data/generated/images/train/train_000268.jpg,milestone2/data/generated/labels/train/train_000268.txt,train,Sri Lakshmi Swetha Jalluri,5,1,images_OBJ035/OBJ035_087.jpg,c57a676c12797f88ddbc19d2c37a85bf,OBJ035,Badminton racket,34,2,3,1,1,672,448,224,224,224,448,448,0.500000,0.750000,0.333333,0.500000
milestone2/data/generated/images/train/train_000268.jpg,milestone2/data/generated/labels/train/train_000268.txt,train,Sri Lakshmi Swetha Jalluri,5,2,images_OBJ037/OBJ037_015.jpg,8698906bcb4f59587747be596ef73f8f,OBJ037,Candle,36,2,3,0,2,672,448,224,448,0,672,224,0.833333,0.250000,0.333333,0.500000
milestone2/data/generated/images/train/train_000268.jpg,milestone2/data/generated/labels/train/train_000268.txt,train,Sri Lakshmi Swetha Jalluri,5,3,images_OBJ053/OBJ053_078.jpg,431c8d72e9fdd3cd547aab7d82799f46,OBJ053,Moisturizer,52,2,3,1,2,672,448,224,448,224,672,448,0.833333,0.750000,0.333333,0.500000
milestone2/data/generated/images/train/train_000268.jpg,milestone2/data/generated/labels/train/train_000268.txt,train,Sri Lakshmi Swetha Jalluri,5,4,images_OBJ019/OBJ019_031.jpg,ca6cb77faff17709d41bfd6cdfa5496e,OBJ019,Plant,18,2,3,0,0,672,448,224,0,0,224,224,0.166667,0.250000,0.333333,0.500000
milestone2/data/generated/images/train/train_000268.jpg,milestone2/data/generated/labels/train/train_000268.txt,train,Sri Lakshmi Swetha Jalluri,5,5,images_OBJ034/OBJ034_082.jpg,e756163095c30a8d632f71dbbff43787,OBJ034,Table Tennis Racket,33,2,3,0,1,672,448,224,224,0,448,224,0.500000,0.250000,0.333333,0.500000
milestone2/data/generated/images/train/train_000269.jpg,milestone2/data/generated/labels/train/train_000269.txt,train,Sri Lakshmi Swetha Jalluri,5,1,images_OBJ050/OBJ050_033.jpg,599a6f802587e1ba2b4208bfeb431434,OBJ050,Hairbrush,49,2,3,1,0,672,448,224,0,224,224,448,0.166667,0.750000,0.333333,0.500000
milestone2/data/generated/images/train/train_000269.jpg,milestone2/data/generated/labels/train/train_000269.txt,train,Sri Lakshmi Swetha Jalluri,5,2,images_OBJ057/OBJ057_094.jpg,f3b5dc6755ae2b3fef26a1e1b0d769ef,OBJ057,Power Bank,56,2,3,0,2,672,448,224,448,0,672,224,0.833333,0.250000,0.333333,0.500000
milestone2/data/generated/images/train/train_000269.jpg,milestone2/data/generated/labels/train/train_000269.txt,train,Sri Lakshmi Swetha Jalluri,5,3,images_OBJ061/OBJ061_094.jpg,febc4bd05ea4bcaa16777f0548a104fb,OBJ061,Card wallet,60,2,3,0,1,672,448,224,224,0,448,224,0.500000,0.250000,0.333333,0.500000
milestone2/data/generated/images/train/train_000269.jpg,milestone2/data/generated/labels/train/train_000269.txt,train,Sri Lakshmi Swetha Jalluri,5,4,images_OBJ046/OBJ046_046.jpg,8d1a38af1e9a0608ef3f71ed9a496dde,OBJ046,iWatch,45,2,3,0,0,672,448,224,0,0,224,224,0.166667,0.250000,0.333333,0.500000
milestone2/data/generated/images/train/train_000269.jpg,milestone2/data/generated/labels/train/train_000269.txt,train,Sri Lakshmi Swetha Jalluri,5,5,images_OBJ048/OBJ048_082.jpg,2818c465653b5e3f6121c001f06a4cf8,OBJ048,Wireless powerbank,47,2,3,1,1,672,448,224,224,224,448,448,0.500000,0.750000,0.333333,0.500000
milestone2/data/generated/images/train/train_000270.jpg,milestone2/data/generated/labels/train/train_000270.txt,train,Sri Lakshmi Swetha Jalluri,4,1,images_OBJ073/OBJ073_051.jpg,26e535fcbd32cf81bc9a33840df9b6ec,OBJ073,Bowl,72,2,2,0,0,448,448,224,0,0,224,224,0.250000,0.250000,0.500000,0.500000
milestone2/data/generated/images/train/train_000270.jpg,milestone2/data/generated/labels/train/train_000270.txt,train,Sri Lakshmi Swetha Jalluri,4,2,images_OBJ017/OBJ017_047.jpg,5321ef4e7641e41d08a3a25de1398bb5,OBJ017,Controller,16,2,2,0,1,448,448,224,224,0,448,224,0.750000,0.250000,0.500000,0.500000
milestone2/data/generated/images/train/train_000270.jpg,milestone2/data/generated/labels/train/train_000270.txt,train,Sri Lakshmi Swetha Jalluri,4,3,images_OBJ047/OBJ047_030.jpg,f9a66828aac5fe276bc06cc52a844114,OBJ047,Backpack,46,2,2,1,1,448,448,224,224,224,448,448,0.750000,0.750000,0.500000,0.500000
milestone2/data/generated/images/train/train_000270.jpg,milestone2/data/generated/labels/train/train_000270.txt,train,Sri Lakshmi Swetha Jalluri,4,4,images_OBJ021/OBJ021_017.jpg,5ea6a4afb88d48a8d3af71dd5f8c270a,OBJ021,Toy Bunny,20,2,2,1,0,448,448,224,0,224,224,448,0.250000,0.750000,0.500000,0.500000
milestone2/data/generated/images/train/train_000271.jpg,milestone2/data/generated/labels/train/train_000271.txt,train,Sri Lakshmi Swetha Jalluri,3,1,images_OBJ036/OBJ036_070.jpg,d759c0aaedbeb658ac03cf5f498da95a,OBJ036,Pencil case,35,2,2,0,1,448,448,224,224,0,448,224,0.750000,0.250000,0.500000,0.500000
milestone2/data/generated/images/train/train_000271.jpg,milestone2/data/generated/labels/train/train_000271.txt,train,Sri Lakshmi Swetha Jalluri,3,2,images_OBJ068/OBJ068_013.jpg,23f0551ee9a75f53c7b985dea1620e26,OBJ068,Neck Pillow,67,2,2,1,0,448,448,224,0,224,224,448,0.250000,0.750000,0.500000,0.500000
milestone2/data/generated/images/train/train_000271.jpg,milestone2/data/generated/labels/train/train_000271.txt,train,Sri Lakshmi Swetha Jalluri,3,3,images_OBJ015/OBJ015_054.jpg,e56a8f8e5e9da00148ec83c066f8ecd9,OBJ015,Water Tumbler,14,2,2,1,1,448,448,224,224,224,448,448,0.750000,0.750000,0.500000,0.500000
milestone2/data/generated/images/train/train_000272.jpg,milestone2/data/generated/labels/train/train_000272.txt,train,Sri Lakshmi Swetha Jalluri,5,1,images_OBJ014/OBJ014_052.jpeg,8b8658608bd0e82dbbf32d0f4116643f,OBJ014,Sunglasses,13,2,3,1,1,672,448,224,224,224,448,448,0.500000,0.750000,0.333333,0.500000
milestone2/data/generated/images/train/train_000272.jpg,milestone2/data/generated/labels/train/train_000272.txt,train,Sri Lakshmi Swetha Jalluri,5,2,images_OBJ001/OBJ001_031.jpg,8ab0fd61f5d710af8a609d2be27a7468,OBJ001,Basketball,0,2,3,0,1,672,448,224,224,0,448,224,0.500000,0.250000,0.333333,0.500000
milestone2/data/generated/images/train/train_000272.jpg,milestone2/data/generated/labels/train/train_000272.txt,train,Sri Lakshmi Swetha Jalluri,5,3,images_OBJ025/OBJ025_070.jpg,c708221c5bc9318db41bd8b88f0730a3,OBJ025,Watch,24,2,3,1,0,672,448,224,0,224,224,448,0.166667,0.750000,0.333333,0.500000
milestone2/data/generated/images/train/train_000272.jpg,milestone2/data/generated/labels/train/train_000272.txt,train,Sri Lakshmi Swetha Jalluri,5,4,images_OBJ071/OBJ071_084.jpg,ad49236433704fa394263bbba2a56687,OBJ071,Sloth Plushie,70,2,3,0,2,672,448,224,448,0,672,224,0.833333,0.250000,0.333333,0.500000
milestone2/data/generated/images/train/train_000272.jpg,milestone2/data/generated/labels/train/train_000272.txt,train,Sri Lakshmi Swetha Jalluri,5,5,images_OBJ058/OBJ058_016.jpg,983b4e5bb01977ca19ce1a860477f27b,OBJ058,Footstool,57,2,3,0,0,672,448,224,0,0,224,224,0.166667,0.250000,0.333333,0.500000
milestone2/data/generated/images/train/train_000273.jpg,milestone2/data/generated/labels/train/train_000273.txt,train,Sri Lakshmi Swetha Jalluri,3,1,images_OBJ011/OBJ011_015.jpg,78c6958c95ee93ddcf9fa15c3d171efd,OBJ011,Mug,10,2,2,1,1,448,448,224,224,224,448,448,0.750000,0.750000,0.500000,0.500000
milestone2/data/generated/images/train/train_000273.jpg,milestone2/data/generated/labels/train/train_000273.txt,train,Sri Lakshmi Swetha Jalluri,3,2,images_OBJ022/OBJ022_050.jpeg,8a306aff0d21a843c4b93b61b0a2d67c,OBJ022,Guitar,21,2,2,0,1,448,448,224,224,0,448,224,0.750000,0.250000,0.500000,0.500000
milestone2/data/generated/images/train/train_000273.jpg,milestone2/data/generated/labels/train/train_000273.txt,train,Sri Lakshmi Swetha Jalluri,3,3,images_OBJ024/OBJ024_082.jpg,30b9b621d49c7ef61c1c0f313e5532cb,OBJ024,Plush doll,23,2,2,1,0,448,448,224,0,224,224,448,0.250000,0.750000,0.500000,0.500000
milestone2/data/generated/images/train/train_000274.jpg,milestone2/data/generated/labels/train/train_000274.txt,train,Sri Lakshmi Swetha Jalluri,3,1,images_OBJ020/OBJ020_081.jpg,4bcdff7e1b7f6bbe92eeca5b24d09a76,OBJ020,Airpod,19,2,2,0,0,448,448,224,0,0,224,224,0.250000,0.250000,0.500000,0.500000
milestone2/data/generated/images/train/train_000274.jpg,milestone2/data/generated/labels/train/train_000274.txt,train,Sri Lakshmi Swetha Jalluri,3,2,images_OBJ062/OBJ062_032.jpg,88dd466504486e290e52a267d29b28e2,OBJ062,Headphones,61,2,2,1,1,448,448,224,224,224,448,448,0.750000,0.750000,0.500000,0.500000
milestone2/data/generated/images/train/train_000274.jpg,milestone2/data/generated/labels/train/train_000274.txt,train,Sri Lakshmi Swetha Jalluri,3,3,images_OBJ055/OBJ055_021.jpg,d2ab06218a44884f94be5830d940ab32,OBJ055,Scientific Calculator,54,2,2,0,1,448,448,224,224,0,448,224,0.750000,0.250000,0.500000,0.500000
milestone2/data/generated/images/train/train_000275.jpg,milestone2/data/generated/labels/train/train_000275.txt,train,Sri Lakshmi Swetha Jalluri,5,1,images_OBJ039/OBJ039_018.jpg,40cc66846748b35a7d86b8c7db0e9ab9,OBJ039,Scissors,38,2,3,1,2,672,448,224,448,224,672,448,0.833333,0.750000,0.333333,0.500000
milestone2/data/generated/images/train/train_000275.jpg,milestone2/data/generated/labels/train/train_000275.txt,train,Sri Lakshmi Swetha Jalluri,5,2,images_OBJ018/OBJ018_078.jpg,613d1a9decd909a61124237089df8c71,OBJ018,Rubiks cube,17,2,3,0,0,672,448,224,0,0,224,224,0.166667,0.250000,0.333333,0.500000
milestone2/data/generated/images/train/train_000275.jpg,milestone2/data/generated/labels/train/train_000275.txt,train,Sri Lakshmi Swetha Jalluri,5,3,images_OBJ069/OBJ069_013.jpg,54181ba53bfc381283529e6ca38b1235,OBJ069,Knife,68,2,3,1,0,672,448,224,0,224,224,448,0.166667,0.750000,0.333333,0.500000
milestone2/data/generated/images/train/train_000275.jpg,milestone2/data/generated/labels/train/train_000275.txt,train,Sri Lakshmi Swetha Jalluri,5,4,images_OBJ052/OBJ052_080.jpg,9ebd5043015d66c4b0f4e45498a7aa5b,OBJ052,Spoon,51,2,3,0,1,672,448,224,224,0,448,224,0.500000,0.250000,0.333333,0.500000
milestone2/data/generated/images/train/train_000275.jpg,milestone2/data/generated/labels/train/train_000275.txt,train,Sri Lakshmi Swetha Jalluri,5,5,images_OBJ043/OBJ043_049.jpg,ece2d8b9efac978062965d305d97dd98,OBJ043,Swimming Goggles,42,2,3,0,2,672,448,224,448,0,672,224,0.833333,0.250000,0.333333,0.500000
milestone2/data/generated/images/train/train_000276.jpg,milestone2/data/generated/labels/train/train_000276.txt,train,Sri Lakshmi Swetha Jalluri,5,1,images_OBJ009/OBJ009_094.jpg,0aaae1aef2eb9653a5deed6a0b8e2eae,OBJ009,Marshall Speaker,8,2,3,0,0,672,448,224,0,0,224,224,0.166667,0.250000,0.333333,0.500000
milestone2/data/generated/images/train/train_000276.jpg,milestone2/data/generated/labels/train/train_000276.txt,train,Sri Lakshmi Swetha Jalluri,5,2,images_OBJ023/OBJ023_073.JPG,771bf944e72b7df47ff1737228001aed,OBJ023,Bracelet,22,2,3,0,1,672,448,224,224,0,448,224,0.500000,0.250000,0.333333,0.500000
milestone2/data/generated/images/train/train_000276.jpg,milestone2/data/generated/labels/train/train_000276.txt,train,Sri Lakshmi Swetha Jalluri,5,3,images_OBJ073/OBJ073_006.jpg,17fd0bc7e605fffed86c2d3f2166d37c,OBJ073,Bowl,72,2,3,1,0,672,448,224,0,224,224,448,0.166667,0.750000,0.333333,0.500000
milestone2/data/generated/images/train/train_000276.jpg,milestone2/data/generated/labels/train/train_000276.txt,train,Sri Lakshmi Swetha Jalluri,5,4,images_OBJ008/OBJ008_010.jpg,e9356a50970ca136759fc8d94deadb9d,OBJ008,Cat,7,2,3,1,2,672,448,224,448,224,672,448,0.833333,0.750000,0.333333,0.500000
milestone2/data/generated/images/train/train_000276.jpg,milestone2/data/generated/labels/train/train_000276.txt,train,Sri Lakshmi Swetha Jalluri,5,5,images_OBJ068/OBJ068_055.jpg,929fc428be98cf9bc980b8e8962b24db,OBJ068,Neck Pillow,67,2,3,0,2,672,448,224,448,0,672,224,0.833333,0.250000,0.333333,0.500000
milestone2/data/generated/images/train/train_000277.jpg,milestone2/data/generated/labels/train/train_000277.txt,train,Sri Lakshmi Swetha Jalluri,5,1,images_OBJ070/OBJ070_002.jpg,ff52c23c5f0cdb00fa905e70d8010b7b,OBJ070,Astronaut projector,69,2,3,1,1,672,448,224,224,224,448,448,0.500000,0.750000,0.333333,0.500000
milestone2/data/generated/images/train/train_000277.jpg,milestone2/data/generated/labels/train/train_000277.txt,train,Sri Lakshmi Swetha Jalluri,5,2,images_OBJ057/OBJ057_036.jpg,cc9a67df73c39d7f716130faf61c0b9e,OBJ057,Power Bank,56,2,3,0,0,672,448,224,0,0,224,224,0.166667,0.250000,0.333333,0.500000
milestone2/data/generated/images/train/train_000277.jpg,milestone2/data/generated/labels/train/train_000277.txt,train,Sri Lakshmi Swetha Jalluri,5,3,images_OBJ025/OBJ025_036.jpg,7f3966f0a17fd266e9ba01865658386d,OBJ025,Watch,24,2,3,1,0,672,448,224,0,224,224,448,0.166667,0.750000,0.333333,0.500000
milestone2/data/generated/images/train/train_000277.jpg,milestone2/data/generated/labels/train/train_000277.txt,train,Sri Lakshmi Swetha Jalluri,5,4,images_OBJ063/OBJ063_046.jpg,2a107d34d88bcb4780cd145ee13b49bd,OBJ063,Measuring Bottle,62,2,3,0,1,672,448,224,224,0,448,224,0.500000,0.250000,0.333333,0.500000
milestone2/data/generated/images/train/train_000277.jpg,milestone2/data/generated/labels/train/train_000277.txt,train,Sri Lakshmi Swetha Jalluri,5,5,images_OBJ050/OBJ050_031.jpg,1b4d8f186473d255155ca4a54ed7dcd9,OBJ050,Hairbrush,49,2,3,1,2,672,448,224,448,224,672,448,0.833333,0.750000,0.333333,0.500000
milestone2/data/generated/images/train/train_000278.jpg,milestone2/data/generated/labels/train/train_000278.txt,train,Sri Lakshmi Swetha Jalluri,5,1,images_OBJ060/OBJ060_38.JPG,4ad0cc4fc3acaeb52b988f91605d37c5,OBJ060,Sleep Mask,59,2,3,1,2,672,448,224,448,224,672,448,0.833333,0.750000,0.333333,0.500000
milestone2/data/generated/images/train/train_000278.jpg,milestone2/data/generated/labels/train/train_000278.txt,train,Sri Lakshmi Swetha Jalluri,5,2,images_OBJ034/OBJ034_048.jpg,b0333dcdce39664b6a9cd8fa0c910676,OBJ034,Table Tennis Racket,33,2,3,0,0,672,448,224,0,0,224,224,0.166667,0.250000,0.333333,0.500000
milestone2/data/generated/images/train/train_000278.jpg,milestone2/data/generated/labels/train/train_000278.txt,train,Sri Lakshmi Swetha Jalluri,5,3,images_OBJ037/OBJ037_089.jpg,e82105ff03d4cf8c02c72900c58a35fc,OBJ037,Candle,36,2,3,1,0,672,448,224,0,224,224,448,0.166667,0.750000,0.333333,0.500000
milestone2/data/generated/images/train/train_000278.jpg,milestone2/data/generated/labels/train/train_000278.txt,train,Sri Lakshmi Swetha Jalluri,5,4,images_OBJ036/OBJ036_020.jpg,6301af6b2d109d047ec6be8319771897,OBJ036,Pencil case,35,2,3,0,2,672,448,224,448,0,672,224,0.833333,0.250000,0.333333,0.500000
milestone2/data/generated/images/train/train_000278.jpg,milestone2/data/generated/labels/train/train_000278.txt,train,Sri Lakshmi Swetha Jalluri,5,5,images_OBJ071/OBJ071_081.jpg,52182e68e80ff1d834ec37fb7d9d88ce,OBJ071,Sloth Plushie,70,2,3,1,1,672,448,224,224,224,448,448,0.500000,0.750000,0.333333,0.500000
milestone2/data/generated/images/train/train_000279.jpg,milestone2/data/generated/labels/train/train_000279.txt,train,Sri Lakshmi Swetha Jalluri,3,1,images_OBJ024/OBJ024_092.jpg,426272181b53707faa66d31362db9daf,OBJ024,Plush doll,23,2,2,1,1,448,448,224,224,224,448,448,0.750000,0.750000,0.500000,0.500000
milestone2/data/generated/images/train/train_000279.jpg,milestone2/data/generated/labels/train/train_000279.txt,train,Sri Lakshmi Swetha Jalluri,3,2,images_OBJ001/OBJ001_074.jpg,7dbc6871f93efd9c08736af1cfd1a9c2,OBJ001,Basketball,0,2,2,1,0,448,448,224,0,224,224,448,0.250000,0.750000,0.500000,0.500000
milestone2/data/generated/images/train/train_000279.jpg,milestone2/data/generated/labels/train/train_000279.txt,train,Sri Lakshmi Swetha Jalluri,3,3,images_OBJ045/OBJ045_033.jpg,d0f06af2a55f6f6f39ff1e3e24b38ae3,OBJ045,Wayfarer Sunglasses,44,2,2,0,1,448,448,224,224,0,448,224,0.750000,0.250000,0.500000,0.500000
milestone2/data/generated/images/train/train_000280.jpg,milestone2/data/generated/labels/train/train_000280.txt,train,Sri Lakshmi Swetha Jalluri,3,1,images_OBJ022/OBJ022_036.jpeg,a755618a4abe184ccdc2ad86e271360b,OBJ022,Guitar,21,2,2,1,0,448,448,224,0,224,224,448,0.250000,0.750000,0.500000,0.500000
milestone2/data/generated/images/train/train_000280.jpg,milestone2/data/generated/labels/train/train_000280.txt,train,Sri Lakshmi Swetha Jalluri,3,2,images_OBJ072/OBJ072_082.jpg,294cae45b12c64a14cbc1f8df447c5f4,OBJ072,Dog,71,2,2,1,1,448,448,224,224,224,448,448,0.750000,0.750000,0.500000,0.500000
milestone2/data/generated/images/train/train_000280.jpg,milestone2/data/generated/labels/train/train_000280.txt,train,Sri Lakshmi Swetha Jalluri,3,3,images_OBJ054/OBJ054_025.jpg,dbdf306c9f9e3957dc2c92426739db20,OBJ054,Purse,53,2,2,0,1,448,448,224,224,0,448,224,0.750000,0.250000,0.500000,0.500000
milestone2/data/generated/images/val/val_000046.jpg,milestone2/data/generated/labels/val/val_000046.txt,val,Sri Lakshmi Swetha Jalluri,3,1,images_OBJ071/OBJ071_091.jpg,b20da5d5bcd95544fd64040f33a0932c,OBJ071,Sloth Plushie,70,2,2,1,0,448,448,224,0,224,224,448,0.250000,0.750000,0.500000,0.500000
milestone2/data/generated/images/val/val_000046.jpg,milestone2/data/generated/labels/val/val_000046.txt,val,Sri Lakshmi Swetha Jalluri,3,2,images_OBJ033/OBJ033_036.jpg,49a99693596714d29ff86ac52f567f71,OBJ033,Duck,32,2,2,1,1,448,448,224,224,224,448,448,0.750000,0.750000,0.500000,0.500000
milestone2/data/generated/images/val/val_000046.jpg,milestone2/data/generated/labels/val/val_000046.txt,val,Sri Lakshmi Swetha Jalluri,3,3,images_OBJ039/OBJ039_091.jpg,b91ef98d2f472b41dce2aff732dc89fa,OBJ039,Scissors,38,2,2,0,1,448,448,224,224,0,448,224,0.750000,0.250000,0.500000,0.500000
milestone2/data/generated/images/val/val_000047.jpg,milestone2/data/generated/labels/val/val_000047.txt,val,Sri Lakshmi Swetha Jalluri,3,1,images_OBJ053/OBJ053_070.jpg,db02308074c8dfe0589c5dae26375a24,OBJ053,Moisturizer,52,2,2,0,0,448,448,224,0,0,224,224,0.250000,0.250000,0.500000,0.500000
milestone2/data/generated/images/val/val_000047.jpg,milestone2/data/generated/labels/val/val_000047.txt,val,Sri Lakshmi Swetha Jalluri,3,2,images_OBJ059/OBJ059_082.jpg,37abe5902691db47da27c0fd039259ad,OBJ059,Comb,58,2,2,1,0,448,448,224,0,224,224,448,0.250000,0.750000,0.500000,0.500000
milestone2/data/generated/images/val/val_000047.jpg,milestone2/data/generated/labels/val/val_000047.txt,val,Sri Lakshmi Swetha Jalluri,3,3,images_OBJ038/OBJ038_008.jpg,16725c8ac23ced009cdbeb06ce90026e,OBJ038,Perfume bottle,37,2,2,1,1,448,448,224,224,224,448,448,0.750000,0.750000,0.500000,0.500000
milestone2/data/generated/images/val/val_000048.jpg,milestone2/data/generated/labels/val/val_000048.txt,val,Sri Lakshmi Swetha Jalluri,3,1,images_OBJ019/OBJ019_083.jpg,7faca40e558a49263498bd501cf043c1,OBJ019,Plant,18,2,2,0,1,448,448,224,224,0,448,224,0.750000,0.250000,0.500000,0.500000
milestone2/data/generated/images/val/val_000048.jpg,milestone2/data/generated/labels/val/val_000048.txt,val,Sri Lakshmi Swetha Jalluri,3,2,images_OBJ056/OBJ056_088.jpg,fe56979f1f5961a29b8a465347b74946,OBJ056,Trader Joe's Bag,55,2,2,0,0,448,448,224,0,0,224,224,0.250000,0.250000,0.500000,0.500000
milestone2/data/generated/images/val/val_000048.jpg,milestone2/data/generated/labels/val/val_000048.txt,val,Sri Lakshmi Swetha Jalluri,3,3,images_OBJ025/OBJ025_072.jpg,93aa8a02825f6538533fbf48f756afeb,OBJ025,Watch,24,2,2,1,1,448,448,224,224,224,448,448,0.750000,0.750000,0.500000,0.500000
milestone2/data/generated/images/val/val_000049.jpg,milestone2/data/generated/labels/val/val_000049.txt,val,Sri Lakshmi Swetha Jalluri,5,1,images_OBJ052/OBJ052_037.jpg,cd210563dad429dd7814bec7b39a7822,OBJ052,Spoon,51,2,3,1,2,672,448,224,448,224,672,448,0.833333,0.750000,0.333333,0.500000
milestone2/data/generated/images/val/val_000049.jpg,milestone2/data/generated/labels/val/val_000049.txt,val,Sri Lakshmi Swetha Jalluri,5,2,images_OBJ043/OBJ043_090.jpg,6b31745c2e8ff8e15e3605f1f30a0c66,OBJ043,Swimming Goggles,42,2,3,0,1,672,448,224,224,0,448,224,0.500000,0.250000,0.333333,0.500000
milestone2/data/generated/images/val/val_000049.jpg,milestone2/data/generated/labels/val/val_000049.txt,val,Sri Lakshmi Swetha Jalluri,5,3,images_OBJ072/OBJ072_090.jpg,cc28a456cfa4f969605cded9d766a1dd,OBJ072,Dog,71,2,3,0,0,672,448,224,0,0,224,224,0.166667,0.250000,0.333333,0.500000
milestone2/data/generated/images/val/val_000049.jpg,milestone2/data/generated/labels/val/val_000049.txt,val,Sri Lakshmi Swetha Jalluri,5,4,images_OBJ001/OBJ001_054.jpg,4cc0be931c1aff9d76cb40ab5ccdd9ec,OBJ001,Basketball,0,2,3,0,2,672,448,224,448,0,672,224,0.833333,0.250000,0.333333,0.500000
milestone2/data/generated/images/val/val_000049.jpg,milestone2/data/generated/labels/val/val_000049.txt,val,Sri Lakshmi Swetha Jalluri,5,5,images_OBJ022/OBJ022_017.jpeg,2065e1a869f365c30427552dfbfd5a58,OBJ022,Guitar,21,2,3,1,1,672,448,224,224,224,448,448,0.500000,0.750000,0.333333,0.500000
milestone2/data/generated/images/val/val_000050.jpg,milestone2/data/generated/labels/val/val_000050.txt,val,Sri Lakshmi Swetha Jalluri,4,1,images_OBJ026/OBJ026_019.jpg,796f77176c70b8dd149b5f2d9b195251,OBJ026,Red Sox Cap,25,2,2,1,1,448,448,224,224,224,448,448,0.750000,0.750000,0.500000,0.500000
milestone2/data/generated/images/val/val_000050.jpg,milestone2/data/generated/labels/val/val_000050.txt,val,Sri Lakshmi Swetha Jalluri,4,2,images_OBJ032/OBJ032_001.jpg,2bd154deca79a6dbc684e788757b06c0,OBJ032,Sound Card,31,2,2,0,1,448,448,224,224,0,448,224,0.750000,0.250000,0.500000,0.500000
milestone2/data/generated/images/val/val_000050.jpg,milestone2/data/generated/labels/val/val_000050.txt,val,Sri Lakshmi Swetha Jalluri,4,3,images_OBJ003/OBJ003_075.jpg,678fb29e2f539188ed38e82ed6e6e454,OBJ003,NoteBook,2,2,2,1,0,448,448,224,0,224,224,448,0.250000,0.750000,0.500000,0.500000
milestone2/data/generated/images/val/val_000050.jpg,milestone2/data/generated/labels/val/val_000050.txt,val,Sri Lakshmi Swetha Jalluri,4,4,images_OBJ044/OBJ044_058.jpg,a10306c204abc73c31a91dbafc1da40d,OBJ044,Anime Figurine,43,2,2,0,0,448,448,224,0,0,224,224,0.250000,0.250000,0.500000,0.500000
milestone2/data/generated/images/val/val_000051.jpg,milestone2/data/generated/labels/val/val_000051.txt,val,Sri Lakshmi Swetha Jalluri,4,1,images_OBJ031/OBJ031_039.jpg,e2e58412a9847165032167e0b561cd80,OBJ031,UNO card box,30,2,2,1,1,448,448,224,224,224,448,448,0.750000,0.750000,0.500000,0.500000
milestone2/data/generated/images/val/val_000051.jpg,milestone2/data/generated/labels/val/val_000051.txt,val,Sri Lakshmi Swetha Jalluri,4,2,images_OBJ046/OBJ046_027.jpg,c0ecd5355af413229c721a21f4b1d06a,OBJ046,iWatch,45,2,2,1,0,448,448,224,0,224,224,448,0.250000,0.750000,0.500000,0.500000
milestone2/data/generated/images/val/val_000051.jpg,milestone2/data/generated/labels/val/val_000051.txt,val,Sri Lakshmi Swetha Jalluri,4,3,images_OBJ066/OBJ066_089.jpg,aba2f3a1c82f67ca6c97c0c5d85f093b,OBJ066,Hair oil,65,2,2,0,1,448,448,224,224,0,448,224,0.750000,0.250000,0.500000,0.500000
milestone2/data/generated/images/val/val_000051.jpg,milestone2/data/generated/labels/val/val_000051.txt,val,Sri Lakshmi Swetha Jalluri,4,4,images_OBJ036/OBJ036_084.jpg,c05722b2368e8d0565d7f5998110a7c5,OBJ036,Pencil case,35,2,2,0,0,448,448,224,0,0,224,224,0.250000,0.250000,0.500000,0.500000
milestone2/data/generated/images/val/val_000052.jpg,milestone2/data/generated/labels/val/val_000052.txt,val,Sri Lakshmi Swetha Jalluri,3,1,images_OBJ016/OBJ016_094.jpg,20d86646179ffe8bb0bf392c6b525b86,OBJ016,Sandisk Portable SSD,15,2,2,0,1,448,448,224,224,0,448,224,0.750000,0.250000,0.500000,0.500000
milestone2/data/generated/images/val/val_000052.jpg,milestone2/data/generated/labels/val/val_000052.txt,val,Sri Lakshmi Swetha Jalluri,3,2,images_OBJ063/OBJ063_016.jpg,2ec98837ea228c211443537516a37d5a,OBJ063,Measuring Bottle,62,2,2,1,1,448,448,224,224,224,448,448,0.750000,0.750000,0.500000,0.500000
milestone2/data/generated/images/val/val_000052.jpg,milestone2/data/generated/labels/val/val_000052.txt,val,Sri Lakshmi Swetha Jalluri,3,3,images_OBJ018/OBJ018_058.jpg,1661a7851ccc50c704de9e9587d4c1e1,OBJ018,Rubiks cube,17,2,2,1,0,448,448,224,0,224,224,448,0.250000,0.750000,0.500000,0.500000
milestone2/data/generated/images/val/val_000053.jpg,milestone2/data/generated/labels/val/val_000053.txt,val,Sri Lakshmi Swetha Jalluri,5,1,images_OBJ023/OBJ023_059.JPG,469d40a5a2322fb6067e20663c1affa4,OBJ023,Bracelet,22,2,3,0,1,672,448,224,224,0,448,224,0.500000,0.250000,0.333333,0.500000
milestone2/data/generated/images/val/val_000053.jpg,milestone2/data/generated/labels/val/val_000053.txt,val,Sri Lakshmi Swetha Jalluri,5,2,images_OBJ055/OBJ055_081.jpg,c8097d3ec4717f6b7dffafd1bfa99698,OBJ055,Scientific Calculator,54,2,3,0,2,672,448,224,448,0,672,224,0.833333,0.250000,0.333333,0.500000
milestone2/data/generated/images/val/val_000053.jpg,milestone2/data/generated/labels/val/val_000053.txt,val,Sri Lakshmi Swetha Jalluri,5,3,images_OBJ020/OBJ020_054.jpg,a582ff258a400299ad500b2e1b6a0922,OBJ020,Airpod,19,2,3,0,0,672,448,224,0,0,224,224,0.166667,0.250000,0.333333,0.500000
milestone2/data/generated/images/val/val_000053.jpg,milestone2/data/generated/labels/val/val_000053.txt,val,Sri Lakshmi Swetha Jalluri,5,4,images_OBJ015/OBJ015_070.jpg,ac87f518d36acf33b14ffe2934333f42,OBJ015,Water Tumbler,14,2,3,1,0,672,448,224,0,224,224,448,0.166667,0.750000,0.333333,0.500000
milestone2/data/generated/images/val/val_000053.jpg,milestone2/data/generated/labels/val/val_000053.txt,val,Sri Lakshmi Swetha Jalluri,5,5,images_OBJ024/OBJ024_054.jpg,fd533c043da7d694e7f2dea61dff14ab,OBJ024,Plush doll,23,2,3,1,1,672,448,224,224,224,448,448,0.500000,0.750000,0.333333,0.500000
milestone2/data/generated/images/val/val_000054.jpg,milestone2/data/generated/labels/val/val_000054.txt,val,Sri Lakshmi Swetha Jalluri,3,1,images_OBJ002/OBJ002_012.jpg,dbc58aac2a4aa32f49b5dc4cb1bed0aa,OBJ002,Water bottle,1,2,2,0,0,448,448,224,0,0,224,224,0.250000,0.250000,0.500000,0.500000
milestone2/data/generated/images/val/val_000054.jpg,milestone2/data/generated/labels/val/val_000054.txt,val,Sri Lakshmi Swetha Jalluri,3,2,images_OBJ038/OBJ038_009.jpg,c4bfe8d1cfbcf9ead8f4c4d04d229cf4,OBJ038,Perfume bottle,37,2,2,1,1,448,448,224,224,224,448,448,0.750000,0.750000,0.500000,0.500000
milestone2/data/generated/images/val/val_000054.jpg,milestone2/data/generated/labels/val/val_000054.txt,val,Sri Lakshmi Swetha Jalluri,3,3,images_OBJ072/OBJ072_050.jpg,11ea47549b1950806464ba4cdc7f5064,OBJ072,Dog,71,2,2,0,1,448,448,224,224,0,448,224,0.750000,0.250000,0.500000,0.500000
milestone2/data/generated/images/val/val_000055.jpg,milestone2/data/generated/labels/val/val_000055.txt,val,Sri Lakshmi Swetha Jalluri,5,1,images_OBJ005/OBJ005_083.jpg,8ab51c68c9549b8dd2fc89a1e94d74f6,OBJ005,Computer mouse,4,2,3,0,2,672,448,224,448,0,672,224,0.833333,0.250000,0.333333,0.500000
milestone2/data/generated/images/val/val_000055.jpg,milestone2/data/generated/labels/val/val_000055.txt,val,Sri Lakshmi Swetha Jalluri,5,2,images_OBJ020/OBJ020_084.jpg,995c9b0ce1f42ed58f7d10e22633cefe,OBJ020,Airpod,19,2,3,1,1,672,448,224,224,224,448,448,0.500000,0.750000,0.333333,0.500000
milestone2/data/generated/images/val/val_000055.jpg,milestone2/data/generated/labels/val/val_000055.txt,val,Sri Lakshmi Swetha Jalluri,5,3,images_OBJ026/OBJ026_006.jpg,ce6328c24d800173ffa539deaed72897,OBJ026,Red Sox Cap,25,2,3,1,2,672,448,224,448,224,672,448,0.833333,0.750000,0.333333,0.500000
milestone2/data/generated/images/val/val_000055.jpg,milestone2/data/generated/labels/val/val_000055.txt,val,Sri Lakshmi Swetha Jalluri,5,4,images_OBJ039/OBJ039_030.jpg,4aef61c4d9057151df01b1be0bfb195d,OBJ039,Scissors,38,2,3,0,1,672,448,224,224,0,448,224,0.500000,0.250000,0.333333,0.500000
milestone2/data/generated/images/val/val_000055.jpg,milestone2/data/generated/labels/val/val_000055.txt,val,Sri Lakshmi Swetha Jalluri,5,5,images_OBJ030/OBJ030_053.jpg,401b35d7077b53f9d3739d33d49a426b,OBJ030,Tennis racket,29,2,3,1,0,672,448,224,0,224,224,448,0.166667,0.750000,0.333333,0.500000
milestone2/data/generated/images/val/val_000056.jpg,milestone2/data/generated/labels/val/val_000056.txt,val,Sri Lakshmi Swetha Jalluri,5,1,images_OBJ028/OBJ028_086.jpg,3ca5e228e215873fd5705fb728c30f97,OBJ028,Banana,27,2,3,1,2,672,448,224,448,224,672,448,0.833333,0.750000,0.333333,0.500000
milestone2/data/generated/images/val/val_000056.jpg,milestone2/data/generated/labels/val/val_000056.txt,val,Sri Lakshmi Swetha Jalluri,5,2,images_OBJ053/OBJ053_067.jpg,70a26cff53c1b7033ff52084daf9bbaf,OBJ053,Moisturizer,52,2,3,1,1,672,448,224,224,224,448,448,0.500000,0.750000,0.333333,0.500000
milestone2/data/generated/images/val/val_000056.jpg,milestone2/data/generated/labels/val/val_000056.txt,val,Sri Lakshmi Swetha Jalluri,5,3,images_OBJ056/OBJ056_066.jpg,5c802775b13f31a4c07fb57af2607c9b,OBJ056,Trader Joe's Bag,55,2,3,0,0,672,448,224,0,0,224,224,0.166667,0.250000,0.333333,0.500000
milestone2/data/generated/images/val/val_000056.jpg,milestone2/data/generated/labels/val/val_000056.txt,val,Sri Lakshmi Swetha Jalluri,5,4,images_OBJ027/OBJ027_044.jpg,07a27f5a67ea4a86f8a3f970cd037a49,OBJ027,Tennis ball,26,2,3,0,1,672,448,224,224,0,448,224,0.500000,0.250000,0.333333,0.500000
milestone2/data/generated/images/val/val_000056.jpg,milestone2/data/generated/labels/val/val_000056.txt,val,Sri Lakshmi Swetha Jalluri,5,5,images_OBJ054/OBJ054_040.jpg,b58b982a1c468c7d3c43905c376309b2,OBJ054,Purse,53,2,3,1,0,672,448,224,0,224,224,448,0.166667,0.750000,0.333333,0.500000
milestone2/data/generated/images/val/val_000057.jpg,milestone2/data/generated/labels/val/val_000057.txt,val,Sri Lakshmi Swetha Jalluri,4,1,images_OBJ016/OBJ016_009.jpg,b5e42cde8f6f77583c752743d7b808b4,OBJ016,Sandisk Portable SSD,15,2,2,1,1,448,448,224,224,224,448,448,0.750000,0.750000,0.500000,0.500000
milestone2/data/generated/images/val/val_000057.jpg,milestone2/data/generated/labels/val/val_000057.txt,val,Sri Lakshmi Swetha Jalluri,4,2,images_OBJ001/OBJ001_085.jpg,7def083e0793143aaf160c5e3baf142b,OBJ001,Basketball,0,2,2,0,0,448,448,224,0,0,224,224,0.250000,0.250000,0.500000,0.500000
milestone2/data/generated/images/val/val_000057.jpg,milestone2/data/generated/labels/val/val_000057.txt,val,Sri Lakshmi Swetha Jalluri,4,3,images_OBJ051/OBJ051_068.jpg,7ef26da8c6ee3ce8ce8c4b336b82dfa3,OBJ051,Tissue,50,2,2,0,1,448,448,224,224,0,448,224,0.750000,0.250000,0.500000,0.500000
milestone2/data/generated/images/val/val_000057.jpg,milestone2/data/generated/labels/val/val_000057.txt,val,Sri Lakshmi Swetha Jalluri,4,4,images_OBJ014/OBJ014_019.jpeg,60df2583095902124cbdd3af851b8f5f,OBJ014,Sunglasses,13,2,2,1,0,448,448,224,0,224,224,448,0.250000,0.750000,0.500000,0.500000
milestone2/data/generated/images/val/val_000058.jpg,milestone2/data/generated/labels/val/val_000058.txt,val,Sri Lakshmi Swetha Jalluri,4,1,images_OBJ065/OBJ065_028.jpg,61297abb3cca1ee7203cd194f3306c9d,OBJ065,Analog watch,64,2,2,1,0,448,448,224,0,224,224,448,0.250000,0.750000,0.500000,0.500000
milestone2/data/generated/images/val/val_000058.jpg,milestone2/data/generated/labels/val/val_000058.txt,val,Sri Lakshmi Swetha Jalluri,4,2,images_OBJ029/OBJ029_067.jpg,fee633f2b9cc3d3673ddd5be0c5b3c24,OBJ029,Orange,28,2,2,0,1,448,448,224,224,0,448,224,0.750000,0.250000,0.500000,0.500000
milestone2/data/generated/images/val/val_000058.jpg,milestone2/data/generated/labels/val/val_000058.txt,val,Sri Lakshmi Swetha Jalluri,4,3,images_OBJ066/OBJ066_011.jpg,b773057b3babbdec79a64d27c47ef1ce,OBJ066,Hair oil,65,2,2,1,1,448,448,224,224,224,448,448,0.750000,0.750000,0.500000,0.500000
milestone2/data/generated/images/val/val_000058.jpg,milestone2/data/generated/labels/val/val_000058.txt,val,Sri Lakshmi Swetha Jalluri,4,4,images_OBJ036/OBJ036_088.jpg,8cf003d95728352ca895fcee0d88d48c,OBJ036,Pencil case,35,2,2,0,0,448,448,224,0,0,224,224,0.250000,0.250000,0.500000,0.500000
milestone2/data/generated/images/val/val_000059.jpg,milestone2/data/generated/labels/val/val_000059.txt,val,Sri Lakshmi Swetha Jalluri,3,1,images_OBJ021/OBJ021_045.jpg,e4313e6bf9e3ecdc7723da6073092be0,OBJ021,Toy Bunny,20,2,2,0,0,448,448,224,0,0,224,224,0.250000,0.250000,0.500000,0.500000
milestone2/data/generated/images/val/val_000059.jpg,milestone2/data/generated/labels/val/val_000059.txt,val,Sri Lakshmi Swetha Jalluri,3,2,images_OBJ031/OBJ031_012.jpg,817723c4e12c8c6eaf994ad39d39dc2f,OBJ031,UNO card box,30,2,2,1,0,448,448,224,0,224,224,448,0.250000,0.750000,0.500000,0.500000
milestone2/data/generated/images/val/val_000059.jpg,milestone2/data/generated/labels/val/val_000059.txt,val,Sri Lakshmi Swetha Jalluri,3,3,images_OBJ018/OBJ018_041.jpg,930615d136f431ce97be4748e8c7ce2e,OBJ018,Rubiks cube,17,2,2,1,1,448,448,224,224,224,448,448,0.750000,0.750000,0.500000,0.500000
milestone2/data/generated/images/val/val_000060.jpg,milestone2/data/generated/labels/val/val_000060.txt,val,Sri Lakshmi Swetha Jalluri,4,1,images_OBJ061/OBJ061_041.jpg,6fea749f68ae38fa8d35b793c7f4b7ff,OBJ061,Card wallet,60,2,2,0,1,448,448,224,224,0,448,224,0.750000,0.250000,0.500000,0.500000
milestone2/data/generated/images/val/val_000060.jpg,milestone2/data/generated/labels/val/val_000060.txt,val,Sri Lakshmi Swetha Jalluri,4,2,images_OBJ071/OBJ071_036.jpg,34665971354f665ca402d5af11cecd23,OBJ071,Sloth Plushie,70,2,2,1,1,448,448,224,224,224,448,448,0.750000,0.750000,0.500000,0.500000
milestone2/data/generated/images/val/val_000060.jpg,milestone2/data/generated/labels/val/val_000060.txt,val,Sri Lakshmi Swetha Jalluri,4,3,images_OBJ045/OBJ045_074.jpg,23a0093fd20bd9cfd4f614cfe880c4df,OBJ045,Wayfarer Sunglasses,44,2,2,0,0,448,448,224,0,0,224,224,0.250000,0.250000,0.500000,0.500000
milestone2/data/generated/images/val/val_000060.jpg,milestone2/data/generated/labels/val/val_000060.txt,val,Sri Lakshmi Swetha Jalluri,4,4,images_OBJ040/OBJ040_065.JPG,6659305505b6bc0cfcf422eba648082a,OBJ040,Clutcher,39,2,2,1,0,448,448,224,0,224,224,448,0.250000,0.750000,0.500000,0.500000
milestone2/data/generated/images/test/test_000046.jpg,milestone2/data/generated/labels/test/test_000046.txt,test,Sri Lakshmi Swetha Jalluri,3,1,images_OBJ016/OBJ016_056.jpg,92e92a46e94f54d7cb0572afb9a40de2,OBJ016,Sandisk Portable SSD,15,2,2,1,0,448,448,224,0,224,224,448,0.250000,0.750000,0.500000,0.500000
milestone2/data/generated/images/test/test_000046.jpg,milestone2/data/generated/labels/test/test_000046.txt,test,Sri Lakshmi Swetha Jalluri,3,2,images_OBJ062/OBJ062_012.jpg,8d638575da52ec04b3a130fc4edaac68,OBJ062,Headphones,61,2,2,1,1,448,448,224,224,224,448,448,0.750000,0.750000,0.500000,0.500000
milestone2/data/generated/images/test/test_000046.jpg,milestone2/data/generated/labels/test/test_000046.txt,test,Sri Lakshmi Swetha Jalluri,3,3,images_OBJ018/OBJ018_043.jpg,3a1adc0037d34edc806fb9bc00661037,OBJ018,Rubiks cube,17,2,2,0,1,448,448,224,224,0,448,224,0.750000,0.250000,0.500000,0.500000
milestone2/data/generated/images/test/test_000047.jpg,milestone2/data/generated/labels/test/test_000047.txt,test,Sri Lakshmi Swetha Jalluri,4,1,images_OBJ001/OBJ001_076.jpg,08f492146d37db7dea6db8420b83e044,OBJ001,Basketball,0,2,2,0,0,448,448,224,0,0,224,224,0.250000,0.250000,0.500000,0.500000
milestone2/data/generated/images/test/test_000047.jpg,milestone2/data/generated/labels/test/test_000047.txt,test,Sri Lakshmi Swetha Jalluri,4,2,images_OBJ026/OBJ026_041.jpg,5c8a1980fc3f21cf52cf49bf9ff37968,OBJ026,Red Sox Cap,25,2,2,1,1,448,448,224,224,224,448,448,0.750000,0.750000,0.500000,0.500000
milestone2/data/generated/images/test/test_000047.jpg,milestone2/data/generated/labels/test/test_000047.txt,test,Sri Lakshmi Swetha Jalluri,4,3,images_OBJ042/OBJ042_076.jpg,19438663da957d5c1ea8f8b2d2559249,OBJ042,Mouth guard case,41,2,2,0,1,448,448,224,224,0,448,224,0.750000,0.250000,0.500000,0.500000
milestone2/data/generated/images/test/test_000047.jpg,milestone2/data/generated/labels/test/test_000047.txt,test,Sri Lakshmi Swetha Jalluri,4,4,images_OBJ051/OBJ051_053.jpg,b37984f5f512034e0fd3823c0fe658ae,OBJ051,Tissue,50,2,2,1,0,448,448,224,0,224,224,448,0.250000,0.750000,0.500000,0.500000
milestone2/data/generated/images/test/test_000048.jpg,milestone2/data/generated/labels/test/test_000048.txt,test,Sri Lakshmi Swetha Jalluri,5,1,images_OBJ037/OBJ037_001.jpg,0821244af74c3e5ab253ff975265cebe,OBJ037,Candle,36,2,3,1,0,672,448,224,0,224,224,448,0.166667,0.750000,0.333333,0.500000
milestone2/data/generated/images/test/test_000048.jpg,milestone2/data/generated/labels/test/test_000048.txt,test,Sri Lakshmi Swetha Jalluri,5,2,images_OBJ069/OBJ069_090.jpg,41aa62bc3826f81581ea452adbdf1f9f,OBJ069,Knife,68,2,3,0,2,672,448,224,448,0,672,224,0.833333,0.250000,0.333333,0.500000
milestone2/data/generated/images/test/test_000048.jpg,milestone2/data/generated/labels/test/test_000048.txt,test,Sri Lakshmi Swetha Jalluri,5,3,images_OBJ022/OBJ022_090.jpeg,4edbc64d69b0127b3ae3debb43bf25e8,OBJ022,Guitar,21,2,3,1,2,672,448,224,448,224,672,448,0.833333,0.750000,0.333333,0.500000
milestone2/data/generated/images/test/test_000048.jpg,milestone2/data/generated/labels/test/test_000048.txt,test,Sri Lakshmi Swetha Jalluri,5,4,images_OBJ053/OBJ053_032.jpg,a6ec4b3dec3371b5db358c3d6f8a8513,OBJ053,Moisturizer,52,2,3,0,1,672,448,224,224,0,448,224,0.500000,0.250000,0.333333,0.500000
milestone2/data/generated/images/test/test_000048.jpg,milestone2/data/generated/labels/test/test_000048.txt,test,Sri Lakshmi Swetha Jalluri,5,5,images_OBJ061/OBJ061_022.jpg,40d2350f8d34782d5378ea09d0d341bc,OBJ061,Card wallet,60,2,3,0,0,672,448,224,0,0,224,224,0.166667,0.250000,0.333333,0.500000
milestone2/data/generated/images/test/test_000049.jpg,milestone2/data/generated/labels/test/test_000049.txt,test,Sri Lakshmi Swetha Jalluri,4,1,images_OBJ019/OBJ019_050.jpg,4ddb1dd6ad850fe1ae64180070cb2ad9,OBJ019,Plant,18,2,2,0,0,448,448,224,0,0,224,224,0.250000,0.250000,0.500000,0.500000
milestone2/data/generated/images/test/test_000049.jpg,milestone2/data/generated/labels/test/test_000049.txt,test,Sri Lakshmi Swetha Jalluri,4,2,images_OBJ056/OBJ056_078.jpg,0f0f7c61225c22b15a8361fcf627745d,OBJ056,Trader Joe's Bag,55,2,2,1,0,448,448,224,0,224,224,448,0.250000,0.750000,0.500000,0.500000
milestone2/data/generated/images/test/test_000049.jpg,milestone2/data/generated/labels/test/test_000049.txt,test,Sri Lakshmi Swetha Jalluri,4,3,images_OBJ046/OBJ046_058.jpg,6a989f04fef9e1fc8a31084ebf55bdf0,OBJ046,iWatch,45,2,2,0,1,448,448,224,224,0,448,224,0.750000,0.250000,0.500000,0.500000
milestone2/data/generated/images/test/test_000049.jpg,milestone2/data/generated/labels/test/test_000049.txt,test,Sri Lakshmi Swetha Jalluri,4,4,images_OBJ012/OBJ012_062.jpg,bc8fa94f0a2b7d48a38c5260c06304c8,OBJ012,Computer Keyboard,11,2,2,1,1,448,448,224,224,224,448,448,0.750000,0.750000,0.500000,0.500000
milestone2/data/generated/images/test/test_000050.jpg,milestone2/data/generated/labels/test/test_000050.txt,test,Sri Lakshmi Swetha Jalluri,3,1,images_OBJ005/OBJ005_043.jpg,b56e7c019d73cc6764db64c8d8c1a9b6,OBJ005,Computer mouse,4,2,2,1,1,448,448,224,224,224,448,448,0.750000,0.750000,0.500000,0.500000
milestone2/data/generated/images/test/test_000050.jpg,milestone2/data/generated/labels/test/test_000050.txt,test,Sri Lakshmi Swetha Jalluri,3,2,images_OBJ007/OBJ007_023.jpg,cf481741b37c35ab5c09ab58268b629d,OBJ007,Apple,6,2,2,0,0,448,448,224,0,0,224,224,0.250000,0.250000,0.500000,0.500000
milestone2/data/generated/images/test/test_000050.jpg,milestone2/data/generated/labels/test/test_000050.txt,test,Sri Lakshmi Swetha Jalluri,3,3,images_OBJ010/OBJ010_038.jpg,a1a3829891845b6e1b43348c9c9effc4,OBJ010,Nike sneakers,9,2,2,1,0,448,448,224,0,224,224,448,0.250000,0.750000,0.500000,0.500000
milestone2/data/generated/images/test/test_000051.jpg,milestone2/data/generated/labels/test/test_000051.txt,test,Sri Lakshmi Swetha Jalluri,3,1,images_OBJ045/OBJ045_069.jpg,a0cf4877d8e0cee87e1cdfbeb3390f98,OBJ045,Wayfarer Sunglasses,44,2,2,0,0,448,448,224,0,0,224,224,0.250000,0.250000,0.500000,0.500000
milestone2/data/generated/images/test/test_000051.jpg,milestone2/data/generated/labels/test/test_000051.txt,test,Sri Lakshmi Swetha Jalluri,3,2,images_OBJ033/OBJ033_038.jpg,db960de720a7b66f1827f226f44846e3,OBJ033,Duck,32,2,2,1,0,448,448,224,0,224,224,448,0.250000,0.750000,0.500000,0.500000
milestone2/data/generated/images/test/test_000051.jpg,milestone2/data/generated/labels/test/test_000051.txt,test,Sri Lakshmi Swetha Jalluri,3,3,images_OBJ006/OBJ006_006.jpg,568694696c85ccefc4f99f97768c6a7c,OBJ006,Capybara Toy,5,2,2,0,1,448,448,224,224,0,448,224,0.750000,0.250000,0.500000,0.500000
milestone2/data/generated/images/test/test_000052.jpg,milestone2/data/generated/labels/test/test_000052.txt,test,Sri Lakshmi Swetha Jalluri,3,1,images_OBJ015/OBJ015_059.jpg,2fe974a37a8a1366aa4185f2e6068186,OBJ015,Water Tumbler,14,2,2,1,0,448,448,224,0,224,224,448,0.250000,0.750000,0.500000,0.500000
milestone2/data/generated/images/test/test_000052.jpg,milestone2/data/generated/labels/test/test_000052.txt,test,Sri Lakshmi Swetha Jalluri,3,2,images_OBJ064/OBJ064_025.jpg,8221809fc2b63c9e4690e07a0cde1b49,OBJ064,RGB Projector,63,2,2,0,1,448,448,224,224,0,448,224,0.750000,0.250000,0.500000,0.500000
milestone2/data/generated/images/test/test_000052.jpg,milestone2/data/generated/labels/test/test_000052.txt,test,Sri Lakshmi Swetha Jalluri,3,3,images_OBJ065/OBJ065_006.jpg,065ea4364b6ccfb1536b36446ee1de76,OBJ065,Analog watch,64,2,2,1,1,448,448,224,224,224,448,448,0.750000,0.750000,0.500000,0.500000
milestone2/data/generated/images/test/test_000053.jpg,milestone2/data/generated/labels/test/test_000053.txt,test,Sri Lakshmi Swetha Jalluri,5,1,images_OBJ048/OBJ048_042.jpg,4d7dd56339137f45b846aad7129bdb8f,OBJ048,Wireless powerbank,47,2,3,1,1,672,448,224,224,224,448,448,0.500000,0.750000,0.333333,0.500000
milestone2/data/generated/images/test/test_000053.jpg,milestone2/data/generated/labels/test/test_000053.txt,test,Sri Lakshmi Swetha Jalluri,5,2,images_OBJ070/OBJ070_092.jpg,5317fefdedfa6394e1b4ff0afb57920e,OBJ070,Astronaut projector,69,2,3,1,0,672,448,224,0,224,224,448,0.166667,0.750000,0.333333,0.500000
milestone2/data/generated/images/test/test_000053.jpg,milestone2/data/generated/labels/test/test_000053.txt,test,Sri Lakshmi Swetha Jalluri,5,3,images_OBJ036/OBJ036_093.jpg,e6e9567d3a43adef537d6dcc57957330,OBJ036,Pencil case,35,2,3,0,1,672,448,224,224,0,448,224,0.500000,0.250000,0.333333,0.500000
milestone2/data/generated/images/test/test_000053.jpg,milestone2/data/generated/labels/test/test_000053.txt,test,Sri Lakshmi Swetha Jalluri,5,4,images_OBJ071/OBJ071_039.jpg,0cfd823bffba388097eaa953ebc30d59,OBJ071,Sloth Plushie,70,2,3,0,2,672,448,224,448,0,672,224,0.833333,0.250000,0.333333,0.500000
milestone2/data/generated/images/test/test_000053.jpg,milestone2/data/generated/labels/test/test_000053.txt,test,Sri Lakshmi Swetha Jalluri,5,5,images_OBJ021/OBJ021_092.jpg,a1b39af49111d878a0f106df6b27c0fc,OBJ021,Toy Bunny,20,2,3,1,2,672,448,224,448,224,672,448,0.833333,0.750000,0.333333,0.500000
milestone2/data/generated/images/test/test_000054.jpg,milestone2/data/generated/labels/test/test_000054.txt,test,Sri Lakshmi Swetha Jalluri,5,1,images_OBJ023/OBJ023_061.JPG,5ba0576691d2ae5b5a8e5421ee6ce462,OBJ023,Bracelet,22,2,3,0,0,672,448,224,0,0,224,224,0.166667,0.250000,0.333333,0.500000
milestone2/data/generated/images/test/test_000054.jpg,milestone2/data/generated/labels/test/test_000054.txt,test,Sri Lakshmi Swetha Jalluri,5,2,images_OBJ060/OBJ060_37.JPG,7d2421cf898b140ad76f2e6196826ccf,OBJ060,Sleep Mask,59,2,3,1,1,672,448,224,224,224,448,448,0.500000,0.750000,0.333333,0.500000
milestone2/data/generated/images/test/test_000054.jpg,milestone2/data/generated/labels/test/test_000054.txt,test,Sri Lakshmi Swetha Jalluri,5,3,images_OBJ066/OBJ066_073.jpg,ac9b9c09ae9955ebe2b112c2a0d4b96e,OBJ066,Hair oil,65,2,3,0,2,672,448,224,448,0,672,224,0.833333,0.250000,0.333333,0.500000
milestone2/data/generated/images/test/test_000054.jpg,milestone2/data/generated/labels/test/test_000054.txt,test,Sri Lakshmi Swetha Jalluri,5,4,images_OBJ028/OBJ028_088.jpg,7728c20773b952328f99074913ea956b,OBJ028,Banana,27,2,3,1,0,672,448,224,0,224,224,448,0.166667,0.750000,0.333333,0.500000
milestone2/data/generated/images/test/test_000054.jpg,milestone2/data/generated/labels/test/test_000054.txt,test,Sri Lakshmi Swetha Jalluri,5,5,images_OBJ039/OBJ039_047.jpg,c5e08480c3cc4b17eec1ad2bc36fcf0f,OBJ039,Scissors,38,2,3,0,1,672,448,224,224,0,448,224,0.500000,0.250000,0.333333,0.500000
milestone2/data/generated/images/test/test_000055.jpg,milestone2/data/generated/labels/test/test_000055.txt,test,Sri Lakshmi Swetha Jalluri,3,1,images_OBJ044/OBJ044_038.jpg,36f6a2deacc3cd2a86adfa691590d316,OBJ044,Anime Figurine,43,2,2,0,1,448,448,224,224,0,448,224,0.750000,0.250000,0.500000,0.500000
milestone2/data/generated/images/test/test_000055.jpg,milestone2/data/generated/labels/test/test_000055.txt,test,Sri Lakshmi Swetha Jalluri,3,2,images_OBJ068/OBJ068_006.jpg,64e08895bfda89dcf2fc05c27532d0ed,OBJ068,Neck Pillow,67,2,2,1,1,448,448,224,224,224,448,448,0.750000,0.750000,0.500000,0.500000
milestone2/data/generated/images/test/test_000055.jpg,milestone2/data/generated/labels/test/test_000055.txt,test,Sri Lakshmi Swetha Jalluri,3,3,images_OBJ009/OBJ009_060.jpg,76b12071f79cc05ea8d09059969e17e0,OBJ009,Marshall Speaker,8,2,2,0,0,448,448,224,0,0,224,224,0.250000,0.250000,0.500000,0.500000
milestone2/data/generated/images/test/test_000056.jpg,milestone2/data/generated/labels/test/test_000056.txt,test,Sri Lakshmi Swetha Jalluri,3,1,images_OBJ015/OBJ015_085.jpg,0a2ec868132b1997545082d56bb5c039,OBJ015,Water Tumbler,14,2,2,1,1,448,448,224,224,224,448,448,0.750000,0.750000,0.500000,0.500000
milestone2/data/generated/images/test/test_000056.jpg,milestone2/data/generated/labels/test/test_000056.txt,test,Sri Lakshmi Swetha Jalluri,3,2,images_OBJ001/OBJ001_036.jpg,102d750dfc55849c19062ef7af8c8462,OBJ001,Basketball,0,2,2,1,0,448,448,224,0,224,224,448,0.250000,0.750000,0.500000,0.500000
milestone2/data/generated/images/test/test_000056.jpg,milestone2/data/generated/labels/test/test_000056.txt,test,Sri Lakshmi Swetha Jalluri,3,3,images_OBJ035/OBJ035_048.jpg,9002dfa6a4f5def483d05a1b9defb617,OBJ035,Badminton racket,34,2,2,0,0,448,448,224,0,0,224,224,0.250000,0.250000,0.500000,0.500000
milestone2/data/generated/images/test/test_000057.jpg,milestone2/data/generated/labels/test/test_000057.txt,test,Sri Lakshmi Swetha Jalluri,4,1,images_OBJ045/OBJ045_014.jpg,eafe100b94b3cfd58792c9d284351249,OBJ045,Wayfarer Sunglasses,44,2,2,1,1,448,448,224,224,224,448,448,0.750000,0.750000,0.500000,0.500000
milestone2/data/generated/images/test/test_000057.jpg,milestone2/data/generated/labels/test/test_000057.txt,test,Sri Lakshmi Swetha Jalluri,4,2,images_OBJ055/OBJ055_058.jpg,e0794c52b123c4294eceabd893d6bbad,OBJ055,Scientific Calculator,54,2,2,1,0,448,448,224,0,224,224,448,0.250000,0.750000,0.500000,0.500000
milestone2/data/generated/images/test/test_000057.jpg,milestone2/data/generated/labels/test/test_000057.txt,test,Sri Lakshmi Swetha Jalluri,4,3,images_OBJ043/OBJ043_045.jpg,faa74bb66627d15a7c28f64b14801547,OBJ043,Swimming Goggles,42,2,2,0,0,448,448,224,0,0,224,224,0.250000,0.250000,0.500000,0.500000
milestone2/data/generated/images/test/test_000057.jpg,milestone2/data/generated/labels/test/test_000057.txt,test,Sri Lakshmi Swetha Jalluri,4,4,images_OBJ019/OBJ019_072.jpg,08a7a61a1c7604f230ba1e06576acfd5,OBJ019,Plant,18,2,2,0,1,448,448,224,224,0,448,224,0.750000,0.250000,0.500000,0.500000
milestone2/data/generated/images/test/test_000058.jpg,milestone2/data/generated/labels/test/test_000058.txt,test,Sri Lakshmi Swetha Jalluri,4,1,images_OBJ030/OBJ030_049.jpg,a2d5e538656f7091702b5c056f3dc8c6,OBJ030,Tennis racket,29,2,2,1,0,448,448,224,0,224,224,448,0.250000,0.750000,0.500000,0.500000
milestone2/data/generated/images/test/test_000058.jpg,milestone2/data/generated/labels/test/test_000058.txt,test,Sri Lakshmi Swetha Jalluri,4,2,images_OBJ056/OBJ056_045.jpg,b31cfa38b6aa4385bf0d86c791b9c63b,OBJ056,Trader Joe's Bag,55,2,2,0,1,448,448,224,224,0,448,224,0.750000,0.250000,0.500000,0.500000
milestone2/data/generated/images/test/test_000058.jpg,milestone2/data/generated/labels/test/test_000058.txt,test,Sri Lakshmi Swetha Jalluri,4,3,images_OBJ071/OBJ071_009.jpg,b8ed74bd7ca784330cbf2f33ae94454e,OBJ071,Sloth Plushie,70,2,2,1,1,448,448,224,224,224,448,448,0.750000,0.750000,0.500000,0.500000
milestone2/data/generated/images/test/test_000058.jpg,milestone2/data/generated/labels/test/test_000058.txt,test,Sri Lakshmi Swetha Jalluri,4,4,images_OBJ024/OBJ024_041.jpg,a27ec2df73b62785e94969ed4f5685e1,OBJ024,Plush doll,23,2,2,0,0,448,448,224,0,0,224,224,0.250000,0.250000,0.500000,0.500000
milestone2/data/generated/images/test/test_000059.jpg,milestone2/data/generated/labels/test/test_000059.txt,test,Sri Lakshmi Swetha Jalluri,3,1,images_OBJ020/OBJ020_083.jpg,823e4fb43db7a7dfe63139575c39d7de,OBJ020,Airpod,19,2,2,1,0,448,448,224,0,224,224,448,0.250000,0.750000,0.500000,0.500000
milestone2/data/generated/images/test/test_000059.jpg,milestone2/data/generated/labels/test/test_000059.txt,test,Sri Lakshmi Swetha Jalluri,3,2,images_OBJ058/OBJ058_090.jpg,4b6b06d50b89197f1a9ebc3df919a947,OBJ058,Footstool,57,2,2,1,1,448,448,224,224,224,448,448,0.750000,0.750000,0.500000,0.500000
milestone2/data/generated/images/test/test_000059.jpg,milestone2/data/generated/labels/test/test_000059.txt,test,Sri Lakshmi Swetha Jalluri,3,3,images_OBJ004/OBJ004_050.jpg,8f05c91c3481b683e3f5a1166f13ec41,OBJ004,Toy Car,3,2,2,0,1,448,448,224,224,0,448,224,0.750000,0.250000,0.500000,0.500000
milestone2/data/generated/images/test/test_000060.jpg,milestone2/data/generated/labels/test/test_000060.txt,test,Sri Lakshmi Swetha Jalluri,3,1,images_OBJ067/OBJ067_0004.jpg,3d022e4d35101a539d3ece155aa0dc89,OBJ067,Men's Wallet,66,2,2,0,1,448,448,224,224,0,448,224,0.750000,0.250000,0.500000,0.500000
milestone2/data/generated/images/test/test_000060.jpg,milestone2/data/generated/labels/test/test_000060.txt,test,Sri Lakshmi Swetha Jalluri,3,2,images_OBJ006/OBJ006_015.jpg,b0d2bae86663991f6da792067c1a4367,OBJ006,Capybara Toy,5,2,2,1,1,448,448,224,224,224,448,448,0.750000,0.750000,0.500000,0.500000
milestone2/data/generated/images/test/test_000060.jpg,milestone2/data/generated/labels/test/test_000060.txt,test,Sri Lakshmi Swetha Jalluri,3,3,images_OBJ033/OBJ033_042.jpg,f4b3916bb160c425d6aa951b70c9e746,OBJ033,Duck,32,2,2,1,0,448,448,224,0,224,224,448,0.250000,0.750000,0.500000,0.500000
