source_path,object_id,object_name,image_type,extension,md5
images_OBJ001/OBJ001_001.jpg,OBJ001,Basketball,object,.jpg,7fcdbc081db719a7e7a480ff72b6d5c8
images_OBJ001/OBJ001_002.jpg,OBJ001,Basketball,object,.jpg,0a84a41baa8d3646d10cc0956389dc76
images_OBJ001/OBJ001_003.jpg,OBJ001,Basketball,object,.jpg,0cacf496915ec565c116f3a8125f2be0
images_OBJ001/OBJ001_004.jpg,OBJ001,Basketball,object,.jpg,db1249f1fb01b7c8493de0f265ac52b7
images_OBJ001/OBJ001_005.jpg,OBJ001,Basketball,object,.jpg,7c4764312405032fcfd45528d2bdc228
images_OBJ001/OBJ001_006.jpg,OBJ001,Basketball,object,.jpg,deff7b841c9706b3a6fa43d323e8e780
images_OBJ001/OBJ001_007.jpg,OBJ001,Basketball,object,.jpg,32610e32a2cf9a615a7757c72d5c1a96
images_OBJ001/OBJ001_008.jpg,OBJ001,Basketball,object,.jpg,d51644958da78170700df9c65a14be41
images_OBJ001/OBJ001_009.jpg,OBJ001,Basketball,object,.jpg,16e488a2b049c171b53d6cbf688efe6b
images_OBJ001/OBJ001_010.jpg,OBJ001,Basketball,object,.jpg,34901cbf95e63835d9cfd992da987415
images_OBJ001/OBJ001_011.jpg,OBJ001,Basketball,object,.jpg,dc1a954f056694827b4fbec0be49dac7
images_OBJ001/OBJ001_012.jpg,OBJ001,Basketball,object,.jpg,f4582e4bee5910565e50abe78ef44c99
images_OBJ001/OBJ001_013.jpg,OBJ001,Basketball,object,.jpg,710044b761f02cb47a7951d02dc2d901
images_OBJ001/OBJ001_014.jpg,OBJ001,Basketball,object,.jpg,674ca669066b18ea7073abc342a32100
images_OBJ001/OBJ001_015.jpg,OBJ001,Basketball,object,.jpg,278f6fd0959b46bc8b5f98de7bdcb59a
images_OBJ001/OBJ001_016.jpg,OBJ001,Basketball,object,.jpg,e882fd4143c0c7b45a3b0d90898a2f83
images_OBJ001/OBJ001_017.jpg,OBJ001,Basketball,object,.jpg,d3587b4c977cd3947761b74a36fd8c69
images_OBJ001/OBJ001_018.jpg,OBJ001,Basketball,object,.jpg,1d5ddccbbe3cd52a8cee746fb1167ac3
images_OBJ001/OBJ001_019.jpg,OBJ001,Basketball,object,.jpg,344118189c0484166acdc08b04b8123a
images_OBJ001/OBJ001_020.jpg,OBJ001,Basketball,object,.jpg,da5f9ff79ba0f19e7f5c3954c03b8734
images_OBJ001/OBJ001_021.jpg,OBJ001,Basketball,object,.jpg,a5aa1d753f1bed19a11e24c4abf56ea3
images_OBJ001/OBJ001_022.jpg,OBJ001,Basketball,object,.jpg,bbf38df1deea751f9089c5755970b25c
images_OBJ001/OBJ001_023.jpg,OBJ001,Basketball,object,.jpg,95e559cce9a1adfb77a2d31ec6e6d123
images_OBJ001/OBJ001_024.jpg,OBJ001,Basketball,object,.jpg,4f8e03389d986c5e88da8fe8f7ea4972
images_OBJ001/OBJ001_025.jpg,OBJ001,Basketball,object,.jpg,98a6f2beec5a5f54528ab8b969a74ce8
images_OBJ001/OBJ001_026.jpg,OBJ001,Basketball,object,.jpg,683069e36a28aa353b7dfecf78f9c6b6
images_OBJ001/OBJ001_027.jpg,OBJ001,Basketball,object,.jpg,69a7b704a9cf86d2a432508abb905805
images_OBJ001/OBJ001_028.jpg,OBJ001,Basketball,object,.jpg,f855550a56c985643375d95f5198a418
images_OBJ001/OBJ001_029.jpg,OBJ001,Basketball,object,.jpg,7736a23c7d9bb80856455a21da0c05d9
images_OBJ001/OBJ001_030.jpg,OBJ001,Basketball,object,.jpg,fb2ae4619db58fe0a80c3a96de57084a
images_OBJ001/OBJ001_031.jpg,OBJ001,Basketball,object,.jpg,8ab0fd61f5d710af8a609d2be27a7468
images_OBJ001/OBJ001_032.jpg,OBJ001,Basketball,object,.jpg,37df7a3e4185651f53569cb00a623eca
images_OBJ001/OBJ001_033.jpg,OBJ001,Basketball,object,.jpg,a6cafaa7193a6a63c7f1edbd0b249d34
images_OBJ001/OBJ001_034.jpg,OBJ001,Basketball,object,.jpg,c7907c67771f800c3d56f52de6aedcf2
images_OBJ001/OBJ001_035.jpg,OBJ001,Basketball,object,.jpg,88252b332a260d6d08e05c651bf5d562
images_OBJ001/OBJ001_036.jpg,OBJ001,Basketball,object,.jpg,102d750dfc55849c19062ef7af8c8462
images_OBJ001/OBJ001_037.jpg,OBJ001,Basketball,object,.jpg,82a92bfa252699fabc96f3ceff2fd978
images_OBJ001/OBJ001_038.jpg,OBJ001,Basketball,object,.jpg,041c59f57e8ac6bf33653deb2743140c
images_OBJ001/OBJ001_039.jpg,OBJ001,Basketball,object,.jpg,26ce0ecf61cdc312486745c352fea145
images_OBJ001/OBJ001_040.jpg,OBJ001,Basketball,object,.jpg,40b1dad35b66cd08206f75828735acc1
images_OBJ001/OBJ001_041.jpg,OBJ001,Basketball,object,.jpg,14c5a0597e291a8c2edf1cc9a614e1ad
images_OBJ001/OBJ001_042.jpg,OBJ001,Basketball,object,.jpg,6219a0c549b882049bace79b520384aa
images_OBJ001/OBJ001_043.jpg,OBJ001,Basketball,object,.jpg,33b5ced811516d8f4e2670040e5c1762
images_OBJ001/OBJ001_044.jpg,OBJ001,Basketball,object,.jpg,fdeb9d5ef07046494fb6fe399ca3cdfd
images_OBJ001/OBJ001_045.jpg,OBJ001,Basketball,object,.jpg,8112639e72b8cb00d95f6f8291149120
images_OBJ001/OBJ001_046.jpg,OBJ001,Basketball,object,.jpg,a1427e35fbdc0439f3a5f2a18cf55bce
images_OBJ001/OBJ001_047.jpg,OBJ001,Basketball,object,.jpg,5d7bfdead4b66aa897dd2637b88f9c0f
images_OBJ001/OBJ001_048.jpg,OBJ001,Basketball,object,.jpg,958979490d5ed2bc7288d3e8080d3138
images_OBJ001/OBJ001_049.jpg,OBJ001,Basketball,object,.jpg,e97c14ed8a0150a24078bffb73e61e3d
images_OBJ001/OBJ001_050.jpg,OBJ001,Basketball,object,.jpg,e0d0f7493bb4253045173b0fd29b9eff
images_OBJ001/OBJ001_051.jpg,OBJ001,Basketball,object,.jpg,0e61ded829af1e468fec664fa87deda0
images_OBJ001/OBJ001_052.jpg,OBJ001,Basketball,object,.jpg,bf026a361963d33ae910d36e43598d93
images_OBJ001/OBJ001_053.jpg,OBJ001,Basketball,object,.jpg,be974de551b1b900a21b39449a357755
images_OBJ001/OBJ001_054.jpg,OBJ001,Basketball,object,.jpg,4cc0be931c1aff9d76cb40ab5ccdd9ec
images_OBJ001/OBJ001_055.jpg,OBJ001,Basketball,object,.jpg,769370c77a829b782f698f3f94d4aa37
images_OBJ001/OBJ001_056.jpg,OBJ001,Basketball,object,.jpg,d792374a8e5180e339a1093290400b19
images_OBJ001/OBJ001_057.jpg,OBJ001,Basketball,object,.jpg,8abc5e708c38c9777a274ee18de65bd1
images_OBJ001/OBJ001_058.jpg,OBJ001,Basketball,object,.jpg,05b580eb87fd410cd6d0882aadee06c6
images_OBJ001/OBJ001_059.jpg,OBJ001,Basketball,object,.jpg,4c772ec3a62c284738c9c3e5cf7fb6c1
images_OBJ001/OBJ001_060.jpg,OBJ001,Basketball,object,.jpg,59eb3d832b109d21eb9580c2d41b74fa
images_OBJ001/OBJ001_061.jpg,OBJ001,Basketball,object,.jpg,f2db78f53768f83afabdb066f80484d6
images_OBJ001/OBJ001_062.jpg,OBJ001,Basketball,object,.jpg,f890f82631bb8fde175909f0fa76cd79
images_OBJ001/OBJ001_063.jpg,OBJ001,Basketball,object,.jpg,8d2c9bb9c35425aef10d7659636f46a2
images_OBJ001/OBJ001_064.jpg,OBJ001,Basketball,object,.jpg,a2efacf7c3ac3cd6681b0447ef391660
images_OBJ001/OBJ001_065.jpg,OBJ001,Basketball,object,.jpg,7bb9a72e33f5a20464e3989e52f78503
images_OBJ001/OBJ001_066.jpg,OBJ001,Basketball,object,.jpg,30c103a9e8be92c00c89db1a5d2d47fb
images_OBJ001/OBJ001_067.jpg,OBJ001,Basketball,object,.jpg,4a513d8ea6bd189d8974593a77d1607b
images_OBJ001/OBJ001_068.jpg,OBJ001,Basketball,object,.jpg,5ec3d3546bbbd9c08c84195d5504f14e
images_OBJ001/OBJ001_069.jpg,OBJ001,Basketball,object,.jpg,85494eee2c060631a7b73e911f4dcb5c
images_OBJ001/OBJ001_070.jpg,OBJ001,Basketball,object,.jpg,5fff15e873f4e35defb0995267fc8934
images_OBJ001/OBJ001_071.jpg,OBJ001,Basketball,object,.jpg,cfd7a83e5472e69bac713d2c451d3fa8
images_OBJ001/OBJ001_072.jpg,OBJ001,Basketball,object,.jpg,c078286f7375bf8dcde4e22c29ae08be
images_OBJ001/OBJ001_073.jpg,OBJ001,Basketball,object,.jpg,795f6f4f795918ef1fb68431a5d867fe
images_OBJ001/OBJ001_074.jpg,OBJ001,Basketball,object,.jpg,7dbc6871f93efd9c08736af1cfd1a9c2
images_OBJ001/OBJ001_075.jpg,OBJ001,Basketball,object,.jpg,7a9e0507a45bda189168672c6e92ff96
images_OBJ001/OBJ001_076.jpg,OBJ001,Basketball,object,.jpg,08f492146d37db7dea6db8420b83e044
images_OBJ001/OBJ001_077.jpg,OBJ001,Basketball,object,.jpg,5c73dc604b74eb72cf206c151ae01c11
images_OBJ001/OBJ001_078.jpg,OBJ001,Basketball,object,.jpg,d5a180f91a7332ab40d9010ac21c30b1
images_OBJ001/OBJ001_079.jpg,OBJ001,Basketball,object,.jpg,96ad7cd575462611d6f3ac1428b1a357
images_OBJ001/OBJ001_080.jpg,OBJ001,Basketball,object,.jpg,240493b1580b8817501f31884d79b4cd
images_OBJ001/OBJ001_081.jpg,OBJ001,Basketball,object,.jpg,42094dc0a74117b915f559e11055d816
images_OBJ001/OBJ001_082.jpg,OBJ001,Basketball,object,.jpg,b10134d171bdc501979d6650d6fef765
images_OBJ001/OBJ001_083.jpg,OBJ001,Basketball,object,.jpg,51c3ca14f8b7210b4146ea3d15002769
images_OBJ001/OBJ001_084.jpg,OBJ001,Basketball,object,.jpg,0186dac54e6efe139409bb6b837837ac
images_OBJ001/OBJ001_085.jpg,OBJ001,Basketball,object,.jpg,7def083e0793143aaf160c5e3baf142b
images_OBJ001/OBJ001_086.jpg,OBJ001,Basketball,object,.jpg,a8f88c69847e3fb8073ec85aba52e52f
images_OBJ001/OBJ001_087.jpg,OBJ001,Basketball,object,.jpg,87facee8731426ab210189d497a7a33f
images_OBJ001/OBJ001_088.jpg,OBJ001,Basketball,object,.jpg,2b65dfa55bc3a916076052154d691cda
images_OBJ001/OBJ001_089.jpg,OBJ001,Basketball,object,.jpg,9575094db82409f393c710af6d4a10ba
images_OBJ001/OBJ001_090.jpg,OBJ001,Basketball,object,.jpg,bbb8735c04c8f18789beebc64dc80709
images_OBJ001/OBJ001_091.jpg,OBJ001,Basketball,object,.jpg,f1e0a809675e6d9f4a61df4fbb53e12e
images_OBJ001/OBJ001_092.jpg,OBJ001,Basketball,object,.jpg,167557e61ebfb468a9d62e2ff9810394
images_OBJ001/OBJ001_093.jpg,OBJ001,Basketball,object,.jpg,6fa06d9a7b4d3f97f7b1ec16944b3443
images_OBJ001/OBJ001_094.jpg,OBJ001,Basketball,object,.jpg,b98aa1a05089caeb7efec033943c57af
images_OBJ001/OBJ001_095.jpg,OBJ001,Basketball,object,.jpg,b4bf9281264f287b3660f111b1655d0c
images_OBJ001/OBJ001_bg_001.jpg,OBJ001,Basketball,background,.jpg,23ee1be80bb9d2037299346524e8b661
images_OBJ001/OBJ001_bg_002.jpg,OBJ001,Basketball,background,.jpg,9a90139865d869200d5469b9a7f1d09b
images_OBJ001/OBJ001_bg_003.jpg,OBJ001,Basketball,background,.jpg,7902f0e2b4fd51c4a286a12915d746dc
images_OBJ001/OBJ001_bg_004.jpg,OBJ001,Basketball,background,.jpg,8d95ad7516e9854713458d250c82f49f
images_OBJ001/OBJ001_bg_005.jpg,OBJ001,Basketball,background,.jpg,2389a84c4f9b02b42de0700b0503d7a9
images_OBJ002/OBJ002_001.jpg,OBJ002,Water bottle,object,.jpg,56dbd5dda86393629333e68820378859
images_OBJ002/OBJ002_002.jpg,OBJ002,Water bottle,object,.jpg,d57cc1b45ff334181db6f98a16235f83
images_OBJ002/OBJ002_003.jpg,OBJ002,Water bottle,object,.jpg,1397e496c46ef6d3c03f051636eb5b19
images_OBJ002/OBJ002_004.jpg,OBJ002,Water bottle,object,.jpg,d418e704fe358363cd8e2d61a86ce3f6
images_OBJ002/OBJ002_005.jpg,OBJ002,Water bottle,object,.jpg,64b59353c1522f1e5a099fd189de46ad
images_OBJ002/OBJ002_006.jpg,OBJ002,Water bottle,object,.jpg,3950e132175344f5e85b70ebb25e7409
images_OBJ002/OBJ002_007.jpg,OBJ002,Water bottle,object,.jpg,cf81b6e7ecdba41fd02f7e4a1f2f23f6
images_OBJ002/OBJ002_008.jpg,OBJ002,Water bottle,object,.jpg,555285cd833a3bc812d402b3d2f4286c
images_OBJ002/OBJ002_009.jpg,OBJ002,Water bottle,object,.jpg,7b04c0ede3249f3b60fd107d3b775a68
images_OBJ002/OBJ002_010.jpg,OBJ002,Water bottle,object,.jpg,0f7bb0eae73154cc0d9b9aaa84e81a2b
images_OBJ002/OBJ002_011.jpg,OBJ002,Water bottle,object,.jpg,15dfd145cecb9eb882b5d2723e42652f
images_OBJ002/OBJ002_012.jpg,OBJ002,Water bottle,object,.jpg,dbc58aac2a4aa32f49b5dc4cb1bed0aa
images_OBJ002/OBJ002_013.jpg,OBJ002,Water bottle,object,.jpg,18a7990dcf15a1ab9d41ff5ff70a4764
images_OBJ002/OBJ002_014.jpg,OBJ002,Water bottle,object,.jpg,1af77a50ae1cfa74087de850a5ef316f
images_OBJ002/OBJ002_015.jpg,OBJ002,Water bottle,object,.jpg,a42eaa46639c7ea003103e7de923b49e
images_OBJ002/OBJ002_016.jpg,OBJ002,Water bottle,object,.jpg,59adfaff6e88690e2f48b61d7a93ee8e
images_OBJ002/OBJ002_017.jpg,OBJ002,Water bottle,object,.jpg,eb9552efe2d5fa663377e23603956772
images_OBJ002/OBJ002_018.jpg,OBJ002,Water bottle,object,.jpg,d9dd76ec314dd28ceb0d89dd41d9d8b7
images_OBJ002/OBJ002_019.jpg,OBJ002,Water bottle,object,.jpg,3d7c858fc0885b3b140d1c8514341de7
images_OBJ002/OBJ002_020.jpg,OBJ002,Water bottle,object,.jpg,2180cc836a571227570fe082694ad10f
images_OBJ002/OBJ002_021.jpg,OBJ002,Water bottle,object,.jpg,43bbe80294460e81c4ede111700e53b2
images_OBJ002/OBJ002_022.jpg,OBJ002,Water bottle,object,.jpg,df9cb611e71d0ab38a1c42d74bc2f510
images_OBJ002/OBJ002_023.jpg,OBJ002,Water bottle,object,.jpg,f9b7744e9dc45776fad19cc2ff70e321
images_OBJ002/OBJ002_024.jpg,OBJ002,Water bottle,object,.jpg,811f3c11b20fd74a74f727bb3a745d8e
images_OBJ002/OBJ002_025.jpg,OBJ002,Water bottle,object,.jpg,d3f27a01c0b457579486b933f8807758
images_OBJ002/OBJ002_026.jpg,OBJ002,Water bottle,object,.jpg,f36243bc5256f92f9bdab9110b199d2b
images_OBJ002/OBJ002_027.jpg,OBJ002,Water bottle,object,.jpg,074353c9810924831db9dc62456c724d
images_OBJ002/OBJ002_028.jpg,OBJ002,Water bottle,object,.jpg,212e619c9a97dd966dd2993b53a16789
images_OBJ002/OBJ002_029.jpg,OBJ002,Water bottle,object,.jpg,a2f5e08aa9aed8507d6b9164154e5868
images_OBJ002/OBJ002_030.jpg,OBJ002,Water bottle,object,.jpg,0254c0032ad9e2c246fa8bfcc57e1625
images_OBJ002/OBJ002_031.jpg,OBJ002,Water bottle,object,.jpg,2ba2c399c5376de8a9406b41837c2cf9
images_OBJ002/OBJ002_032.jpg,OBJ002,Water bottle,object,.jpg,010b8c5d9bb4d60f50026ec05aaaa0b5
images_OBJ002/OBJ002_033.jpg,OBJ002,Water bottle,object,.jpg,7061ef22309b788d26eca955cad227d4
images_OBJ002/OBJ002_034.jpg,OBJ002,Water bottle,object,.jpg,7535798ecce639606f82640da1880a30
images_OBJ002/OBJ002_035.jpg,OBJ002,Water bottle,object,.jpg,a3eefad590710c2b5cd3bb1c2514b26c
images_OBJ002/OBJ002_036.jpg,OBJ002,Water bottle,object,.jpg,342caf6412c0384d234d00ecf7f7072e
images_OBJ002/OBJ002_037.jpg,OBJ002,Water bottle,object,.jpg,2bf37d8e7ed8636b59b2b729db99427e
images_OBJ002/OBJ002_038.jpg,OBJ002,Water bottle,object,.jpg,12683e84e30a04285e39b8026c02331f
images_OBJ002/OBJ002_039.jpg,OBJ002,Water bottle,object,.jpg,e27c0f7e255b42d9c7db6753db27555f
images_OBJ002/OBJ002_040.jpg,OBJ002,Water bottle,object,.jpg,a4e7c7e7cb87a4def7762c33bd3d7e30
images_OBJ002/OBJ002_041.jpg,OBJ002,Water bottle,object,.jpg,e70ccd5fdbc6197ed17b729b4bfd8a7d
images_OBJ002/OBJ002_042.jpg,OBJ002,Water bottle,object,.jpg,991691f57a4a642b189d953b5b7b705c
images_OBJ002/OBJ002_043.jpg,OBJ002,Water bottle,object,.jpg,84ccd4f20ae4c05118e558b5a7e9041a
images_OBJ002/OBJ002_044.jpg,OBJ002,Water bottle,object,.jpg,2b42907ef4b8ae0a995a00a82fcdaeef
images_OBJ002/OBJ002_045.jpg,OBJ002,Water bottle,object,.jpg,b67395c8b856d43281bc56848e6cd444
images_OBJ002/OBJ002_046.jpg,OBJ002,Water bottle,object,.jpg,5c80fed227e8c9902ab21e72c9b08318
images_OBJ002/OBJ002_047.jpg,OBJ002,Water bottle,object,.jpg,63c57493a303ba2094ec03362dd66221
images_OBJ002/OBJ002_048.jpg,OBJ002,Water bottle,object,.jpg,5ace4dfcc65f6445a216ac69e37fbbde
images_OBJ002/OBJ002_049.jpg,OBJ002,Water bottle,object,.jpg,9757615eea5ffd33782576978041a1fa
images_OBJ002/OBJ002_050.jpg,OBJ002,Water bottle,object,.jpg,0a1b4816943c87cfe128f2d1f10c1d57
images_OBJ002/OBJ002_051.jpg,OBJ002,Water bottle,object,.jpg,95737f673a2fde2cdc8a6bfa44d6695d
images_OBJ002/OBJ002_052.jpg,OBJ002,Water bottle,object,.jpg,cf66ced94277d7ca10518a6df24b68ce
images_OBJ002/OBJ002_053.jpg,OBJ002,Water bottle,object,.jpg,a484de7afcf5139eb95b34f79e9f5afd
images_OBJ002/OBJ002_054.jpg,OBJ002,Water bottle,object,.jpg,eac219ea34d739c9f98294212299505d
images_OBJ002/OBJ002_055.jpg,OBJ002,Water bottle,object,.jpg,ad2361725b91385c02ad0b916decfe17
images_OBJ002/OBJ002_056.jpg,OBJ002,Water bottle,object,.jpg,7d5fbb33b02cbb56d089d87b20fcf1f3
images_OBJ002/OBJ002_057.jpg,OBJ002,Water bottle,object,.jpg,8d13784c305e5bfab4ff6adce9274c4e
images_OBJ002/OBJ002_058.jpg,OBJ002,Water bottle,object,.jpg,0102d406d2327542b3d281678afd5a47
images_OBJ002/OBJ002_059.jpg,OBJ002,Water bottle,object,.jpg,2ec855ff95180166729fac75a1fdb7cc
images_OBJ002/OBJ002_060.jpg,OBJ002,Water bottle,object,.jpg,cda7448bfc8c5ccb19f9893fb9fdbaf5
images_OBJ002/OBJ002_061.jpg,OBJ002,Water bottle,object,.jpg,5735b71a68045de595a2787774e2a23d
images_OBJ002/OBJ002_062.jpg,OBJ002,Water bottle,object,.jpg,f9c3b96714e4e3d6119d6a8d1efa6e82
images_OBJ002/OBJ002_063.jpg,OBJ002,Water bottle,object,.jpg,da3ad89a3e73387a539180f7e9760e31
images_OBJ002/OBJ002_064.jpg,OBJ002,Water bottle,object,.jpg,b2e4393412d834afdf4a3a1d04528514
images_OBJ002/OBJ002_065.jpg,OBJ002,Water bottle,object,.jpg,b335a3f91fb7276cf5f410b62359fa01
images_OBJ002/OBJ002_066.jpg,OBJ002,Water bottle,object,.jpg,016658bc03516793c0cb056df281b206
images_OBJ002/OBJ002_067.jpg,OBJ002,Water bottle,object,.jpg,c1c03578d2ebdaa3e2e7e2d59b9ea56b
images_OBJ002/OBJ002_068.jpg,OBJ002,Water bottle,object,.jpg,2c3f1547697ed4408ff0a8ad9b450e97
images_OBJ002/OBJ002_069.jpg,OBJ002,Water bottle,object,.jpg,b0b9109681adf69a7c9650f7c713cd85
images_OBJ002/OBJ002_070.jpg,OBJ002,Water bottle,object,.jpg,89f5eb2230e9e79bf4cc9ec9bd03fe35
images_OBJ002/OBJ002_071.jpg,OBJ002,Water bottle,object,.jpg,d91c0c21e4044457f1f0b7edb2196b76
images_OBJ002/OBJ002_072.jpg,OBJ002,Water bottle,object,.jpg,ae4ea7d1ecf5412b327ce19866700d26
images_OBJ002/OBJ002_073.jpg,OBJ002,Water bottle,object,.jpg,e5b474ed944b96ab9f729dce5420b0a7
images_OBJ002/OBJ002_074.jpg,OBJ002,Water bottle,object,.jpg,e77158ee278609c7866f6ea3f5563cfa
images_OBJ002/OBJ002_075.jpg,OBJ002,Water bottle,object,.jpg,79faa99b1e0fa5b848b0d134e60c8cc4
images_OBJ002/OBJ002_076.jpg,OBJ002,Water bottle,object,.jpg,a7dc6839142bce765f74af45a3d2a76e
images_OBJ002/OBJ002_077.jpg,OBJ002,Water bottle,object,.jpg,4510c9d777909307a8bee237ba9de897
images_OBJ002/OBJ002_078.jpg,OBJ002,Water bottle,object,.jpg,c264bcb361ecfd8996a0ce769e6c4b5c
images_OBJ002/OBJ002_079.jpg,OBJ002,Water bottle,object,.jpg,18216ffb60273604bd0a8e5c01e6645e
images_OBJ002/OBJ002_080.jpg,OBJ002,Water bottle,object,.jpg,3af7b4e38060b8554fe555c08b7f0b2a
images_OBJ002/OBJ002_081.jpg,OBJ002,Water bottle,object,.jpg,7e1398df70a4d0c2ca9365a3744e2ba2
images_OBJ002/OBJ002_082.jpg,OBJ002,Water bottle,object,.jpg,3d9b6367230203e1500ade2a9abe6980
images_OBJ002/OBJ002_083.jpg,OBJ002,Water bottle,object,.jpg,5e24e78808cbded8a0de8d5d112ca3bb
images_OBJ002/OBJ002_084.jpg,OBJ002,Water bottle,object,.jpg,57d65d77778a97355aa908367dcc6ada
images_OBJ002/OBJ002_085.jpg,OBJ002,Water bottle,object,.jpg,95e216d97791ab8a2d515e8e5eebe71d
images_OBJ002/OBJ002_086.jpg,OBJ002,Water bottle,object,.jpg,7561a6b22e2e2635861111a9203dc8d9
images_OBJ002/OBJ002_087.jpg,OBJ002,Water bottle,object,.jpg,e7581534c1dc67e7494c83da167be23a
images_OBJ002/OBJ002_088.jpg,OBJ002,Water bottle,object,.jpg,5c88378ce0f25bde7dea6014cc4c5ba2
images_OBJ002/OBJ002_089.jpg,OBJ002,Water bottle,object,.jpg,a639307a0afa40889fd7e6b916b2c269
images_OBJ002/OBJ002_090.jpg,OBJ002,Water bottle,object,.jpg,239972cf5ed5b5a6e5ce9365339d6670
images_OBJ002/OBJ002_091.jpg,OBJ002,Water bottle,object,.jpg,d69b3709356fc26c13fad085a4fa438e
images_OBJ002/OBJ002_092.jpg,OBJ002,Water bottle,object,.jpg,5231c2dce63cf1ef52bbb6d438c2e9e0
images_OBJ002/OBJ002_093.jpg,OBJ002,Water bottle,object,.jpg,4499bf488c9175567e129c110781cf1c
images_OBJ002/OBJ002_094.jpg,OBJ002,Water bottle,object,.jpg,81b1f2ef99072c55c534ed11903094c7
images_OBJ002/OBJ002_095.jpg,OBJ002,Water bottle,object,.jpg,9648ccfc2e700a256f7e8b481c5bdbfa
images_OBJ002/OBJ002_bg_001.jpg,OBJ002,Water bottle,background,.jpg,66bf7031ebb21bce6cf3f6b5ab3435d0
images_OBJ002/OBJ002_bg_002.jpg,OBJ002,Water bottle,background,.jpg,ff3a553eafd4ba27b68d4b549c205b19
images_OBJ002/OBJ002_bg_003.jpg,OBJ002,Water bottle,background,.jpg,eb8006d1ccf293c4669b1ec6e97d02e6
images_OBJ002/OBJ002_bg_004.jpg,OBJ002,Water bottle,background,.jpg,eb8006d1ccf293c4669b1ec6e97d02e6
images_OBJ002/OBJ002_bg_005.jpg,OBJ002,Water bottle,background,.jpg,fe683036aefa6bbb4e910016193dc7d8
images_OBJ003/OBJ003_001.jpg,OBJ003,NoteBook,object,.jpg,8b5f208fc726f6a52cbfdcfc9af3e0eb
images_OBJ003/OBJ003_002.jpg,OBJ003,NoteBook,object,.jpg,53d083ce7e9ba17f82378f888bee1ca7
images_OBJ003/OBJ003_003.jpg,OBJ003,NoteBook,object,.jpg,0f0152577f4ea6295a982d807bdecef1
images_OBJ003/OBJ003_004.jpg,OBJ003,NoteBook,object,.jpg,83e17ac82ce458ecb2db22ba790bea89
images_OBJ003/OBJ003_005.jpg,OBJ003,NoteBook,object,.jpg,fdb92c4d22bc279c221399cf32398d81
images_OBJ003/OBJ003_006.jpg,OBJ003,NoteBook,object,.jpg,ef7e0d4f889eb41887b511c570171293
images_OBJ003/OBJ003_007.jpg,OBJ003,NoteBook,object,.jpg,bfa6cce8a06fbfcb7175165f5a154306
images_OBJ003/OBJ003_008.jpg,OBJ003,NoteBook,object,.jpg,ab1db95ef2392518de8d3f4c5fefc316
images_OBJ003/OBJ003_009.jpg,OBJ003,NoteBook,object,.jpg,99916b51b5c2fac8e03c07c975370a4a
images_OBJ003/OBJ003_010.jpg,OBJ003,NoteBook,object,.jpg,93cbd8eea2bb1fc96c12d9a420c645b3
images_OBJ003/OBJ003_011.jpg,OBJ003,NoteBook,object,.jpg,8078a0b6544b03661e6ca6b1a6aad383
images_OBJ003/OBJ003_012.jpg,OBJ003,NoteBook,object,.jpg,fedd86df6d2cdc6ca821333e94409fa7
images_OBJ003/OBJ003_013.jpg,OBJ003,NoteBook,object,.jpg,5165c4d26d51bc0021e7e823845dd265
images_OBJ003/OBJ003_014.jpg,OBJ003,NoteBook,object,.jpg,811e12fd461079ad7fa98da0ad310519
images_OBJ003/OBJ003_015.jpg,OBJ003,NoteBook,object,.jpg,abc75169bc7cf90800c5176f778890c0
images_OBJ003/OBJ003_016.jpg,OBJ003,NoteBook,object,.jpg,feb74d51b63df802d8cfdabea9ba9ea9
images_OBJ003/OBJ003_017.jpg,OBJ003,NoteBook,object,.jpg,3cb07490a9728457928ee119d0ce82ce
images_OBJ003/OBJ003_018.jpg,OBJ003,NoteBook,object,.jpg,29139e4bf132ca53e552d6b2dabbae92
images_OBJ003/OBJ003_019.jpg,OBJ003,NoteBook,object,.jpg,63af85ad566e56b284914fe45ead426f
images_OBJ003/OBJ003_020.jpg,OBJ003,NoteBook,object,.jpg,7047a01a9daf78fc4762b2e9425b35aa
images_OBJ003/OBJ003_021.jpg,OBJ003,NoteBook,object,.jpg,cdcfeaf26d796c85e91e635e5628ef44
images_OBJ003/OBJ003_022.jpg,OBJ003,NoteBook,object,.jpg,dc70a3288a7e6be687103f44f834dfda
images_OBJ003/OBJ003_023.jpg,OBJ003,NoteBook,object,.jpg,aa17c00bdcdb6bc1ecc032ffd4b50995
images_OBJ003/OBJ003_024.jpg,OBJ003,NoteBook,object,.jpg,c5b1639c9d82f724f9ccbd5b14ad0ca1
images_OBJ003/OBJ003_025.jpg,OBJ003,NoteBook,object,.jpg,a723f26dd8556ecad0c9111c0eee6252
images_OBJ003/OBJ003_026.jpg,OBJ003,NoteBook,object,.jpg,85debea96379ae12c7e71412e43d855c
images_OBJ003/OBJ003_027.jpg,OBJ003,NoteBook,object,.jpg,44154871d7089ae50ba278e1318c7233
images_OBJ003/OBJ003_028.jpg,OBJ003,NoteBook,object,.jpg,930a65f1604c6061183d250999d38558
images_OBJ003/OBJ003_029.jpg,OBJ003,NoteBook,object,.jpg,de70ce00daf1069c818fdee42ed27913
images_OBJ003/OBJ003_030.jpg,OBJ003,NoteBook,object,.jpg,7dcf46804345def533d3dede85389cb3
images_OBJ003/OBJ003_031.jpg,OBJ003,NoteBook,object,.jpg,21e1ba2a3735533da3ce451542f286a1
images_OBJ003/OBJ003_032.jpg,OBJ003,NoteBook,object,.jpg,6139bbc5cf33bf45c3cd0238ec53b636
images_OBJ003/OBJ003_033.jpg,OBJ003,NoteBook,object,.jpg,579b08d665173ff8f27561eebbea9039
images_OBJ003/OBJ003_034.jpg,OBJ003,NoteBook,object,.jpg,0ea6708b60d43dbfab411b736dc8782d
images_OBJ003/OBJ003_035.jpg,OBJ003,NoteBook,object,.jpg,2c1c24000e6a8dbebc7de06ec017ba55
images_OBJ003/OBJ003_036.jpg,OBJ003,NoteBook,object,.jpg,fc615928418c2d2cd15d1b2294e85de5
images_OBJ003/OBJ003_037.jpg,OBJ003,NoteBook,object,.jpg,e8f6d29f1bf24f15ac29021159bc1556
images_OBJ003/OBJ003_038.jpg,OBJ003,NoteBook,object,.jpg,1f84ef339accd36507e69b956308b860
images_OBJ003/OBJ003_039.jpg,OBJ003,NoteBook,object,.jpg,47d10b0d790e8779cb218e8ce60fd6db
images_OBJ003/OBJ003_040.jpg,OBJ003,NoteBook,object,.jpg,1f22892a3c57014617dec9beaa632552
images_OBJ003/OBJ003_041.jpg,OBJ003,NoteBook,object,.jpg,cb608b48cea07ff83f600afb5a61383f
images_OBJ003/OBJ003_042.jpg,OBJ003,NoteBook,object,.jpg,b99c5afbab57e279e1a33fa6201d277e
images_OBJ003/OBJ003_043.jpg,OBJ003,NoteBook,object,.jpg,e1c1f1e2aa2980be018c135c45179050
images_OBJ003/OBJ003_044.jpg,OBJ003,NoteBook,object,.jpg,fda9ff94a796a28f36f0b2738391cb48
images_OBJ003/OBJ003_045.jpg,OBJ003,NoteBook,object,.jpg,1dadd9b56fa22133e64eb3ce9cec6941
images_OBJ003/OBJ003_046.jpg,OBJ003,NoteBook,object,.jpg,128950f28c989837350d69e9e7364648
images_OBJ003/OBJ003_047.jpg,OBJ003,NoteBook,object,.jpg,466e03d9599520038771e85aa9ab8405
images_OBJ003/OBJ003_048.jpg,OBJ003,NoteBook,object,.jpg,1bf3cf0f549f943e451cd77756808a28
images_OBJ003/OBJ003_049.jpg,OBJ003,NoteBook,object,.jpg,3550da22bb963d237d237ae6b0362304
images_OBJ003/OBJ003_050.jpg,OBJ003,NoteBook,object,.jpg,10d43b8670dd1a158171b0647a596a81
images_OBJ003/OBJ003_051.jpg,OBJ003,NoteBook,object,.jpg,dba2cf1fccd5a452087480d6433b1e09
images_OBJ003/OBJ003_052.jpg,OBJ003,NoteBook,object,.jpg,6ebd48c3bdefcf1ba4797f1ed39a4289
images_OBJ003/OBJ003_053.jpg,OBJ003,NoteBook,object,.jpg,7014d90eff21958828f564d9f12c406c
images_OBJ003/OBJ003_054.jpg,OBJ003,NoteBook,object,.jpg,9ce3da6e48560e5c5d24e42d58601c0d
images_OBJ003/OBJ003_055.jpg,OBJ003,NoteBook,object,.jpg,9f7c8f2409bfbc55dd41a616477def2a
images_OBJ003/OBJ003_056.jpg,OBJ003,NoteBook,object,.jpg,7517d2c3793d22a851e98e1a62601bf5
images_OBJ003/OBJ003_057.jpg,OBJ003,NoteBook,object,.jpg,ceeb78a1cc375e808d20e8f6f36a7323
images_OBJ003/OBJ003_058.jpg,OBJ003,NoteBook,object,.jpg,93efb181f04dbca63976907f8cc5857d
images_OBJ003/OBJ003_059.jpg,OBJ003,NoteBook,object,.jpg,12e5ddbae45629831213ef4451f3ca6d
images_OBJ003/OBJ003_060.jpg,OBJ003,NoteBook,object,.jpg,8ef620fde0a8275e4777e73f00e68978
images_OBJ003/OBJ003_061.jpg,OBJ003,NoteBook,object,.jpg,d4ed8476eada7d57b34b8bf7783cea47
images_OBJ003/OBJ003_062.jpg,OBJ003,NoteBook,object,.jpg,e243f20b2f237855026a73256dcc270f
images_OBJ003/OBJ003_063.jpg,OBJ003,NoteBook,object,.jpg,8dbbb2aec4e6bc0137b3f762d2f85a78
images_OBJ003/OBJ003_064.jpg,OBJ003,NoteBook,object,.jpg,675273093f275d544986c09a9425d131
images_OBJ003/OBJ003_065.jpg,OBJ003,NoteBook,object,.jpg,45bf9c6926bdae70a51ba013aae0bd71
images_OBJ003/OBJ003_066.jpg,OBJ003,NoteBook,object,.jpg,e1d2bf68101746e09117d7ef5f9e478b
images_OBJ003/OBJ003_067.jpg,OBJ003,NoteBook,object,.jpg,b344d0fb38a6c131bb76bf0e660a6f40
images_OBJ003/OBJ003_068.jpg,OBJ003,NoteBook,object,.jpg,782f0b9ef7829cfd77b6803d10fb58ed
images_OBJ003/OBJ003_069.jpg,OBJ003,NoteBook,object,.jpg,1d5be7051b7ba186d64c6512ab5f4549
images_OBJ003/OBJ003_070.jpg,OBJ003,NoteBook,object,.jpg,ff5c5635352d4fec35d7fafb34489acb
images_OBJ003/OBJ003_071.jpg,OBJ003,NoteBook,object,.jpg,975d5f224b26cd43c291c05ac2b7d29e
images_OBJ003/OBJ003_072.jpg,OBJ003,NoteBook,object,.jpg,67cef45a676f50f44f6d4ff46baaec6b
images_OBJ003/OBJ003_073.jpg,OBJ003,NoteBook,object,.jpg,d28827d74d7b274c6fc45b4b00e19bed
images_OBJ003/OBJ003_074.jpg,OBJ003,NoteBook,object,.jpg,19f965a3fe247dc8c5143b9a3a88b22b
images_OBJ003/OBJ003_075.jpg,OBJ003,NoteBook,object,.jpg,678fb29e2f539188ed38e82ed6e6e454
images_OBJ003/OBJ003_076.jpg,OBJ003,NoteBook,object,.jpg,b61b27eecd4a241f581615f7d9bd6838
images_OBJ003/OBJ003_077.jpg,OBJ003,NoteBook,object,.jpg,2e2388968f384add6d2d1d9af2f50921
images_OBJ003/OBJ003_078.jpg,OBJ003,NoteBook,object,.jpg,16fceb93a0320247e9ba659861e207e6
images_OBJ003/OBJ003_079.jpg,OBJ003,NoteBook,object,.jpg,ad24a72429df438312c87723156f5b42
images_OBJ003/OBJ003_080.jpg,OBJ003,NoteBook,object,.jpg,3ec638df0c00a16d63381e724cea747b
images_OBJ003/OBJ003_081.jpg,OBJ003,NoteBook,object,.jpg,861571ba4f46ffe193a09658f1735182
images_OBJ003/OBJ003_082.jpg,OBJ003,NoteBook,object,.jpg,3374dddfe15889e39b066db4af3e377c
images_OBJ003/OBJ003_083.jpg,OBJ003,NoteBook,object,.jpg,b7dc1723c6ea5c3731830aea1ebdc01c
images_OBJ003/OBJ003_084.jpg,OBJ003,NoteBook,object,.jpg,ff40000ebecc1d33be249cfb5bd09acd
images_OBJ003/OBJ003_085.jpg,OBJ003,NoteBook,object,.jpg,5f4591fa34756e17335145249e16e3ba
images_OBJ003/OBJ003_086.jpg,OBJ003,NoteBook,object,.jpg,156fadb7e4a6a34338972ed99b2b87e2
images_OBJ003/OBJ003_087.jpg,OBJ003,NoteBook,object,.jpg,f982ef886ceaf2c087fa6eb05992f7bc
images_OBJ003/OBJ003_088.jpg,OBJ003,NoteBook,object,.jpg,b78d6e0fada2e313011ae7962e6ab73e
images_OBJ003/OBJ003_089.jpg,OBJ003,NoteBook,object,.jpg,b6175839fd80c550ad25a1586b2a8c7f
images_OBJ003/OBJ003_090.jpg,OBJ003,NoteBook,object,.jpg,6f002ac80c133df7ab1be6e09e120cd7
images_OBJ003/OBJ003_091.jpg,OBJ003,NoteBook,object,.jpg,035d20f5946c958d35aa3f38cd5a5a21
images_OBJ003/OBJ003_092.jpg,OBJ003,NoteBook,object,.jpg,c8662e647e4ec879a57f98d7a423c128
images_OBJ003/OBJ003_093.jpg,OBJ003,NoteBook,object,.jpg,d25322512721b027fb1ec519452220b7
images_OBJ003/OBJ003_094.jpg,OBJ003,NoteBook,object,.jpg,c33f0b32de9905f483b211001b65a60a
images_OBJ003/OBJ003_095.jpg,OBJ003,NoteBook,object,.jpg,e898bb09ee6d520cec32ea43a6ef1ef7
images_OBJ003/OBJ003_bg_001.jpg,OBJ003,NoteBook,background,.jpg,2bfcf2fecf3be6c43ce2194d49247649
images_OBJ003/OBJ003_bg_002.jpg,OBJ003,NoteBook,background,.jpg,c9d41dea02f05cff05b88c687ee467d7
images_OBJ003/OBJ003_bg_003.jpg,OBJ003,NoteBook,background,.jpg,1ae7adfcb82c33cfaa6962d138ddb6e8
images_OBJ003/OBJ003_bg_004.jpg,OBJ003,NoteBook,background,.jpg,da27a8d15162efce9c784f8eaa298ac7
images_OBJ003/OBJ003_bg_005.jpg,OBJ003,NoteBook,background,.jpg,bf2977fc7437709ae41edadd70ec6eda
images_OBJ004/OBJ004_001.jpg,OBJ004,Toy Car,object,.jpg,9bfecbfb7e608be0853a7ec64ef6d1ea
images_OBJ004/OBJ004_002.jpg,OBJ004,Toy Car,object,.jpg,df563416408543efc0ee24883f676508
images_OBJ004/OBJ004_003.jpg,OBJ004,Toy Car,object,.jpg,bc7db01085c7f6d3a7f2d89711aa24dd
images_OBJ004/OBJ004_004.jpg,OBJ004,Toy Car,object,.jpg,960650bc734a92a84b42a13197574377
images_OBJ004/OBJ004_005.jpg,OBJ004,Toy Car,object,.jpg,7cbf9eba01664515b1e942f93ca82f75
images_OBJ004/OBJ004_006.jpg,OBJ004,Toy Car,object,.jpg,6c7a8c29b2690d07598363718316bd88
images_OBJ004/OBJ004_007.jpg,OBJ004,Toy Car,object,.jpg,0ca086a25b838a7fd270e5cadca02e27
images_OBJ004/OBJ004_008.jpg,OBJ004,Toy Car,object,.jpg,f876c0bf9b04dbf5aafb6813b758215b
images_OBJ004/OBJ004_009.jpg,OBJ004,Toy Car,object,.jpg,6a04c4141d8900f0f652900b16e1a32a
images_OBJ004/OBJ004_010.jpg,OBJ004,Toy Car,object,.jpg,692aef3a8903e72c63c496ac9c5c87df
images_OBJ004/OBJ004_011.jpg,OBJ004,Toy Car,object,.jpg,fddd8baf05c506b38b7a4b57c9ca7752
images_OBJ004/OBJ004_012.jpg,OBJ004,Toy Car,object,.jpg,b8baae25b74ef0d1270283bc673e129e
images_OBJ004/OBJ004_013.jpg,OBJ004,Toy Car,object,.jpg,26e8798a0e8e28e2054e28fc83188c83
images_OBJ004/OBJ004_014.jpg,OBJ004,Toy Car,object,.jpg,7313970950461b6555e4a9d62ddfc9f5
images_OBJ004/OBJ004_015.jpg,OBJ004,Toy Car,object,.jpg,70adda6502993fb85ad032d38a3af85d
images_OBJ004/OBJ004_016.jpg,OBJ004,Toy Car,object,.jpg,e3cd46ffbc1dc3cb94c6c22386324161
images_OBJ004/OBJ004_017.jpg,OBJ004,Toy Car,object,.jpg,b2f741b4a88dea5249de53489f1e7641
images_OBJ004/OBJ004_018.jpg,OBJ004,Toy Car,object,.jpg,41a4896f33fba5b3a84c17237e552483
images_OBJ004/OBJ004_019.jpg,OBJ004,Toy Car,object,.jpg,86c1bd7550ca26c7048e3ea8319c7746
images_OBJ004/OBJ004_020.jpg,OBJ004,Toy Car,object,.jpg,5addb4ed23e57b73ea3f592a5229ad0c
images_OBJ004/OBJ004_021.jpg,OBJ004,Toy Car,object,.jpg,642fd4a9ac48cb13dde48b498238ba08
images_OBJ004/OBJ004_022.jpg,OBJ004,Toy Car,object,.jpg,a00598e5cd22891ea9eb4a709653756e
images_OBJ004/OBJ004_023.jpg,OBJ004,Toy Car,object,.jpg,4983a1a941d78d00f5eb1309f2b9029e
images_OBJ004/OBJ004_024.jpg,OBJ004,Toy Car,object,.jpg,f45d8e41ee7151bcfe8b657920a93082
images_OBJ004/OBJ004_025.jpg,OBJ004,Toy Car,object,.jpg,3790feea136beae0aea125e0f12e3831
images_OBJ004/OBJ004_026.jpg,OBJ004,Toy Car,object,.jpg,ad7f9afc329bf2fb183f131059b443ad
images_OBJ004/OBJ004_027.jpg,OBJ004,Toy Car,object,.jpg,a76dac57fef05325d48df31ee1314777
images_OBJ004/OBJ004_028.jpg,OBJ004,Toy Car,object,.jpg,f98c72dd69d5ac9ae2a72655301aa8fa
images_OBJ004/OBJ004_029.jpg,OBJ004,Toy Car,object,.jpg,3efd4b16969d06abd6d2240abf05e574
images_OBJ004/OBJ004_030.jpg,OBJ004,Toy Car,object,.jpg,ddc374adb03b703aca86530e17583027
images_OBJ004/OBJ004_031.jpg,OBJ004,Toy Car,object,.jpg,6113db5d70d9280f3422970fc1628280
images_OBJ004/OBJ004_032.jpg,OBJ004,Toy Car,object,.jpg,cb21934e09b2e04fcd99bede54b470ef
images_OBJ004/OBJ004_033.jpg,OBJ004,Toy Car,object,.jpg,503922d58ff635dd6cb7b476d2ddc0d3
images_OBJ004/OBJ004_034.jpg,OBJ004,Toy Car,object,.jpg,fe4f629fc5299a74f05bbf51efc1e838
images_OBJ004/OBJ004_035.jpg,OBJ004,Toy Car,object,.jpg,6b08e627f8a9b6466f91585f8081d87d
images_OBJ004/OBJ004_036.jpg,OBJ004,Toy Car,object,.jpg,8577ea4c75ff2da646f8aabe45e701a2
images_OBJ004/OBJ004_037.jpg,OBJ004,Toy Car,object,.jpg,ddd9d6f224ad155f72aa5850b3e5de64
images_OBJ004/OBJ004_038.jpg,OBJ004,Toy Car,object,.jpg,d7aefd6f5572805e406253d7637d1906
images_OBJ004/OBJ004_039.jpg,OBJ004,Toy Car,object,.jpg,c20dccaed49dd8f1a088021b36f27516
images_OBJ004/OBJ004_040.jpg,OBJ004,Toy Car,object,.jpg,ade96addf73c25bee54831799070f04c
images_OBJ004/OBJ004_041.jpg,OBJ004,Toy Car,object,.jpg,bf7b02fdceb1e32b8872108ad2beab38
images_OBJ004/OBJ004_042.jpg,OBJ004,Toy Car,object,.jpg,a7d05f65c8edba89f869044cb139fcd2
images_OBJ004/OBJ004_043.jpg,OBJ004,Toy Car,object,.jpg,f87d7cccdfdde1cbe5d250271445d4cf
images_OBJ004/OBJ004_044.jpg,OBJ004,Toy Car,object,.jpg,c4f942bc9e29eb5e54e65e2c63606bda
images_OBJ004/OBJ004_045.jpg,OBJ004,Toy Car,object,.jpg,5b608bc7a13c4878860a37a2d0473014
images_OBJ004/OBJ004_046.jpg,OBJ004,Toy Car,object,.jpg,758e47a516cef5e635c03e9e35194444
images_OBJ004/OBJ004_047.jpg,OBJ004,Toy Car,object,.jpg,d4f6f03906b74b5bf43d63ed7fcc10eb
images_OBJ004/OBJ004_048.jpg,OBJ004,Toy Car,object,.jpg,42eb00310e2dcd37d157f9c0326d000e
images_OBJ004/OBJ004_049.jpg,OBJ004,Toy Car,object,.jpg,337ff8ae763b369c55ebd3697732e11c
images_OBJ004/OBJ004_050.jpg,OBJ004,Toy Car,object,.jpg,8f05c91c3481b683e3f5a1166f13ec41
images_OBJ004/OBJ004_051.jpg,OBJ004,Toy Car,object,.jpg,ac2923e98de2f2dc3860a6f0e5be984d
images_OBJ004/OBJ004_052.jpg,OBJ004,Toy Car,object,.jpg,575c506de714db4544b01db633fe336c
images_OBJ004/OBJ004_053.jpg,OBJ004,Toy Car,object,.jpg,a9d37593d8e180ffd4934e77dd921783
images_OBJ004/OBJ004_054.jpg,OBJ004,Toy Car,object,.jpg,3cdaed50575991c8fc1ae8e56ac7e07c
images_OBJ004/OBJ004_055.jpg,OBJ004,Toy Car,object,.jpg,2a832969272f9ed2ba865bb445454eef
images_OBJ004/OBJ004_056.jpg,OBJ004,Toy Car,object,.jpg,e1a8795eaec9037d60176473d071a477
images_OBJ004/OBJ004_057.jpg,OBJ004,Toy Car,object,.jpg,5e17fe9870626cf58a2e49fb829c6e65
images_OBJ004/OBJ004_058.jpg,OBJ004,Toy Car,object,.jpg,1169af73798feb744175d6a8ca76d8c1
images_OBJ004/OBJ004_059.jpg,OBJ004,Toy Car,object,.jpg,55690d75f59bb26fd5236fa92c12c751
images_OBJ004/OBJ004_060.jpg,OBJ004,Toy Car,object,.jpg,62d88da0a11ec9ded9d8fa98f9524952
images_OBJ004/OBJ004_061.jpg,OBJ004,Toy Car,object,.jpg,3f48e2310823cbf808475fb43270fbb6
images_OBJ004/OBJ004_062.jpg,OBJ004,Toy Car,object,.jpg,2b5906625ec849b6fb6d88237deabfb5
images_OBJ004/OBJ004_063.jpg,OBJ004,Toy Car,object,.jpg,41b7d4a2b1d95212cc8118e45877ea09
images_OBJ004/OBJ004_064.jpg,OBJ004,Toy Car,object,.jpg,24f89e7fd3e66715ade2714d1c792171
images_OBJ004/OBJ004_065.jpg,OBJ004,Toy Car,object,.jpg,548a6ae8cf3e2c3ddfb32e1c8bd5f7bd
images_OBJ004/OBJ004_066.jpg,OBJ004,Toy Car,object,.jpg,74df5ad86c2d4d37365aa95845971869
images_OBJ004/OBJ004_067.jpg,OBJ004,Toy Car,object,.jpg,80f4d6a5897b56ea797ace443536b5f0
images_OBJ004/OBJ004_068.jpg,OBJ004,Toy Car,object,.jpg,389a492cca509065b91c6f9eb4a1d821
images_OBJ004/OBJ004_069.jpg,OBJ004,Toy Car,object,.jpg,a3b6d6104fb772f42bc7bb80f301f0f3
images_OBJ004/OBJ004_070.jpg,OBJ004,Toy Car,object,.jpg,7703c653f4ac111c04fcd4cbe9a7bb77
images_OBJ004/OBJ004_071.jpg,OBJ004,Toy Car,object,.jpg,db48e8c56e2f42a936d039f016f051cc
images_OBJ004/OBJ004_072.jpg,OBJ004,Toy Car,object,.jpg,f24639b321a1fb2ef798d9d1ccd5e153
images_OBJ004/OBJ004_073.jpg,OBJ004,Toy Car,object,.jpg,f3cdf1a679ebd4d2e0223e8acd740187
images_OBJ004/OBJ004_074.jpg,OBJ004,Toy Car,object,.jpg,69fca2452395516f96e0f2f696280824
images_OBJ004/OBJ004_075.jpg,OBJ004,Toy Car,object,.jpg,09298fa619b0583c9871aa3cff74d100
images_OBJ004/OBJ004_076.jpg,OBJ004,Toy Car,object,.jpg,b650e040aa92d7a1f0740c25538e0607
images_OBJ004/OBJ004_077.jpg,OBJ004,Toy Car,object,.jpg,da492202b11cba23e1b7aa6a8868d874
images_OBJ004/OBJ004_078.jpg,OBJ004,Toy Car,object,.jpg,fb8f5c59a3f81f0e1c2adcd0cb502c1c
images_OBJ004/OBJ004_079.jpg,OBJ004,Toy Car,object,.jpg,b67f0573ce4e9d56e63ee957798c4ad0
images_OBJ004/OBJ004_080.jpg,OBJ004,Toy Car,object,.jpg,2f24f09d8d98b21ab0e5b430403d95e7
images_OBJ004/OBJ004_081.jpg,OBJ004,Toy Car,object,.jpg,d0cb50c930b487a29528895d4d15038f
images_OBJ004/OBJ004_082.jpg,OBJ004,Toy Car,object,.jpg,13eb963931c71a2001c5f2d785a8fa32
images_OBJ004/OBJ004_083.jpg,OBJ004,Toy Car,object,.jpg,ae32c8e08f700b47f163d8438e433d39
images_OBJ004/OBJ004_084.jpg,OBJ004,Toy Car,object,.jpg,704b43b9aca4d7f23da54a861be1af4e
images_OBJ004/OBJ004_085.jpg,OBJ004,Toy Car,object,.jpg,fd05f173a4438b781f37c4135c140cdb
images_OBJ004/OBJ004_086.jpg,OBJ004,Toy Car,object,.jpg,b6a8e2af815c03c7f5230fe8b87486fb
images_OBJ004/OBJ004_087.jpg,OBJ004,Toy Car,object,.jpg,0d86ec022899ba9fd2d1d6df2b9e9f07
images_OBJ004/OBJ004_088.jpg,OBJ004,Toy Car,object,.jpg,95a315a8d3851347dbc7898264a696ad
images_OBJ004/OBJ004_089.jpg,OBJ004,Toy Car,object,.jpg,f176bdf2e08c8c5e26d9bac5e8bfe75c
images_OBJ004/OBJ004_090.jpg,OBJ004,Toy Car,object,.jpg,114a1cc94a9ad40f351c45afa1f57a75
images_OBJ004/OBJ004_091.jpg,OBJ004,Toy Car,object,.jpg,b9d373acfa3ee95d9a31c566db86a532
images_OBJ004/OBJ004_092.jpg,OBJ004,Toy Car,object,.jpg,04b66a2812bc3c5fc79b41632ec202b4
images_OBJ004/OBJ004_093.jpg,OBJ004,Toy Car,object,.jpg,0c375b96d6a9736258a04fc8717b1d42
images_OBJ004/OBJ004_094.jpg,OBJ004,Toy Car,object,.jpg,dd2e3b373e865fa41a66c2cecd81194c
images_OBJ004/OBJ004_095.jpg,OBJ004,Toy Car,object,.jpg,7358f49cd919f3ea70e4c4a62acc1f52
images_OBJ004/OBJ004_096.jpg,OBJ004,Toy Car,object,.jpg,1d4ac62ea1ad3b9ee472c30614f57df8
images_OBJ004/OBJ004_097.jpg,OBJ004,Toy Car,object,.jpg,ac584e1a7f7aadd9a497fc6ea4897449
images_OBJ004/OBJ004_098.jpg,OBJ004,Toy Car,object,.jpg,09b91711094bc829b2e179b57c920c4c
images_OBJ004/OBJ004_099.jpg,OBJ004,Toy Car,object,.jpg,2f7dd6dfc84dc3f1f0953085459e5ec2
images_OBJ004/OBJ004_100.jpg,OBJ004,Toy Car,object,.jpg,9ab17a440cce04257392fa6a17e435ca
images_OBJ005/OBJ005_001.jpg,OBJ005,Computer mouse,object,.jpg,87db318492efa89433d06419edb3a428
images_OBJ005/OBJ005_002.jpg,OBJ005,Computer mouse,object,.jpg,1ef9126057f21ea122bf9da85de33182
images_OBJ005/OBJ005_003.jpg,OBJ005,Computer mouse,object,.jpg,d966fe92edc615106c574be1385ef7dc
images_OBJ005/OBJ005_004.jpg,OBJ005,Computer mouse,object,.jpg,de60e4910126028e256fc0d7b82ac831
images_OBJ005/OBJ005_005.jpg,OBJ005,Computer mouse,object,.jpg,1d5556eca5820c4d7661850b22eb336b
images_OBJ005/OBJ005_006.jpg,OBJ005,Computer mouse,object,.jpg,23ac3d73dbaac9325881eea21c25f839
images_OBJ005/OBJ005_007.jpg,OBJ005,Computer mouse,object,.jpg,7bcef078d66f170d65fe486c65684f35
images_OBJ005/OBJ005_008.jpg,OBJ005,Computer mouse,object,.jpg,0d593846de07752465ce4d7fe82f72f2
images_OBJ005/OBJ005_009.jpg,OBJ005,Computer mouse,object,.jpg,c571e9a2a313a7dd82c83e7fc06179b5
images_OBJ005/OBJ005_010.jpg,OBJ005,Computer mouse,object,.jpg,a22c2553bb440eaef222e35a932a1dfe
images_OBJ005/OBJ005_011.jpg,OBJ005,Computer mouse,object,.jpg,501d272f5aacfc736900e71376a41083
images_OBJ005/OBJ005_012.jpg,OBJ005,Computer mouse,object,.jpg,230b1963cb04793fead8d80cf755a7af
images_OBJ005/OBJ005_013.jpg,OBJ005,Computer mouse,object,.jpg,dd78eacd06a5939f1b93e04e5ada8ace
images_OBJ005/OBJ005_014.jpg,OBJ005,Computer mouse,object,.jpg,623f7b24ce133531fcaf9cf2995046df
images_OBJ005/OBJ005_015.jpg,OBJ005,Computer mouse,object,.jpg,a2d4892cc96b661bd864700a09fcbc5a
images_OBJ005/OBJ005_016.jpg,OBJ005,Computer mouse,object,.jpg,18a76462a1cc2886d5f98d51523188e8
images_OBJ005/OBJ005_017.jpg,OBJ005,Computer mouse,object,.jpg,6a78c66c3b6c921c0908116a4df28eef
images_OBJ005/OBJ005_018.jpg,OBJ005,Computer mouse,object,.jpg,091e6d57403ef5680fd88acb9c341ec0
images_OBJ005/OBJ005_019.jpg,OBJ005,Computer mouse,object,.jpg,76bddd31301dd165ef50ce315f5c8ccc
images_OBJ005/OBJ005_020.jpg,OBJ005,Computer mouse,object,.jpg,630d3652f1be8f5b24dd0ac433c62d28
images_OBJ005/OBJ005_021.jpg,OBJ005,Computer mouse,object,.jpg,fea80324c61aa4e207b3e052511b7bb2
images_OBJ005/OBJ005_022.jpg,OBJ005,Computer mouse,object,.jpg,e7bf21a83ff49769ed7422be437f1d51
images_OBJ005/OBJ005_023.jpg,OBJ005,Computer mouse,object,.jpg,9c593f96a5cba9046fe87445e7585c82
images_OBJ005/OBJ005_024.jpg,OBJ005,Computer mouse,object,.jpg,0af20335925d1bdce6a29fcb1769cb1a
images_OBJ005/OBJ005_025.jpg,OBJ005,Computer mouse,object,.jpg,bb9c8cad760621bcdb2cda63fddf5d20
images_OBJ005/OBJ005_026.jpg,OBJ005,Computer mouse,object,.jpg,9c673f2a594a90e7356d51f892668b76
images_OBJ005/OBJ005_027.jpg,OBJ005,Computer mouse,object,.jpg,597193d63a15e377775e00d13588fd36
images_OBJ005/OBJ005_028.jpg,OBJ005,Computer mouse,object,.jpg,ce4e765b3ed4a746e4976ab62239239e
images_OBJ005/OBJ005_029.jpg,OBJ005,Computer mouse,object,.jpg,70e724672df89caae662e2b4f743fd73
images_OBJ005/OBJ005_030.jpg,OBJ005,Computer mouse,object,.jpg,d7c86e9e0f48f69025ea4d2cd2d0e0ec
images_OBJ005/OBJ005_031.jpg,OBJ005,Computer mouse,object,.jpg,6f82bbaccca475d77f7651707301f717
images_OBJ005/OBJ005_032.jpg,OBJ005,Computer mouse,object,.jpg,5b26c59c68621538cbd66ae9318c6de3
images_OBJ005/OBJ005_033.jpg,OBJ005,Computer mouse,object,.jpg,77665ec7aa971cd1105314f6eb923299
images_OBJ005/OBJ005_034.jpg,OBJ005,Computer mouse,object,.jpg,bd77d30b3c522d9ec2da43ab4b90e76b
images_OBJ005/OBJ005_035.jpg,OBJ005,Computer mouse,object,.jpg,37a71f2b22c9c45d6347ae75ad0d9b69
images_OBJ005/OBJ005_036.jpg,OBJ005,Computer mouse,object,.jpg,3d0fde4abe998b7da43c6cc0d578e2a8
images_OBJ005/OBJ005_037.jpg,OBJ005,Computer mouse,object,.jpg,d012022b77d01118a5e30627b28fd1ad
images_OBJ005/OBJ005_038.jpg,OBJ005,Computer mouse,object,.jpg,38b522f298b96d554c5515d4a23460bd
images_OBJ005/OBJ005_039.jpg,OBJ005,Computer mouse,object,.jpg,7d7591f6ec2e503d805d5b040f346ad4
images_OBJ005/OBJ005_040.jpg,OBJ005,Computer mouse,object,.jpg,1954bcc2eb2610ca927ed88021710221
images_OBJ005/OBJ005_041.jpg,OBJ005,Computer mouse,object,.jpg,9437eb7c7c7ce2c1124fdb7fabae21cc
images_OBJ005/OBJ005_042.jpg,OBJ005,Computer mouse,object,.jpg,84b68ae111bdeba6cb6046ca9bdbe200
images_OBJ005/OBJ005_043.jpg,OBJ005,Computer mouse,object,.jpg,b56e7c019d73cc6764db64c8d8c1a9b6
images_OBJ005/OBJ005_044.jpg,OBJ005,Computer mouse,object,.jpg,aac3da48260bd331c0a225858e0c298d
images_OBJ005/OBJ005_045.jpg,OBJ005,Computer mouse,object,.jpg,628cf6133e4386a5b62635011ec2a82b
images_OBJ005/OBJ005_046.jpg,OBJ005,Computer mouse,object,.jpg,91168337c3ba1b7bb11531a61aac6abf
images_OBJ005/OBJ005_047.jpg,OBJ005,Computer mouse,object,.jpg,5ab0525094b77be0e2c1a35b8c4ad4a5
images_OBJ005/OBJ005_048.jpg,OBJ005,Computer mouse,object,.jpg,643245829b1be3658ba0b74db05199cb
images_OBJ005/OBJ005_049.jpg,OBJ005,Computer mouse,object,.jpg,88fed370b8d6f82a65ea08fa837bce2b
images_OBJ005/OBJ005_050.jpg,OBJ005,Computer mouse,object,.jpg,dd7b2cd7a33444dab10d6985f95f30e4
images_OBJ005/OBJ005_051.jpg,OBJ005,Computer mouse,object,.jpg,e216612792c3088683977388b6d8427a
images_OBJ005/OBJ005_052.jpg,OBJ005,Computer mouse,object,.jpg,abbd1ffef11091d87a74086c46bf6bff
images_OBJ005/OBJ005_053.jpg,OBJ005,Computer mouse,object,.jpg,27ed781a8fc8ac66f5a4c9925d589c59
images_OBJ005/OBJ005_054.jpg,OBJ005,Computer mouse,object,.jpg,3c19ab6c05992cca74069e87ecf1de49
images_OBJ005/OBJ005_055.jpg,OBJ005,Computer mouse,object,.jpg,baf3369a6ba6ce65f1ccd93ebd346cee
images_OBJ005/OBJ005_056.jpg,OBJ005,Computer mouse,object,.jpg,d9b8cce3d33c40a66703ae3cbe41b07f
images_OBJ005/OBJ005_057.jpg,OBJ005,Computer mouse,object,.jpg,024cecc958b5628630fcb964a41dc474
images_OBJ005/OBJ005_058.jpg,OBJ005,Computer mouse,object,.jpg,b3b610a5132e064d8c513149f4baf81a
images_OBJ005/OBJ005_059.jpg,OBJ005,Computer mouse,object,.jpg,2f3981c0b363fa9eac660dda8b27eccf
images_OBJ005/OBJ005_060.jpg,OBJ005,Computer mouse,object,.jpg,f15b2d4043b398473ad4f9ac976f915e
images_OBJ005/OBJ005_061.jpg,OBJ005,Computer mouse,object,.jpg,f1847ec5a1d60d1cff3f207813e13b6d
images_OBJ005/OBJ005_062.jpg,OBJ005,Computer mouse,object,.jpg,9116eecf06ffa37d921f8d4cf68739e3
images_OBJ005/OBJ005_063.jpg,OBJ005,Computer mouse,object,.jpg,9919398ff1dc34deacd6040949665b12
images_OBJ005/OBJ005_064.jpg,OBJ005,Computer mouse,object,.jpg,4649ab3a460b3ab85b9a7aeb0d3f905c
images_OBJ005/OBJ005_065.jpg,OBJ005,Computer mouse,object,.jpg,387758808a31a0f1e54b6145e0f92db6
images_OBJ005/OBJ005_066.jpg,OBJ005,Computer mouse,object,.jpg,21b93489abe1a4217252ba93b9ac6bec
images_OBJ005/OBJ005_067.jpg,OBJ005,Computer mouse,object,.jpg,46a8c52b56a3b1d7231ae43137008b0b
images_OBJ005/OBJ005_068.jpg,OBJ005,Computer mouse,object,.jpg,83d8141c66402253208b856a3fc7ac51
images_OBJ005/OBJ005_069.jpg,OBJ005,Computer mouse,object,.jpg,db6f146a4707fbf907fe8a6e6d0cd6bc
images_OBJ005/OBJ005_070.jpg,OBJ005,Computer mouse,object,.jpg,556c4053647fcc2a705f9b9a07e10717
images_OBJ005/OBJ005_071.jpg,OBJ005,Computer mouse,object,.jpg,0570dc88d046f4c8ee5db2c3ad30ae78
images_OBJ005/OBJ005_072.jpg,OBJ005,Computer mouse,object,.jpg,5bbc04f8af02712d7651f70fd6467607
images_OBJ005/OBJ005_073.jpg,OBJ005,Computer mouse,object,.jpg,349ec59d99553019f9d0d4f4b8259383
images_OBJ005/OBJ005_074.jpg,OBJ005,Computer mouse,object,.jpg,d4b6cb3653c674b067d839e5f325f0ff
images_OBJ005/OBJ005_075.jpg,OBJ005,Computer mouse,object,.jpg,e58c02af0812e22fa73d30c85bf7d612
images_OBJ005/OBJ005_076.jpg,OBJ005,Computer mouse,object,.jpg,84f488559abaf3f2a9147b71227d21f6
images_OBJ005/OBJ005_077.jpg,OBJ005,Computer mouse,object,.jpg,f55e60483b38d1949ec2530dc5028b9f
images_OBJ005/OBJ005_078.jpg,OBJ005,Computer mouse,object,.jpg,78fa35941f28b49e30c450396add155f
images_OBJ005/OBJ005_079.jpg,OBJ005,Computer mouse,object,.jpg,e25ae283c04fa578ab2b8a61b4378623
images_OBJ005/OBJ005_080.jpg,OBJ005,Computer mouse,object,.jpg,cb58cdd33157fab44dd5365aeff6e97b
images_OBJ005/OBJ005_081.jpg,OBJ005,Computer mouse,object,.jpg,69d4644302301e3c608cf3de1ffe6184
images_OBJ005/OBJ005_082.jpg,OBJ005,Computer mouse,object,.jpg,8098af25c75dad584afbd8482e030261
images_OBJ005/OBJ005_083.jpg,OBJ005,Computer mouse,object,.jpg,8ab51c68c9549b8dd2fc89a1e94d74f6
images_OBJ005/OBJ005_084.jpg,OBJ005,Computer mouse,object,.jpg,30896232e4d23118ff09c0ac2cf6c62f
images_OBJ005/OBJ005_085.jpg,OBJ005,Computer mouse,object,.jpg,4e1d7addffc14c64a34cca7e56f68589
images_OBJ005/OBJ005_086.jpg,OBJ005,Computer mouse,object,.jpg,1c22ac990b8cfeabe7f834acb3aef507
images_OBJ005/OBJ005_087.jpg,OBJ005,Computer mouse,object,.jpg,53d404e2850b632aa9a2cccba11b158e
images_OBJ005/OBJ005_088.jpg,OBJ005,Computer mouse,object,.jpg,c02bba77ac6d0882e898c3f000bf4919
images_OBJ005/OBJ005_089.jpg,OBJ005,Computer mouse,object,.jpg,6926948c39169770e56950281a063349
images_OBJ005/OBJ005_090.jpg,OBJ005,Computer mouse,object,.jpg,17f93f11c1c24be152a03fa3ba9dbf45
images_OBJ005/OBJ005_091.jpg,OBJ005,Computer mouse,object,.jpg,ab382dd4c6ec5cfec7d751f2ea888df6
images_OBJ005/OBJ005_092.jpg,OBJ005,Computer mouse,object,.jpg,25c0533a708219ebcaee1dd5ef13c876
images_OBJ005/OBJ005_093.jpg,OBJ005,Computer mouse,object,.jpg,93c62c01324c4cca0ce7c94a53b82fbd
images_OBJ005/OBJ005_094.jpg,OBJ005,Computer mouse,object,.jpg,61561d6383a20ab7a2c2e15ea81ef985
images_OBJ005/OBJ005_095.jpg,OBJ005,Computer mouse,object,.jpg,e4faed7dee1828e642916491be6e6de3
images_OBJ005/OBJ005_096.jpg,OBJ005,Computer mouse,object,.jpg,c10e1c7786be7a8208803221bfd1112c
images_OBJ005/OBJ005_097.jpg,OBJ005,Computer mouse,object,.jpg,a75d392ecfcb6a114eceb33e1abe6bf1
images_OBJ005/OBJ005_098.jpg,OBJ005,Computer mouse,object,.jpg,6a0b7a47b01a8ccbee61bf23c2b669fc
images_OBJ005/OBJ005_099.jpg,OBJ005,Computer mouse,object,.jpg,e2bbce11de985466823b33674b6ba230
images_OBJ005/OBJ005_bg_001.jpg,OBJ005,Computer mouse,background,.jpg,2d13b58c0b938851b8411c7bb4dffee1
images_OBJ005/OBJ005_bg_002.jpg,OBJ005,Computer mouse,background,.jpg,4bb2557da5ae0a8e53379dcef993e109
images_OBJ005/OBJ005_bg_003.jpg,OBJ005,Computer mouse,background,.jpg,5b575b877b0d94447144f76a40504f1f
images_OBJ005/OBJ005_bg_004.jpg,OBJ005,Computer mouse,background,.jpg,294b9c05d816cbe663c13b4e1ee823bc
images_OBJ005/OBJ005_bg_005.jpg,OBJ005,Computer mouse,background,.jpg,0375a8712436632594f55256285971cc
images_OBJ005/OBJ005_bg_006.jpg,OBJ005,Computer mouse,background,.jpg,e73e478f4a99813f8e38a5728a0c13f4
images_OBJ005/OBJ005_bg_007.jpg,OBJ005,Computer mouse,background,.jpg,521ea1bfef6ed961ebea930bbc4b0aa4
images_OBJ005/OBJ005_bg_008.jpg,OBJ005,Computer mouse,background,.jpg,e0192f371858a22cdfaa317287307154
images_OBJ005/OBJ005_bg_009.jpg,OBJ005,Computer mouse,background,.jpg,c65d1c98ea6a9774e82438a3741460ef
images_OBJ006/OBJ006_001.jpg,OBJ006,Capybara Toy,object,.jpg,028fb30d574b38551f3cb694915a236d
images_OBJ006/OBJ006_002.jpg,OBJ006,Capybara Toy,object,.jpg,93f4ed0895d7e9411560cf310f9aa37c
images_OBJ006/OBJ006_003.jpg,OBJ006,Capybara Toy,object,.jpg,0d50a9506e46cd31fbeda1715eab0d34
images_OBJ006/OBJ006_004.jpg,OBJ006,Capybara Toy,object,.jpg,51f5df1284def782117cdf65ee24de41
images_OBJ006/OBJ006_005.jpg,OBJ006,Capybara Toy,object,.jpg,3e0a1e850a0f3b0e10ce439618fccef0
images_OBJ006/OBJ006_006.jpg,OBJ006,Capybara Toy,object,.jpg,568694696c85ccefc4f99f97768c6a7c
images_OBJ006/OBJ006_007.jpg,OBJ006,Capybara Toy,object,.jpg,a730387e3f8e15f888c4903bd4b24070
images_OBJ006/OBJ006_008.jpg,OBJ006,Capybara Toy,object,.jpg,ad712b8da8d375f5f92de503ec0dad68
images_OBJ006/OBJ006_009.jpg,OBJ006,Capybara Toy,object,.jpg,5ed779bc3376cff62ba22c593739e018
images_OBJ006/OBJ006_010.jpg,OBJ006,Capybara Toy,object,.jpg,3d34a09e85b3ba3e6d2e9a93807f2176
images_OBJ006/OBJ006_011.jpg,OBJ006,Capybara Toy,object,.jpg,c1e78283e2acd8df2163ac8ea9c328be
images_OBJ006/OBJ006_012.jpg,OBJ006,Capybara Toy,object,.jpg,8264f82a9814e9f4f52b7ce99ee12bf1
images_OBJ006/OBJ006_013.jpg,OBJ006,Capybara Toy,object,.jpg,206d8579e127fd7a2d340d5985d62f2d
images_OBJ006/OBJ006_014.jpg,OBJ006,Capybara Toy,object,.jpg,ef2fb259f3618cbc2cd79ac09a47da85
images_OBJ006/OBJ006_015.jpg,OBJ006,Capybara Toy,object,.jpg,b0d2bae86663991f6da792067c1a4367
images_OBJ006/OBJ006_016.jpg,OBJ006,Capybara Toy,object,.jpg,a5040e5fbb087646034b168cff6ea732
images_OBJ006/OBJ006_017.jpg,OBJ006,Capybara Toy,object,.jpg,ccfb75b56de84301dec739ff18ea1596
images_OBJ006/OBJ006_018.jpg,OBJ006,Capybara Toy,object,.jpg,ff2c2ea03dfdb10f47d44d92a6ffd4eb
images_OBJ006/OBJ006_019.jpg,OBJ006,Capybara Toy,object,.jpg,482c720e2dfe3e7da319a658311df865
images_OBJ006/OBJ006_020.jpg,OBJ006,Capybara Toy,object,.jpg,e0ce6a67c641f0f3b2f41f4f9a00d6bc
images_OBJ006/OBJ006_021.jpg,OBJ006,Capybara Toy,object,.jpg,13cd3d63c2b807b21fe091bca6b86664
images_OBJ006/OBJ006_022.jpg,OBJ006,Capybara Toy,object,.jpg,022a02a8fb77a44d4ce4a77de38f44ce
images_OBJ006/OBJ006_023.jpg,OBJ006,Capybara Toy,object,.jpg,c51fffbc5795f34d7ae546012c06ed15
images_OBJ006/OBJ006_024.jpg,OBJ006,Capybara Toy,object,.jpg,1a833b00ed8aedbc7c427cc9f27bcc4c
images_OBJ006/OBJ006_025.jpg,OBJ006,Capybara Toy,object,.jpg,4b931eebe8c7faeba1fb62d3e96cf177
images_OBJ006/OBJ006_026.jpg,OBJ006,Capybara Toy,object,.jpg,cd9f6b6e2d1da5b812a43ee22db3f638
images_OBJ006/OBJ006_027.jpg,OBJ006,Capybara Toy,object,.jpg,96227cd61d0e8debc2ab6f52abcf4542
images_OBJ006/OBJ006_028.jpg,OBJ006,Capybara Toy,object,.jpg,d882900401c87fe63bc1d9b0e98f06fa
images_OBJ006/OBJ006_029.jpg,OBJ006,Capybara Toy,object,.jpg,fb13fbeb64ea8191e5c60867b8675591
images_OBJ006/OBJ006_030.jpg,OBJ006,Capybara Toy,object,.jpg,dd7181f89991e0f1ce0935480d183e24
images_OBJ006/OBJ006_031.jpg,OBJ006,Capybara Toy,object,.jpg,cd81ca8caedd834db6945e865ab986c1
images_OBJ006/OBJ006_032.jpg,OBJ006,Capybara Toy,object,.jpg,9254eec83da4376028661d243a530f7c
images_OBJ006/OBJ006_033.jpg,OBJ006,Capybara Toy,object,.jpg,b2f54a3590e19b7c4eb2ed976286a1c2
images_OBJ006/OBJ006_034.jpg,OBJ006,Capybara Toy,object,.jpg,8573904c5929c44ac5d2968113903180
images_OBJ006/OBJ006_035.jpg,OBJ006,Capybara Toy,object,.jpg,b1368566ad59774dc916ba15e843f7f7
images_OBJ006/OBJ006_036.jpg,OBJ006,Capybara Toy,object,.jpg,c0eb0874a3cd0fb8815d55fbcef22f80
images_OBJ006/OBJ006_037.jpg,OBJ006,Capybara Toy,object,.jpg,4e20c9f9ba60af7c32f16bb63818c233
images_OBJ006/OBJ006_038.jpg,OBJ006,Capybara Toy,object,.jpg,318aea5ef2f2de4c8f2c69c0d7afea32
images_OBJ006/OBJ006_039.jpg,OBJ006,Capybara Toy,object,.jpg,69bac811e7166b8007c3951c22217286
images_OBJ006/OBJ006_040.jpg,OBJ006,Capybara Toy,object,.jpg,b9d87233438b8fb2b5d35dfb97972021
images_OBJ006/OBJ006_041.jpg,OBJ006,Capybara Toy,object,.jpg,5325e5c802d7ceb966e24e5e17e61da9
images_OBJ006/OBJ006_042.jpg,OBJ006,Capybara Toy,object,.jpg,981bc3e6a959b1191fc7c8c75c0c51f8
images_OBJ006/OBJ006_043.jpg,OBJ006,Capybara Toy,object,.jpg,0f90be2ae835f56c351fb260db3abded
images_OBJ006/OBJ006_044.jpg,OBJ006,Capybara Toy,object,.jpg,cae83ac3c1ac440f27b6293113558900
images_OBJ006/OBJ006_045.jpg,OBJ006,Capybara Toy,object,.jpg,47fd23cbeb24d54697606638b4fee9dd
images_OBJ006/OBJ006_046.jpg,OBJ006,Capybara Toy,object,.jpg,0952204292c1b3e2b74d31054b926a64
images_OBJ006/OBJ006_047.jpg,OBJ006,Capybara Toy,object,.jpg,5d8ecf02753034722f17017cfc6c5f00
images_OBJ006/OBJ006_048.jpg,OBJ006,Capybara Toy,object,.jpg,f111b726305fb91f6b13ee9b9f2de8ec
images_OBJ006/OBJ006_049.jpg,OBJ006,Capybara Toy,object,.jpg,4b58414c479e4d06089146ef1af97300
images_OBJ006/OBJ006_050.jpg,OBJ006,Capybara Toy,object,.jpg,6c8fed6ab36b85d320197870a9bf4f71
images_OBJ006/OBJ006_051.jpg,OBJ006,Capybara Toy,object,.jpg,4668a62b48cce2e4de1cb1f0e5f2bb26
images_OBJ006/OBJ006_052.jpg,OBJ006,Capybara Toy,object,.jpg,e9db69f26367e9af6302888c7de8a0c5
images_OBJ006/OBJ006_053.jpg,OBJ006,Capybara Toy,object,.jpg,6766199c996243d5593a9c949e86ebe9
images_OBJ006/OBJ006_054.jpg,OBJ006,Capybara Toy,object,.jpg,cdcc7f9b14e34962d5a2d9d7e15061f7
images_OBJ006/OBJ006_055.jpg,OBJ006,Capybara Toy,object,.jpg,8166d2d5af7a44584402f5ce12d80d7e
images_OBJ006/OBJ006_056.jpg,OBJ006,Capybara Toy,object,.jpg,327f9c9e2d2126eff38a10bbb7b1d645
images_OBJ006/OBJ006_057.jpg,OBJ006,Capybara Toy,object,.jpg,0309e3a1c2a08a6fb3afb5d0a28da38a
images_OBJ006/OBJ006_058.jpg,OBJ006,Capybara Toy,object,.jpg,ab4987318d7e60538ebad9a244d30636
images_OBJ006/OBJ006_059.jpg,OBJ006,Capybara Toy,object,.jpg,b4f7279a6a5a81616e302b2593a48f7b
images_OBJ006/OBJ006_060.jpg,OBJ006,Capybara Toy,object,.jpg,c7c949d6fd7c64c4258b978c9ec86d44
images_OBJ006/OBJ006_061.jpg,OBJ006,Capybara Toy,object,.jpg,1d6746254e89b37c72c9a34a2fc5dd7b
images_OBJ006/OBJ006_062.jpg,OBJ006,Capybara Toy,object,.jpg,76192c028582b8698a898a11cec57311
images_OBJ006/OBJ006_063.jpg,OBJ006,Capybara Toy,object,.jpg,20e2e6c58a42fdab96d229036f5fe605
images_OBJ006/OBJ006_064.jpg,OBJ006,Capybara Toy,object,.jpg,847de5816bd8acffef46bd872bfb5628
images_OBJ006/OBJ006_065.jpg,OBJ006,Capybara Toy,object,.jpg,aea7917a65138c1c8d587538e8fac567
images_OBJ006/OBJ006_066.jpg,OBJ006,Capybara Toy,object,.jpg,f7adf09e6b9a69ec901322299a4b57f4
images_OBJ006/OBJ006_067.jpg,OBJ006,Capybara Toy,object,.jpg,0032975beae984dbd0aedc0f263026e2
images_OBJ006/OBJ006_068.jpg,OBJ006,Capybara Toy,object,.jpg,bd5ffc54b37f620edb212e45df9a2bfe
images_OBJ006/OBJ006_069.jpg,OBJ006,Capybara Toy,object,.jpg,afe2a688235009108b6748c932033abb
images_OBJ006/OBJ006_070.jpg,OBJ006,Capybara Toy,object,.jpg,bf58c392818de70cfa9033728783c64d
images_OBJ006/OBJ006_071.jpg,OBJ006,Capybara Toy,object,.jpg,55058de100f352d85921172d52c86d4d
images_OBJ006/OBJ006_072.jpg,OBJ006,Capybara Toy,object,.jpg,4da192296afd6c6baaf28d10e3c59c34
images_OBJ006/OBJ006_073.jpg,OBJ006,Capybara Toy,object,.jpg,9b37b7f264b3e7706fea6d3082deac8a
images_OBJ006/OBJ006_074.jpg,OBJ006,Capybara Toy,object,.jpg,7c2049ee2447994825160feef8cfd449
images_OBJ006/OBJ006_075.jpg,OBJ006,Capybara Toy,object,.jpg,09edcd6a1ae1b0c1757579c0388f3245
images_OBJ006/OBJ006_076.jpg,OBJ006,Capybara Toy,object,.jpg,597cb43e9271ba10d2f9587661dc4cb0
images_OBJ006/OBJ006_077.jpg,OBJ006,Capybara Toy,object,.jpg,f5e0f64d6d9f0099d82c0c299cd9d699
images_OBJ006/OBJ006_078.jpg,OBJ006,Capybara Toy,object,.jpg,729988a796a963674ecb16572c9178f0
images_OBJ006/OBJ006_079.jpg,OBJ006,Capybara Toy,object,.jpg,509bd588b0b008eff737c4f1fcc05260
images_OBJ006/OBJ006_080.jpg,OBJ006,Capybara Toy,object,.jpg,9606289fe053adaee732b460843d79d8
images_OBJ006/OBJ006_081.jpg,OBJ006,Capybara Toy,object,.jpg,0af87aed17b79f749dec487101e5d7d5
images_OBJ006/OBJ006_082.jpg,OBJ006,Capybara Toy,object,.jpg,5f97f7aba42194f29c81781a3999b830
images_OBJ006/OBJ006_083.jpg,OBJ006,Capybara Toy,object,.jpg,eb1bf096410d41d6b165981704dfdee4
images_OBJ006/OBJ006_084.jpg,OBJ006,Capybara Toy,object,.jpg,94d79160920f4658c7f1118b8b328cb8
images_OBJ006/OBJ006_085.jpg,OBJ006,Capybara Toy,object,.jpg,934fb937358311a61fdb4506716263e0
images_OBJ006/OBJ006_086.jpg,OBJ006,Capybara Toy,object,.jpg,b3c46a9ad6bfea11bf7daf9b0ca0eeaf
images_OBJ006/OBJ006_087.jpg,OBJ006,Capybara Toy,object,.jpg,5b5438c79435071dcb028e5dda570242
images_OBJ006/OBJ006_088.jpg,OBJ006,Capybara Toy,object,.jpg,63efdb3318d6127d163b98c73cc55eed
images_OBJ006/OBJ006_089.jpg,OBJ006,Capybara Toy,object,.jpg,08b37609abbed4881d64e0bc19180fc4
images_OBJ006/OBJ006_090.jpg,OBJ006,Capybara Toy,object,.jpg,7ab950482d7172d5f7c87079c0982648
images_OBJ006/OBJ006_091.jpg,OBJ006,Capybara Toy,object,.jpg,b99487257ca3cd11bc5483553c1dba12
images_OBJ006/OBJ006_092.jpg,OBJ006,Capybara Toy,object,.jpg,a0485c4308e8e871444a1e97ffd45c54
images_OBJ006/OBJ006_093.jpg,OBJ006,Capybara Toy,object,.jpg,e6cf2110afeda231c2f1425980980e60
images_OBJ006/OBJ006_094.jpg,OBJ006,Capybara Toy,object,.jpg,2d0a407b200b2561d66ceaf7977ab651
images_OBJ006/OBJ006_095.jpg,OBJ006,Capybara Toy,object,.jpg,224c4b4e2e3314d1554beeb24e65bfc3
images_OBJ006/OBJ006_bg_001.jpg,OBJ006,Capybara Toy,background,.jpg,0f5bb01ad0710fd0935b9322438e0280
images_OBJ006/OBJ006_bg_002.jpg,OBJ006,Capybara Toy,background,.jpg,7e967fc7d48712965fbba34edfacd3c9
images_OBJ006/OBJ006_bg_003.jpg,OBJ006,Capybara Toy,background,.jpg,b554f48956f3c6e1fdd00daff2546394
images_OBJ006/OBJ006_bg_004.jpg,OBJ006,Capybara Toy,background,.jpg,9b5e54283440454a654e39d7755d0e8e
images_OBJ006/OBJ006_bg_005.jpg,OBJ006,Capybara Toy,background,.jpg,68c8739e0290602dd719f9d7e7e476a2
images_OBJ007/OBJ007_001.jpg,OBJ007,Apple,object,.jpg,8970632aac93678669447534326af339
images_OBJ007/OBJ007_002.jpg,OBJ007,Apple,object,.jpg,bfda4d11eda29dcd81aed919db030e84
images_OBJ007/OBJ007_003.jpg,OBJ007,Apple,object,.jpg,af61d71555869697aca75511cc6d8dfd
images_OBJ007/OBJ007_004.jpg,OBJ007,Apple,object,.jpg,853ac77f1ddcf27a8fd0d4528578a4b7
images_OBJ007/OBJ007_005.jpg,OBJ007,Apple,object,.jpg,5f490998468a0235a08ab246c842d076
images_OBJ007/OBJ007_006.jpg,OBJ007,Apple,object,.jpg,c9b3d4b7630b7788a1585c568d8e7bb8
images_OBJ007/OBJ007_007.jpg,OBJ007,Apple,object,.jpg,213bd2de8317e119d326f131ada874a9
images_OBJ007/OBJ007_008.jpg,OBJ007,Apple,object,.jpg,e857857d1dc35ee4a8ea2e2ce33202db
images_OBJ007/OBJ007_009.jpg,OBJ007,Apple,object,.jpg,912f204312a97b6040f4b849bc310710
images_OBJ007/OBJ007_010.jpg,OBJ007,Apple,object,.jpg,dae2ae15b5eae3fe6f2be5806a690600
images_OBJ007/OBJ007_011.jpg,OBJ007,Apple,object,.jpg,c8b3c712f2bbde200af595145f8392bf
images_OBJ007/OBJ007_012.jpg,OBJ007,Apple,object,.jpg,357c7c6833da8cfb44ac36848f9642df
images_OBJ007/OBJ007_013.jpg,OBJ007,Apple,object,.jpg,a544418057cbc2c6e81162d79c4572f1
images_OBJ007/OBJ007_014.jpg,OBJ007,Apple,object,.jpg,41a912771ae66daa3b5e15a72f358df2
images_OBJ007/OBJ007_015.jpg,OBJ007,Apple,object,.jpg,1462f4bf9b89621b221706db4d74f73c
images_OBJ007/OBJ007_016.jpg,OBJ007,Apple,object,.jpg,33beb30260ac739727079a8942330a7f
images_OBJ007/OBJ007_017.jpg,OBJ007,Apple,object,.jpg,d748ba9bd79ae674111d84bb38df9a9d
images_OBJ007/OBJ007_018.jpg,OBJ007,Apple,object,.jpg,b46737e8c503d2a3a0a28b6cee398fb5
images_OBJ007/OBJ007_019.jpg,OBJ007,Apple,object,.jpg,d56021299df8e5b7e5b7fa7a0831725a
images_OBJ007/OBJ007_020.jpg,OBJ007,Apple,object,.jpg,3347de704d46792fa18d4efd69890bae
images_OBJ007/OBJ007_021.jpg,OBJ007,Apple,object,.jpg,a708a83971ba0842e8d597a8279b1d69
images_OBJ007/OBJ007_022.jpg,OBJ007,Apple,object,.jpg,f6a99ac9f81369c5e8c4fbd8b7696cee
images_OBJ007/OBJ007_023.jpg,OBJ007,Apple,object,.jpg,cf481741b37c35ab5c09ab58268b629d
images_OBJ007/OBJ007_024.jpg,OBJ007,Apple,object,.jpg,3c408108f2dd8837075e2572f8f6c86b
images_OBJ007/OBJ007_025.jpg,OBJ007,Apple,object,.jpg,8e383c412bb488ab1891a2daa7e8aeb7
images_OBJ007/OBJ007_026.jpg,OBJ007,Apple,object,.jpg,5a367b49d0105928017516e3ae00b7c6
images_OBJ007/OBJ007_027.jpg,OBJ007,Apple,object,.jpg,09fa519270433d5bb035cf585d5a1caf
images_OBJ007/OBJ007_028.jpg,OBJ007,Apple,object,.jpg,d314ab65d67c5e3eb8e2436a3c8bf09e
images_OBJ007/OBJ007_029.jpg,OBJ007,Apple,object,.jpg,58c9242a61b5ffc7538176d3178bf94d
images_OBJ007/OBJ007_030.jpg,OBJ007,Apple,object,.jpg,c8d74a5633410087a83628cc352c7f9a
images_OBJ007/OBJ007_031.jpg,OBJ007,Apple,object,.jpg,2a76ecf2fae991df18c3f5a7f8a15050
images_OBJ007/OBJ007_032.jpg,OBJ007,Apple,object,.jpg,b408e5a18efa609ebe5f09c8dead4fc4
images_OBJ007/OBJ007_034.jpg,OBJ007,Apple,object,.jpg,59bda6942cd6a96f82fff5703d674f08
images_OBJ007/OBJ007_035.jpg,OBJ007,Apple,object,.jpg,ca8d2bdea24d6cb09c83462f9296d981
images_OBJ007/OBJ007_036.jpg,OBJ007,Apple,object,.jpg,cedc437d048aff2dda8f2f0257b33910
images_OBJ007/OBJ007_037.jpg,OBJ007,Apple,object,.jpg,e1b600861d67a94bf3dc62269d597f75
images_OBJ007/OBJ007_038.jpg,OBJ007,Apple,object,.jpg,fcfdc86abffed9f04c0bdf33e374063f
images_OBJ007/OBJ007_039.jpg,OBJ007,Apple,object,.jpg,84e98a0ffa9f6be1ba097afa47ebaafb
images_OBJ007/OBJ007_040.jpg,OBJ007,Apple,object,.jpg,83b6cd51d2f4b4a7aaa1f39a4ff2e0b5
images_OBJ007/OBJ007_041.jpg,OBJ007,Apple,object,.jpg,77263c0a0542f296ff9eaccead2c0ce7
images_OBJ007/OBJ007_042.jpg,OBJ007,Apple,object,.jpg,7af926307d525fb1063d216bf2d6a802
images_OBJ007/OBJ007_043.jpg,OBJ007,Apple,object,.jpg,ed6370d1a748139cece826a298ac1340
images_OBJ007/OBJ007_044.jpg,OBJ007,Apple,object,.jpg,c190da9f1073f788673ee255a8a2da12
images_OBJ007/OBJ007_045.jpg,OBJ007,Apple,object,.jpg,4583f38ddefbc5c5704b66f927bafe53
images_OBJ007/OBJ007_046.jpg,OBJ007,Apple,object,.jpg,609babafff6df9abe24f080b04c722cf
images_OBJ007/OBJ007_047.jpg,OBJ007,Apple,object,.jpg,af6fdf242752bdb1970815662bfb03a2
images_OBJ007/OBJ007_048.jpg,OBJ007,Apple,object,.jpg,ed6bff287e804b98cae5f2d59010fd09
images_OBJ007/OBJ007_049.jpg,OBJ007,Apple,object,.jpg,63b4d1350f776333e5ab37c37bec0ebc
images_OBJ007/OBJ007_050.jpg,OBJ007,Apple,object,.jpg,23df0d0c2ff6ab178f758b9243cd1790
images_OBJ007/OBJ007_051.jpg,OBJ007,Apple,object,.jpg,4ecfecf4730f3b32b060db8af9d20141
images_OBJ007/OBJ007_052.jpg,OBJ007,Apple,object,.jpg,920ead46be2e46c5dd7d92eadf4bdd2c
images_OBJ007/OBJ007_053.jpg,OBJ007,Apple,object,.jpg,e31dcffb3fa2a2784144564260c81858
images_OBJ007/OBJ007_054.jpg,OBJ007,Apple,object,.jpg,336d569d3a1e99b889fe6b156d37a847
images_OBJ007/OBJ007_055.jpg,OBJ007,Apple,object,.jpg,5d712d8b6c49538eae15d5cf17176908
images_OBJ007/OBJ007_056.jpg,OBJ007,Apple,object,.jpg,d780a07d71893a168d3e86cfc76063f5
images_OBJ007/OBJ007_057.jpg,OBJ007,Apple,object,.jpg,071da29f3e9ae27c9619656d4591b12a
images_OBJ007/OBJ007_058.jpg,OBJ007,Apple,object,.jpg,f3a51a7ef5e4669c4d68c788b1ee8203
images_OBJ007/OBJ007_059.jpg,OBJ007,Apple,object,.jpg,a7d32e4324f1f26837fa39d28d2e2bda
images_OBJ007/OBJ007_060.jpg,OBJ007,Apple,object,.jpg,9779dd7b7b636b407ca37dfe6170500c
images_OBJ007/OBJ007_061.jpg,OBJ007,Apple,object,.jpg,b9564ab3400068cba10f4e1c4f5a01e7
images_OBJ007/OBJ007_062.jpg,OBJ007,Apple,object,.jpg,85134b4db9ba68cd5b688b201c2926e2
images_OBJ007/OBJ007_063.jpg,OBJ007,Apple,object,.jpg,53795d4a84e5a1a91c56a46d1c8aa1c3
images_OBJ007/OBJ007_064.jpg,OBJ007,Apple,object,.jpg,e845b08bf89fef309f7bce144d74fb73
images_OBJ007/OBJ007_065.jpg,OBJ007,Apple,object,.jpg,2d4e9606d97160bbbc293a3446c39dab
images_OBJ007/OBJ007_066.jpg,OBJ007,Apple,object,.jpg,2a186ce4aa8ee518a824825b4b716242
images_OBJ007/OBJ007_067.jpg,OBJ007,Apple,object,.jpg,9023ede7e8cab5580a020bb947b2e944
images_OBJ007/OBJ007_068.jpg,OBJ007,Apple,object,.jpg,c38cff45b062040d3fda75143864faa6
images_OBJ007/OBJ007_069.jpg,OBJ007,Apple,object,.jpg,c6f5cb04d32b565f742bade2e38655e7
images_OBJ007/OBJ007_070.jpg,OBJ007,Apple,object,.jpg,b0cd7941c514bed6c652e95a4a5d1029
images_OBJ007/OBJ007_071.jpg,OBJ007,Apple,object,.jpg,ce7df2f366ed9d5ee85def33848837f8
images_OBJ007/OBJ007_072.jpg,OBJ007,Apple,object,.jpg,088a520ce2eacadaea789e8cfaa923c8
images_OBJ007/OBJ007_073.jpg,OBJ007,Apple,object,.jpg,e490c24c47c5027903f4e59df8ea0a67
images_OBJ007/OBJ007_074.jpg,OBJ007,Apple,object,.jpg,193d1b8da250c4ee25c87183bc267da7
images_OBJ007/OBJ007_075.jpg,OBJ007,Apple,object,.jpg,f8855b0f1cdb80779520a9d157245a57
images_OBJ007/OBJ007_076.jpg,OBJ007,Apple,object,.jpg,727d08672578813fb5a0fd2d9dbef5f4
images_OBJ007/OBJ007_077.jpg,OBJ007,Apple,object,.jpg,32dd80a0370973e5b337cc1493205c9c
images_OBJ007/OBJ007_078.jpg,OBJ007,Apple,object,.jpg,3063cc99e40a7d23d908fa4490da9f29
images_OBJ007/OBJ007_079.jpg,OBJ007,Apple,object,.jpg,27cd73aadd22e4779092ae6e7eb9e0c7
images_OBJ007/OBJ007_080.jpg,OBJ007,Apple,object,.jpg,11f10d0944960590fc17fb6c4ed4e07c
images_OBJ007/OBJ007_081.jpg,OBJ007,Apple,object,.jpg,bd2899dc1469d0835a84ce1cce8d264a
images_OBJ007/OBJ007_082.jpg,OBJ007,Apple,object,.jpg,fd49c666c3c4fe6bd0bf853e48884446
images_OBJ007/OBJ007_083.jpg,OBJ007,Apple,object,.jpg,55a528f94c902f8566823c6fa42f7031
images_OBJ007/OBJ007_084.jpg,OBJ007,Apple,object,.jpg,9b1745061bc6f8807ab898fdb09dede9
images_OBJ007/OBJ007_085.jpg,OBJ007,Apple,object,.jpg,efc8679e4c998605912ea22dd19d6aaf
images_OBJ007/OBJ007_086.jpg,OBJ007,Apple,object,.jpg,82502f6364c9bb80457eeb513c8d5cfc
images_OBJ007/OBJ007_087.jpg,OBJ007,Apple,object,.jpg,cd5d8dcf0c7efec99cc3b66e0dd1bf32
images_OBJ007/OBJ007_088.jpg,OBJ007,Apple,object,.jpg,aa2e588201175a326d3fc9adc144e56a
images_OBJ007/OBJ007_089.jpg,OBJ007,Apple,object,.jpg,3a5ee3b3ed1d5f7df4a53af87963d2ed
images_OBJ007/OBJ007_090.jpg,OBJ007,Apple,object,.jpg,225b478996db3199495ab5762faa5eaa
images_OBJ007/OBJ007_091.jpg,OBJ007,Apple,object,.jpg,c6e54549fc176fcfb540d739fb75c8f1
images_OBJ007/OBJ007_092.jpg,OBJ007,Apple,object,.jpg,be1f4906d0a6d283f6d2770ccad8dbb5
images_OBJ007/OBJ007_093.jpg,OBJ007,Apple,object,.jpg,631d26993852465fe4e3ac3293e1cc76
images_OBJ007/OBJ007_094.jpg,OBJ007,Apple,object,.jpg,0b5aa411648d6bcfb9880ece05f19d68
images_OBJ007/OBJ007_095.jpg,OBJ007,Apple,object,.jpg,493052a7e397bb52e4d89cc0552c4f7d
images_OBJ007/OBJ007_bg_001.jpg,OBJ007,Apple,background,.jpg,9a9b9dba081ed5435d54790d7df4b9e9
images_OBJ007/OBJ007_bg_002.jpg,OBJ007,Apple,background,.jpg,73feecee1eb08a59a6f61cfa48b483ea
images_OBJ007/OBJ007_bg_003.jpg,OBJ007,Apple,background,.jpg,6a2597536f0366650ef712c73cb0c189
images_OBJ007/OBJ007_bg_004.jpg,OBJ007,Apple,background,.jpg,e242c2a1aa74831b27451ae7afb0aff0
images_OBJ007/OBJ007_bg_005.jpg,OBJ007,Apple,background,.jpg,634eb77f22ea1767fe704b03ee876862
images_OBJ007/OBJ07_033.jpg,OBJ007,Apple,object,.jpg,ec60c41288b4be3f1adb34190a0c7002
images_OBJ008/OBJ008_001.jpg,OBJ008,Cat,object,.jpg,445e0de0a552814c805f1e540c9d1619
images_OBJ008/OBJ008_002.jpg,OBJ008,Cat,object,.jpg,f995687fe4e5d7ec0add3e953f73b4f8
images_OBJ008/OBJ008_003.jpg,OBJ008,Cat,object,.jpg,30f631dec2b168db0efa9f178b5e64cb
images_OBJ008/OBJ008_004.jpg,OBJ008,Cat,object,.jpg,47a20639ea50f3499e44b753b9794d62
images_OBJ008/OBJ008_005.jpg,OBJ008,Cat,object,.jpg,01725771911d65985cfa8b93e27ce255
images_OBJ008/OBJ008_006.jpg,OBJ008,Cat,object,.jpg,fda73dfe9a63fca0c933947345bfb437
images_OBJ008/OBJ008_007.jpg,OBJ008,Cat,object,.jpg,ead69b9c84b06478b236853119dd757d
images_OBJ008/OBJ008_008.jpg,OBJ008,Cat,object,.jpg,b2e150f6955b86d48e79ee97bc125d3f
images_OBJ008/OBJ008_009.jpg,OBJ008,Cat,object,.jpg,36efd77cb180da525c4c177be895b14b
images_OBJ008/OBJ008_010.jpg,OBJ008,Cat,object,.jpg,e9356a50970ca136759fc8d94deadb9d
images_OBJ008/OBJ008_011.jpg,OBJ008,Cat,object,.jpg,651abeed5b6e8064083238e53df2cfb4
images_OBJ008/OBJ008_012.jpg,OBJ008,Cat,object,.jpg,b2438a19ebb9171b6a486179e26233fb
images_OBJ008/OBJ008_013.jpg,OBJ008,Cat,object,.jpg,064783391cd1da44f6522a13dd62b943
images_OBJ008/OBJ008_014.jpg,OBJ008,Cat,object,.jpg,bdf1e0db45f9a9878949348b724a1ffe
images_OBJ008/OBJ008_015.jpg,OBJ008,Cat,object,.jpg,c4b982da03fc0634246d238af76ed04d
images_OBJ008/OBJ008_016.jpg,OBJ008,Cat,object,.jpg,439890fa9b319693c058c41f51a14d9c
images_OBJ008/OBJ008_017.jpg,OBJ008,Cat,object,.jpg,28890292362fbeae7f5ca41e334b8984
images_OBJ008/OBJ008_018.jpg,OBJ008,Cat,object,.jpg,ff868673a9e10a6dee54de8d6b16d649
images_OBJ008/OBJ008_019.jpg,OBJ008,Cat,object,.jpg,84e3707ddfdda81149093ed754bf157c
images_OBJ008/OBJ008_020.jpg,OBJ008,Cat,object,.jpg,bf50ab35a27280bebd01458c92fce651
images_OBJ008/OBJ008_021.jpg,OBJ008,Cat,object,.jpg,fdd0ff26fb2a630281f180760e9b7ad2
images_OBJ008/OBJ008_022.jpg,OBJ008,Cat,object,.jpg,70d92e212fef668b0b898843c007b596
images_OBJ008/OBJ008_023.jpg,OBJ008,Cat,object,.jpg,ce304d58891526111cba99198fab4e01
images_OBJ008/OBJ008_024.jpg,OBJ008,Cat,object,.jpg,43a08d349c08482c88656f334bfa887a
images_OBJ008/OBJ008_025.jpg,OBJ008,Cat,object,.jpg,6100d163d0ad33ead4dfcf66448bc695
images_OBJ008/OBJ008_026.jpg,OBJ008,Cat,object,.jpg,0d36db121d40d1369ff9739e18203f98
images_OBJ008/OBJ008_027.jpg,OBJ008,Cat,object,.jpg,ba2d9235da9e3693405681302d53779b
images_OBJ008/OBJ008_028.jpg,OBJ008,Cat,object,.jpg,1fa3d5785827222d7583b961e424bd9f
images_OBJ008/OBJ008_029.jpg,OBJ008,Cat,object,.jpg,696676a011a66b4b98cfa630ba2ab53b
images_OBJ008/OBJ008_030.jpg,OBJ008,Cat,object,.jpg,3e08f8651958de76fd9abd303c9f69fa
images_OBJ008/OBJ008_031.jpg,OBJ008,Cat,object,.jpg,1639181cf8fd09d93af03d4a67c4bf2b
images_OBJ008/OBJ008_032.jpg,OBJ008,Cat,object,.jpg,c516576a4954640809e195b0a4916a77
images_OBJ008/OBJ008_033.jpg,OBJ008,Cat,object,.jpg,d199593f98b55b76c1b897d5ee209852
images_OBJ008/OBJ008_034.jpg,OBJ008,Cat,object,.jpg,5cf439e23d2b808c1091ff60a7591cc4
images_OBJ008/OBJ008_035.jpg,OBJ008,Cat,object,.jpg,cf9fbd95cbb7ae7e6407f2301e15277c
images_OBJ008/OBJ008_036.jpg,OBJ008,Cat,object,.jpg,bbc7be2a5a3b3c9cd95ae7feb3b09c70
images_OBJ008/OBJ008_037.jpg,OBJ008,Cat,object,.jpg,f4d3202153d1a240b8a4d0f7fa7d3dc7
images_OBJ008/OBJ008_038.jpg,OBJ008,Cat,object,.jpg,9a52555be484e88a8bc769807e63ab65
images_OBJ008/OBJ008_039.jpg,OBJ008,Cat,object,.jpg,463770dd1d000c8f411e91b48d2faf09
images_OBJ008/OBJ008_040.jpg,OBJ008,Cat,object,.jpg,95196107cbf873ce29f5a55266337ee2
images_OBJ008/OBJ008_041.jpg,OBJ008,Cat,object,.jpg,164935e7598b6b0259ef66d6c8927e37
images_OBJ008/OBJ008_042.jpg,OBJ008,Cat,object,.jpg,9130bf35d92976a75e0d2ec2b3890cc1
images_OBJ008/OBJ008_043.jpg,OBJ008,Cat,object,.jpg,6f20d61a6a25f2fdc319dd0dbc73dc52
images_OBJ008/OBJ008_044.jpg,OBJ008,Cat,object,.jpg,0c9157c58752a50d96695def150343ff
images_OBJ008/OBJ008_045.jpg,OBJ008,Cat,object,.jpg,baa2c8dd6f2b202adf6c7b1741253c0a
images_OBJ008/OBJ008_046.jpg,OBJ008,Cat,object,.jpg,9544e3d3198c4b29c48ee32f536d908b
images_OBJ008/OBJ008_047.jpg,OBJ008,Cat,object,.jpg,386548ef90dee4492cdbd0c38a2f6e61
images_OBJ008/OBJ008_048.jpg,OBJ008,Cat,object,.jpg,f088bcdf5f21f79489434ac60222f40c
images_OBJ008/OBJ008_049.jpg,OBJ008,Cat,object,.jpg,56952034b78b59eefe2f0c81cfda4a10
images_OBJ008/OBJ008_050.jpg,OBJ008,Cat,object,.jpg,ebf5cc3c11bb8a56a5f9548e2db02ba4
images_OBJ008/OBJ008_051.jpg,OBJ008,Cat,object,.jpg,aa17fdedcd20cba39a1eb3a625e72a48
images_OBJ008/OBJ008_052.jpg,OBJ008,Cat,object,.jpg,1afd9d8adca2fadcf184ab76d328543b
images_OBJ008/OBJ008_053.jpg,OBJ008,Cat,object,.jpg,b2179035d5bb8e2daae55ce536d3c721
images_OBJ008/OBJ008_054.jpg,OBJ008,Cat,object,.jpg,1380deab3b0e384f89f60e0fe01ae04a
images_OBJ008/OBJ008_055.jpg,OBJ008,Cat,object,.jpg,e7f5ae1762eb8580d3b0445e614d4714
images_OBJ008/OBJ008_056.jpg,OBJ008,Cat,object,.jpg,769918512feada443856e9d716196c37
images_OBJ008/OBJ008_057.jpg,OBJ008,Cat,object,.jpg,ed805fe7fa0794fc5e9239f24ccb6984
images_OBJ008/OBJ008_058.jpg,OBJ008,Cat,object,.jpg,cfcd67db222118d62d8ff7c9d0d7711e
images_OBJ008/OBJ008_059.jpg,OBJ008,Cat,object,.jpg,c7ab12b0d6cc42e757e4ed9041ff7ec0
images_OBJ008/OBJ008_060.jpg,OBJ008,Cat,object,.jpg,840eabb8f69dedaea3ec2a5071a61eae
images_OBJ008/OBJ008_061.jpg,OBJ008,Cat,object,.jpg,0b04bffc9f6a42049e1830e2e6e73321
images_OBJ008/OBJ008_062.jpg,OBJ008,Cat,object,.jpg,022300875b24506b0cc854e30cee532b
images_OBJ008/OBJ008_063.jpg,OBJ008,Cat,object,.jpg,a3c7e784e21ebc9f8e92baea0f26289a
images_OBJ008/OBJ008_064.jpg,OBJ008,Cat,object,.jpg,4228d757b234e74a94578c0c2961033b
images_OBJ008/OBJ008_065.jpg,OBJ008,Cat,object,.jpg,ba970b7cb511ac411e5519445812b405
images_OBJ008/OBJ008_066.jpg,OBJ008,Cat,object,.jpg,402c7a9b7487c32e88fd5cd23d765b67
images_OBJ008/OBJ008_067.jpg,OBJ008,Cat,object,.jpg,a5deb53206d34c0335c12c971e2780f4
images_OBJ008/OBJ008_068.jpg,OBJ008,Cat,object,.jpg,13ebc50de6091f8b47f99a8bef1b2027
images_OBJ008/OBJ008_069.jpg,OBJ008,Cat,object,.jpg,f3afba7389c0f5ab632485d9798de879
images_OBJ008/OBJ008_070.jpg,OBJ008,Cat,object,.jpg,53c752d106bf0e2a3a798b929e57b9d8
images_OBJ008/OBJ008_071.jpg,OBJ008,Cat,object,.jpg,fa585eb0759c073a0623945a1bccad68
images_OBJ008/OBJ008_072.jpg,OBJ008,Cat,object,.jpg,e508b0fe9ff324be8c32930d157a682f
images_OBJ008/OBJ008_073.jpg,OBJ008,Cat,object,.jpg,6800231693f7536b73032a551505b8cc
images_OBJ008/OBJ008_074.jpg,OBJ008,Cat,object,.jpg,8f20d5efb2308424aaedd32e20df04b0
images_OBJ008/OBJ008_075.jpg,OBJ008,Cat,object,.jpg,d4906038c8aa83e9f55d0d565c2cb228
images_OBJ008/OBJ008_076.jpg,OBJ008,Cat,object,.jpg,6396c6d87bfef19408dd524b8c23692d
images_OBJ008/OBJ008_077.jpg,OBJ008,Cat,object,.jpg,4d18a01d3c9f81c2b16131c2e622f34b
images_OBJ008/OBJ008_078.jpg,OBJ008,Cat,object,.jpg,5dc81a0b6f3f2c530e7e045c4ec80e30
images_OBJ008/OBJ008_079.jpg,OBJ008,Cat,object,.jpg,8d6ae275ae02f9e8ed38ca81c212bb4e
images_OBJ008/OBJ008_080.jpg,OBJ008,Cat,object,.jpg,36c22cd219005647dc33ca1bde5d3296
images_OBJ008/OBJ008_081.jpg,OBJ008,Cat,object,.jpg,5478005bfee8f9613bc7fa4765d7c50a
images_OBJ008/OBJ008_082.jpg,OBJ008,Cat,object,.jpg,5ae8ee0dbccafd5af3c1ab575793b277
images_OBJ008/OBJ008_083.jpg,OBJ008,Cat,object,.jpg,0dab062eecbf35de8dc7110224f7e217
images_OBJ008/OBJ008_084.jpg,OBJ008,Cat,object,.jpg,8f408d1ad65eac156e5c645426a4e528
images_OBJ008/OBJ008_085.jpg,OBJ008,Cat,object,.jpg,79f47ad7f48098af24effeee3106e22e
images_OBJ008/OBJ008_086.jpg,OBJ008,Cat,object,.jpg,5638a6af15dc6ade5bc5f7b20a6f1e2f
images_OBJ008/OBJ008_087.jpg,OBJ008,Cat,object,.jpg,7d0e34e5b0c5d40d75f7336555f2a3a4
images_OBJ008/OBJ008_088.jpg,OBJ008,Cat,object,.jpg,808bec8211d47710fd5c8dc8c6eb7072
images_OBJ008/OBJ008_089.jpg,OBJ008,Cat,object,.jpg,d59ab6bbb45de2c0e9db8ec0b6be4e7e
images_OBJ008/OBJ008_090.jpg,OBJ008,Cat,object,.jpg,6fb7a89052936587ad8b26cb3ce098a1
images_OBJ008/OBJ008_091.jpg,OBJ008,Cat,object,.jpg,b4af36fac403901951c716cd8b706f87
images_OBJ008/OBJ008_092.jpg,OBJ008,Cat,object,.jpg,4fef19588b4477d5f65f46eea89a2241
images_OBJ008/OBJ008_093.jpg,OBJ008,Cat,object,.jpg,80ee52012f2f097bfe294969de186088
images_OBJ008/OBJ008_094.jpg,OBJ008,Cat,object,.jpg,2750911be49389b7bad02cceb7dfc6fc
images_OBJ008/OBJ008_095.jpg,OBJ008,Cat,object,.jpg,fc85951a994fe8b2ee6d12d950321b79
images_OBJ008/OBJ008_bg_001.jpg,OBJ008,Cat,background,.jpg,65bc48018842f65e6ab5229a1d7f3208
images_OBJ008/OBJ008_bg_002.jpg,OBJ008,Cat,background,.jpg,c463a3b5501870de64bfcb4255c68512
images_OBJ008/OBJ008_bg_003.jpg,OBJ008,Cat,background,.jpg,562df4be2074ef0a3f5e9bb962d98c29
images_OBJ008/OBJ008_bg_004.jpg,OBJ008,Cat,background,.jpg,897458410da8ef7e52c452e8f22770dd
images_OBJ008/OBJ008_bg_005.jpg,OBJ008,Cat,background,.jpg,225d6525342f7d4853a00ce63fca96ce
images_OBJ009/OBJ009_001.jpg,OBJ009,Marshall Speaker,object,.jpg,f0eb050a36376b01fd69a3cb34563aa7
images_OBJ009/OBJ009_002.jpg,OBJ009,Marshall Speaker,object,.jpg,5a83354d42400deba7dea231ac0e222e
images_OBJ009/OBJ009_003.jpg,OBJ009,Marshall Speaker,object,.jpg,63819aa2c429e016653f096099b79966
images_OBJ009/OBJ009_004.jpg,OBJ009,Marshall Speaker,object,.jpg,fe8971d96e701b3e43383fb0eacd23bf
images_OBJ009/OBJ009_005.jpg,OBJ009,Marshall Speaker,object,.jpg,0e3a63a00bec0ab94ff3fba66ff03d2b
images_OBJ009/OBJ009_006.jpg,OBJ009,Marshall Speaker,object,.jpg,46bd81ad17e82299bbdd16fbba22fd59
images_OBJ009/OBJ009_007.jpg,OBJ009,Marshall Speaker,object,.jpg,72dea9c6f1385d74a12e37619c319b3e
images_OBJ009/OBJ009_008.jpg,OBJ009,Marshall Speaker,object,.jpg,16ab46e985025d528f25b3534bab7289
images_OBJ009/OBJ009_009.jpg,OBJ009,Marshall Speaker,object,.jpg,2f63b2bc648317d660f37c5f3ecc5d64
images_OBJ009/OBJ009_010.jpg,OBJ009,Marshall Speaker,object,.jpg,f7c4175afd4102983be390ced26a8181
images_OBJ009/OBJ009_011.jpg,OBJ009,Marshall Speaker,object,.jpg,d1fc4fa06e3e06b3519d910e753b9394
images_OBJ009/OBJ009_012.jpg,OBJ009,Marshall Speaker,object,.jpg,bccfaa6b073a64e14a0562758cbb2bdf
images_OBJ009/OBJ009_013.jpg,OBJ009,Marshall Speaker,object,.jpg,79d5c619ce9654d04e1cd4d075e64776
images_OBJ009/OBJ009_014.jpg,OBJ009,Marshall Speaker,object,.jpg,d04651f3396cfeea972968be74f18016
images_OBJ009/OBJ009_015.jpg,OBJ009,Marshall Speaker,object,.jpg,a7e9a21161ddea32b573ba6c27a744db
images_OBJ009/OBJ009_016.jpg,OBJ009,Marshall Speaker,object,.jpg,1c829b7140446a4b7b034637806a8a34
images_OBJ009/OBJ009_017.jpg,OBJ009,Marshall Speaker,object,.jpg,b0dd26dcd4dfb93ff10b59f278c1ace1
images_OBJ009/OBJ009_018.jpg,OBJ009,Marshall Speaker,object,.jpg,c93f9e0b25c5de4ecaba3b9e5a2b7b4c
images_OBJ009/OBJ009_019.jpg,OBJ009,Marshall Speaker,object,.jpg,f9cf9cd13272fa670fd3b5c35634b8ea
images_OBJ009/OBJ009_020.jpg,OBJ009,Marshall Speaker,object,.jpg,9082bf0e1fe1ef6e0984aea206eca3e0
images_OBJ009/OBJ009_021.jpg,OBJ009,Marshall Speaker,object,.jpg,b3838a3f99342422ece4b9d625cfb64b
images_OBJ009/OBJ009_022.jpg,OBJ009,Marshall Speaker,object,.jpg,bba623f7821cf44111eefac59ebfe5bb
images_OBJ009/OBJ009_023.jpg,OBJ009,Marshall Speaker,object,.jpg,e1d82bcd23c860ba274239370b95e9b5
images_OBJ009/OBJ009_024.jpg,OBJ009,Marshall Speaker,object,.jpg,933edf7f5c9016d9abf0f02601d0b369
images_OBJ009/OBJ009_025.jpg,OBJ009,Marshall Speaker,object,.jpg,740cef3755ed6fb5882e361a31a78498
images_OBJ009/OBJ009_026.jpg,OBJ009,Marshall Speaker,object,.jpg,692ecae4b22e6809f5e426786098e1df
images_OBJ009/OBJ009_027.jpg,OBJ009,Marshall Speaker,object,.jpg,bda02c06ef767e29bde85dd36023f330
images_OBJ009/OBJ009_028.jpg,OBJ009,Marshall Speaker,object,.jpg,c4e330f2d3bca646881ce03fe90c0a6b
images_OBJ009/OBJ009_029.jpg,OBJ009,Marshall Speaker,object,.jpg,42cea3a64c329b4ee806220426e4134c
images_OBJ009/OBJ009_030.jpg,OBJ009,Marshall Speaker,object,.jpg,2c3a19d6454e8863351f18e5549014e4
images_OBJ009/OBJ009_031.jpg,OBJ009,Marshall Speaker,object,.jpg,057537fa93eeb50933bd6c1f1bceaa93
images_OBJ009/OBJ009_032.jpg,OBJ009,Marshall Speaker,object,.jpg,68f8926ba4a93f301fe0f563e349c13e
images_OBJ009/OBJ009_033.jpg,OBJ009,Marshall Speaker,object,.jpg,40f9269755ba2447522d9bc7caf377ba
images_OBJ009/OBJ009_034.jpg,OBJ009,Marshall Speaker,object,.jpg,7a416b95c9c97b88e0cdce233e152aaa
images_OBJ009/OBJ009_035.jpg,OBJ009,Marshall Speaker,object,.jpg,32d7760e203efe7dd6906a056bf6374d
images_OBJ009/OBJ009_036.jpg,OBJ009,Marshall Speaker,object,.jpg,afd6927c99a85df8ab742542b4e573f5
images_OBJ009/OBJ009_037.jpg,OBJ009,Marshall Speaker,object,.jpg,d13e53ef75123dc3c00a4fe2447578a9
images_OBJ009/OBJ009_038.jpg,OBJ009,Marshall Speaker,object,.jpg,c7bc0ccff58160fddda99a35dd3ca8a4
images_OBJ009/OBJ009_039.jpg,OBJ009,Marshall Speaker,object,.jpg,15a1140596157707569ef9a684f7918c
images_OBJ009/OBJ009_040.jpg,OBJ009,Marshall Speaker,object,.jpg,8fa3a512f85f3ef8ce278c1950414954
images_OBJ009/OBJ009_041.jpg,OBJ009,Marshall Speaker,object,.jpg,53ebef55956c3f1845bf217800092bd7
images_OBJ009/OBJ009_042.jpg,OBJ009,Marshall Speaker,object,.jpg,eff923b479fbb3016d0e33013577e008
images_OBJ009/OBJ009_043.jpg,OBJ009,Marshall Speaker,object,.jpg,5d43a3384d9af29fc7f0d9559a613f47
images_OBJ009/OBJ009_044.jpg,OBJ009,Marshall Speaker,object,.jpg,08c5948eaab4e887718778559257cde2
images_OBJ009/OBJ009_045.jpg,OBJ009,Marshall Speaker,object,.jpg,51217e7307c0ae3a731747f79ea87f98
images_OBJ009/OBJ009_046.jpg,OBJ009,Marshall Speaker,object,.jpg,435f7b14c000ed10942ac02e27942df1
images_OBJ009/OBJ009_047.jpg,OBJ009,Marshall Speaker,object,.jpg,a3cbd3bbada02882d30f4af3d6ecb07d
images_OBJ009/OBJ009_048.jpg,OBJ009,Marshall Speaker,object,.jpg,ef009d90bdbef4d1043d4b9975a5ddfa
images_OBJ009/OBJ009_049.jpg,OBJ009,Marshall Speaker,object,.jpg,a9c4bbd9288654ebac98a23690411c23
images_OBJ009/OBJ009_050.jpg,OBJ009,Marshall Speaker,object,.jpg,9b12941063a095d81ce6d8a8777506c8
images_OBJ009/OBJ009_051.jpg,OBJ009,Marshall Speaker,object,.jpg,5250033433018d817816b3f9d8642ad9
images_OBJ009/OBJ009_052.jpg,OBJ009,Marshall Speaker,object,.jpg,515b9a0a72b6ff53cb3b4872ce31391f
images_OBJ009/OBJ009_053.jpg,OBJ009,Marshall Speaker,object,.jpg,2ed844f1305ffddee8951b828cb8a8b5
images_OBJ009/OBJ009_054.jpg,OBJ009,Marshall Speaker,object,.jpg,8ba89b4820db6122f55880bbdc7b73e3
images_OBJ009/OBJ009_055.jpg,OBJ009,Marshall Speaker,object,.jpg,560012a79fc39e28cf1b612441a569c3
images_OBJ009/OBJ009_056.jpg,OBJ009,Marshall Speaker,object,.jpg,f3c15e46952369b2c2f9538f32d606a2
images_OBJ009/OBJ009_057.jpg,OBJ009,Marshall Speaker,object,.jpg,097067bed8985276ee9c15b238644397
images_OBJ009/OBJ009_058.jpg,OBJ009,Marshall Speaker,object,.jpg,067592bf9d0e3cab749b73a90a600e47
images_OBJ009/OBJ009_059.jpg,OBJ009,Marshall Speaker,object,.jpg,bb95c689a96c1fc50c8982114e417783
images_OBJ009/OBJ009_060.jpg,OBJ009,Marshall Speaker,object,.jpg,76b12071f79cc05ea8d09059969e17e0
images_OBJ009/OBJ009_061.jpg,OBJ009,Marshall Speaker,object,.jpg,12114ff654de12f0ae371bf2ecd4df1d
images_OBJ009/OBJ009_062.jpg,OBJ009,Marshall Speaker,object,.jpg,47c25497a3b05aff4e01d1875ffcf6a2
images_OBJ009/OBJ009_063.jpg,OBJ009,Marshall Speaker,object,.jpg,8ac28ccd011ccfced63441620fe3ca7c
images_OBJ009/OBJ009_064.jpg,OBJ009,Marshall Speaker,object,.jpg,ff7096d8256d86b8c84bce09754d2c89
images_OBJ009/OBJ009_065.jpg,OBJ009,Marshall Speaker,object,.jpg,7e8a89c6d76fb99b859328a3b21841f0
images_OBJ009/OBJ009_066.jpg,OBJ009,Marshall Speaker,object,.jpg,26dc36e9e81d04c36f5978f2fa7fac22
images_OBJ009/OBJ009_067.jpg,OBJ009,Marshall Speaker,object,.jpg,404c15c99108b872aff39cca3cf53e0d
images_OBJ009/OBJ009_068.jpg,OBJ009,Marshall Speaker,object,.jpg,4c08c7f1ba06dd40b1a8447606c82cf4
images_OBJ009/OBJ009_069.jpg,OBJ009,Marshall Speaker,object,.jpg,400a2c2860f3efb6e5366779f22f4cab
images_OBJ009/OBJ009_070.jpg,OBJ009,Marshall Speaker,object,.jpg,19b57f39baadda5159ce405f1c5dcf30
images_OBJ009/OBJ009_071.jpg,OBJ009,Marshall Speaker,object,.jpg,5f1f5e509bf852e310a6e966b75b80c0
images_OBJ009/OBJ009_072.jpg,OBJ009,Marshall Speaker,object,.jpg,1e921fbd2f6b3faa8195d7e1bfbe279c
images_OBJ009/OBJ009_073.jpg,OBJ009,Marshall Speaker,object,.jpg,c208a7e99a5196cdc33839653d510da9
images_OBJ009/OBJ009_074.jpg,OBJ009,Marshall Speaker,object,.jpg,b08e779ab3c4de2a5d61d904184d6abd
images_OBJ009/OBJ009_075.jpg,OBJ009,Marshall Speaker,object,.jpg,82413de8e463f787b8d53118a0bc0e69
images_OBJ009/OBJ009_076.jpg,OBJ009,Marshall Speaker,object,.jpg,47f9f71ecc725e70ddda50675fcd6cf3
images_OBJ009/OBJ009_077.jpg,OBJ009,Marshall Speaker,object,.jpg,af96e283528beca6301ad230762a5f7f
images_OBJ009/OBJ009_078.jpg,OBJ009,Marshall Speaker,object,.jpg,e8b4101d7d8ec3210efa7727e41b4a2b
images_OBJ009/OBJ009_079.jpg,OBJ009,Marshall Speaker,object,.jpg,4d806919f0376698ee63aed244e54fcf
images_OBJ009/OBJ009_080.jpg,OBJ009,Marshall Speaker,object,.jpg,6fc17656cbcc7e8327af5b96a58b901a
images_OBJ009/OBJ009_081.jpg,OBJ009,Marshall Speaker,object,.jpg,0761311b3ddab794b1ca90b04089262f
images_OBJ009/OBJ009_082.jpg,OBJ009,Marshall Speaker,object,.jpg,1b6ce51425ff7f8029a7754f5de15c77
images_OBJ009/OBJ009_083.jpg,OBJ009,Marshall Speaker,object,.jpg,e4c1e3215855226fd444efeb51b3ba1a
images_OBJ009/OBJ009_084.jpg,OBJ009,Marshall Speaker,object,.jpg,c0973c3283c777e21fc27b6fa26d5841
images_OBJ009/OBJ009_085.jpg,OBJ009,Marshall Speaker,object,.jpg,ecfb7aecfbb848077abefe263110bfd6
images_OBJ009/OBJ009_086.jpg,OBJ009,Marshall Speaker,object,.jpg,067f32194c310fb2201738e2fae8a711
images_OBJ009/OBJ009_087.jpg,OBJ009,Marshall Speaker,object,.jpg,d5f9ee2aab2865d1741b495ec6dcec20
images_OBJ009/OBJ009_088.jpg,OBJ009,Marshall Speaker,object,.jpg,e9e99b15f9471c2a767109e61ec743c2
images_OBJ009/OBJ009_089.jpg,OBJ009,Marshall Speaker,object,.jpg,c23195297ff1a647033b28a594dc74d4
images_OBJ009/OBJ009_090.jpg,OBJ009,Marshall Speaker,object,.jpg,768dc502863b1bffd36809c7ecbe7824
images_OBJ009/OBJ009_091.jpg,OBJ009,Marshall Speaker,object,.jpg,e7d8c51a78b269e3af6ea7ec43f22ce3
images_OBJ009/OBJ009_092.jpg,OBJ009,Marshall Speaker,object,.jpg,e99dd8dd78e58ca5e29ca97db27b7c40
images_OBJ009/OBJ009_093.jpg,OBJ009,Marshall Speaker,object,.jpg,fff8d4555ec8f6a6cafa5eca52f25dea
images_OBJ009/OBJ009_094.jpg,OBJ009,Marshall Speaker,object,.jpg,0aaae1aef2eb9653a5deed6a0b8e2eae
images_OBJ009/OBJ009_095.jpg,OBJ009,Marshall Speaker,object,.jpg,9a467f0c289f43095ddc86e9913c0db5
images_OBJ009/OBJ009_bg_001.jpg,OBJ009,Marshall Speaker,background,.jpg,16f701eebf4e57cbb981cb65604cdd7a
images_OBJ009/OBJ009_bg_002.jpg,OBJ009,Marshall Speaker,background,.jpg,a0a1721de204a96f8046981a35966dab
images_OBJ009/OBJ009_bg_003.jpg,OBJ009,Marshall Speaker,background,.jpg,dea48367ea86164f912f8c12864ce7ff
images_OBJ009/OBJ009_bg_004.jpg,OBJ009,Marshall Speaker,background,.jpg,5f83f61b7ec56b0ab4164197a0264f38
images_OBJ009/OBJ009_bg_005.jpg,OBJ009,Marshall Speaker,background,.jpg,4f80a388507377fc96119360054b10af
images_OBJ009/OBJ009_bg_006.jpg,OBJ009,Marshall Speaker,background,.jpg,bc1170998b4b63fbf525265177abb99c
images_OBJ009/OBJ009_bg_007.jpg,OBJ009,Marshall Speaker,background,.jpg,9110d582926410b062c22b527aceb3ba
images_OBJ009/OBJ009_bg_008.jpg,OBJ009,Marshall Speaker,background,.jpg,b4734d8fab33c71f20c5e26c4e458673
images_OBJ009/OBJ009_bg_009.jpg,OBJ009,Marshall Speaker,background,.jpg,60109154a0eca2481bd79b4af19c42ad
images_OBJ009/OBJ009_bg_010.jpg,OBJ009,Marshall Speaker,background,.jpg,70a83705b4d58da6529977cfe9349891
images_OBJ009/OBJ009_bg_011.jpg,OBJ009,Marshall Speaker,background,.jpg,a5a2a8681e473024a2b920f28f65066a
images_OBJ010/OBJ010_001.jpg,OBJ010,Nike sneakers,object,.jpg,640e96534d51da10a871a9c6664e2651
images_OBJ010/OBJ010_002.jpg,OBJ010,Nike sneakers,object,.jpg,f4bf82c1c27fe0f2f876c3d6245c18e5
images_OBJ010/OBJ010_003.jpg,OBJ010,Nike sneakers,object,.jpg,db0f4d63e21a1abc2bb003cfbd918142
images_OBJ010/OBJ010_004.jpg,OBJ010,Nike sneakers,object,.jpg,a45f3b098dd02ae199ffe4774c847827
images_OBJ010/OBJ010_005.jpg,OBJ010,Nike sneakers,object,.jpg,d46340f1ca95cd961db1db88adc9b758
images_OBJ010/OBJ010_006.jpg,OBJ010,Nike sneakers,object,.jpg,b295c8667079bab36bd4db6669cd0efe
images_OBJ010/OBJ010_007.jpg,OBJ010,Nike sneakers,object,.jpg,2a6bc1c8a13c98e64a7b0e3c18404779
images_OBJ010/OBJ010_008.jpg,OBJ010,Nike sneakers,object,.jpg,5b0645cf06092eadd59267e622677810
images_OBJ010/OBJ010_009.jpg,OBJ010,Nike sneakers,object,.jpg,4ac64d7acb41b778afc2503e17b16fbf
images_OBJ010/OBJ010_010.jpg,OBJ010,Nike sneakers,object,.jpg,4a0c846f0c0f472f0425bd55bcf06285
images_OBJ010/OBJ010_011.jpg,OBJ010,Nike sneakers,object,.jpg,4ffff65c1b44db6045d93cd770adc21b
images_OBJ010/OBJ010_012.jpg,OBJ010,Nike sneakers,object,.jpg,679b1a2b8ccdf7ee9a44b8040264c97f
images_OBJ010/OBJ010_013.jpg,OBJ010,Nike sneakers,object,.jpg,e4b2793a40edfb8fbcef3f555962e541
images_OBJ010/OBJ010_014.jpg,OBJ010,Nike sneakers,object,.jpg,bba14490c63547b1b35872170cce0100
images_OBJ010/OBJ010_015.jpg,OBJ010,Nike sneakers,object,.jpg,eff8c5140da9984bed150aa2e29ae9d2
images_OBJ010/OBJ010_016.jpg,OBJ010,Nike sneakers,object,.jpg,02af441fc2859da1be152d9a5a93b62f
images_OBJ010/OBJ010_017.jpg,OBJ010,Nike sneakers,object,.jpg,2773faa8510b17ed8291a4b89fd6b6ae
images_OBJ010/OBJ010_018.jpg,OBJ010,Nike sneakers,object,.jpg,7c7c06976dc729d951be71675db105c1
images_OBJ010/OBJ010_019.jpg,OBJ010,Nike sneakers,object,.jpg,c7642609eda9ed6440279dfd9405beac
images_OBJ010/OBJ010_020.jpg,OBJ010,Nike sneakers,object,.jpg,2d84ac361188af19c75107c487ffe0f6
images_OBJ010/OBJ010_021.jpg,OBJ010,Nike sneakers,object,.jpg,06cd5f65bb3197acaae0387d9d588afc
images_OBJ010/OBJ010_022.jpg,OBJ010,Nike sneakers,object,.jpg,68e7c349c0a1c1afc508596cf89abf96
images_OBJ010/OBJ010_023.jpg,OBJ010,Nike sneakers,object,.jpg,9d11ff40567672ecca65e986ba5439dc
images_OBJ010/OBJ010_024.jpg,OBJ010,Nike sneakers,object,.jpg,d8bf5cdcebbbf67407f03892f992a6d3
images_OBJ010/OBJ010_025.jpg,OBJ010,Nike sneakers,object,.jpg,6751451722c935772888c299f3c5cf0f
images_OBJ010/OBJ010_026.jpg,OBJ010,Nike sneakers,object,.jpg,aad7862a66e87ced4fb993703b21f27a
images_OBJ010/OBJ010_027.jpg,OBJ010,Nike sneakers,object,.jpg,f99cc89d0e1f863f960cb10724663e09
images_OBJ010/OBJ010_028.jpg,OBJ010,Nike sneakers,object,.jpg,39b8008f95f7571724f12760d0081ef4
images_OBJ010/OBJ010_029.jpg,OBJ010,Nike sneakers,object,.jpg,9fd56653bf74112ad7109ac67a5d4bb7
images_OBJ010/OBJ010_030.jpg,OBJ010,Nike sneakers,object,.jpg,f0a304d545c5187c863721198a34c158
images_OBJ010/OBJ010_031.jpg,OBJ010,Nike sneakers,object,.jpg,c8b97e3149a8477f5b69f10261bea8ad
images_OBJ010/OBJ010_032.jpg,OBJ010,Nike sneakers,object,.jpg,aad81e9c6008605d497d143430be37e1
images_OBJ010/OBJ010_033.jpg,OBJ010,Nike sneakers,object,.jpg,657361f6058d32c72c073fc5c13cbbbf
images_OBJ010/OBJ010_034.jpg,OBJ010,Nike sneakers,object,.jpg,08aa68a5522b9913fc764ab3e7cc9627
images_OBJ010/OBJ010_035.jpg,OBJ010,Nike sneakers,object,.jpg,062fc685a4193315942b4abbd43701fb
images_OBJ010/OBJ010_036.jpg,OBJ010,Nike sneakers,object,.jpg,c74777cae3b923972be4cca980ec1d55
images_OBJ010/OBJ010_037.jpg,OBJ010,Nike sneakers,object,.jpg,8eb7382dac3dd98edbc5bd1321d25dc6
images_OBJ010/OBJ010_038.jpg,OBJ010,Nike sneakers,object,.jpg,a1a3829891845b6e1b43348c9c9effc4
images_OBJ010/OBJ010_039.jpg,OBJ010,Nike sneakers,object,.jpg,6de1d6dc56e51368ffa9bcea48b7b1dc
images_OBJ010/OBJ010_040.jpg,OBJ010,Nike sneakers,object,.jpg,fa23b808570763b7c6fbae24bc4baab2
images_OBJ010/OBJ010_041.jpg,OBJ010,Nike sneakers,object,.jpg,efd94a448eafe7422c2037a2639ba625
images_OBJ010/OBJ010_042.jpg,OBJ010,Nike sneakers,object,.jpg,ff635be80bfc6b4e98d3bdd0952e4eb3
images_OBJ010/OBJ010_043.jpg,OBJ010,Nike sneakers,object,.jpg,5fe1d7c4e09b4d20043dbe0b64056555
images_OBJ010/OBJ010_044.jpg,OBJ010,Nike sneakers,object,.jpg,5f6da2512a37efca289f4422fed6c7da
images_OBJ010/OBJ010_045.jpg,OBJ010,Nike sneakers,object,.jpg,4c5bd3e84b13299714945cf3746b6a3f
images_OBJ010/OBJ010_046.jpg,OBJ010,Nike sneakers,object,.jpg,ebdf68fc3cf1e590217c0f44ccd1d2a1
images_OBJ010/OBJ010_047.jpg,OBJ010,Nike sneakers,object,.jpg,068289e5f30bd302d6da2c32ee95807f
images_OBJ010/OBJ010_048.jpg,OBJ010,Nike sneakers,object,.jpg,d653b303ebdb6d755c59569b92462bce
images_OBJ010/OBJ010_049.jpg,OBJ010,Nike sneakers,object,.jpg,4d83d8f2ef7180f2fc3115bf241bde38
images_OBJ010/OBJ010_050.jpg,OBJ010,Nike sneakers,object,.jpg,2330f7f888f6a5190c51b3dfeccf3c8a
images_OBJ010/OBJ010_051.jpg,OBJ010,Nike sneakers,object,.jpg,0e061031af45e2357ca2363bceb6706f
images_OBJ010/OBJ010_052.jpg,OBJ010,Nike sneakers,object,.jpg,275e482691fc01619e0fecf490827363
images_OBJ010/OBJ010_053.jpg,OBJ010,Nike sneakers,object,.jpg,36b2aeacabadc9d0ec858c06ce48e00f
images_OBJ010/OBJ010_054.jpg,OBJ010,Nike sneakers,object,.jpg,7d97bb09f7df2948cb592407ea893832
images_OBJ010/OBJ010_055.jpg,OBJ010,Nike sneakers,object,.jpg,5bdbf7e9cc25490fd365bf3034725828
images_OBJ010/OBJ010_056.jpg,OBJ010,Nike sneakers,object,.jpg,731283a2dc32f88215b3d784904b4179
images_OBJ010/OBJ010_057.jpg,OBJ010,Nike sneakers,object,.jpg,fefa9663504ec4d23735af475fad13ea
images_OBJ010/OBJ010_058.jpg,OBJ010,Nike sneakers,object,.jpg,b1c2e73a9f94832a3f979ec4d9aa5f40
images_OBJ010/OBJ010_059.jpg,OBJ010,Nike sneakers,object,.jpg,a0281175f0cd9fee8cb7950e451ad52f
images_OBJ010/OBJ010_060.jpg,OBJ010,Nike sneakers,object,.jpg,8e148442c73c0eb6afa776d8ef36ea80
images_OBJ010/OBJ010_061.jpg,OBJ010,Nike sneakers,object,.jpg,e855c8852aa1f56b87fcb1a71ac61080
images_OBJ010/OBJ010_062.jpg,OBJ010,Nike sneakers,object,.jpg,582bc2d8f2c3921e68e6c846ac834479
images_OBJ010/OBJ010_063.jpg,OBJ010,Nike sneakers,object,.jpg,2e51240474660b41f4d40f72ec1de8e7
images_OBJ010/OBJ010_064.jpg,OBJ010,Nike sneakers,object,.jpg,0293c6672ea36376a9e63656c50a6ba3
images_OBJ010/OBJ010_065.jpg,OBJ010,Nike sneakers,object,.jpg,db6956b8dfbe94fa6213022203de110b
images_OBJ010/OBJ010_066.jpg,OBJ010,Nike sneakers,object,.jpg,2d564d41351c6c8635a755638c5bdd2d
images_OBJ010/OBJ010_067.jpg,OBJ010,Nike sneakers,object,.jpg,989fb84835d89b5d10eb47d5afc8ae1b
images_OBJ010/OBJ010_068.jpg,OBJ010,Nike sneakers,object,.jpg,638e952d0b448649360661eb13acb841
images_OBJ010/OBJ010_069.jpg,OBJ010,Nike sneakers,object,.jpg,4eebd17fd76f9324fc34d5aa7f44456d
images_OBJ010/OBJ010_070.jpg,OBJ010,Nike sneakers,object,.jpg,c5a05bd2c7927afa486df759dddc7fd2
images_OBJ010/OBJ010_071.jpg,OBJ010,Nike sneakers,object,.jpg,9a5c420513d48a1333edc2286d896a6e
images_OBJ010/OBJ010_072.jpg,OBJ010,Nike sneakers,object,.jpg,5516fc75314af0e80614b4c86f2b4f8b
images_OBJ010/OBJ010_073.jpg,OBJ010,Nike sneakers,object,.jpg,68b9cb8626202dfc7d786326c0a893b0
images_OBJ010/OBJ010_074.jpg,OBJ010,Nike sneakers,object,.jpg,b42a097fcd2191630c8dc4a66372fafa
images_OBJ010/OBJ010_075.jpg,OBJ010,Nike sneakers,object,.jpg,3f6204a1fd8f121a4c07b27cb7a52314
images_OBJ010/OBJ010_076.jpg,OBJ010,Nike sneakers,object,.jpg,66055bb17d7ceee3910faee3dbaba4e2
images_OBJ010/OBJ010_077.jpg,OBJ010,Nike sneakers,object,.jpg,afa28b4ed8aeba8612b37b646abfee83
images_OBJ010/OBJ010_078.jpg,OBJ010,Nike sneakers,object,.jpg,ae06cb6be28ace379b2b4fc5d66b0fae
images_OBJ010/OBJ010_079.jpg,OBJ010,Nike sneakers,object,.jpg,96419bb726c53babfa9bf83357f82cc9
images_OBJ010/OBJ010_080.jpg,OBJ010,Nike sneakers,object,.jpg,8c12003e1300abb82280bf4f743d18db
images_OBJ010/OBJ010_081.jpg,OBJ010,Nike sneakers,object,.jpg,da36d2248665f0e534b859f12f9786c3
images_OBJ010/OBJ010_082.jpg,OBJ010,Nike sneakers,object,.jpg,cfcebb08b323694f3784418f1566949a
images_OBJ010/OBJ010_083.jpg,OBJ010,Nike sneakers,object,.jpg,0b79505e56befc270c911e3cd64fbf44
images_OBJ010/OBJ010_084.jpg,OBJ010,Nike sneakers,object,.jpg,6e7a2373ccd8f4d9b4be0ee189007854
images_OBJ010/OBJ010_085.jpg,OBJ010,Nike sneakers,object,.jpg,4ec527ee68a623e0ae0cddc7f1288da4
images_OBJ010/OBJ010_086.jpg,OBJ010,Nike sneakers,object,.jpg,f4b231d81809333afcbc238af593f685
images_OBJ010/OBJ010_087.jpg,OBJ010,Nike sneakers,object,.jpg,cb0b2a2349967b3a672e17d014d361a6
images_OBJ010/OBJ010_088.jpg,OBJ010,Nike sneakers,object,.jpg,7266e7a5b51ff690d2b81a2182dc25f0
images_OBJ010/OBJ010_089.jpg,OBJ010,Nike sneakers,object,.jpg,e4cea840a03fa4acf10582a7a0316e4c
images_OBJ010/OBJ010_090.jpg,OBJ010,Nike sneakers,object,.jpg,697e5600dfcb868ef0c9e4be193ad224
images_OBJ010/OBJ010_091.jpg,OBJ010,Nike sneakers,object,.jpg,364129be56e780556b8dc5bd1985e8cd
images_OBJ010/OBJ010_092.jpg,OBJ010,Nike sneakers,object,.jpg,ee6539e5b0ebb0b712219ee670312178
images_OBJ010/OBJ010_093.jpg,OBJ010,Nike sneakers,object,.jpg,3740a33b4a9631193552bd2451c195fb
images_OBJ010/OBJ010_094.jpg,OBJ010,Nike sneakers,object,.jpg,28ccfe998bd0bb8faf8782b657f4f94f
images_OBJ010/OBJ010_095.jpg,OBJ010,Nike sneakers,object,.jpg,f73eb1c6234a006ffd4e026f8de2484e
images_OBJ010/OBJ010_bg_001.jpg,OBJ010,Nike sneakers,background,.jpg,c1692271a164ac6eab9fe05e1fc3403d
images_OBJ010/OBJ010_bg_002.jpg,OBJ010,Nike sneakers,background,.jpg,c5396f20a22ac452c73556c37b99860f
images_OBJ010/OBJ010_bg_003.jpg,OBJ010,Nike sneakers,background,.jpg,ce8235f0a0ce8630c96f50b64cc81257
images_OBJ010/OBJ010_bg_004.jpg,OBJ010,Nike sneakers,background,.jpg,d90c53166e49b29bded4553142f5ba2c
images_OBJ010/OBJ010_bg_005.jpg,OBJ010,Nike sneakers,background,.jpg,77a972a5b074aead3a1b73faa2d00fc5
images_OBJ011/OBJ011_001.jpg,OBJ011,Mug,object,.jpg,eaeb1d5c3ea361bfbb92606bacbdb2fc
images_OBJ011/OBJ011_002.jpg,OBJ011,Mug,object,.jpg,a0add434151f7cb481d02e7240231a23
images_OBJ011/OBJ011_003.jpg,OBJ011,Mug,object,.jpg,94659889a1748b9e44c3e32ef9a0a293
images_OBJ011/OBJ011_004.jpg,OBJ011,Mug,object,.jpg,94a562702c623098b2a2cdc1b43b3571
images_OBJ011/OBJ011_005.jpg,OBJ011,Mug,object,.jpg,08ac5bdefb466f4c1dcdbb817846a075
images_OBJ011/OBJ011_006.jpg,OBJ011,Mug,object,.jpg,944df4d6563f15089a7af37e569eee77
images_OBJ011/OBJ011_007.jpg,OBJ011,Mug,object,.jpg,c69d0c86b077a9c4f2dd64c16eb6b2da
images_OBJ011/OBJ011_008.jpg,OBJ011,Mug,object,.jpg,e5e5555a000a3a1b0fb0742173160dfe
images_OBJ011/OBJ011_009.jpg,OBJ011,Mug,object,.jpg,6531cb094535ef2e7e33baa22eee0fe6
images_OBJ011/OBJ011_010.jpg,OBJ011,Mug,object,.jpg,045eb009a0ac36a1bf0744571f462433
images_OBJ011/OBJ011_011.jpg,OBJ011,Mug,object,.jpg,1b57e4ba1bde2e5d541c01803f93797a
images_OBJ011/OBJ011_012.jpg,OBJ011,Mug,object,.jpg,9c34b21f2325d59e3ca1882262c08d08
images_OBJ011/OBJ011_013.jpg,OBJ011,Mug,object,.jpg,658eb6c9a6d14c99fbc304982112814e
images_OBJ011/OBJ011_014.jpg,OBJ011,Mug,object,.jpg,83337ef8c686130dfccc45551096107f
images_OBJ011/OBJ011_015.jpg,OBJ011,Mug,object,.jpg,78c6958c95ee93ddcf9fa15c3d171efd
images_OBJ011/OBJ011_016.jpg,OBJ011,Mug,object,.jpg,84d3b18e73c307962c391d015f5a177a
images_OBJ011/OBJ011_017.jpg,OBJ011,Mug,object,.jpg,ef8e0af92b762538bc36986de08f1aab
images_OBJ011/OBJ011_018.jpg,OBJ011,Mug,object,.jpg,89c42d35aebd1d5e6f81b1d283131869
images_OBJ011/OBJ011_019.jpg,OBJ011,Mug,object,.jpg,2951ee49506509241df70d07c03e9e52
images_OBJ011/OBJ011_020.jpg,OBJ011,Mug,object,.jpg,c199d686de525da723370e61249b613b
images_OBJ011/OBJ011_021.jpg,OBJ011,Mug,object,.jpg,8a6ac6edc65b0aaa07b86233ee01d0bc
images_OBJ011/OBJ011_022.jpg,OBJ011,Mug,object,.jpg,7200c1f68b0f80118d2faa33dbd29016
images_OBJ011/OBJ011_023.jpg,OBJ011,Mug,object,.jpg,a75df234f7777ea78aeb9a3c66f6806c
images_OBJ011/OBJ011_024.jpg,OBJ011,Mug,object,.jpg,ef6ef43f7a03b4a6c022561ec3a2bb1f
images_OBJ011/OBJ011_025.jpg,OBJ011,Mug,object,.jpg,a75df234f7777ea78aeb9a3c66f6806c
images_OBJ011/OBJ011_026.jpg,OBJ011,Mug,object,.jpg,ef6ef43f7a03b4a6c022561ec3a2bb1f
images_OBJ011/OBJ011_027.jpg,OBJ011,Mug,object,.jpg,cb44508962c71a4bf76a7067ad7a2dbd
images_OBJ011/OBJ011_028.jpg,OBJ011,Mug,object,.jpg,aa53c7347db659b0e2b85022494c5e5b
images_OBJ011/OBJ011_029.jpg,OBJ011,Mug,object,.jpg,6c833a04e6b31489f3053114d78c7e1c
images_OBJ011/OBJ011_030.jpg,OBJ011,Mug,object,.jpg,aa916f6c3d9b29b191366ccfed7fa796
images_OBJ011/OBJ011_031.jpg,OBJ011,Mug,object,.jpg,72dee6d23fadc2b0cd1c3f5fe9f2754b
images_OBJ011/OBJ011_032.jpg,OBJ011,Mug,object,.jpg,a23ba3f672fa110925122b321ebda145
images_OBJ011/OBJ011_033.jpg,OBJ011,Mug,object,.jpg,5627ca284ab8a9fa496e97abf1fbf901
images_OBJ011/OBJ011_034.jpg,OBJ011,Mug,object,.jpg,534f137e852dd0af9ec31af4a19e6c61
images_OBJ011/OBJ011_035.jpg,OBJ011,Mug,object,.jpg,130666ef1afae82e00179444a2229163
images_OBJ011/OBJ011_036.jpg,OBJ011,Mug,object,.jpg,8ee40dea05a4bdfeed307757ed46fdb9
images_OBJ011/OBJ011_037.jpg,OBJ011,Mug,object,.jpg,fda6eea3318e23af0274a23985fb72b0
images_OBJ011/OBJ011_038.jpg,OBJ011,Mug,object,.jpg,da2cca82566acc2330545b64f2af518e
images_OBJ011/OBJ011_039.jpg,OBJ011,Mug,object,.jpg,4c4c6b7fbbd2f868e7da60baecd24a05
images_OBJ011/OBJ011_040.jpg,OBJ011,Mug,object,.jpg,a75801326e9c476a59926ca715216043
images_OBJ011/OBJ011_041.jpg,OBJ011,Mug,object,.jpg,8955e487c8ded400dee6e72c86ec5319
images_OBJ011/OBJ011_042.jpg,OBJ011,Mug,object,.jpg,57f289a8b544c301d10b9ac13f3a8876
images_OBJ011/OBJ011_043.jpg,OBJ011,Mug,object,.jpg,2dd4760a9c9fc2a7da28b07ad00425d6
images_OBJ011/OBJ011_044.jpg,OBJ011,Mug,object,.jpg,2613b082a3ef281c8d4b34e52bbf7706
images_OBJ011/OBJ011_045.jpg,OBJ011,Mug,object,.jpg,e52adb9252800dbaa2910397212f090d
images_OBJ011/OBJ011_046.jpg,OBJ011,Mug,object,.jpg,350a2778d48ab1cc9299be9392594a6e
images_OBJ011/OBJ011_047.jpg,OBJ011,Mug,object,.jpg,d14534597dd1abdd84815640bb3016d7
images_OBJ011/OBJ011_048.jpg,OBJ011,Mug,object,.jpg,56b04ff44b50ef6c88f5d14a3d73d91c
images_OBJ011/OBJ011_049.jpg,OBJ011,Mug,object,.jpg,9725f90fcff6d593d839b7c718a6f141
images_OBJ011/OBJ011_050.jpg,OBJ011,Mug,object,.jpg,72155142e0b52ba87ee1c3d4231750f3
images_OBJ011/OBJ011_051.jpg,OBJ011,Mug,object,.jpg,f1666b784d67ae18a16e1f51a304d30c
images_OBJ011/OBJ011_052.jpg,OBJ011,Mug,object,.jpg,09e1ce1582d735b64662d838b09c3862
images_OBJ011/OBJ011_053.jpg,OBJ011,Mug,object,.jpg,718cea8d6bf82d532d4da6790861805b
images_OBJ011/OBJ011_054.jpg,OBJ011,Mug,object,.jpg,a6f728f46621ca8f3b11ecdb7a7f2dc6
images_OBJ011/OBJ011_055.jpg,OBJ011,Mug,object,.jpg,00cd078464a782fb0dab05068c99ead7
images_OBJ011/OBJ011_056.jpg,OBJ011,Mug,object,.jpg,ebc2d22134c824f1a477b502faae0009
images_OBJ011/OBJ011_057.jpg,OBJ011,Mug,object,.jpg,4516ca8ecef6a59da1cd259114f8d859
images_OBJ011/OBJ011_058.jpg,OBJ011,Mug,object,.jpg,61f5ec8366fbf8cf267e14e861773cef
images_OBJ011/OBJ011_059.jpg,OBJ011,Mug,object,.jpg,cf21efe13b41ca6952f96c7b93b420e3
images_OBJ011/OBJ011_060.jpg,OBJ011,Mug,object,.jpg,cc5e8d25c2ed087a7d8f14522d3896e5
images_OBJ011/OBJ011_061.jpg,OBJ011,Mug,object,.jpg,b1a574e180203c7589df83834f3e831b
images_OBJ011/OBJ011_062.jpg,OBJ011,Mug,object,.jpg,6f353d94f4bc2f3139b39224f3684f83
images_OBJ011/OBJ011_063.jpg,OBJ011,Mug,object,.jpg,4ba6ee1c543378a5bb32864bf29cf24a
images_OBJ011/OBJ011_064.jpg,OBJ011,Mug,object,.jpg,601aaaaed7633134951ef7b81e5ed279
images_OBJ011/OBJ011_065.jpg,OBJ011,Mug,object,.jpg,398caaed421f7081f4cca9b23e88a026
images_OBJ011/OBJ011_066.jpg,OBJ011,Mug,object,.jpg,11d8a26edbe448c80ed65a39adcb4edf
images_OBJ011/OBJ011_067.jpg,OBJ011,Mug,object,.jpg,dff94ca392be757e2271172655e747f8
images_OBJ011/OBJ011_068.jpg,OBJ011,Mug,object,.jpg,e39f7e960e4a3d0e17e36fd2206af758
images_OBJ011/OBJ011_069.jpg,OBJ011,Mug,object,.jpg,8da43e46e9dfccf3d8a98f7d1d65c3ea
images_OBJ011/OBJ011_070.jpg,OBJ011,Mug,object,.jpg,6759eceda903b7a1346907aaa9460c37
images_OBJ011/OBJ011_071.jpg,OBJ011,Mug,object,.jpg,45ca1fe8948e52da3a71ea87c18c7a2c
images_OBJ011/OBJ011_072.jpg,OBJ011,Mug,object,.jpg,333e9a18007ebafcf9807d5bf163569e
images_OBJ011/OBJ011_073.jpg,OBJ011,Mug,object,.jpg,8a69a0948ed43da08406af3f88f8354b
images_OBJ011/OBJ011_074.jpg,OBJ011,Mug,object,.jpg,7172b698f64ded2562f2aee5fa4dfbe1
images_OBJ011/OBJ011_075.jpg,OBJ011,Mug,object,.jpg,19eca7753d1c656f136fdb56980a3e32
images_OBJ011/OBJ011_076.jpg,OBJ011,Mug,object,.jpg,d31c94f173fe3622fdcb3becf6d5adab
images_OBJ011/OBJ011_077.jpg,OBJ011,Mug,object,.jpg,e5856ff16e0d1b269884eddba95c75a7
images_OBJ011/OBJ011_078.jpg,OBJ011,Mug,object,.jpg,b1742acb0761de41f841b0c414302098
images_OBJ011/OBJ011_079.jpg,OBJ011,Mug,object,.jpg,92845c53538461c5c625eb39871fcbf0
images_OBJ011/OBJ011_080.jpg,OBJ011,Mug,object,.jpg,3c9ca80e0ef28cede8b7eb8308bda873
images_OBJ011/OBJ011_081.jpg,OBJ011,Mug,object,.jpg,1627dd519b6d8fe97446c84e65b95441
images_OBJ011/OBJ011_082.jpg,OBJ011,Mug,object,.jpg,ff0900cce4257c09a29d95b4fefe94b0
images_OBJ011/OBJ011_083.jpg,OBJ011,Mug,object,.jpg,6f598d04ce6185f04a345732783523c7
images_OBJ011/OBJ011_084.jpg,OBJ011,Mug,object,.jpg,764a74f46f9facebe64943641941b4eb
images_OBJ011/OBJ011_085.jpg,OBJ011,Mug,object,.jpg,03790ac08c7c1d00ec8609debbb0c3f2
images_OBJ011/OBJ011_086.jpg,OBJ011,Mug,object,.jpg,0780218142e1ffda6dfb8f2f103103c9
images_OBJ011/OBJ011_087.jpg,OBJ011,Mug,object,.jpg,84fc6bcd17fca547cf3402c57e7b900c
images_OBJ011/OBJ011_088.jpg,OBJ011,Mug,object,.jpg,8b29ebc42d40dc0b14f770d089e6efc1
images_OBJ011/OBJ011_089.jpg,OBJ011,Mug,object,.jpg,dc4180a828d582f1bc00cd8d16c5fc46
images_OBJ011/OBJ011_090.jpg,OBJ011,Mug,object,.jpg,4f6a066d53b129f7f748877457372319
images_OBJ011/OBJ011_091.jpg,OBJ011,Mug,object,.jpg,475ffe9d50b5b1c3dbd9c317af765b26
images_OBJ011/OBJ011_092.jpg,OBJ011,Mug,object,.jpg,e5cfe79f86ae56124b4bc003c0b25a04
images_OBJ011/OBJ011_093.jpg,OBJ011,Mug,object,.jpg,f364b7a816eff66a766b6bfa1babcfe5
images_OBJ011/OBJ011_094.jpg,OBJ011,Mug,object,.jpg,882660d6ae166b1300c60d53c9742492
images_OBJ011/OBJ011_95.jpg,OBJ011,Mug,object,.jpg,36eff3c2bc390521ff615f417aa34f40
images_OBJ011/OBJ011_bg_001.jpg,OBJ011,Mug,background,.jpg,a95057529c67c2376eef47efdf2dbcec
images_OBJ011/OBJ011_bg_002.jpg,OBJ011,Mug,background,.jpg,a20d78a7b4a148ca77747b70475fcefe
images_OBJ011/OBJ011_bg_003.jpg,OBJ011,Mug,background,.jpg,a0866c6af1b31282dca1293dd0c85245
images_OBJ011/OBJ011_bg_004.jpg,OBJ011,Mug,background,.jpg,ec8f9df5c01d29f0041890ef8dc7938a
images_OBJ011/OBJ011_bg_005.jpg,OBJ011,Mug,background,.jpg,1b6361b93ac989ba06391e9c7a6ddee0
images_OBJ012/OBJ012_001.jpg,OBJ012,Computer Keyboard,object,.jpg,57ec6499df6258a856e87b0f4ff9f6a6
images_OBJ012/OBJ012_002.jpg,OBJ012,Computer Keyboard,object,.jpg,5cb54dd35f573bc96c8a0f1021c85f03
images_OBJ012/OBJ012_003.jpg,OBJ012,Computer Keyboard,object,.jpg,1a00a2c4da16514b4f70cb4791fdf12e
images_OBJ012/OBJ012_004.jpg,OBJ012,Computer Keyboard,object,.jpg,02c90b30daffa6bcedafd2e829d755a9
images_OBJ012/OBJ012_005.jpg,OBJ012,Computer Keyboard,object,.jpg,e4613ef0d1b55045083fb2e7ed8cf2e8
images_OBJ012/OBJ012_006.jpg,OBJ012,Computer Keyboard,object,.jpg,830965d63ece6c776da3b85ee2376a10
images_OBJ012/OBJ012_007.jpg,OBJ012,Computer Keyboard,object,.jpg,b47964cbe29d25be5f5e0d6a390b97f2
images_OBJ012/OBJ012_008.jpg,OBJ012,Computer Keyboard,object,.jpg,d37216897fc74f0abe1b849ee5f8f025
images_OBJ012/OBJ012_009.jpg,OBJ012,Computer Keyboard,object,.jpg,3147f09cbb7c886bb6b8c63502b5ac42
images_OBJ012/OBJ012_010.jpg,OBJ012,Computer Keyboard,object,.jpg,2b5b202f9ae0cbe287b887e136c98a88
images_OBJ012/OBJ012_011.jpg,OBJ012,Computer Keyboard,object,.jpg,1dcd197712ebf3f3e588f23b48f255ce
images_OBJ012/OBJ012_012.jpg,OBJ012,Computer Keyboard,object,.jpg,e1e89370ee675270a044672af8f3e2a3
images_OBJ012/OBJ012_013.jpg,OBJ012,Computer Keyboard,object,.jpg,3f1a3aaa200c5cec01c783d86b8dcc9c
images_OBJ012/OBJ012_014.jpg,OBJ012,Computer Keyboard,object,.jpg,22db07efd7e3aff924fe8abe75458538
images_OBJ012/OBJ012_015.jpg,OBJ012,Computer Keyboard,object,.jpg,0c8ea44dfa23e4e901045b29a9a44625
images_OBJ012/OBJ012_016.jpg,OBJ012,Computer Keyboard,object,.jpg,078671a115f7285e5cbdc7637f40241f
images_OBJ012/OBJ012_017.jpg,OBJ012,Computer Keyboard,object,.jpg,e0d8954d9099c7a422ae339b1ffd142a
images_OBJ012/OBJ012_018.jpg,OBJ012,Computer Keyboard,object,.jpg,46fde3ca020b2c64420121c2a0c36650
images_OBJ012/OBJ012_019.jpg,OBJ012,Computer Keyboard,object,.jpg,b7d43ea4caebf4d8927bf4742dc08f82
images_OBJ012/OBJ012_020.jpg,OBJ012,Computer Keyboard,object,.jpg,4203029eb1d57f6348439c5e923fd46d
images_OBJ012/OBJ012_021.jpg,OBJ012,Computer Keyboard,object,.jpg,853e2ed7fda063ca5933368e0860fe41
images_OBJ012/OBJ012_022.jpg,OBJ012,Computer Keyboard,object,.jpg,c508d889b0defca6187c22495d971f3b
images_OBJ012/OBJ012_023.jpg,OBJ012,Computer Keyboard,object,.jpg,23e19059a9f7a26c063b9160951d005f
images_OBJ012/OBJ012_024.jpg,OBJ012,Computer Keyboard,object,.jpg,83cda186c0533ac422116c4786e09bea
images_OBJ012/OBJ012_025.jpg,OBJ012,Computer Keyboard,object,.jpg,8b39803d865d784acd31b0a89d0438bc
images_OBJ012/OBJ012_026.jpg,OBJ012,Computer Keyboard,object,.jpg,f25513dc4a1e7b1d391622981bff53ba
images_OBJ012/OBJ012_027.jpg,OBJ012,Computer Keyboard,object,.jpg,c215dd5a041a9c9d17b74225b313180d
images_OBJ012/OBJ012_028.jpg,OBJ012,Computer Keyboard,object,.jpg,b00a47413609d379190ea4a3efcb9e93
images_OBJ012/OBJ012_029.jpg,OBJ012,Computer Keyboard,object,.jpg,cd5863de473d8fab2e1c315376b8c11e
images_OBJ012/OBJ012_030.jpg,OBJ012,Computer Keyboard,object,.jpg,d952baabc2d1c45dc598c64fec88eb7c
images_OBJ012/OBJ012_031.jpg,OBJ012,Computer Keyboard,object,.jpg,5ec6994701d7696224299f190e61b1c6
images_OBJ012/OBJ012_032.jpg,OBJ012,Computer Keyboard,object,.jpg,987ad20bd2473475180d9d338723f59e
images_OBJ012/OBJ012_033.jpg,OBJ012,Computer Keyboard,object,.jpg,ef9d17e7fdf8730190a219747ca020d0
images_OBJ012/OBJ012_034.jpg,OBJ012,Computer Keyboard,object,.jpg,2d2393cdb4c3c4fea410a81f4eb0d6f1
images_OBJ012/OBJ012_035.jpg,OBJ012,Computer Keyboard,object,.jpg,02828e15fd8b5a08de3805c80b32e461
images_OBJ012/OBJ012_036.jpg,OBJ012,Computer Keyboard,object,.jpg,67d272402b10440bbbdd895913536d89
images_OBJ012/OBJ012_037.jpg,OBJ012,Computer Keyboard,object,.jpg,320ba0ad0d0e2bebd669bc493b5edc2d
images_OBJ012/OBJ012_038.jpg,OBJ012,Computer Keyboard,object,.jpg,49fd94c111cb9a6a0933239252ae4da5
images_OBJ012/OBJ012_039.jpg,OBJ012,Computer Keyboard,object,.jpg,a030445dc9a942ff37d3605cf3a235a3
images_OBJ012/OBJ012_040.jpg,OBJ012,Computer Keyboard,object,.jpg,033241a36545ad995b4b3ab9cda20fa3
images_OBJ012/OBJ012_041.jpg,OBJ012,Computer Keyboard,object,.jpg,d2d26bba1b2d5b133f091be3019e5970
images_OBJ012/OBJ012_042.jpg,OBJ012,Computer Keyboard,object,.jpg,5afae998b21244136c51a5ca2ab3784b
images_OBJ012/OBJ012_043.jpg,OBJ012,Computer Keyboard,object,.jpg,a1f46bee4e2a8ed71684d0926e269600
images_OBJ012/OBJ012_044.jpg,OBJ012,Computer Keyboard,object,.jpg,a92e636103aeebda21aa096a28feefb1
images_OBJ012/OBJ012_045.jpg,OBJ012,Computer Keyboard,object,.jpg,7a8da4a38b7ed390111aa619f009593e
images_OBJ012/OBJ012_046.jpg,OBJ012,Computer Keyboard,object,.jpg,e96b3995694c231debaa0e731bab1f7d
images_OBJ012/OBJ012_047.jpg,OBJ012,Computer Keyboard,object,.jpg,7e9c648c1065eb49505f5a28bee00878
images_OBJ012/OBJ012_048.jpg,OBJ012,Computer Keyboard,object,.jpg,074a0bb63d1d8f29941eec963b1bdf01
images_OBJ012/OBJ012_049.jpg,OBJ012,Computer Keyboard,object,.jpg,ae3c378532f7cf5c034e2d84c123c2d1
images_OBJ012/OBJ012_050.jpg,OBJ012,Computer Keyboard,object,.jpg,fbe8ff727b798a2bfd6ac631ca9d5dda
images_OBJ012/OBJ012_051.jpg,OBJ012,Computer Keyboard,object,.jpg,1c9d453dc402ba80e9ae727f8d109ddf
images_OBJ012/OBJ012_052.jpg,OBJ012,Computer Keyboard,object,.jpg,900c52319877a777d8ad28e276c29a84
images_OBJ012/OBJ012_053.jpg,OBJ012,Computer Keyboard,object,.jpg,87bfd1f4cdba936f0b438094f6960e72
images_OBJ012/OBJ012_054.jpg,OBJ012,Computer Keyboard,object,.jpg,fbf2de4fd7659e9c6ebc8aed316af521
images_OBJ012/OBJ012_055.jpg,OBJ012,Computer Keyboard,object,.jpg,b6e0a2ae3979739c2c079195fc342792
images_OBJ012/OBJ012_056.jpg,OBJ012,Computer Keyboard,object,.jpg,7a9fff0d02e1f2555e5128ff224c8817
images_OBJ012/OBJ012_057.jpg,OBJ012,Computer Keyboard,object,.jpg,d260e01b4006cd46f00ee0a67b74d582
images_OBJ012/OBJ012_058.jpg,OBJ012,Computer Keyboard,object,.jpg,ed4dda1263e63f527108e7ebd51df386
images_OBJ012/OBJ012_059.jpg,OBJ012,Computer Keyboard,object,.jpg,062e399bf9ad10962653bcbff176b520
images_OBJ012/OBJ012_060.jpg,OBJ012,Computer Keyboard,object,.jpg,876146399f5dd802b099f7f60d1b5f54
images_OBJ012/OBJ012_061.jpg,OBJ012,Computer Keyboard,object,.jpg,81bb733faeb63c7e3204271435376968
images_OBJ012/OBJ012_062.jpg,OBJ012,Computer Keyboard,object,.jpg,bc8fa94f0a2b7d48a38c5260c06304c8
images_OBJ012/OBJ012_063.jpg,OBJ012,Computer Keyboard,object,.jpg,bea1bebe4f43ce04db3d3825afffbe88
images_OBJ012/OBJ012_064.jpg,OBJ012,Computer Keyboard,object,.jpg,b8ea98f8917b2dc9df383e3f40fb9bc2
images_OBJ012/OBJ012_065.jpg,OBJ012,Computer Keyboard,object,.jpg,e991ea740b82d06eb08ca7dfc49d3c5c
images_OBJ012/OBJ012_066.jpg,OBJ012,Computer Keyboard,object,.jpg,d23e60766a4b49748b720b69e9c0e106
images_OBJ012/OBJ012_067.jpg,OBJ012,Computer Keyboard,object,.jpg,5475708257b7bb772dd130be528c53e6
images_OBJ012/OBJ012_068.jpg,OBJ012,Computer Keyboard,object,.jpg,f0a228d4441dcebe694441a61d9367cd
images_OBJ012/OBJ012_069.jpg,OBJ012,Computer Keyboard,object,.jpg,096c248f70bb85414e8c084a4ac1d205
images_OBJ012/OBJ012_070.jpg,OBJ012,Computer Keyboard,object,.jpg,371fdfd811c5b6ea900b6599aecbe843
images_OBJ012/OBJ012_071.jpg,OBJ012,Computer Keyboard,object,.jpg,941902d7468eddb897d197ccd87c6a85
images_OBJ012/OBJ012_072.jpg,OBJ012,Computer Keyboard,object,.jpg,37641b8775b674c90d96c6d0cece845a
images_OBJ012/OBJ012_073.jpg,OBJ012,Computer Keyboard,object,.jpg,ab97b45fd3f05fed1bfb99c0c7a90fb4
images_OBJ012/OBJ012_074.jpg,OBJ012,Computer Keyboard,object,.jpg,dc5e95a43b11b4b3baf33df4c64870c5
images_OBJ012/OBJ012_075.jpg,OBJ012,Computer Keyboard,object,.jpg,d7d7917fd7451cc44b01c091c285aa4c
images_OBJ012/OBJ012_076.jpg,OBJ012,Computer Keyboard,object,.jpg,0a0619472eb8f7872d7df054b1aaafd0
images_OBJ012/OBJ012_077.jpg,OBJ012,Computer Keyboard,object,.jpg,e68d581f40f756d7f1a59db60afe545e
images_OBJ012/OBJ012_078.jpg,OBJ012,Computer Keyboard,object,.jpg,bab0ee790f25c45bb3dc4f8c860bddf7
images_OBJ012/OBJ012_079.jpg,OBJ012,Computer Keyboard,object,.jpg,64e7cd4495353830d54b4ee23eaff9df
images_OBJ012/OBJ012_080.jpg,OBJ012,Computer Keyboard,object,.jpg,25dc0e12c8fba4ab1273bf74430fe85a
images_OBJ012/OBJ012_081.jpg,OBJ012,Computer Keyboard,object,.jpg,7f8a6191f431a7874fe03991647e7458
images_OBJ012/OBJ012_082.jpg,OBJ012,Computer Keyboard,object,.jpg,0ad3fdcded3461d1dbf0b85b291413a7
images_OBJ012/OBJ012_083.jpg,OBJ012,Computer Keyboard,object,.jpg,402917c48868a2443fb6dc579e4fee00
images_OBJ012/OBJ012_084.jpg,OBJ012,Computer Keyboard,object,.jpg,599514cf0ebf86df9097cc5b82f3a2af
images_OBJ012/OBJ012_085.jpg,OBJ012,Computer Keyboard,object,.jpg,dba6dea9e5f27cc9672dc458a7aa3b1f
images_OBJ012/OBJ012_086.jpg,OBJ012,Computer Keyboard,object,.jpg,6298362b801065d18b68d0b45b44b95d
images_OBJ012/OBJ012_087.jpg,OBJ012,Computer Keyboard,object,.jpg,a5dd1aaf523e344508f41de2e95b5f52
images_OBJ012/OBJ012_088.jpg,OBJ012,Computer Keyboard,object,.jpg,770ebc64369c65b8925a0526fb4a329e
images_OBJ012/OBJ012_089.jpg,OBJ012,Computer Keyboard,object,.jpg,1c61fb23fdb729708f5136b3b03c1dde
images_OBJ012/OBJ012_090.jpg,OBJ012,Computer Keyboard,object,.jpg,afea2d3294b018a60ae3b7023a1669fd
images_OBJ012/OBJ012_091.jpeg,OBJ012,Computer Keyboard,object,.jpeg,99fa07c94c4e63a4130d63aa714933c3
images_OBJ012/OBJ012_092.jpg,OBJ012,Computer Keyboard,object,.jpg,e3736f6abbe56bbbbe3cf5cc1c062e35
images_OBJ012/OBJ012_093.jpg,OBJ012,Computer Keyboard,object,.jpg,48a9bf9f6eecb870103f5ba4cafaa934
images_OBJ012/OBJ012_094.jpg,OBJ012,Computer Keyboard,object,.jpg,9abbffa5556e1c28c81ee17df35d09b0
images_OBJ012/OBJ012_095.jpg,OBJ012,Computer Keyboard,object,.jpg,d4de0aceb5b6743190469adc3f0736f7
images_OBJ012/OBJ012_bg_001.jpg,OBJ012,Computer Keyboard,background,.jpg,e2b64208a0c048830af4593f827b8f14
images_OBJ012/OBJ012_bg_002.jpg,OBJ012,Computer Keyboard,background,.jpg,12fea74a1f72e9340dc9bd2fec429db5
images_OBJ012/OBJ012_bg_003.jpg,OBJ012,Computer Keyboard,background,.jpg,db2ffedf92a65b7fecfdd421862f81d5
images_OBJ012/OBJ012_bg_004.jpg,OBJ012,Computer Keyboard,background,.jpg,911479b81c15d40e6016fc9e2c281b40
images_OBJ012/OBJ012_bg_005.jpeg,OBJ012,Computer Keyboard,background,.jpeg,8281acb9d1c7c2816ed2ec7e4a4656b3
images_OBJ013/OBJ013_001.jpg,OBJ013,Mobile phone,object,.jpg,3cdf82feb64fcd89726ef6ce6c949a18
images_OBJ013/OBJ013_002.jpg,OBJ013,Mobile phone,object,.jpg,eaee583d471263286eec1303c03c697c
images_OBJ013/OBJ013_003.jpg,OBJ013,Mobile phone,object,.jpg,4799d777f153800a8ae344d65d3f3adb
images_OBJ013/OBJ013_004.jpg,OBJ013,Mobile phone,object,.jpg,1eb571d05b26ce181c6aa156392b980e
images_OBJ013/OBJ013_005.jpg,OBJ013,Mobile phone,object,.jpg,6d9504f139cb8e1241d86dd3bd2b6423
images_OBJ013/OBJ013_006.jpg,OBJ013,Mobile phone,object,.jpg,ecb59d9f8234b442662280fecb406990
images_OBJ013/OBJ013_007.jpg,OBJ013,Mobile phone,object,.jpg,3e4fb277e1cbf6ab4be968e273ca200c
images_OBJ013/OBJ013_008.jpg,OBJ013,Mobile phone,object,.jpg,9ac3498030e11723f3e5b6565130659e
images_OBJ013/OBJ013_009.jpg,OBJ013,Mobile phone,object,.jpg,1fafa62e522aca36f041b70ae2f14699
images_OBJ013/OBJ013_010.jpg,OBJ013,Mobile phone,object,.jpg,e972a896956559c0fd06c07241208ed3
images_OBJ013/OBJ013_011.jpg,OBJ013,Mobile phone,object,.jpg,6ce7e71062b2cd073100ac9292f5660d
images_OBJ013/OBJ013_012.jpg,OBJ013,Mobile phone,object,.jpg,ce608720fbeaeb7ac388e1f1e5111b87
images_OBJ013/OBJ013_013.jpg,OBJ013,Mobile phone,object,.jpg,8d3cc61335bfda5cbc3d5729f00e15fd
images_OBJ013/OBJ013_014.jpg,OBJ013,Mobile phone,object,.jpg,c7b7bb4e3459281128051abd0d5aa77f
images_OBJ013/OBJ013_015.jpg,OBJ013,Mobile phone,object,.jpg,768b35a92afa13b8d7ff5dcf63263f61
images_OBJ013/OBJ013_016.jpg,OBJ013,Mobile phone,object,.jpg,2e431fed13fc5fdb4abfdab2183e5be1
images_OBJ013/OBJ013_017.jpg,OBJ013,Mobile phone,object,.jpg,67579ba39003d871f233be8a672dc62e
images_OBJ013/OBJ013_018.jpg,OBJ013,Mobile phone,object,.jpg,5d15a5ad9ee1f49f832a8117e5d9b16b
images_OBJ013/OBJ013_019.jpg,OBJ013,Mobile phone,object,.jpg,77e3c955301eb703a85d41dfc98c450d
images_OBJ013/OBJ013_020.jpg,OBJ013,Mobile phone,object,.jpg,118af71477675eb8ecb073e01a90af83
images_OBJ013/OBJ013_021.jpg,OBJ013,Mobile phone,object,.jpg,f00cf85aa5e77548cb9a36d03dcfb7e0
images_OBJ013/OBJ013_022.jpg,OBJ013,Mobile phone,object,.jpg,8e25de81c2ca49754c3db9cc7fe12ebf
images_OBJ013/OBJ013_023.jpg,OBJ013,Mobile phone,object,.jpg,8dfd5143f8837af9852ac0974c0b569a
images_OBJ013/OBJ013_024.jpg,OBJ013,Mobile phone,object,.jpg,0655e5642bd48b64a51a4490d43c4921
images_OBJ013/OBJ013_025.jpg,OBJ013,Mobile phone,object,.jpg,f20304bf8e32328e503a95d32992b80a
images_OBJ013/OBJ013_026.jpg,OBJ013,Mobile phone,object,.jpg,ae59ff7e954cc323a066d928bef15d9e
images_OBJ013/OBJ013_027.jpg,OBJ013,Mobile phone,object,.jpg,d4181ab61952d7e65ad7ea9c4a5cfc26
images_OBJ013/OBJ013_028.jpg,OBJ013,Mobile phone,object,.jpg,aa17ba05925d130d71a70d7d47fa156a
images_OBJ013/OBJ013_029.jpg,OBJ013,Mobile phone,object,.jpg,883c0c65a84d9ebf6d7dcab3ab602cdc
images_OBJ013/OBJ013_030.jpg,OBJ013,Mobile phone,object,.jpg,2367c2a7591d23703bcb6d9bacbbb89a
images_OBJ013/OBJ013_031.jpg,OBJ013,Mobile phone,object,.jpg,620ea42009948dbc67a4d6452d00ac83
images_OBJ013/OBJ013_032.jpg,OBJ013,Mobile phone,object,.jpg,3fa24c76b86c51fd415492db2d397ec3
images_OBJ013/OBJ013_033.jpg,OBJ013,Mobile phone,object,.jpg,752e8c56cf9ac9648d6b4cb0df41b4cb
images_OBJ013/OBJ013_034.jpg,OBJ013,Mobile phone,object,.jpg,50aaadf487d587f49fe7eddba7ec24c2
images_OBJ013/OBJ013_035.jpg,OBJ013,Mobile phone,object,.jpg,605ff3d99d659c834adc540db3cc309c
images_OBJ013/OBJ013_036.jpg,OBJ013,Mobile phone,object,.jpg,fb35cf329966ce3c7bd90265dd2dfc82
images_OBJ013/OBJ013_037.jpg,OBJ013,Mobile phone,object,.jpg,c3fc1b7e761c130dadbb84fb90c7813a
images_OBJ013/OBJ013_038.jpg,OBJ013,Mobile phone,object,.jpg,a0a9e4077b653033f5cfc47f051437a4
images_OBJ013/OBJ013_039.jpg,OBJ013,Mobile phone,object,.jpg,6eba9abbd37aea0e2d5368b46183c60f
images_OBJ013/OBJ013_040.jpg,OBJ013,Mobile phone,object,.jpg,db173cae49b532efedafce067105d87a
images_OBJ013/OBJ013_041.jpg,OBJ013,Mobile phone,object,.jpg,85d29e6dc14ca502ce1b2c01eab0c6d7
images_OBJ013/OBJ013_042.jpg,OBJ013,Mobile phone,object,.jpg,b4aed5be2fea7d4ece2d04653a27f2da
images_OBJ013/OBJ013_043.jpg,OBJ013,Mobile phone,object,.jpg,cb4981f116aecb1f90f31fd93845acfb
images_OBJ013/OBJ013_044.jpg,OBJ013,Mobile phone,object,.jpg,3ca73f63d983e7dc1dadda2a25f98293
images_OBJ013/OBJ013_045.jpg,OBJ013,Mobile phone,object,.jpg,bc65105289896792c33c161b6019d952
images_OBJ013/OBJ013_046.jpg,OBJ013,Mobile phone,object,.jpg,085700425dea0a5792424a1eb15a4ecc
images_OBJ013/OBJ013_047.jpg,OBJ013,Mobile phone,object,.jpg,285a732ceac733ad335b1c942691289a
images_OBJ013/OBJ013_048.jpg,OBJ013,Mobile phone,object,.jpg,ff1794f02dbf83e4580d64f8f5821454
images_OBJ013/OBJ013_049.jpg,OBJ013,Mobile phone,object,.jpg,c573a6a27cba420fc2350252d81beef1
images_OBJ013/OBJ013_050.jpg,OBJ013,Mobile phone,object,.jpg,af80825867eaccdc83466095fdac6d17
images_OBJ013/OBJ013_051.jpg,OBJ013,Mobile phone,object,.jpg,a9ee436f5b46a0847d5d92ea08dd4e8f
images_OBJ013/OBJ013_052.jpg,OBJ013,Mobile phone,object,.jpg,ec1a1921cdd7cbb225edfa644c11305d
images_OBJ013/OBJ013_053.jpg,OBJ013,Mobile phone,object,.jpg,075238cc5a1ca06ee763a332b2be7db7
images_OBJ013/OBJ013_054.jpg,OBJ013,Mobile phone,object,.jpg,c4f991b28979ac5783b948e20f1e225e
images_OBJ013/OBJ013_055.jpg,OBJ013,Mobile phone,object,.jpg,3b64d778d4373852cf9b38d128de457e
images_OBJ013/OBJ013_056.jpg,OBJ013,Mobile phone,object,.jpg,9dc99086d682c90232158ffaf5eb34a4
images_OBJ013/OBJ013_057.jpg,OBJ013,Mobile phone,object,.jpg,2741b31a96192d29bff1e5f76b859b1b
images_OBJ013/OBJ013_058.jpg,OBJ013,Mobile phone,object,.jpg,da5ffba0f665699aaac5d4d8108fd7bc
images_OBJ013/OBJ013_059.jpg,OBJ013,Mobile phone,object,.jpg,834392b2806f9d443cc7b608370a66fe
images_OBJ013/OBJ013_060.jpg,OBJ013,Mobile phone,object,.jpg,30c5c5a5d9aad1759f3beebabb216981
images_OBJ013/OBJ013_061.jpg,OBJ013,Mobile phone,object,.jpg,474d59db3618bc28206bba6aa6d940a4
images_OBJ013/OBJ013_062.jpg,OBJ013,Mobile phone,object,.jpg,8478681ef070b62298820f046e74de12
images_OBJ013/OBJ013_063.jpg,OBJ013,Mobile phone,object,.jpg,65f2e9b8b80a3ba11003829a2ab4909f
images_OBJ013/OBJ013_064.jpg,OBJ013,Mobile phone,object,.jpg,10c8c0c730396839702c3f0ad5a42ae9
images_OBJ013/OBJ013_065.jpg,OBJ013,Mobile phone,object,.jpg,e5b46660fe467485e64afbfb0e04a00e
images_OBJ013/OBJ013_066.jpg,OBJ013,Mobile phone,object,.jpg,eed8bb9c0bf14ed2da18fdb89d112368
images_OBJ013/OBJ013_067.jpg,OBJ013,Mobile phone,object,.jpg,bbf17486a28e75b9f81a562d0f33b026
images_OBJ013/OBJ013_068.jpg,OBJ013,Mobile phone,object,.jpg,a89d918e10249f8882a44376f1b20b45
images_OBJ013/OBJ013_069.jpg,OBJ013,Mobile phone,object,.jpg,eaff47018a3393b6881fa32dcd33f451
images_OBJ013/OBJ013_070.jpg,OBJ013,Mobile phone,object,.jpg,192e82d262dc5a8f3feed8fb820c15db
images_OBJ013/OBJ013_071.jpg,OBJ013,Mobile phone,object,.jpg,5759265bf23f3425db55a021d5a42b10
images_OBJ013/OBJ013_072.jpg,OBJ013,Mobile phone,object,.jpg,53f4e2ecedcb122f0138749276144b52
images_OBJ013/OBJ013_073.jpg,OBJ013,Mobile phone,object,.jpg,37cda58adbdd09f5d6d944dc3b7f8bc1
images_OBJ013/OBJ013_074.jpg,OBJ013,Mobile phone,object,.jpg,ce7f9cf2ba134e73da140a4db280b37b
images_OBJ013/OBJ013_075.jpg,OBJ013,Mobile phone,object,.jpg,30c63acb8ed38cfdfa0e1a5063add60d
images_OBJ013/OBJ013_076.jpg,OBJ013,Mobile phone,object,.jpg,39532e808c8d3493473d4eeee37e27fe
images_OBJ013/OBJ013_077.jpg,OBJ013,Mobile phone,object,.jpg,5335ce40570e30a0def7a0cf69c8a938
images_OBJ013/OBJ013_078.jpg,OBJ013,Mobile phone,object,.jpg,f72f00af885cb8d0dee0c915e793c642
images_OBJ013/OBJ013_079.jpg,OBJ013,Mobile phone,object,.jpg,480dc1f19ef130bf18cde1bb7a5ee1eb
images_OBJ013/OBJ013_080.jpg,OBJ013,Mobile phone,object,.jpg,e8f75c472ecf76d3574b81d5b5745956
images_OBJ013/OBJ013_081.jpg,OBJ013,Mobile phone,object,.jpg,169e6de5668a63aff7efdf3787b1b50e
images_OBJ013/OBJ013_082.jpg,OBJ013,Mobile phone,object,.jpg,d40f0fca03088cf6168a872a716ab62e
images_OBJ013/OBJ013_083.jpg,OBJ013,Mobile phone,object,.jpg,f61d914a36304f2df564d20947dbc655
images_OBJ013/OBJ013_084.jpg,OBJ013,Mobile phone,object,.jpg,71e75463efe1bdce7c38cb477dbc0ce4
images_OBJ013/OBJ013_085.jpg,OBJ013,Mobile phone,object,.jpg,104e705466225edf69026499dec95e31
images_OBJ013/OBJ013_086.jpg,OBJ013,Mobile phone,object,.jpg,527c8a9f617a2795d18e1ab8f656f01b
images_OBJ013/OBJ013_087.jpg,OBJ013,Mobile phone,object,.jpg,e8880084d251342cfed80753f8cac1c1
images_OBJ013/OBJ013_088.jpg,OBJ013,Mobile phone,object,.jpg,b571b82db3c8ba6fe4415ba4640c3a23
images_OBJ013/OBJ013_089.jpg,OBJ013,Mobile phone,object,.jpg,1dc760ff255e8617f53a3af4a2daa9d0
images_OBJ013/OBJ013_090.jpg,OBJ013,Mobile phone,object,.jpg,2b83112219f2bc8164f8d82bef2a0a08
images_OBJ013/OBJ013_091.jpg,OBJ013,Mobile phone,object,.jpg,4857c795fbdb2910008b9830518f62c5
images_OBJ013/OBJ013_092.jpg,OBJ013,Mobile phone,object,.jpg,7a73b49f8c72ee075accfe6e407ff1cf
images_OBJ013/OBJ013_093.jpg,OBJ013,Mobile phone,object,.jpg,3bede599d3355765e4a7c8267d0c9860
images_OBJ013/OBJ013_094.jpg,OBJ013,Mobile phone,object,.jpg,51ddfe8355c2a9050e68bfb78dfbe5e8
images_OBJ013/OBJ013_BG001.jpg,OBJ013,Mobile phone,background,.jpg,b8e0e333d6e9554206e71f28e558fab4
images_OBJ013/OBJ013_BG002.jpg,OBJ013,Mobile phone,background,.jpg,38be69f94eae8091ed0bbcd2d6f2e409
images_OBJ013/OBJ013_BG003.jpg,OBJ013,Mobile phone,background,.jpg,78559707345450f6430df719b092ab8c
images_OBJ013/OBJ013_BG004.jpg,OBJ013,Mobile phone,background,.jpg,c47be63a49aef9dd92512eeba5f99f5f
images_OBJ013/OBJ013_BG005.jpg,OBJ013,Mobile phone,background,.jpg,e277c3053d999f2f1d2f02fc357adc98
images_OBJ013/OBJ013_BG006.jpg,OBJ013,Mobile phone,background,.jpg,3955298fd3368c61362f7922fd088aa5
images_OBJ014/OBJ014_001.jpeg,OBJ014,Sunglasses,object,.jpeg,7326ee68d15eab99db9310026287244c
images_OBJ014/OBJ014_002.jpeg,OBJ014,Sunglasses,object,.jpeg,1725cd306e5d7bbec34656f35e9ed899
images_OBJ014/OBJ014_003.jpeg,OBJ014,Sunglasses,object,.jpeg,d5461a2a7211a790a5eca0ead2e0c221
images_OBJ014/OBJ014_004.jpeg,OBJ014,Sunglasses,object,.jpeg,e80d4b53de204248bade04e7763274a1
images_OBJ014/OBJ014_005.jpeg,OBJ014,Sunglasses,object,.jpeg,1fa2253efdb2616fc1dc07042293481b
images_OBJ014/OBJ014_006.jpeg,OBJ014,Sunglasses,object,.jpeg,d61bb1fe2763988b83d0b3d17a7f5d6c
images_OBJ014/OBJ014_007.jpeg,OBJ014,Sunglasses,object,.jpeg,678a3f100593c8370c56e958aab2529e
images_OBJ014/OBJ014_008.jpeg,OBJ014,Sunglasses,object,.jpeg,fa954c0f96bedea49169771690ab2b87
images_OBJ014/OBJ014_009.jpeg,OBJ014,Sunglasses,object,.jpeg,fbbbda319a0720db95f12efd7292ec8c
images_OBJ014/OBJ014_010.jpeg,OBJ014,Sunglasses,object,.jpeg,c1d42b5ed1dab249ceb31f252ef4bb3e
images_OBJ014/OBJ014_011.jpeg,OBJ014,Sunglasses,object,.jpeg,123818abb7967e203ca6ca69ae52c0c9
images_OBJ014/OBJ014_012.jpeg,OBJ014,Sunglasses,object,.jpeg,53e8304f0659e9e6f6027780d6feff7a
images_OBJ014/OBJ014_013.jpeg,OBJ014,Sunglasses,object,.jpeg,db1ba8b4515543b91eac54b0181a7b0d
images_OBJ014/OBJ014_014.jpeg,OBJ014,Sunglasses,object,.jpeg,28232d8fcf46865d1306e63e4c387f9d
images_OBJ014/OBJ014_015.jpeg,OBJ014,Sunglasses,object,.jpeg,e0b1d0b3576c2fa0a8fc16854939643d
images_OBJ014/OBJ014_016.jpeg,OBJ014,Sunglasses,object,.jpeg,058a6ded6bba8a1957264a8a4458d703
images_OBJ014/OBJ014_017.jpeg,OBJ014,Sunglasses,object,.jpeg,c2a0b1791eb69b0dbc64a854598c6e10
images_OBJ014/OBJ014_018.jpeg,OBJ014,Sunglasses,object,.jpeg,14c382cf252a200698de62a2782c1abd
images_OBJ014/OBJ014_019.jpeg,OBJ014,Sunglasses,object,.jpeg,60df2583095902124cbdd3af851b8f5f
images_OBJ014/OBJ014_020.jpeg,OBJ014,Sunglasses,object,.jpeg,42f29f14afddf5ea79e82bea9bd4b69c
images_OBJ014/OBJ014_021.jpeg,OBJ014,Sunglasses,object,.jpeg,e60e915c3cfc49d8766532f003f7ef0e
images_OBJ014/OBJ014_022.jpeg,OBJ014,Sunglasses,object,.jpeg,104c9890c19941a9b4db90590374273c
images_OBJ014/OBJ014_023.jpeg,OBJ014,Sunglasses,object,.jpeg,41f86b2b3cbfa4f16d7bf45b635aca0c
images_OBJ014/OBJ014_024.jpeg,OBJ014,Sunglasses,object,.jpeg,407f9f345cf92560060d9c7d03372fff
images_OBJ014/OBJ014_025.jpeg,OBJ014,Sunglasses,object,.jpeg,e84a1d58d168826481098ce74e09829e
images_OBJ014/OBJ014_026.jpeg,OBJ014,Sunglasses,object,.jpeg,a47ae4e3ae1c8355d3ef6ff0284a9f63
images_OBJ014/OBJ014_027.jpeg,OBJ014,Sunglasses,object,.jpeg,2cfb1fc3b53b30dd3d73e65a5ad8c334
images_OBJ014/OBJ014_028.jpeg,OBJ014,Sunglasses,object,.jpeg,4da66e458b4ba18a73dc37c93ee13621
images_OBJ014/OBJ014_029.jpeg,OBJ014,Sunglasses,object,.jpeg,bdbfeed15bbae45b49d42b4501680912
images_OBJ014/OBJ014_030.jpeg,OBJ014,Sunglasses,object,.jpeg,934179849d03710fba6c151c3281294c
images_OBJ014/OBJ014_031.jpeg,OBJ014,Sunglasses,object,.jpeg,f93cc4c1439efbfe76e4b184a9056551
images_OBJ014/OBJ014_032.jpeg,OBJ014,Sunglasses,object,.jpeg,e5cde7ae19328fe31f92eb0aa66523af
images_OBJ014/OBJ014_033.jpeg,OBJ014,Sunglasses,object,.jpeg,ee8bad46b7dd5a75fe44970706728032
images_OBJ014/OBJ014_034.jpeg,OBJ014,Sunglasses,object,.jpeg,0dba5a7a52e630340936eb7fbd6d843c
images_OBJ014/OBJ014_035.jpeg,OBJ014,Sunglasses,object,.jpeg,0328fd3db1a67aeb9d9da8e37ce83159
images_OBJ014/OBJ014_036.jpeg,OBJ014,Sunglasses,object,.jpeg,0e20e17cd7b983b13b6d9509ff58e01b
images_OBJ014/OBJ014_037.jpeg,OBJ014,Sunglasses,object,.jpeg,90f51cec72fce8eaf3c370336666d71d
images_OBJ014/OBJ014_038.jpeg,OBJ014,Sunglasses,object,.jpeg,1717cbbf1d5325606caf4aaae7f541ba
images_OBJ014/OBJ014_039.jpeg,OBJ014,Sunglasses,object,.jpeg,7e07a6970490d1751ac6b8c034e24618
images_OBJ014/OBJ014_040.jpeg,OBJ014,Sunglasses,object,.jpeg,5f4d22ea17d3eaacf6305d18477de7dc
images_OBJ014/OBJ014_041.jpeg,OBJ014,Sunglasses,object,.jpeg,b3977659c7266fc13a9332badc6ee2a8
images_OBJ014/OBJ014_042.jpeg,OBJ014,Sunglasses,object,.jpeg,fc9e8f368e95603db4b5a5fbd843b59d
images_OBJ014/OBJ014_043.jpeg,OBJ014,Sunglasses,object,.jpeg,fcaf67aeb0196c7a7b5e16c5fa50e679
images_OBJ014/OBJ014_044.jpeg,OBJ014,Sunglasses,object,.jpeg,c80e379ef7c6f7b10214ca4534910405
images_OBJ014/OBJ014_045.jpeg,OBJ014,Sunglasses,object,.jpeg,c760ff54ab83927de277f9245058fd7c
images_OBJ014/OBJ014_046.jpeg,OBJ014,Sunglasses,object,.jpeg,bfbfb69852d6700584794545089f55f1
images_OBJ014/OBJ014_047.jpeg,OBJ014,Sunglasses,object,.jpeg,f01cbfb0430bcafea5651b1dc9bb6b53
images_OBJ014/OBJ014_048.jpeg,OBJ014,Sunglasses,object,.jpeg,d4ddf51cc5915bed15af558cd2bf4500
images_OBJ014/OBJ014_049.jpeg,OBJ014,Sunglasses,object,.jpeg,312db082f4719a6a5800634ad9816d79
images_OBJ014/OBJ014_050.jpeg,OBJ014,Sunglasses,object,.jpeg,c3254cca796e32c9a9262df7d0ee0072
images_OBJ014/OBJ014_051.jpeg,OBJ014,Sunglasses,object,.jpeg,a0376027397057189c66b06be9503a09
images_OBJ014/OBJ014_052.jpeg,OBJ014,Sunglasses,object,.jpeg,8b8658608bd0e82dbbf32d0f4116643f
images_OBJ014/OBJ014_053.jpeg,OBJ014,Sunglasses,object,.jpeg,be1d18ffc487dfec79cc5d917ef44a28
images_OBJ014/OBJ014_054.jpeg,OBJ014,Sunglasses,object,.jpeg,caf3895c67fe787754a618a3e3fe4185
images_OBJ014/OBJ014_055.jpeg,OBJ014,Sunglasses,object,.jpeg,4c34ff8b9e864719724175e8d371469f
images_OBJ014/OBJ014_056.jpeg,OBJ014,Sunglasses,object,.jpeg,5476bc36e3d061acfff0164ea1b84c7b
images_OBJ014/OBJ014_057.jpeg,OBJ014,Sunglasses,object,.jpeg,ef962514c86943862bf50ec7c74ee74f
images_OBJ014/OBJ014_058.jpeg,OBJ014,Sunglasses,object,.jpeg,8466870eff5133d3a0637a0a8262a7dc
images_OBJ014/OBJ014_059.jpeg,OBJ014,Sunglasses,object,.jpeg,d9cf5b38f03e157bd4fffef804e4e7fe
images_OBJ014/OBJ014_060.jpeg,OBJ014,Sunglasses,object,.jpeg,94d406ffffb7625a01c35f11cda8dc8a
images_OBJ014/OBJ014_061.jpeg,OBJ014,Sunglasses,object,.jpeg,a416342eeb32b05c1d9cf6e3d27318ab
images_OBJ014/OBJ014_062.jpeg,OBJ014,Sunglasses,object,.jpeg,f428e4521518a0e3d3783b6392df7aa4
images_OBJ014/OBJ014_063.jpeg,OBJ014,Sunglasses,object,.jpeg,0b06b02b637e6abfcf56f52f01bd1a42
images_OBJ014/OBJ014_064.jpeg,OBJ014,Sunglasses,object,.jpeg,1a60688d70e7f0cb4d740555f9060292
images_OBJ014/OBJ014_065.jpeg,OBJ014,Sunglasses,object,.jpeg,0691b90c8ea0c069cc50ebff611f848d
images_OBJ014/OBJ014_066.jpeg,OBJ014,Sunglasses,object,.jpeg,8664b3c48bc39087af7f121d01763a14
images_OBJ014/OBJ014_067.jpeg,OBJ014,Sunglasses,object,.jpeg,883fb8fc2189fe18172123cbbab68114
images_OBJ014/OBJ014_068.jpeg,OBJ014,Sunglasses,object,.jpeg,36a62827cd5f41d11d6bfcab88a0c19c
images_OBJ014/OBJ014_069.jpeg,OBJ014,Sunglasses,object,.jpeg,edcfdaed4cfc5d347d028ca5910af43c
images_OBJ014/OBJ014_070.jpeg,OBJ014,Sunglasses,object,.jpeg,4abd86ff16303a2a8a05bd99ca653b24
images_OBJ014/OBJ014_071.jpeg,OBJ014,Sunglasses,object,.jpeg,cd9eb7106e5af0e0ddd552c28b155fad
images_OBJ014/OBJ014_072.jpeg,OBJ014,Sunglasses,object,.jpeg,161f5571680c91489290d04bfd136e9b
images_OBJ014/OBJ014_073.jpeg,OBJ014,Sunglasses,object,.jpeg,52416457739d485e9ea8115ad300e437
images_OBJ014/OBJ014_074.jpeg,OBJ014,Sunglasses,object,.jpeg,e434a4776731b3ef05afab7761048fa6
images_OBJ014/OBJ014_075.jpeg,OBJ014,Sunglasses,object,.jpeg,1b7d3077dbb2ea856fa790ff6907e8ce
images_OBJ014/OBJ014_076.jpeg,OBJ014,Sunglasses,object,.jpeg,70436fb8c245bcea438cef7eedbe0e84
images_OBJ014/OBJ014_077.jpeg,OBJ014,Sunglasses,object,.jpeg,185d43b9e4e2466cbe7efb806b4c3967
images_OBJ014/OBJ014_078.jpeg,OBJ014,Sunglasses,object,.jpeg,d4548121b03c845a91197786f638397c
images_OBJ014/OBJ014_079.jpeg,OBJ014,Sunglasses,object,.jpeg,25139679f66e2d71a84a72ce5f3ce89f
images_OBJ014/OBJ014_080.jpeg,OBJ014,Sunglasses,object,.jpeg,544152a50dd183055162e3e0f559a659
images_OBJ014/OBJ014_081.jpeg,OBJ014,Sunglasses,object,.jpeg,55dfda2de8f872abbfddbf15fed9c18a
images_OBJ014/OBJ014_082.jpeg,OBJ014,Sunglasses,object,.jpeg,1fc30339fe524636cdf0b1f02e799253
images_OBJ014/OBJ014_083.jpeg,OBJ014,Sunglasses,object,.jpeg,8abb39409027438c5c9f9fe5668a8c4c
images_OBJ014/OBJ014_084.jpeg,OBJ014,Sunglasses,object,.jpeg,9f4d6b029609a13e2cf787a90b91b523
images_OBJ014/OBJ014_085.jpeg,OBJ014,Sunglasses,object,.jpeg,68e7ee1d810e60c0d12d6961f8a70a84
images_OBJ014/OBJ014_086.jpeg,OBJ014,Sunglasses,object,.jpeg,2ab2d726df500734134f9879ad72365a
images_OBJ014/OBJ014_087.jpeg,OBJ014,Sunglasses,object,.jpeg,ded75df23cd71b0f5f8c072a09d3f885
images_OBJ014/OBJ014_088.jpeg,OBJ014,Sunglasses,object,.jpeg,9b72b1cbf823167f68f1ebf1de4193b5
images_OBJ014/OBJ014_089.jpeg,OBJ014,Sunglasses,object,.jpeg,a108a88eb017c79e0ffcfda77fad8499
images_OBJ014/OBJ014_090.jpeg,OBJ014,Sunglasses,object,.jpeg,8e4f4e5386cd20915d9a860a37d2ebd3
images_OBJ014/OBJ014_091.jpeg,OBJ014,Sunglasses,object,.jpeg,2830d8e77bd5356aa08f4803c4af9f79
images_OBJ014/OBJ014_092.jpeg,OBJ014,Sunglasses,object,.jpeg,b888d2bb5e0f678b4e2524af78497c45
images_OBJ014/OBJ014_093.jpeg,OBJ014,Sunglasses,object,.jpeg,378682d3ef2ed8ecad5318691cbe6f66
images_OBJ014/OBJ014_bg_001.jpeg,OBJ014,Sunglasses,background,.jpeg,34223874f3ac3267ace6e00c84858de6
images_OBJ014/OBJ014_bg_002.jpeg,OBJ014,Sunglasses,background,.jpeg,64c4828efef6bcbbb617112fb72353cf
images_OBJ014/OBJ014_bg_003.jpeg,OBJ014,Sunglasses,background,.jpeg,e52cee58063ec13d50099292c213a7a9
images_OBJ014/OBJ014_bg_004.jpeg,OBJ014,Sunglasses,background,.jpeg,e7c2d41ef0fb3d914743319e768e547b
images_OBJ014/OBJ014_bg_005.jpeg,OBJ014,Sunglasses,background,.jpeg,0b9129a44baa60bfe7b02909b4825dfa
images_OBJ014/OBJ014_bg_006.jpeg,OBJ014,Sunglasses,background,.jpeg,38b979b73945a388fea132e7a29baa72
images_OBJ014/OBJ014_bg_007.jpeg,OBJ014,Sunglasses,background,.jpeg,1b76e1037f465c5ca39f3e655b5c7402
images_OBJ015/OBJ015_001.jpg,OBJ015,Water Tumbler,object,.jpg,4ff15c87572389696c1ff7f674c84a3f
images_OBJ015/OBJ015_002.jpg,OBJ015,Water Tumbler,object,.jpg,97aa566366a4f051f17afd300810a2f2
images_OBJ015/OBJ015_003.jpg,OBJ015,Water Tumbler,object,.jpg,18cd20749bacd33cad8f2b5c0633bfb7
images_OBJ015/OBJ015_004.jpg,OBJ015,Water Tumbler,object,.jpg,db5c45c0b66bce159e32549078349969
images_OBJ015/OBJ015_005.jpg,OBJ015,Water Tumbler,object,.jpg,3b37472c749daa635c43feef40aea90d
images_OBJ015/OBJ015_006.jpg,OBJ015,Water Tumbler,object,.jpg,ee374b4db1018ac1da1202668709c611
images_OBJ015/OBJ015_007.jpg,OBJ015,Water Tumbler,object,.jpg,cb44eeb36bfd9e046a950bd3a9e76b88
images_OBJ015/OBJ015_008.jpg,OBJ015,Water Tumbler,object,.jpg,3dfa09b8024a4f25fe755bc28029ec4a
images_OBJ015/OBJ015_009.jpg,OBJ015,Water Tumbler,object,.jpg,d6729ef944c6d53fd04cca1026baaed6
images_OBJ015/OBJ015_010.jpg,OBJ015,Water Tumbler,object,.jpg,cda4473ca1341196c2f85ee5f0402a16
images_OBJ015/OBJ015_011.jpg,OBJ015,Water Tumbler,object,.jpg,87e5e11f1722a6992ab7bf73074a7b22
images_OBJ015/OBJ015_012.jpg,OBJ015,Water Tumbler,object,.jpg,21e77a9fdf935e9590de76c9ab4ba24f
images_OBJ015/OBJ015_013.jpg,OBJ015,Water Tumbler,object,.jpg,a94160bab05264bf849e351aa8a1f3a6
images_OBJ015/OBJ015_014.jpg,OBJ015,Water Tumbler,object,.jpg,4d25a3586835142e66ec765ca4bf1b32
images_OBJ015/OBJ015_015.jpg,OBJ015,Water Tumbler,object,.jpg,d8ebe835ae6cc1b1f56b8d6abc462ee9
images_OBJ015/OBJ015_016.jpg,OBJ015,Water Tumbler,object,.jpg,31e58ae5d6ccc998fdf71058ad967fea
images_OBJ015/OBJ015_017.jpg,OBJ015,Water Tumbler,object,.jpg,37af473399497dfdee3e35b4b60ac487
images_OBJ015/OBJ015_018.jpg,OBJ015,Water Tumbler,object,.jpg,66c4340c661be84d5cc0656f62361584
images_OBJ015/OBJ015_019.jpg,OBJ015,Water Tumbler,object,.jpg,85b985520bffc7e8ee3b8c5022a24b1d
images_OBJ015/OBJ015_020.jpg,OBJ015,Water Tumbler,object,.jpg,610e08b8a7f9fc50d279f1a674ad94a9
images_OBJ015/OBJ015_021.jpg,OBJ015,Water Tumbler,object,.jpg,f4bce3227627cfe6f0ba2a77f0476b72
images_OBJ015/OBJ015_022.jpg,OBJ015,Water Tumbler,object,.jpg,f60bc6a96365a0357a7ae889cbbc2489
images_OBJ015/OBJ015_023.jpg,OBJ015,Water Tumbler,object,.jpg,3d8aa53f605dfdeaf02b4c9cf9a8c6e3
images_OBJ015/OBJ015_024.jpg,OBJ015,Water Tumbler,object,.jpg,2b0d07b28ea75868de9f799cf5dda10a
images_OBJ015/OBJ015_025.jpg,OBJ015,Water Tumbler,object,.jpg,9e9d296fb826562e7d9481edddcb95a1
images_OBJ015/OBJ015_026.jpg,OBJ015,Water Tumbler,object,.jpg,a734ccca91c47f443202532c10da817b
images_OBJ015/OBJ015_027.jpg,OBJ015,Water Tumbler,object,.jpg,dd122f6138280d7f9721cf084d1e1871
images_OBJ015/OBJ015_028.jpg,OBJ015,Water Tumbler,object,.jpg,b7b416dbd0f226fc5a5fd05151bb5fc0
images_OBJ015/OBJ015_029.jpg,OBJ015,Water Tumbler,object,.jpg,f4bbbe68bea049c89d283cf7ae9e59ee
images_OBJ015/OBJ015_030.jpg,OBJ015,Water Tumbler,object,.jpg,f4ee6812dd14cb9505b709a39e36ed41
images_OBJ015/OBJ015_031.jpg,OBJ015,Water Tumbler,object,.jpg,13bf36f76783b94a7987b3188930b976
images_OBJ015/OBJ015_032.jpg,OBJ015,Water Tumbler,object,.jpg,45ac63bb2604e5baad03edafe110c9af
images_OBJ015/OBJ015_033.jpg,OBJ015,Water Tumbler,object,.jpg,a33ded28d1128f763dbfd39f163f0c25
images_OBJ015/OBJ015_034.jpg,OBJ015,Water Tumbler,object,.jpg,4aa7b21c9ba002e015a71aaa75eb79d3
images_OBJ015/OBJ015_035.jpg,OBJ015,Water Tumbler,object,.jpg,7c022e5e2b511b45d7f9195be0005e98
images_OBJ015/OBJ015_036.jpg,OBJ015,Water Tumbler,object,.jpg,e87b86d169d72083f70632b4d511d34f
images_OBJ015/OBJ015_037.jpg,OBJ015,Water Tumbler,object,.jpg,cacc2817ce3142802f11415d83af8d10
images_OBJ015/OBJ015_038.jpg,OBJ015,Water Tumbler,object,.jpg,6af6ea2eacff91799dbf3cadd6c99426
images_OBJ015/OBJ015_039.jpg,OBJ015,Water Tumbler,object,.jpg,83087407c9bdcaffe1eef058fbcef212
images_OBJ015/OBJ015_040.jpg,OBJ015,Water Tumbler,object,.jpg,7d7c56ff9c360d7243469ede03f4376a
images_OBJ015/OBJ015_041.jpg,OBJ015,Water Tumbler,object,.jpg,87264561b5d1e8ba17251829b58b8db0
images_OBJ015/OBJ015_042.jpg,OBJ015,Water Tumbler,object,.jpg,b1aa553df6ee76190881466de2c5e3fe
images_OBJ015/OBJ015_043.jpg,OBJ015,Water Tumbler,object,.jpg,89c7f11ed4243796ad26a7250cc3d2e5
images_OBJ015/OBJ015_044.jpg,OBJ015,Water Tumbler,object,.jpg,89d14e93a440b9451cb28d8b1aa601b7
images_OBJ015/OBJ015_045.jpg,OBJ015,Water Tumbler,object,.jpg,d87b0aa7dc3d0f9f6f5bdaee1161b60b
images_OBJ015/OBJ015_046.jpg,OBJ015,Water Tumbler,object,.jpg,b8377e6718ff15213e965af908caa068
images_OBJ015/OBJ015_047.jpg,OBJ015,Water Tumbler,object,.jpg,9f28d55babf4c527a6b61c432e917377
images_OBJ015/OBJ015_048.jpg,OBJ015,Water Tumbler,object,.jpg,6bf7bcde9792dd9084bffbd94173785a
images_OBJ015/OBJ015_049.jpg,OBJ015,Water Tumbler,object,.jpg,e354ce21035070a710382c165c60df92
images_OBJ015/OBJ015_050.jpg,OBJ015,Water Tumbler,object,.jpg,8b922f1958bb9935d694af96f5cff62f
images_OBJ015/OBJ015_051.jpg,OBJ015,Water Tumbler,object,.jpg,ea591987dea21ec11b07d2ead4885e42
images_OBJ015/OBJ015_052.jpg,OBJ015,Water Tumbler,object,.jpg,7334df01a8336aeb86a9b09fe59ac398
images_OBJ015/OBJ015_053.jpg,OBJ015,Water Tumbler,object,.jpg,1c083bb7080e5dd4ec1d7082e0443f79
images_OBJ015/OBJ015_054.jpg,OBJ015,Water Tumbler,object,.jpg,e56a8f8e5e9da00148ec83c066f8ecd9
images_OBJ015/OBJ015_055.jpg,OBJ015,Water Tumbler,object,.jpg,c702cfaabead611705b3467c017fe451
images_OBJ015/OBJ015_056.jpg,OBJ015,Water Tumbler,object,.jpg,3b1f0e22338c45f6bd79b44f337bde4b
images_OBJ015/OBJ015_057.jpg,OBJ015,Water Tumbler,object,.jpg,da0d83efda31d3455c1d75a157d76e33
images_OBJ015/OBJ015_058.jpg,OBJ015,Water Tumbler,object,.jpg,6d9ec03d82852532e666a0f6f45e1555
images_OBJ015/OBJ015_059.jpg,OBJ015,Water Tumbler,object,.jpg,2fe974a37a8a1366aa4185f2e6068186
images_OBJ015/OBJ015_060.jpg,OBJ015,Water Tumbler,object,.jpg,31505ddce44e001a470ab238f06ffc0b
images_OBJ015/OBJ015_061.jpg,OBJ015,Water Tumbler,object,.jpg,d39d2639bb1d6444a9af8c97711c7b5b
images_OBJ015/OBJ015_062.jpg,OBJ015,Water Tumbler,object,.jpg,3315a28b490251043966d156a86ab094
images_OBJ015/OBJ015_063.jpg,OBJ015,Water Tumbler,object,.jpg,10f3b5ef0bff451cacdec21484acc7e2
images_OBJ015/OBJ015_064.jpg,OBJ015,Water Tumbler,object,.jpg,41dd5ea9dc4b867678ec8a72946ec68c
images_OBJ015/OBJ015_065.jpg,OBJ015,Water Tumbler,object,.jpg,800ff1d4397530212a035029c2d23e71
images_OBJ015/OBJ015_066.jpg,OBJ015,Water Tumbler,object,.jpg,e0498ba46d693027af2adb15a8a11a47
images_OBJ015/OBJ015_067.jpg,OBJ015,Water Tumbler,object,.jpg,4315b45a6865a94989bae61daae0c301
images_OBJ015/OBJ015_068.jpg,OBJ015,Water Tumbler,object,.jpg,19b97a4cb3271c6e425322b428841c9d
images_OBJ015/OBJ015_069.jpg,OBJ015,Water Tumbler,object,.jpg,01ec4459f88d7a9574e5be4200401122
images_OBJ015/OBJ015_070.jpg,OBJ015,Water Tumbler,object,.jpg,ac87f518d36acf33b14ffe2934333f42
images_OBJ015/OBJ015_071.jpg,OBJ015,Water Tumbler,object,.jpg,5dfa3cd464161eda37130836c1be17d7
images_OBJ015/OBJ015_072.jpg,OBJ015,Water Tumbler,object,.jpg,fa77bf6d8a7b31754970c27fab562720
images_OBJ015/OBJ015_073.jpg,OBJ015,Water Tumbler,object,.jpg,4416147dfbaebc7cfab71e685eafa5de
images_OBJ015/OBJ015_074.jpg,OBJ015,Water Tumbler,object,.jpg,980949ff5ea6b15782371935e23b2d68
images_OBJ015/OBJ015_075.jpg,OBJ015,Water Tumbler,object,.jpg,9179b7859e6b524bf7a04f7d33b67972
images_OBJ015/OBJ015_076.jpg,OBJ015,Water Tumbler,object,.jpg,7fc100335e130d42662c2422685a8519
images_OBJ015/OBJ015_077.jpg,OBJ015,Water Tumbler,object,.jpg,1185b02ecc5ec1b03474e3273e7387f4
images_OBJ015/OBJ015_078.jpg,OBJ015,Water Tumbler,object,.jpg,a23f84fc44f30e53933faa24e7fb530c
images_OBJ015/OBJ015_079.jpg,OBJ015,Water Tumbler,object,.jpg,176fbbe08b32cf4927ebe8e57603509b
images_OBJ015/OBJ015_080.jpg,OBJ015,Water Tumbler,object,.jpg,abf63ec03cf14f5ecdcfe7cfcbb547d3
images_OBJ015/OBJ015_081.jpg,OBJ015,Water Tumbler,object,.jpg,7d4516c146270653c659a479a413f2c7
images_OBJ015/OBJ015_082.jpg,OBJ015,Water Tumbler,object,.jpg,8ca6e734a60e38f42022eb5de3977dd2
images_OBJ015/OBJ015_083.jpg,OBJ015,Water Tumbler,object,.jpg,266736ffce3c5c99910922ef9d461ac4
images_OBJ015/OBJ015_084.jpg,OBJ015,Water Tumbler,object,.jpg,24efabd0727c16196b19e2c6f7e2f62b
images_OBJ015/OBJ015_085.jpg,OBJ015,Water Tumbler,object,.jpg,0a2ec868132b1997545082d56bb5c039
images_OBJ015/OBJ015_086.jpg,OBJ015,Water Tumbler,object,.jpg,72a19dcd814db6562a524e51ec3d20c4
images_OBJ015/OBJ015_087.jpg,OBJ015,Water Tumbler,object,.jpg,cb42c4039b9e10067d5115f69708f441
images_OBJ015/OBJ015_088.jpg,OBJ015,Water Tumbler,object,.jpg,7b4696135c67a7a24e004acf1ff473c6
images_OBJ015/OBJ015_089.jpg,OBJ015,Water Tumbler,object,.jpg,4ca23d2d1f38c462a7b880be8c4faa7d
images_OBJ015/OBJ015_090.jpg,OBJ015,Water Tumbler,object,.jpg,f14d07f33050350e0e221d4fd3f97333
images_OBJ015/OBJ015_091.jpg,OBJ015,Water Tumbler,object,.jpg,457d566b3d6a191a8ed202e014bad2f3
images_OBJ015/OBJ015_092.jpg,OBJ015,Water Tumbler,object,.jpg,6a0b89a343d07810139316e37ae5dd5e
images_OBJ015/OBJ015_093.jpg,OBJ015,Water Tumbler,object,.jpg,15ebcc6c95d5347a28204a314cb4b4e9
images_OBJ015/OBJ015_094.jpg,OBJ015,Water Tumbler,object,.jpg,d3f2d9dba9594e45426e478b19107d62
images_OBJ015/OBJ015_095.jpg,OBJ015,Water Tumbler,object,.jpg,b822796ce30ff17556971cdd70b9f45d
images_OBJ015/OBJ015_bg_001.jpg,OBJ015,Water Tumbler,background,.jpg,dede3fdf58358237af03752a5574572a
images_OBJ015/OBJ015_bg_002.jpg,OBJ015,Water Tumbler,background,.jpg,4a3ba9ad8eb4c7ffa7d2da25490d3ca2
images_OBJ015/OBJ015_bg_003.jpg,OBJ015,Water Tumbler,background,.jpg,36985b1d2c46eb2af5411b4c8a862f7f
images_OBJ015/OBJ015_bg_004.jpg,OBJ015,Water Tumbler,background,.jpg,5cb69858df6d39dc8d37ee7bd6bdc35f
images_OBJ015/OBJ015_bg_005.jpg,OBJ015,Water Tumbler,background,.jpg,69396f6e84491d2fedc72e88a389b858
images_OBJ016/OBJ016_001.jpg,OBJ016,Sandisk Portable SSD,object,.jpg,41d3a2d4ec8190bc7d3793db408dcfad
images_OBJ016/OBJ016_002.jpg,OBJ016,Sandisk Portable SSD,object,.jpg,ff9e394f68c98e3f263f1d2bbc0c009e
images_OBJ016/OBJ016_003.jpg,OBJ016,Sandisk Portable SSD,object,.jpg,922d9301ed6e9cb8c017a89bea8d8aaa
images_OBJ016/OBJ016_004.jpg,OBJ016,Sandisk Portable SSD,object,.jpg,69751b55db90db5100093d739718d190
images_OBJ016/OBJ016_005.jpg,OBJ016,Sandisk Portable SSD,object,.jpg,ee11b823fa247b2e6a1be5e130612817
images_OBJ016/OBJ016_006.jpg,OBJ016,Sandisk Portable SSD,object,.jpg,e6759b6e13911cd9ff9a6278f724aebe
images_OBJ016/OBJ016_007.jpg,OBJ016,Sandisk Portable SSD,object,.jpg,d67866aa12edfb77894433c45a2b0749
images_OBJ016/OBJ016_008.jpg,OBJ016,Sandisk Portable SSD,object,.jpg,a2de05a143433a323e404dfd6f0538ff
images_OBJ016/OBJ016_009.jpg,OBJ016,Sandisk Portable SSD,object,.jpg,b5e42cde8f6f77583c752743d7b808b4
images_OBJ016/OBJ016_010.jpg,OBJ016,Sandisk Portable SSD,object,.jpg,ec47f30cfc7fcdc03313422efe519a3b
images_OBJ016/OBJ016_011.jpg,OBJ016,Sandisk Portable SSD,object,.jpg,6c8377f7afda0a6af6de570447de6df2
images_OBJ016/OBJ016_012.jpg,OBJ016,Sandisk Portable SSD,object,.jpg,fdcc45e07d5a2a377957641a852af9aa
images_OBJ016/OBJ016_013.jpg,OBJ016,Sandisk Portable SSD,object,.jpg,af2f89bdbe1b55b57d2f58d1f4744b12
images_OBJ016/OBJ016_014.jpg,OBJ016,Sandisk Portable SSD,object,.jpg,f705b6b9d93999292ddae4349e171c9a
images_OBJ016/OBJ016_015.jpg,OBJ016,Sandisk Portable SSD,object,.jpg,e415e016c598b3a412a74f4f0baa6750
images_OBJ016/OBJ016_016.jpg,OBJ016,Sandisk Portable SSD,object,.jpg,2f459f9b1e32be5417a4b592e1bf76d2
images_OBJ016/OBJ016_017.jpg,OBJ016,Sandisk Portable SSD,object,.jpg,ff257160a26f20cb31d5620e32484f88
images_OBJ016/OBJ016_018.jpg,OBJ016,Sandisk Portable SSD,object,.jpg,7780beb126c87bd69fa80230ea822373
images_OBJ016/OBJ016_019.jpg,OBJ016,Sandisk Portable SSD,object,.jpg,b1b7556ed449c60ffba84a69ccbed052
images_OBJ016/OBJ016_020.jpg,OBJ016,Sandisk Portable SSD,object,.jpg,18453a1a7409bf342731767c65daea05
images_OBJ016/OBJ016_021.jpg,OBJ016,Sandisk Portable SSD,object,.jpg,c42381ccc3b598875383adc0d15b8281
images_OBJ016/OBJ016_022.jpg,OBJ016,Sandisk Portable SSD,object,.jpg,450e7af5d688cc1b192c4ec9f9769575
images_OBJ016/OBJ016_023.jpg,OBJ016,Sandisk Portable SSD,object,.jpg,187e204c4281d52b4d156d4edc84626f
images_OBJ016/OBJ016_024.jpg,OBJ016,Sandisk Portable SSD,object,.jpg,963a2f752bb0ad8b8f4e488d4447c29d
images_OBJ016/OBJ016_025.jpg,OBJ016,Sandisk Portable SSD,object,.jpg,b7fc7f9ea3a8c82784711c035792062c
images_OBJ016/OBJ016_026.jpg,OBJ016,Sandisk Portable SSD,object,.jpg,e7cb182ba25b536bd05ca3d3d88de899
images_OBJ016/OBJ016_027.jpg,OBJ016,Sandisk Portable SSD,object,.jpg,9e249db1fca880c8f77720c1868516eb
images_OBJ016/OBJ016_028.jpg,OBJ016,Sandisk Portable SSD,object,.jpg,8764ab0b5d2bbff1362163fa6ef9ad8a
images_OBJ016/OBJ016_029.jpg,OBJ016,Sandisk Portable SSD,object,.jpg,c400b451ea4c990361c4bffb753edb1d
images_OBJ016/OBJ016_030.jpg,OBJ016,Sandisk Portable SSD,object,.jpg,0dc0326b13060952d91c89e49d4b7658
images_OBJ016/OBJ016_031.jpg,OBJ016,Sandisk Portable SSD,object,.jpg,a283c0908c3550c5cf516a869f951222
images_OBJ016/OBJ016_032.jpg,OBJ016,Sandisk Portable SSD,object,.jpg,168eaf7398c562bdabc498f92a785e85
images_OBJ016/OBJ016_033.jpg,OBJ016,Sandisk Portable SSD,object,.jpg,267841c478ae433e22039760f501667f
images_OBJ016/OBJ016_034.jpg,OBJ016,Sandisk Portable SSD,object,.jpg,bb6f8d0a33fb2968605a9d2ca79aab86
images_OBJ016/OBJ016_035.jpg,OBJ016,Sandisk Portable SSD,object,.jpg,f574880040d2b8bf423cfefff8322c68
images_OBJ016/OBJ016_036.jpg,OBJ016,Sandisk Portable SSD,object,.jpg,044c857025aa66277ff38b80959b74b9
images_OBJ016/OBJ016_037.jpg,OBJ016,Sandisk Portable SSD,object,.jpg,c5019e2f2a857843f75690366ee99241
images_OBJ016/OBJ016_038.jpg,OBJ016,Sandisk Portable SSD,object,.jpg,af80ac042fa12176affa4167bf7bc656
images_OBJ016/OBJ016_039.jpg,OBJ016,Sandisk Portable SSD,object,.jpg,f8b79fc88888180b02f8c94c6ee08d4b
images_OBJ016/OBJ016_040.jpg,OBJ016,Sandisk Portable SSD,object,.jpg,6e1dfec402d80edc98cbb6298e393de8
images_OBJ016/OBJ016_041.jpg,OBJ016,Sandisk Portable SSD,object,.jpg,955012232d5e1fac6761961df59c289d
images_OBJ016/OBJ016_042.jpg,OBJ016,Sandisk Portable SSD,object,.jpg,b5098347c682cc6bf0eb29bd5f17f6b1
images_OBJ016/OBJ016_043.jpg,OBJ016,Sandisk Portable SSD,object,.jpg,84a625e76671a397d5d058e90a8f9b9e
images_OBJ016/OBJ016_044.jpg,OBJ016,Sandisk Portable SSD,object,.jpg,9ecafd1713eb36c0f06559d9f9296d8d
images_OBJ016/OBJ016_045.jpg,OBJ016,Sandisk Portable SSD,object,.jpg,77836ba0dc5962cd08ebf47b19145ec0
images_OBJ016/OBJ016_046.jpg,OBJ016,Sandisk Portable SSD,object,.jpg,8496abfa76e02eecea5388687cc5a59b
images_OBJ016/OBJ016_047.jpg,OBJ016,Sandisk Portable SSD,object,.jpg,cdc227bc570fdbd069bb2ba2e5ea075c
images_OBJ016/OBJ016_048.jpg,OBJ016,Sandisk Portable SSD,object,.jpg,a0fe4e03c9783314aaa425226efdcca9
images_OBJ016/OBJ016_049.jpg,OBJ016,Sandisk Portable SSD,object,.jpg,05a4fbac6810f294a12b276c329a1980
images_OBJ016/OBJ016_050.jpg,OBJ016,Sandisk Portable SSD,object,.jpg,8cd616a961213ad628197e2ef2c70509
images_OBJ016/OBJ016_051.jpg,OBJ016,Sandisk Portable SSD,object,.jpg,45e87de7bcb9afe5757bd2929db33ecf
images_OBJ016/OBJ016_052.jpg,OBJ016,Sandisk Portable SSD,object,.jpg,c3bd0e2632d1a0805338e4218866e3a8
images_OBJ016/OBJ016_053.jpg,OBJ016,Sandisk Portable SSD,object,.jpg,93015e09e474bf0120a5ccaaa48eda12
images_OBJ016/OBJ016_054.jpg,OBJ016,Sandisk Portable SSD,object,.jpg,150a68006f5e24ae843072fc9d149784
images_OBJ016/OBJ016_055.jpg,OBJ016,Sandisk Portable SSD,object,.jpg,c6460e921190e56b71707cdff7ab7e04
images_OBJ016/OBJ016_056.jpg,OBJ016,Sandisk Portable SSD,object,.jpg,92e92a46e94f54d7cb0572afb9a40de2
images_OBJ016/OBJ016_057.jpg,OBJ016,Sandisk Portable SSD,object,.jpg,e2d00fb5aaf8b8c0120869ddb86eeba6
images_OBJ016/OBJ016_058.jpg,OBJ016,Sandisk Portable SSD,object,.jpg,ae8a137f84a83b315afbd259e06ce9a9
images_OBJ016/OBJ016_059.jpg,OBJ016,Sandisk Portable SSD,object,.jpg,1a3e22c3b8f5639bd2f54c2e56c5b4ca
images_OBJ016/OBJ016_060.jpg,OBJ016,Sandisk Portable SSD,object,.jpg,b6d15af21bac755517dfac1335b39c69
images_OBJ016/OBJ016_061.jpg,OBJ016,Sandisk Portable SSD,object,.jpg,9d05bbcf3e18f2f45f7fcbc3b67a9a51
images_OBJ016/OBJ016_062.jpg,OBJ016,Sandisk Portable SSD,object,.jpg,ad538631343a0c9563d1105feaf3001d
images_OBJ016/OBJ016_063.jpg,OBJ016,Sandisk Portable SSD,object,.jpg,32c53031e2dcc6ae943a9fa76b85f03d
images_OBJ016/OBJ016_064.jpg,OBJ016,Sandisk Portable SSD,object,.jpg,08eb8f3ca77c6a4ea1893f0d4225f51b
images_OBJ016/OBJ016_065.jpg,OBJ016,Sandisk Portable SSD,object,.jpg,b40efe78f8dad35b3730e76df09fe4b2
images_OBJ016/OBJ016_066.jpg,OBJ016,Sandisk Portable SSD,object,.jpg,90586f7d243492f7b1b29089c0a84931
images_OBJ016/OBJ016_067.jpg,OBJ016,Sandisk Portable SSD,object,.jpg,fb6f414124a5577dcedd52fbed18c3db
images_OBJ016/OBJ016_068.jpg,OBJ016,Sandisk Portable SSD,object,.jpg,9fad721d9cdc1f26b57d658f69701a9a
images_OBJ016/OBJ016_069.jpg,OBJ016,Sandisk Portable SSD,object,.jpg,2c772da38a1339fae6261d2414e710db
images_OBJ016/OBJ016_070.jpg,OBJ016,Sandisk Portable SSD,object,.jpg,1b282c591ff3d429c4026f6d772a12dd
images_OBJ016/OBJ016_071.jpg,OBJ016,Sandisk Portable SSD,object,.jpg,4922e7a4ca4bdf1a2073796f344c1dd5
images_OBJ016/OBJ016_072.jpg,OBJ016,Sandisk Portable SSD,object,.jpg,57650bc618d43a904517bf309f16602b
images_OBJ016/OBJ016_073.jpg,OBJ016,Sandisk Portable SSD,object,.jpg,a5e72ff51bbf0e5877ae47dec8f58d55
images_OBJ016/OBJ016_074.jpg,OBJ016,Sandisk Portable SSD,object,.jpg,bf6478e56a0b17d90b7a94ab57ac0cd8
images_OBJ016/OBJ016_075.jpg,OBJ016,Sandisk Portable SSD,object,.jpg,6dd39682dfca12c15c28673572cecc88
images_OBJ016/OBJ016_076.jpg,OBJ016,Sandisk Portable SSD,object,.jpg,ba035feab24a2094981afb52ecfcaf58
images_OBJ016/OBJ016_077.jpg,OBJ016,Sandisk Portable SSD,object,.jpg,08cfac7b36620a7a953b68b5cb52272b
images_OBJ016/OBJ016_078.jpg,OBJ016,Sandisk Portable SSD,object,.jpg,61c0b9ae7fbc3fa5cc8e9d3676eb4c25
images_OBJ016/OBJ016_079.jpg,OBJ016,Sandisk Portable SSD,object,.jpg,4c56516a429970bfe3b1411327697dc6
images_OBJ016/OBJ016_080.jpg,OBJ016,Sandisk Portable SSD,object,.jpg,6c0d21eeb1992d7d2d881d136cd7f187
images_OBJ016/OBJ016_081.jpg,OBJ016,Sandisk Portable SSD,object,.jpg,8b129cde4c2eedfad5ecb1a3cefcc0f0
images_OBJ016/OBJ016_082.jpg,OBJ016,Sandisk Portable SSD,object,.jpg,9796ef1e6fa7e81886fc0e66811c37f7
images_OBJ016/OBJ016_083.jpg,OBJ016,Sandisk Portable SSD,object,.jpg,68cc9eed71d134a88227ec48c687cae8
images_OBJ016/OBJ016_084.jpg,OBJ016,Sandisk Portable SSD,object,.jpg,eb8228dda543d2cb6bff00d4b5c0881a
images_OBJ016/OBJ016_085.jpg,OBJ016,Sandisk Portable SSD,object,.jpg,4a0e319ba2a2cc68deaa91b6108cc4f0
images_OBJ016/OBJ016_086.jpg,OBJ016,Sandisk Portable SSD,object,.jpg,b2eb9ba98a51f7533f43aeeeceffc9ed
images_OBJ016/OBJ016_087.jpg,OBJ016,Sandisk Portable SSD,object,.jpg,a19c6e8ba2b117b625e80a7f1b059039
images_OBJ016/OBJ016_088.jpg,OBJ016,Sandisk Portable SSD,object,.jpg,69f99a3ec240fcc14914229940a8aa5e
images_OBJ016/OBJ016_089.jpg,OBJ016,Sandisk Portable SSD,object,.jpg,59aaa36123a39e14c58c81a54bb95daa
images_OBJ016/OBJ016_090.jpg,OBJ016,Sandisk Portable SSD,object,.jpg,c8ae18d6016842fba7e78aee4d59db11
images_OBJ016/OBJ016_091.jpg,OBJ016,Sandisk Portable SSD,object,.jpg,348d5a3af73f6527f8206d4103ac94bb
images_OBJ016/OBJ016_092.jpg,OBJ016,Sandisk Portable SSD,object,.jpg,038ec20aa2d19a5197811758399d8a1c
images_OBJ016/OBJ016_093.jpg,OBJ016,Sandisk Portable SSD,object,.jpg,ecc0ddc6c3565c91ef06c95435f0fbba
images_OBJ016/OBJ016_094.jpg,OBJ016,Sandisk Portable SSD,object,.jpg,20d86646179ffe8bb0bf392c6b525b86
images_OBJ016/OBJ016_095.jpg,OBJ016,Sandisk Portable SSD,object,.jpg,41a4b73cfd97c135efd13107401cde09
images_OBJ016/OBJ016_bg_001.jpg,OBJ016,Sandisk Portable SSD,background,.jpg,f7c7970009fffa0fcb7bffe5abc6d4ad
images_OBJ016/OBJ016_bg_002.jpg,OBJ016,Sandisk Portable SSD,background,.jpg,fb197a04c11ca231c6d99847fda6a0cf
images_OBJ016/OBJ016_bg_003.jpg,OBJ016,Sandisk Portable SSD,background,.jpg,e11fc7c9df341ae7ae62858791f1d193
images_OBJ016/OBJ016_bg_004.jpg,OBJ016,Sandisk Portable SSD,background,.jpg,377764bfd8f38af85a49ede82431c2fa
images_OBJ016/OBJ016_bg_005.jpg,OBJ016,Sandisk Portable SSD,background,.jpg,9675c9fcb8b3c91ace17ae6b13b9c921
images_OBJ017/OBJ017_001.jpg,OBJ017,Controller,object,.jpg,4392fe953f1e60eab01fefe8e444c720
images_OBJ017/OBJ017_002.jpg,OBJ017,Controller,object,.jpg,e1e4da8fc7424544436bba4da32e4a80
images_OBJ017/OBJ017_003.jpg,OBJ017,Controller,object,.jpg,bd6fecfab436c507c5bfd7cc799fad82
images_OBJ017/OBJ017_004.jpg,OBJ017,Controller,object,.jpg,63479757dd17c608f3fd4b09f97120a9
images_OBJ017/OBJ017_005.jpg,OBJ017,Controller,object,.jpg,dbe68e497d1eb9d774d18d3b44c4eea8
images_OBJ017/OBJ017_006.jpg,OBJ017,Controller,object,.jpg,7be88c80c4273f210556b0ef6357fb10
images_OBJ017/OBJ017_007.jpg,OBJ017,Controller,object,.jpg,c8c79f2c5afc71ad4c6b8e019cb5d696
images_OBJ017/OBJ017_008.jpg,OBJ017,Controller,object,.jpg,7a0a613dbed79adbee1015aa8ae34457
images_OBJ017/OBJ017_009.jpg,OBJ017,Controller,object,.jpg,1b93619bbc4e7e08b37492b75a6dd2c6
images_OBJ017/OBJ017_010.jpg,OBJ017,Controller,object,.jpg,de67da23e6810c9f7467f17440fc5482
images_OBJ017/OBJ017_011.jpg,OBJ017,Controller,object,.jpg,eb680c713e7b7391afd1fbbd89def3a1
images_OBJ017/OBJ017_012.jpg,OBJ017,Controller,object,.jpg,4109e101f57d511eb61a6eb8eb2a27cd
images_OBJ017/OBJ017_013.jpg,OBJ017,Controller,object,.jpg,b5f30cc2ec9bad21751b5f2e541a6cee
images_OBJ017/OBJ017_014.jpg,OBJ017,Controller,object,.jpg,a7b205e8dd1d8b7c933044ae7a1fa627
images_OBJ017/OBJ017_015.jpg,OBJ017,Controller,object,.jpg,d6a118b78f8a0f53699d351e03b20065
images_OBJ017/OBJ017_016.jpg,OBJ017,Controller,object,.jpg,6d9ed00f9cc591f22c8b2a17c1942797
images_OBJ017/OBJ017_017.jpg,OBJ017,Controller,object,.jpg,ae814ab5c06573c55fda212f54eb4e9f
images_OBJ017/OBJ017_018.jpg,OBJ017,Controller,object,.jpg,2be303ea112c9f5f05075ee3c1a7ba91
images_OBJ017/OBJ017_019.jpg,OBJ017,Controller,object,.jpg,0e2e9a5dc1be023d46ddd750a66977de
images_OBJ017/OBJ017_020.jpg,OBJ017,Controller,object,.jpg,a82136ca92d75bfcf85567c9448e5de3
images_OBJ017/OBJ017_021.jpg,OBJ017,Controller,object,.jpg,4d49672d0dd364c9de6ea48b58f04eb3
images_OBJ017/OBJ017_022.jpg,OBJ017,Controller,object,.jpg,86b62cdf4641a6916100d0596f1ffbb9
images_OBJ017/OBJ017_023.jpg,OBJ017,Controller,object,.jpg,d97470c6a0dbef3c6eb7129f7722eef2
images_OBJ017/OBJ017_024.jpg,OBJ017,Controller,object,.jpg,645f522f6ad352487e16feb3b43ab316
images_OBJ017/OBJ017_025.jpg,OBJ017,Controller,object,.jpg,1df1dd3c5b0a8843609fac67380d609f
images_OBJ017/OBJ017_026.jpg,OBJ017,Controller,object,.jpg,b5b2d8141feb2060d68dbeb2d71ce27b
images_OBJ017/OBJ017_027.jpg,OBJ017,Controller,object,.jpg,346a3e9f25dc01acdd6dcc87a78b3d44
images_OBJ017/OBJ017_028.jpg,OBJ017,Controller,object,.jpg,e31619bc832f96d16a1a25edc6cc1c17
images_OBJ017/OBJ017_029.jpg,OBJ017,Controller,object,.jpg,e22b3b0feaa75ffceb57f4f907118e6d
images_OBJ017/OBJ017_030.jpg,OBJ017,Controller,object,.jpg,895035df70e5e75fdced26a292fb352f
images_OBJ017/OBJ017_031.jpg,OBJ017,Controller,object,.jpg,9ba4486cc5ac1d5417799009833ec477
images_OBJ017/OBJ017_032.jpg,OBJ017,Controller,object,.jpg,6edce97553c30af1dbfdf57309875b64
images_OBJ017/OBJ017_033.jpg,OBJ017,Controller,object,.jpg,c7f57e72bf2d2066fe52c2a5ac4b6e03
images_OBJ017/OBJ017_034.jpg,OBJ017,Controller,object,.jpg,861c7cccd8603bf8be0cf4d4a91dc585
images_OBJ017/OBJ017_035.jpg,OBJ017,Controller,object,.jpg,0c713540bfdb1090375d0e587fcec7a6
images_OBJ017/OBJ017_036.jpg,OBJ017,Controller,object,.jpg,4f43ed6bb24a344473a47aef503edf6b
images_OBJ017/OBJ017_037.jpg,OBJ017,Controller,object,.jpg,bc3e3ce447b283bc901402c66e9b1adc
images_OBJ017/OBJ017_038.jpg,OBJ017,Controller,object,.jpg,291d18422804d638a1c417deb38aa2b6
images_OBJ017/OBJ017_039.jpg,OBJ017,Controller,object,.jpg,1dc6600c37a0e031642ef4a6a0762019
images_OBJ017/OBJ017_040.jpg,OBJ017,Controller,object,.jpg,fae4ba7b250032cb4fd6eb4bc91a24d3
images_OBJ017/OBJ017_041.jpg,OBJ017,Controller,object,.jpg,5246924bb8c96716db6ca2219d8896ed
images_OBJ017/OBJ017_042.jpg,OBJ017,Controller,object,.jpg,01a4d2bcf296457459a79ff61bf9c1b8
images_OBJ017/OBJ017_043.jpg,OBJ017,Controller,object,.jpg,4b0f88f8010d761b0773b97c25b5c8e6
images_OBJ017/OBJ017_044.jpg,OBJ017,Controller,object,.jpg,ca8ed854a5de4babd146f6fd97202cab
images_OBJ017/OBJ017_045.jpg,OBJ017,Controller,object,.jpg,dcd76012bfdd8e73da32011a8ce59292
images_OBJ017/OBJ017_046.jpg,OBJ017,Controller,object,.jpg,3459b44262d87fcb591cb86232072f26
images_OBJ017/OBJ017_047.jpg,OBJ017,Controller,object,.jpg,5321ef4e7641e41d08a3a25de1398bb5
images_OBJ017/OBJ017_048.jpg,OBJ017,Controller,object,.jpg,4eaf47e761465f16fb71a3004286518a
images_OBJ017/OBJ017_049.jpg,OBJ017,Controller,object,.jpg,c60f9fb10c560f8104bff5262ac99d24
images_OBJ017/OBJ017_050.jpg,OBJ017,Controller,object,.jpg,a4790022ee5fa923b4f22cf43cf0ff7e
images_OBJ017/OBJ017_051.jpg,OBJ017,Controller,object,.jpg,e37efebe6b9ac02239234cb6d073a7b6
images_OBJ017/OBJ017_052.jpg,OBJ017,Controller,object,.jpg,05599079a321b33251ac082ebe08e753
images_OBJ017/OBJ017_053.jpg,OBJ017,Controller,object,.jpg,93d5966a49221501da7b6cba82a783a0
images_OBJ017/OBJ017_054.jpg,OBJ017,Controller,object,.jpg,4878eb33ea2bd53f48c0b8a5baadd6c0
images_OBJ017/OBJ017_055.jpg,OBJ017,Controller,object,.jpg,c2cb2248c3f01d3ac584f5dc23d86475
images_OBJ017/OBJ017_056.jpg,OBJ017,Controller,object,.jpg,cec59ce720c91f8566dccd8b5f3e5e50
images_OBJ017/OBJ017_057.jpg,OBJ017,Controller,object,.jpg,94500a74257ce44ab7a4dadad5e152fe
images_OBJ017/OBJ017_058.jpg,OBJ017,Controller,object,.jpg,6c33d8d102a9d3eb0b195d5c7fcb8cc2
images_OBJ017/OBJ017_059.jpg,OBJ017,Controller,object,.jpg,5e7d26675ec06ffa6f5825249bb899d6
images_OBJ017/OBJ017_060.jpg,OBJ017,Controller,object,.jpg,dc77cc3305de8193a8f276debbf2e938
images_OBJ017/OBJ017_061.jpg,OBJ017,Controller,object,.jpg,6bea76a2fe4cd90c65f7951e418240ed
images_OBJ017/OBJ017_062.jpg,OBJ017,Controller,object,.jpg,ed70bddcc90583e4c200d334a04c6b47
images_OBJ017/OBJ017_063.jpg,OBJ017,Controller,object,.jpg,064b47d058a42c2d51396d2459737a29
images_OBJ017/OBJ017_064.jpg,OBJ017,Controller,object,.jpg,9658d30b8d77083a07f4b4109eead4ad
images_OBJ017/OBJ017_065.jpg,OBJ017,Controller,object,.jpg,d8f8af96d109f63091d699f12c9ce846
images_OBJ017/OBJ017_066.jpg,OBJ017,Controller,object,.jpg,b1293103ac2e0b2ef1f91fba5b7057a4
images_OBJ017/OBJ017_067.jpg,OBJ017,Controller,object,.jpg,29d9855a6da40f874ffa67ca1127dbcc
images_OBJ017/OBJ017_068.jpg,OBJ017,Controller,object,.jpg,a73232c0d565381f43bd3cf8ab38c722
images_OBJ017/OBJ017_069.jpg,OBJ017,Controller,object,.jpg,cb6d5412a6d64a49ab2375927dc161b2
images_OBJ017/OBJ017_070.jpg,OBJ017,Controller,object,.jpg,2b4dfc8fcde9fb66c2089bb6a709110a
images_OBJ017/OBJ017_071.jpg,OBJ017,Controller,object,.jpg,54b24a310b6abb91dc5fc3db68d2b368
images_OBJ017/OBJ017_072.jpg,OBJ017,Controller,object,.jpg,26768c4d54da302666e8ca0459401c8c
images_OBJ017/OBJ017_073.jpg,OBJ017,Controller,object,.jpg,d599fd3f1fa1b360ef3a2aecbaeeb960
images_OBJ017/OBJ017_074.jpg,OBJ017,Controller,object,.jpg,58e423762900c76bd428834c9b383a5e
images_OBJ017/OBJ017_075.jpg,OBJ017,Controller,object,.jpg,de17281b26573edfd22beca63447eae3
images_OBJ017/OBJ017_076.jpg,OBJ017,Controller,object,.jpg,a1b6ab806b58b73cbf62812a9686f995
images_OBJ017/OBJ017_077.jpg,OBJ017,Controller,object,.jpg,20dbbee39ab6ee37c2aa5c3c659f88ad
images_OBJ017/OBJ017_078.jpg,OBJ017,Controller,object,.jpg,636994ad06eb042d3a0191d623ca1731
images_OBJ017/OBJ017_079.jpg,OBJ017,Controller,object,.jpg,8c6b0a51d360a7c0aba61083e4675a01
images_OBJ017/OBJ017_080.jpg,OBJ017,Controller,object,.jpg,d02cac9c76cbe7db75e305d117abe22e
images_OBJ017/OBJ017_081.jpg,OBJ017,Controller,object,.jpg,5f38964dcc49410373c8c959df8d0151
images_OBJ017/OBJ017_082.jpg,OBJ017,Controller,object,.jpg,d6217a928a3a59b3e7c510366a5dfb14
images_OBJ017/OBJ017_083.jpg,OBJ017,Controller,object,.jpg,c49f1b1f5758725e3e451ef88b2e6abe
images_OBJ017/OBJ017_084.jpg,OBJ017,Controller,object,.jpg,51c76f2a0e2cd444781d47719ba90efd
images_OBJ017/OBJ017_085.jpg,OBJ017,Controller,object,.jpg,15f9f3afd96e74eb6ce33777f2557f72
images_OBJ017/OBJ017_086.jpg,OBJ017,Controller,object,.jpg,c3ac9237061886802b6fadd4e4329a91
images_OBJ017/OBJ017_087.jpg,OBJ017,Controller,object,.jpg,c124e895b32dc5373cbce028f46c41da
images_OBJ017/OBJ017_088.jpg,OBJ017,Controller,object,.jpg,1543185017f6bea3fce7e2138626bfa5
images_OBJ017/OBJ017_089.jpg,OBJ017,Controller,object,.jpg,99e3e2b119cac9d2cc7b4f5b9c325eda
images_OBJ017/OBJ017_090.jpg,OBJ017,Controller,object,.jpg,4b2d8d9879daf02f0a3d25b973560b68
images_OBJ017/OBJ017_091.jpg,OBJ017,Controller,object,.jpg,7049dd300c2c634aa2605a3fc5172019
images_OBJ017/OBJ017_092.jpg,OBJ017,Controller,object,.jpg,62a75133893862cd3da76232da8d40b8
images_OBJ017/OBJ017_093.jpg,OBJ017,Controller,object,.jpg,ac59f2901a38befa19d48ebc402be67e
images_OBJ017/OBJ017_094.jpg,OBJ017,Controller,object,.jpg,0f9a24e3ec22f35fc3cabd9ce3345040
images_OBJ017/OBJ017_095.jpg,OBJ017,Controller,object,.jpg,d7479e3834a1b4b1f9c31d8bbd2ca3d5
images_OBJ017/OBJ017_096.jpg,OBJ017,Controller,object,.jpg,6e579266e91288cee4ab9a7428a0a88c
images_OBJ017/OBJ017_097.jpg,OBJ017,Controller,object,.jpg,7b7ff8c952b6ac1ba8be13c323f51dec
images_OBJ017/OBJ017_098.jpg,OBJ017,Controller,object,.jpg,dfcab3633c77cba61ebd1d391908cdec
images_OBJ017/OBJ017_099.jpg,OBJ017,Controller,object,.jpg,373e19cfc198c7147b102395d73b277e
images_OBJ017/OBJ017_100.jpg,OBJ017,Controller,object,.jpg,fcb2e53bf4bad7a6410ce71b89563317
images_OBJ017/OBJ017_101.jpg,OBJ017,Controller,object,.jpg,9efca26df023c2c31a2c7042a45e31f1
images_OBJ017/OBJ017_102.jpg,OBJ017,Controller,object,.jpg,a65110c0ed5a63c4b698893e6cdec4ee
images_OBJ017/OBJ017_103.jpg,OBJ017,Controller,object,.jpg,3df9a723ce40407a4b8ab46d8db546b1
images_OBJ017/OBJ017_104.jpg,OBJ017,Controller,object,.jpg,d75f67598d43a9b5143e7f07aff78680
images_OBJ017/OBJ017_105.jpg,OBJ017,Controller,object,.jpg,8bb307842516b828e46f45bd52a381d2
images_OBJ017/OBJ017_106.jpg,OBJ017,Controller,object,.jpg,d77521680156d46a0ad40770dc82a604
images_OBJ017/OBJ017_bg_001.jpg,OBJ017,Controller,background,.jpg,76b4b67b3c98215a5257643bc1a6978a
images_OBJ017/OBJ017_bg_002.jpg,OBJ017,Controller,background,.jpg,129042d01b4537f6908262e6a29e012d
images_OBJ017/OBJ017_bg_003.jpg,OBJ017,Controller,background,.jpg,53af4f9a1b4d3b715f5c5f6cb5fcf247
images_OBJ017/OBJ017_bg_004.jpg,OBJ017,Controller,background,.jpg,294fd64cbfb96c34ed1552831dec8c40
images_OBJ017/OBJ017_bg_005.jpg,OBJ017,Controller,background,.jpg,03e5b04ff06b837bcd56ee32f2863d13
images_OBJ017/OBJ017_bg_006.jpg,OBJ017,Controller,background,.jpg,5867598191192e671c9e4367511004a1
images_OBJ017/OBJ017_bg_007.jpg,OBJ017,Controller,background,.jpg,e1086fe3b2c8823efc699cfbb6188334
images_OBJ018/OBJ018_001.jpg,OBJ018,Rubiks cube,object,.jpg,f140d9ef4e2b651b0f3cfbc93674ba20
images_OBJ018/OBJ018_002.jpg,OBJ018,Rubiks cube,object,.jpg,442c2b3d3a67120e3b0a5012a742f57c
images_OBJ018/OBJ018_003.jpg,OBJ018,Rubiks cube,object,.jpg,76b69ae90c574fa536634b2e5a3c500b
images_OBJ018/OBJ018_004.jpg,OBJ018,Rubiks cube,object,.jpg,9925568adf0559377d55c03864370782
images_OBJ018/OBJ018_005.jpg,OBJ018,Rubiks cube,object,.jpg,c9f2db3cb286cd543e3b5982782116c1
images_OBJ018/OBJ018_006.jpg,OBJ018,Rubiks cube,object,.jpg,c78aeb6e992714c607e842485b253565
images_OBJ018/OBJ018_007.jpg,OBJ018,Rubiks cube,object,.jpg,dd9364f0302271230ec6d212d288227e
images_OBJ018/OBJ018_008.jpg,OBJ018,Rubiks cube,object,.jpg,f2571ff16e2dc21870b514d90c4c490d
images_OBJ018/OBJ018_009.jpg,OBJ018,Rubiks cube,object,.jpg,a58bab72ef1571df0f87054496edbb40
images_OBJ018/OBJ018_010.jpg,OBJ018,Rubiks cube,object,.jpg,e0d7b0cfa89fcaa2e712741ce2505d58
images_OBJ018/OBJ018_011.jpg,OBJ018,Rubiks cube,object,.jpg,260e06a2c805f4181f381bbde5962274
images_OBJ018/OBJ018_012.jpg,OBJ018,Rubiks cube,object,.jpg,c91465e8b2e6edaf847690fdeb356710
images_OBJ018/OBJ018_013.jpg,OBJ018,Rubiks cube,object,.jpg,cbfa731da4a37a5142fadffefee14f61
images_OBJ018/OBJ018_014.jpg,OBJ018,Rubiks cube,object,.jpg,f8569c448937feb9fb425b00f7f890ca
images_OBJ018/OBJ018_015.jpg,OBJ018,Rubiks cube,object,.jpg,02a6123d2eee0235c3d126d3c9c90f8f
images_OBJ018/OBJ018_016.jpg,OBJ018,Rubiks cube,object,.jpg,9a1459326ebcf788d00efb83deeef1f7
images_OBJ018/OBJ018_017.jpg,OBJ018,Rubiks cube,object,.jpg,17b464098d2c3f327585ecc3795b9c09
images_OBJ018/OBJ018_018.jpg,OBJ018,Rubiks cube,object,.jpg,950250d6ec7bd561d6f77b61039aece8
images_OBJ018/OBJ018_019.jpg,OBJ018,Rubiks cube,object,.jpg,24b052fef74321d4ade5a8456f03a238
images_OBJ018/OBJ018_020.jpg,OBJ018,Rubiks cube,object,.jpg,e21b969c830ef0988c185792dbe628f0
images_OBJ018/OBJ018_021.jpg,OBJ018,Rubiks cube,object,.jpg,ef6781855139e95a651eddf79194d5e4
images_OBJ018/OBJ018_022.jpg,OBJ018,Rubiks cube,object,.jpg,ae6441051ed6dc119b0212d1e7bbeeee
images_OBJ018/OBJ018_023.jpg,OBJ018,Rubiks cube,object,.jpg,4b423a7df5e5bccb85a74c10bf424cd9
images_OBJ018/OBJ018_024.jpg,OBJ018,Rubiks cube,object,.jpg,34810f94ab2827bd04f658839ae8054d
images_OBJ018/OBJ018_025.jpg,OBJ018,Rubiks cube,object,.jpg,11d58952650fb7eb932dc98142fe735a
images_OBJ018/OBJ018_026.jpg,OBJ018,Rubiks cube,object,.jpg,bb3431cee3a3a6bc08bc0aa2f36fce7e
images_OBJ018/OBJ018_027.jpg,OBJ018,Rubiks cube,object,.jpg,7c14f01726f676055c648f959004a8bf
images_OBJ018/OBJ018_028.jpg,OBJ018,Rubiks cube,object,.jpg,c02441958b6ff5794c4241b38054965a
images_OBJ018/OBJ018_029.jpg,OBJ018,Rubiks cube,object,.jpg,afeaa0500a551bdcb741ea36224e9f43
images_OBJ018/OBJ018_030.jpg,OBJ018,Rubiks cube,object,.jpg,6055e918234acb7aad94d7b56e381869
images_OBJ018/OBJ018_031.jpg,OBJ018,Rubiks cube,object,.jpg,a1d0d58a91ced7f2d533e8d514eed3d1
images_OBJ018/OBJ018_032.jpg,OBJ018,Rubiks cube,object,.jpg,e43077aa35a0e6c33834609a90d8ac37
images_OBJ018/OBJ018_033.jpg,OBJ018,Rubiks cube,object,.jpg,34e8074e1f1110339e202b861aacb492
images_OBJ018/OBJ018_034.jpg,OBJ018,Rubiks cube,object,.jpg,7ade3a9e1cc3b63a71d741743e7a2baa
images_OBJ018/OBJ018_035.jpg,OBJ018,Rubiks cube,object,.jpg,bc6b234e488eab2b976483f1fa9dde71
images_OBJ018/OBJ018_036.jpg,OBJ018,Rubiks cube,object,.jpg,d53c81905358ed3121bb79c41cd74e83
images_OBJ018/OBJ018_037.jpg,OBJ018,Rubiks cube,object,.jpg,86616486291d870a573050e25c515c58
images_OBJ018/OBJ018_038.jpg,OBJ018,Rubiks cube,object,.jpg,774a35e590910ea1853da7a9f5e8ad01
images_OBJ018/OBJ018_039.jpg,OBJ018,Rubiks cube,object,.jpg,7f3709d504d51ef0d12620a087b4a1d5
images_OBJ018/OBJ018_040.jpg,OBJ018,Rubiks cube,object,.jpg,c9611cbc2dd9de72102f94a4f953c275
images_OBJ018/OBJ018_041.jpg,OBJ018,Rubiks cube,object,.jpg,930615d136f431ce97be4748e8c7ce2e
images_OBJ018/OBJ018_042.jpg,OBJ018,Rubiks cube,object,.jpg,50806f9744a8887be24448f026d31371
images_OBJ018/OBJ018_043.jpg,OBJ018,Rubiks cube,object,.jpg,3a1adc0037d34edc806fb9bc00661037
images_OBJ018/OBJ018_044.jpg,OBJ018,Rubiks cube,object,.jpg,57e3ac7052d5e1c8f69e2895b861c895
images_OBJ018/OBJ018_045.jpg,OBJ018,Rubiks cube,object,.jpg,c223c467f86de6b6a77c2587a9d82fe7
images_OBJ018/OBJ018_046.jpg,OBJ018,Rubiks cube,object,.jpg,5c9d8024bafa8a613b35d93ee8be3a5d
images_OBJ018/OBJ018_047.jpg,OBJ018,Rubiks cube,object,.jpg,728854a0e3b6c22d1dd8c60880ad75de
images_OBJ018/OBJ018_048.jpg,OBJ018,Rubiks cube,object,.jpg,c0ccc2b2ab3ef627447231b6439daddf
images_OBJ018/OBJ018_049.jpg,OBJ018,Rubiks cube,object,.jpg,e6712033723073ce5e9c1b28a5680908
images_OBJ018/OBJ018_050.jpg,OBJ018,Rubiks cube,object,.jpg,a812156e4ba6514771c592a0325a0e2c
images_OBJ018/OBJ018_051.jpg,OBJ018,Rubiks cube,object,.jpg,7bfc78798eb9559d2510e4fd0c911b4b
images_OBJ018/OBJ018_052.jpg,OBJ018,Rubiks cube,object,.jpg,f140f9651ba6937f66a3bb1525744bee
images_OBJ018/OBJ018_053.jpg,OBJ018,Rubiks cube,object,.jpg,d99f8beb80da6767c958ae731e253490
images_OBJ018/OBJ018_054.jpg,OBJ018,Rubiks cube,object,.jpg,c5b021220ac99453b59225357f502ff6
images_OBJ018/OBJ018_055.jpg,OBJ018,Rubiks cube,object,.jpg,e20b14d8695957676240aa8041399c75
images_OBJ018/OBJ018_056.jpg,OBJ018,Rubiks cube,object,.jpg,c1429daa5e5e711481913f3549d79b3d
images_OBJ018/OBJ018_057.jpg,OBJ018,Rubiks cube,object,.jpg,8d63ce2e43059542ef29ae00e1c415b6
images_OBJ018/OBJ018_058.jpg,OBJ018,Rubiks cube,object,.jpg,1661a7851ccc50c704de9e9587d4c1e1
images_OBJ018/OBJ018_059.jpg,OBJ018,Rubiks cube,object,.jpg,39c827c275aa65226d43c512080383c2
images_OBJ018/OBJ018_060.jpg,OBJ018,Rubiks cube,object,.jpg,a11f9504b597bd2194482bb21f36ea40
images_OBJ018/OBJ018_061.jpg,OBJ018,Rubiks cube,object,.jpg,7a869997031e1f41880e4e4020effcb6
images_OBJ018/OBJ018_062.jpg,OBJ018,Rubiks cube,object,.jpg,8e8631287ef75b6bdd7a7b098e0fddaa
images_OBJ018/OBJ018_063.jpg,OBJ018,Rubiks cube,object,.jpg,97bdfc67e46e6740d6e0a0b60fb5cde6
images_OBJ018/OBJ018_064.jpg,OBJ018,Rubiks cube,object,.jpg,65403192b529388af5450f54938a36e9
images_OBJ018/OBJ018_065.jpg,OBJ018,Rubiks cube,object,.jpg,3cd7cd70a378757d02c353537e0007f0
images_OBJ018/OBJ018_066.jpg,OBJ018,Rubiks cube,object,.jpg,4ac13c01b270bad4598d236e2ff91ced
images_OBJ018/OBJ018_067.jpg,OBJ018,Rubiks cube,object,.jpg,07b9ea2357263ea855f86b2d78809f1a
images_OBJ018/OBJ018_068.jpg,OBJ018,Rubiks cube,object,.jpg,e96e6e1e994c38754ab140a5683d7775
images_OBJ018/OBJ018_069.jpg,OBJ018,Rubiks cube,object,.jpg,b6f599bee99cec5e14a7cd702a142f02
images_OBJ018/OBJ018_070.jpg,OBJ018,Rubiks cube,object,.jpg,1df20443c3b2adba4ee027bf748306c3
images_OBJ018/OBJ018_071.jpg,OBJ018,Rubiks cube,object,.jpg,e08aa73f870bff13593a44878f9294d2
images_OBJ018/OBJ018_072.jpg,OBJ018,Rubiks cube,object,.jpg,7f340290e8ad7e63bafac176749b3992
images_OBJ018/OBJ018_073.jpg,OBJ018,Rubiks cube,object,.jpg,645899a4d740352f19463229a81d037d
images_OBJ018/OBJ018_074.jpg,OBJ018,Rubiks cube,object,.jpg,286023c0714d1d66b6cafad50a23e8ee
images_OBJ018/OBJ018_075.jpg,OBJ018,Rubiks cube,object,.jpg,f999e29c54ccc9cb6aa39a53646747b7
images_OBJ018/OBJ018_076.jpg,OBJ018,Rubiks cube,object,.jpg,ca85ab88786bbf64efb612111f57d96d
images_OBJ018/OBJ018_077.jpg,OBJ018,Rubiks cube,object,.jpg,7977dd201b99968ebb35a2507157b8ab
images_OBJ018/OBJ018_078.jpg,OBJ018,Rubiks cube,object,.jpg,613d1a9decd909a61124237089df8c71
images_OBJ018/OBJ018_079.jpg,OBJ018,Rubiks cube,object,.jpg,fe5b97943623029913acb4e223924213
images_OBJ018/OBJ018_080.jpg,OBJ018,Rubiks cube,object,.jpg,deba0a4371959d41658438c7d0ff2c15
images_OBJ018/OBJ018_081.jpg,OBJ018,Rubiks cube,object,.jpg,a45171735288d04564d725060119e1cb
images_OBJ018/OBJ018_082.jpg,OBJ018,Rubiks cube,object,.jpg,d011693a66519fb328e2f803071f1daa
images_OBJ018/OBJ018_083.jpg,OBJ018,Rubiks cube,object,.jpg,2cbb6b5928ba87ee567577390a9fcc4b
images_OBJ018/OBJ018_084.jpg,OBJ018,Rubiks cube,object,.jpg,ad9512efb93af7a390c1e9505358e787
images_OBJ018/OBJ018_085.jpg,OBJ018,Rubiks cube,object,.jpg,54716a597ff3e1f78eb090249190497e
images_OBJ018/OBJ018_086.jpg,OBJ018,Rubiks cube,object,.jpg,c30358c5c0380dfd40b2a7d445f48962
images_OBJ018/OBJ018_087.jpg,OBJ018,Rubiks cube,object,.jpg,f76546f182cca9805ccb8b6a00278f76
images_OBJ018/OBJ018_088.jpg,OBJ018,Rubiks cube,object,.jpg,e6144e5447699f964affda9bd02765ee
images_OBJ018/OBJ018_089.jpg,OBJ018,Rubiks cube,object,.jpg,2d8590f043568b62af906c2a6a292f1e
images_OBJ018/OBJ018_090.jpg,OBJ018,Rubiks cube,object,.jpg,df343bd5da765694693b94cb38c90d27
images_OBJ018/OBJ018_091.jpg,OBJ018,Rubiks cube,object,.jpg,67865095097537a45efe737e271e671e
images_OBJ018/OBJ018_092.jpg,OBJ018,Rubiks cube,object,.jpg,96bf1cbca1c024a4fdacb905f82ba6e7
images_OBJ018/OBJ018_093.jpg,OBJ018,Rubiks cube,object,.jpg,4867083a07911c1ecc129521cbe988f1
images_OBJ018/OBJ018_094.jpg,OBJ018,Rubiks cube,object,.jpg,6388c061c94d04b9ab7406583653083e
images_OBJ018/OBJ018_095.jpg,OBJ018,Rubiks cube,object,.jpg,4cfbdf94f0ed7590ec30686f8e1acc91
images_OBJ018/OBJ018_bg_001.jpg,OBJ018,Rubiks cube,background,.jpg,3ebde5b6df86ff6ae33bdd9a826d8037
images_OBJ018/OBJ018_bg_002.jpg,OBJ018,Rubiks cube,background,.jpg,12c338257fd7cdc03f37690b30a1c7b5
images_OBJ018/OBJ018_bg_003.jpg,OBJ018,Rubiks cube,background,.jpg,8dec1c86e2f79166196a1bdcf3be61c1
images_OBJ018/OBJ018_bg_004.jpg,OBJ018,Rubiks cube,background,.jpg,39d478cc83e74997e3b65942da21b42f
images_OBJ018/OBJ018_bg_005.jpg,OBJ018,Rubiks cube,background,.jpg,003f08b51f7e20786a38447c718cb7f3
images_OBJ019/OBJ019_001.jpg,OBJ019,Plant,object,.jpg,2aa9de83357dd5d14f03e9961d76a09b
images_OBJ019/OBJ019_002.jpg,OBJ019,Plant,object,.jpg,582c2842c4de8b993e435fe1b5276457
images_OBJ019/OBJ019_003.jpg,OBJ019,Plant,object,.jpg,0b59ed2538763ffc905a745df164894f
images_OBJ019/OBJ019_004.jpg,OBJ019,Plant,object,.jpg,c5708eb9501cff572f5d6a1014e78ba9
images_OBJ019/OBJ019_005.jpg,OBJ019,Plant,object,.jpg,cd99f34d91cbe1f602845aa9f4d46d86
images_OBJ019/OBJ019_006.jpg,OBJ019,Plant,object,.jpg,52a43730e08c7dbc8e3b63f33267232b
images_OBJ019/OBJ019_007.jpg,OBJ019,Plant,object,.jpg,f7ea867bb9dabab2dfbe7d3e23e28ea4
images_OBJ019/OBJ019_008.jpg,OBJ019,Plant,object,.jpg,1232ff374c939bbf8cb9e50d07281399
images_OBJ019/OBJ019_009.jpg,OBJ019,Plant,object,.jpg,9da2ed95722e562f9b74576ebb938d34
images_OBJ019/OBJ019_010.jpg,OBJ019,Plant,object,.jpg,a26d97f1089d78ea432809ed3db443af
images_OBJ019/OBJ019_011.jpg,OBJ019,Plant,object,.jpg,0eb9f341362953fbc209f49c146056ac
images_OBJ019/OBJ019_012.jpg,OBJ019,Plant,object,.jpg,7afa743f7f4179b956d13e0816779b44
images_OBJ019/OBJ019_013.jpg,OBJ019,Plant,object,.jpg,4515ece3e87aa74012a88c9e681c6d3a
images_OBJ019/OBJ019_014.jpg,OBJ019,Plant,object,.jpg,cdc4cf104bf3d3fd1ccc8922416b4aad
images_OBJ019/OBJ019_015.jpg,OBJ019,Plant,object,.jpg,7ac4328c2c38b9e6549411b664352c05
images_OBJ019/OBJ019_016.jpg,OBJ019,Plant,object,.jpg,bd3b28c84a3612e677f4fc0801fa51a3
images_OBJ019/OBJ019_017.jpg,OBJ019,Plant,object,.jpg,95e5dca53248f861f7a5d0c7e72ee33f
images_OBJ019/OBJ019_018.jpg,OBJ019,Plant,object,.jpg,10a7900a281ea4a4a3b140d8272e20f1
images_OBJ019/OBJ019_019.jpg,OBJ019,Plant,object,.jpg,864127206cf27e6d6bf35703d153285f
images_OBJ019/OBJ019_020.jpg,OBJ019,Plant,object,.jpg,45ea8cd4e5bd6654ffc6ac9c54c3b120
images_OBJ019/OBJ019_021.jpg,OBJ019,Plant,object,.jpg,236d72bc4ea3a59415503ceb81bd202d
images_OBJ019/OBJ019_022.jpg,OBJ019,Plant,object,.jpg,0a5bb9fee5b61cffe426c750048a952b
images_OBJ019/OBJ019_023.jpg,OBJ019,Plant,object,.jpg,2b3dacdf6000251eeaa2f6a577a471cd
images_OBJ019/OBJ019_024.jpg,OBJ019,Plant,object,.jpg,1c1f4dc6debb4ee4b6f73f45b3f707b0
images_OBJ019/OBJ019_025.jpg,OBJ019,Plant,object,.jpg,426b035e8292a18556ff65367f26b4d9
images_OBJ019/OBJ019_026.jpg,OBJ019,Plant,object,.jpg,64c0ac6dc13569c4420c16c91a152150
images_OBJ019/OBJ019_027.jpg,OBJ019,Plant,object,.jpg,097c935f63a1a74180396ddcceeb7890
images_OBJ019/OBJ019_028.jpg,OBJ019,Plant,object,.jpg,9daf64f6c782a9d633c67011d2d0fdd3
images_OBJ019/OBJ019_029.jpg,OBJ019,Plant,object,.jpg,a430b3873c8a0b2b3f3665d46630bfa7
images_OBJ019/OBJ019_030.jpg,OBJ019,Plant,object,.jpg,99b7c4d41d4a4d76274057dfcb980313
images_OBJ019/OBJ019_031.jpg,OBJ019,Plant,object,.jpg,ca6cb77faff17709d41bfd6cdfa5496e
images_OBJ019/OBJ019_032.jpg,OBJ019,Plant,object,.jpg,7123739d3dd928fb14edc63286f69269
images_OBJ019/OBJ019_033.jpg,OBJ019,Plant,object,.jpg,afd7f740d0a592afce23fb7de1cd1b28
images_OBJ019/OBJ019_034.jpg,OBJ019,Plant,object,.jpg,682459ef828203e6a498f8bc9ab5fde5
images_OBJ019/OBJ019_035.jpg,OBJ019,Plant,object,.jpg,ef59677cdfae92115e78b14c56e672d0
images_OBJ019/OBJ019_036.jpg,OBJ019,Plant,object,.jpg,e817379fa1442d46ebdec43a6d387ed7
images_OBJ019/OBJ019_037.jpg,OBJ019,Plant,object,.jpg,3981709884e776c10cecb3787bc8b740
images_OBJ019/OBJ019_038.jpg,OBJ019,Plant,object,.jpg,5df41a5856f5e844db3399387502475b
images_OBJ019/OBJ019_039.jpg,OBJ019,Plant,object,.jpg,9f3d9ed3c2ca5141e3b158cc77bc46ae
images_OBJ019/OBJ019_040.jpg,OBJ019,Plant,object,.jpg,e98dec944abba2f9e837cc5550027ba8
images_OBJ019/OBJ019_041.jpg,OBJ019,Plant,object,.jpg,f84b48be12553a9280d22beccd3b7d09
images_OBJ019/OBJ019_042.jpg,OBJ019,Plant,object,.jpg,8a5a1b79113aeebc37aa527a0a331eec
images_OBJ019/OBJ019_043.jpg,OBJ019,Plant,object,.jpg,b9f6da30ba3988940a9cfc689eb85fbe
images_OBJ019/OBJ019_044.jpg,OBJ019,Plant,object,.jpg,e670425b555599097beb0b51aa3f45b0
images_OBJ019/OBJ019_045.jpg,OBJ019,Plant,object,.jpg,c7d9a7127af9f52c87ea079143aa295d
images_OBJ019/OBJ019_046.jpg,OBJ019,Plant,object,.jpg,66e4b7d4df2e01b4e84f5b15bb10c025
images_OBJ019/OBJ019_047.jpg,OBJ019,Plant,object,.jpg,fac7aec58889494d2dded4fcc0d47136
images_OBJ019/OBJ019_048.jpg,OBJ019,Plant,object,.jpg,e07fbee10b5fef43cde8b0af4313150b
images_OBJ019/OBJ019_049.jpg,OBJ019,Plant,object,.jpg,358e482e59ac8b54600b4262eb8a1cab
images_OBJ019/OBJ019_050.jpg,OBJ019,Plant,object,.jpg,4ddb1dd6ad850fe1ae64180070cb2ad9
images_OBJ019/OBJ019_051.jpg,OBJ019,Plant,object,.jpg,40b925fd29df6b2b4049cb3fb5824eab
images_OBJ019/OBJ019_052.jpg,OBJ019,Plant,object,.jpg,9248219b942d356413efa8b1cb84f150
images_OBJ019/OBJ019_053.jpg,OBJ019,Plant,object,.jpg,b27b0bfdcee487e74e1546865a068e28
images_OBJ019/OBJ019_054.jpg,OBJ019,Plant,object,.jpg,47e5545ba594786e735ea0162e971cdf
images_OBJ019/OBJ019_055.jpg,OBJ019,Plant,object,.jpg,0fc953783bc025470f0765485375d005
images_OBJ019/OBJ019_056.jpg,OBJ019,Plant,object,.jpg,6671f412b2a1fc02edf3adeffde51baf
images_OBJ019/OBJ019_057.jpg,OBJ019,Plant,object,.jpg,a1d37b9a21ae2536e9c7716638847f30
images_OBJ019/OBJ019_058.jpg,OBJ019,Plant,object,.jpg,97d49b7798cdb26eefd8586380f9d776
images_OBJ019/OBJ019_059.jpg,OBJ019,Plant,object,.jpg,a9b4d02ecb64c7bd1f33067f10300533
images_OBJ019/OBJ019_060.jpg,OBJ019,Plant,object,.jpg,27cf8d5bb52b5d4b7254e0ac2c619719
images_OBJ019/OBJ019_061.jpg,OBJ019,Plant,object,.jpg,cbd0c555136d0591472e564143fa3e65
images_OBJ019/OBJ019_062.jpg,OBJ019,Plant,object,.jpg,1da2bb823b2857038997705f00a19998
images_OBJ019/OBJ019_063.jpg,OBJ019,Plant,object,.jpg,53f71b4f698ccb372dc7966255eb3e00
images_OBJ019/OBJ019_064.jpg,OBJ019,Plant,object,.jpg,5393aa905c7be4ff6490d1c496757950
images_OBJ019/OBJ019_065.jpg,OBJ019,Plant,object,.jpg,61705a6ab5d9a30be8bcc2d2d5ccc064
images_OBJ019/OBJ019_066.jpg,OBJ019,Plant,object,.jpg,20c63c1c95f1fba6a349c0979077c612
images_OBJ019/OBJ019_067.jpg,OBJ019,Plant,object,.jpg,6351d776ff56f5854a6d4933d017fa35
images_OBJ019/OBJ019_068.jpg,OBJ019,Plant,object,.jpg,3d0a21837b0f45e171d6eb27c4bf3f83
images_OBJ019/OBJ019_069.jpg,OBJ019,Plant,object,.jpg,f9e702aa33255384efd5d1963830bcf6
images_OBJ019/OBJ019_070.jpg,OBJ019,Plant,object,.jpg,7d0360c2aea9bb5b162c9aba8ada3a39
images_OBJ019/OBJ019_071.jpg,OBJ019,Plant,object,.jpg,dd70189e72ba3d2a32f554e0b779a738
images_OBJ019/OBJ019_072.jpg,OBJ019,Plant,object,.jpg,08a7a61a1c7604f230ba1e06576acfd5
images_OBJ019/OBJ019_073.jpg,OBJ019,Plant,object,.jpg,2c57858d41c7b23294d3afdce6c287b1
images_OBJ019/OBJ019_074.jpg,OBJ019,Plant,object,.jpg,d1858f9e2bf801afa645ecd3cfb92666
images_OBJ019/OBJ019_075.jpg,OBJ019,Plant,object,.jpg,a21e18b1d0f18191ee0e18010f423955
images_OBJ019/OBJ019_076.jpg,OBJ019,Plant,object,.jpg,afe804c6e0f2740a50248ce0b2aca77b
images_OBJ019/OBJ019_077.jpg,OBJ019,Plant,object,.jpg,77fc3fc4f7e224b0cf8ad42b3b6a199a
images_OBJ019/OBJ019_078.jpg,OBJ019,Plant,object,.jpg,5839ff3ed5732435fa01f571a45ae6dd
images_OBJ019/OBJ019_079.jpg,OBJ019,Plant,object,.jpg,41487ac9c97756d2b417397d2c5ab439
images_OBJ019/OBJ019_080.jpg,OBJ019,Plant,object,.jpg,18e00934d64199ca75e3801bc75164ff
images_OBJ019/OBJ019_081.jpg,OBJ019,Plant,object,.jpg,b6b2008fe566c865232a267ad9363c33
images_OBJ019/OBJ019_082.jpg,OBJ019,Plant,object,.jpg,e32eb14aaa745fef088a69b63d2ad377
images_OBJ019/OBJ019_083.jpg,OBJ019,Plant,object,.jpg,7faca40e558a49263498bd501cf043c1
images_OBJ019/OBJ019_084.jpg,OBJ019,Plant,object,.jpg,c5b11c77676e8741b9c7dc10933f1eda
images_OBJ019/OBJ019_085.jpg,OBJ019,Plant,object,.jpg,c8c81620e6a7ba0f50933e9a182b0f2d
images_OBJ019/OBJ019_086.jpg,OBJ019,Plant,object,.jpg,6a26ca0970dab8851b4afe0875ff7035
images_OBJ019/OBJ019_087.jpg,OBJ019,Plant,object,.jpg,12d1293d3631f269fdf4408ea4b66856
images_OBJ019/OBJ019_088.jpg,OBJ019,Plant,object,.jpg,819e5b34f11e2ca1e038b04cbc1234ae
images_OBJ019/OBJ019_089.jpg,OBJ019,Plant,object,.jpg,3de5a415d397700b1ffc2932605ea5b3
images_OBJ019/OBJ019_090.jpg,OBJ019,Plant,object,.jpg,2d7121143f2bc82bf441bcf44b1a6481
images_OBJ019/OBJ019_091.jpg,OBJ019,Plant,object,.jpg,c3151abf7806f9bec7247566403148d5
images_OBJ019/OBJ019_092.jpg,OBJ019,Plant,object,.jpg,4a9654f932bcbf271f38c1e80a62950d
images_OBJ019/OBJ019_093.jpg,OBJ019,Plant,object,.jpg,3b898a53e5418917db2f2284caf771a3
images_OBJ019/OBJ019_094.jpg,OBJ019,Plant,object,.jpg,6b8d7ff6a116b9d6f8a9a18aa2459465
images_OBJ019/OBJ019_095.jpg,OBJ019,Plant,object,.jpg,3bf03a4b27288bfe1e01c19352a66c74
images_OBJ019/OBJ019_bg_001.jpg,OBJ019,Plant,background,.jpg,442e27b7efabd91be957abfae16fd67c
images_OBJ019/OBJ019_bg_002.jpg,OBJ019,Plant,background,.jpg,2f5e46e83df93ca86953e1ff1d9c6e51
images_OBJ019/OBJ019_bg_003.jpg,OBJ019,Plant,background,.jpg,90cf35bbfb30c995353538739edf0c1d
images_OBJ019/OBJ019_bg_004.jpg,OBJ019,Plant,background,.jpg,7abbcce0c499b11e16ee303cd3085a85
images_OBJ019/OBJ019_bg_005.jpg,OBJ019,Plant,background,.jpg,b4107d7951fa9a73203d74766cfe3f9e
images_OBJ020/OBJ020_001.jpg,OBJ020,Airpod,object,.jpg,6dd9045da3b86985a84dbf295171df1d
images_OBJ020/OBJ020_002.jpg,OBJ020,Airpod,object,.jpg,004216dda36a011643983a189f94e1c2
images_OBJ020/OBJ020_003.jpg,OBJ020,Airpod,object,.jpg,b0f63089a755bb9980e0ba8a1eecc79f
images_OBJ020/OBJ020_004.jpg,OBJ020,Airpod,object,.jpg,cbe4c3d6429e62d552396a8427c54829
images_OBJ020/OBJ020_005.jpg,OBJ020,Airpod,object,.jpg,f23f92aa186445f31832553634d8a471
images_OBJ020/OBJ020_006.jpg,OBJ020,Airpod,object,.jpg,c17480654092ba1394070b2b1bc33402
images_OBJ020/OBJ020_007.jpg,OBJ020,Airpod,object,.jpg,dcd84a484fd349198cc0fbdf497805fa
images_OBJ020/OBJ020_008.jpg,OBJ020,Airpod,object,.jpg,760ec52ecad630e03adc925575775755
images_OBJ020/OBJ020_009.jpg,OBJ020,Airpod,object,.jpg,493b6345f14bb8b44a2789c1804fcf28
images_OBJ020/OBJ020_010.jpg,OBJ020,Airpod,object,.jpg,31cfa12505b712987eae766d1cc44591
images_OBJ020/OBJ020_011.jpg,OBJ020,Airpod,object,.jpg,4adceb2781dfd5d617d7bb502a3569e0
images_OBJ020/OBJ020_012.jpg,OBJ020,Airpod,object,.jpg,43e8ca5f52223dfeb2d8ea9b1add82cd
images_OBJ020/OBJ020_013.jpg,OBJ020,Airpod,object,.jpg,803f4d06213c45722cc0b7ca79c4ff0c
images_OBJ020/OBJ020_014.jpg,OBJ020,Airpod,object,.jpg,6b6a8b394baf1442b3d310c54bb0fb6e
images_OBJ020/OBJ020_015.jpg,OBJ020,Airpod,object,.jpg,fd57f11255d192304aa0ea7dd81b20fe
images_OBJ020/OBJ020_016.jpg,OBJ020,Airpod,object,.jpg,d6d4e586341dbf0c2811db9329eff9f2
images_OBJ020/OBJ020_017.jpg,OBJ020,Airpod,object,.jpg,d79c57e4b4a6c63181a2bdc020a33048
images_OBJ020/OBJ020_018.jpg,OBJ020,Airpod,object,.jpg,a5214881806835f490dceb5c3175ad81
images_OBJ020/OBJ020_019.jpg,OBJ020,Airpod,object,.jpg,07a3c1e19199afc0d0ab8f22bbce8dc9
images_OBJ020/OBJ020_020.jpg,OBJ020,Airpod,object,.jpg,2bf9e007755e84bae16b56a71d8fcf87
images_OBJ020/OBJ020_021.jpg,OBJ020,Airpod,object,.jpg,a83f3716c4dbe25eee02a7dfedf44b57
images_OBJ020/OBJ020_022.jpg,OBJ020,Airpod,object,.jpg,5ff5cc1c258df9d437427ced5d8ad3d9
images_OBJ020/OBJ020_023.jpg,OBJ020,Airpod,object,.jpg,024a14675b9b7eafd9bd801fa693b4ca
images_OBJ020/OBJ020_024.jpg,OBJ020,Airpod,object,.jpg,6ad77b5cb7fb85712f9285fe2f458a3e
images_OBJ020/OBJ020_025.jpg,OBJ020,Airpod,object,.jpg,ad61c11b1a376f55c1445c9bb248c5ab
images_OBJ020/OBJ020_026.jpg,OBJ020,Airpod,object,.jpg,81755f22ef8257b68052f42728826b95
images_OBJ020/OBJ020_027.jpg,OBJ020,Airpod,object,.jpg,d1b0fae9d41662b51cb3dab304bdc2b8
images_OBJ020/OBJ020_028.jpg,OBJ020,Airpod,object,.jpg,b89ee2380d91dbd0d41a909cff63bdc3
images_OBJ020/OBJ020_029.jpg,OBJ020,Airpod,object,.jpg,54ad9d183c068fb383914eab4f77b999
images_OBJ020/OBJ020_030.jpg,OBJ020,Airpod,object,.jpg,5f4a3fb451c8f9b5640d8bd65f911d8a
images_OBJ020/OBJ020_031.jpg,OBJ020,Airpod,object,.jpg,b63dacb2f697bbb8c8bd73cfb71439b9
images_OBJ020/OBJ020_032.jpg,OBJ020,Airpod,object,.jpg,e4e80a9ea4a82c601a74507bf844077b
images_OBJ020/OBJ020_033.jpg,OBJ020,Airpod,object,.jpg,81fef3a628e897ca54ca4ca6327df934
images_OBJ020/OBJ020_034.jpg,OBJ020,Airpod,object,.jpg,f04fbca55a864338b984a23e0df0e630
images_OBJ020/OBJ020_035.jpg,OBJ020,Airpod,object,.jpg,e8d4910173f210a8ccf546b91c39732b
images_OBJ020/OBJ020_036.jpg,OBJ020,Airpod,object,.jpg,ad082977b76a9e306f2c8ebcfc3c348b
images_OBJ020/OBJ020_037.jpg,OBJ020,Airpod,object,.jpg,b8951c7f83cbd00eec08a20a0dbaa6b1
images_OBJ020/OBJ020_038.jpg,OBJ020,Airpod,object,.jpg,2776c931021d946e0daeb3aba1be9930
images_OBJ020/OBJ020_039.jpg,OBJ020,Airpod,object,.jpg,05c072ed387872830da2ac2fe8517e35
images_OBJ020/OBJ020_040.jpg,OBJ020,Airpod,object,.jpg,67ff56b13e54b9633744db7204c1b11b
images_OBJ020/OBJ020_041.jpg,OBJ020,Airpod,object,.jpg,aff1df31c6df578d4c5852f40c6c1b1d
images_OBJ020/OBJ020_042.jpg,OBJ020,Airpod,object,.jpg,3303b9a203507e9bded91e20abf3ae4b
images_OBJ020/OBJ020_043.jpg,OBJ020,Airpod,object,.jpg,a4afd9cb7c51041c16bfbe59e72b868e
images_OBJ020/OBJ020_044.jpg,OBJ020,Airpod,object,.jpg,de54fa1bb62d7ead9f4468cd6420181c
images_OBJ020/OBJ020_045.jpg,OBJ020,Airpod,object,.jpg,2f9bd51bbde876f6758246aba7603222
images_OBJ020/OBJ020_046.jpg,OBJ020,Airpod,object,.jpg,65387819f54d476d0684e98eb79a262a
images_OBJ020/OBJ020_047.jpg,OBJ020,Airpod,object,.jpg,794075dc5db1186c33d465472077e973
images_OBJ020/OBJ020_048.jpg,OBJ020,Airpod,object,.jpg,0a54aa010361654cc50c2ffbf8251964
images_OBJ020/OBJ020_049.jpg,OBJ020,Airpod,object,.jpg,3c999de8cb8cc587a64bf27d61e7633f
images_OBJ020/OBJ020_050.jpg,OBJ020,Airpod,object,.jpg,1dbd962b4628198c274b2c9d7a1b36f2
images_OBJ020/OBJ020_051.jpg,OBJ020,Airpod,object,.jpg,1d834f2346357a3cd2cb1a773c1fe011
images_OBJ020/OBJ020_052.jpg,OBJ020,Airpod,object,.jpg,5bf9e87ad140a735622b72b440f6d059
images_OBJ020/OBJ020_053.jpg,OBJ020,Airpod,object,.jpg,7076092762033695eb67576647d2280f
images_OBJ020/OBJ020_054.jpg,OBJ020,Airpod,object,.jpg,a582ff258a400299ad500b2e1b6a0922
images_OBJ020/OBJ020_055.jpg,OBJ020,Airpod,object,.jpg,704acbd4a96c177b9d30d2c157f6656b
images_OBJ020/OBJ020_056.jpg,OBJ020,Airpod,object,.jpg,b9be809e2820a7cff77b834611d2fe58
images_OBJ020/OBJ020_057.jpg,OBJ020,Airpod,object,.jpg,1d497bfbd3bcf626a051a35a272b0ad3
images_OBJ020/OBJ020_058.jpg,OBJ020,Airpod,object,.jpg,2a4fffeabf9dd02752063db060dd148a
images_OBJ020/OBJ020_059.jpg,OBJ020,Airpod,object,.jpg,a7e3010971ac5c4f0eb179318f31f6de
images_OBJ020/OBJ020_060.jpg,OBJ020,Airpod,object,.jpg,51a6a888db165e88493d304329287747
images_OBJ020/OBJ020_061.jpg,OBJ020,Airpod,object,.jpg,de091178fae5931163c46984ce530002
images_OBJ020/OBJ020_062.jpg,OBJ020,Airpod,object,.jpg,815cb63f7c1994d0f85a1ae79a02a7d9
images_OBJ020/OBJ020_063.jpg,OBJ020,Airpod,object,.jpg,cca110495fcc0d696ac5ed8e7efb0cab
images_OBJ020/OBJ020_064.jpg,OBJ020,Airpod,object,.jpg,f3db733cff271c449a2ae5cae18a0742
images_OBJ020/OBJ020_065.jpg,OBJ020,Airpod,object,.jpg,7a7ac2be1d4b9ca663ac764fb10db1ec
images_OBJ020/OBJ020_066.jpg,OBJ020,Airpod,object,.jpg,0134cfcd320bf04d6e276b3ac31250d5
images_OBJ020/OBJ020_067.jpg,OBJ020,Airpod,object,.jpg,ad935265b4a72035a522722ca226638c
images_OBJ020/OBJ020_068.jpg,OBJ020,Airpod,object,.jpg,b3c7eed0f1d197086270fe519e5f0e93
images_OBJ020/OBJ020_069.jpg,OBJ020,Airpod,object,.jpg,51108fc0989f445efe2c7879d71aba28
images_OBJ020/OBJ020_070.jpg,OBJ020,Airpod,object,.jpg,3248c37380a914da90b8eb966dfd55ad
images_OBJ020/OBJ020_071.jpg,OBJ020,Airpod,object,.jpg,3dfe1c6a1005317bbe6028a0132a50bf
images_OBJ020/OBJ020_072.jpg,OBJ020,Airpod,object,.jpg,034dcee0360434c21e14ecc25d3ba939
images_OBJ020/OBJ020_073.jpg,OBJ020,Airpod,object,.jpg,ca84369c262093f9071679092eaf0422
images_OBJ020/OBJ020_074.jpg,OBJ020,Airpod,object,.jpg,77d143649fca57345fbd32a2cd2def95
images_OBJ020/OBJ020_075.jpg,OBJ020,Airpod,object,.jpg,b76e51af8907f03bb4e9eb3c370ffe0b
images_OBJ020/OBJ020_076.jpg,OBJ020,Airpod,object,.jpg,a1f1dae910255cdd3b640f54a5703b2d
images_OBJ020/OBJ020_077.jpg,OBJ020,Airpod,object,.jpg,3f3dcde3c86d24937271f2df971b4850
images_OBJ020/OBJ020_078.jpg,OBJ020,Airpod,object,.jpg,774915a4be992c1fabe7031557e38eef
images_OBJ020/OBJ020_079.jpg,OBJ020,Airpod,object,.jpg,c91c0d523e464dcd2ccb8a53f38390f8
images_OBJ020/OBJ020_080.jpg,OBJ020,Airpod,object,.jpg,6d48e44a941cbb11250dc5dbe4f0661f
images_OBJ020/OBJ020_081.jpg,OBJ020,Airpod,object,.jpg,4bcdff7e1b7f6bbe92eeca5b24d09a76
images_OBJ020/OBJ020_082.jpg,OBJ020,Airpod,object,.jpg,7ca745d9c83aa53230751c4a153c46c5
images_OBJ020/OBJ020_083.jpg,OBJ020,Airpod,object,.jpg,823e4fb43db7a7dfe63139575c39d7de
images_OBJ020/OBJ020_084.jpg,OBJ020,Airpod,object,.jpg,995c9b0ce1f42ed58f7d10e22633cefe
images_OBJ020/OBJ020_085.jpg,OBJ020,Airpod,object,.jpg,af8577ef2112a8747b91e099b89532d9
images_OBJ020/OBJ020_086.jpg,OBJ020,Airpod,object,.jpg,6c32f4e422ecb0ef71fbd91e5a6aa96e
images_OBJ020/OBJ020_087.jpg,OBJ020,Airpod,object,.jpg,918d3148052b22933f3d58621b887fbf
images_OBJ020/OBJ020_088.jpg,OBJ020,Airpod,object,.jpg,408f03ea96e49486288ec82c76df2e22
images_OBJ020/OBJ020_089.jpg,OBJ020,Airpod,object,.jpg,b7ccae61f2ee46b7067d2274688ead0f
images_OBJ020/OBJ020_090.jpg,OBJ020,Airpod,object,.jpg,50b3ad9b6610f226ae553ae6bbe6e2f3
images_OBJ020/OBJ020_091.jpg,OBJ020,Airpod,object,.jpg,613f599c06e6c48582de5aad301bb0be
images_OBJ020/OBJ020_092.jpg,OBJ020,Airpod,object,.jpg,679dbeecdf8c2e234fc3a2924e6a3021
images_OBJ020/OBJ020_093.jpg,OBJ020,Airpod,object,.jpg,5dae8218bfd80b71321ad7ecc8e50ea8
images_OBJ020/OBJ020_094.jpg,OBJ020,Airpod,object,.jpg,b95f3f580344b6d8f22e3e1d78c816ea
images_OBJ020/OBJ020_095.jpg,OBJ020,Airpod,object,.jpg,0109afe8c1c5f1993e51fcc71d28218d
images_OBJ020/OBJ020_bg_001.jpg,OBJ020,Airpod,background,.jpg,e01449768c4fae9697ed77ac8c212149
images_OBJ020/OBJ020_bg_002.jpg,OBJ020,Airpod,background,.jpg,2d2d155173d9cd0759c2661b9fe86c97
images_OBJ020/OBJ020_bg_003.jpg,OBJ020,Airpod,background,.jpg,1acdf006e58e14a950d918d13a2d6a91
images_OBJ020/OBJ020_bg_004.jpg,OBJ020,Airpod,background,.jpg,70f413ada1a7ecb9d5f28a8115789ba2
images_OBJ020/OBJ020_bg_005.jpg,OBJ020,Airpod,background,.jpg,3838b7cad1990353b998e79a22eb01a5
images_OBJ021/OBJ021_001.jpg,OBJ021,Toy Bunny,object,.jpg,cb48b5bc2f01da310fbc0a521e64dda5
images_OBJ021/OBJ021_002.jpg,OBJ021,Toy Bunny,object,.jpg,f179587ac832ca4b010c240b4a0ec786
images_OBJ021/OBJ021_003.jpg,OBJ021,Toy Bunny,object,.jpg,d98bd2c18c1f645292ea675d4b1d604d
images_OBJ021/OBJ021_004.jpg,OBJ021,Toy Bunny,object,.jpg,4eae1cc1303620c19afaa777b4df6521
images_OBJ021/OBJ021_005.jpg,OBJ021,Toy Bunny,object,.jpg,ebf687902d41bcef6f31ce14f50b2c6f
images_OBJ021/OBJ021_006.jpg,OBJ021,Toy Bunny,object,.jpg,5542da3dc051a4df144def0decf1ef55
images_OBJ021/OBJ021_007.jpg,OBJ021,Toy Bunny,object,.jpg,a00bbffedc575290ae1a28e396fb90ef
images_OBJ021/OBJ021_008.jpg,OBJ021,Toy Bunny,object,.jpg,0fa75619e48d0d37e3b9089a20716d11
images_OBJ021/OBJ021_009.jpg,OBJ021,Toy Bunny,object,.jpg,ae83ad96282cf1ce105a26904b87c87a
images_OBJ021/OBJ021_010.jpg,OBJ021,Toy Bunny,object,.jpg,1753ab12aaa40fd9ba7bc48747398fe9
images_OBJ021/OBJ021_011.jpg,OBJ021,Toy Bunny,object,.jpg,3610d1e74c76c73633bf77cebf4523f5
images_OBJ021/OBJ021_012.jpg,OBJ021,Toy Bunny,object,.jpg,df6c30ab585b6bac82f870104dcdba6e
images_OBJ021/OBJ021_013.jpg,OBJ021,Toy Bunny,object,.jpg,0ef1b2674cf88e8b7102ff824cf9f0e9
images_OBJ021/OBJ021_014.jpg,OBJ021,Toy Bunny,object,.jpg,415c8d65dcee3aa8f837a8314aba6c39
images_OBJ021/OBJ021_015.jpg,OBJ021,Toy Bunny,object,.jpg,43d4b66032a94011a7b7e383f5be8bab
images_OBJ021/OBJ021_016.jpg,OBJ021,Toy Bunny,object,.jpg,0d8ba0e97f3f0fd7899c095d79d167b3
images_OBJ021/OBJ021_017.jpg,OBJ021,Toy Bunny,object,.jpg,5ea6a4afb88d48a8d3af71dd5f8c270a
images_OBJ021/OBJ021_018.jpg,OBJ021,Toy Bunny,object,.jpg,ec3d2c8baf0c70de42fd61d8b86d0d56
images_OBJ021/OBJ021_019.jpg,OBJ021,Toy Bunny,object,.jpg,792d95706151811651be81280844ae5c
images_OBJ021/OBJ021_020.jpg,OBJ021,Toy Bunny,object,.jpg,85910c0548b156aa3ec97e9f5bf873f1
images_OBJ021/OBJ021_021.jpg,OBJ021,Toy Bunny,object,.jpg,6a09b82578d498979e631fefe6b6f614
images_OBJ021/OBJ021_022.jpg,OBJ021,Toy Bunny,object,.jpg,1d2a2f22a7ff8f8737f9693c8335b09e
images_OBJ021/OBJ021_023.jpg,OBJ021,Toy Bunny,object,.jpg,6db61861753d8dc610fbe914056f95c7
images_OBJ021/OBJ021_024.jpg,OBJ021,Toy Bunny,object,.jpg,bd15723c7fc9a3cff813ca645c6c2bd4
images_OBJ021/OBJ021_025.jpg,OBJ021,Toy Bunny,object,.jpg,1783bc68938b9686862d708519e89bf6
images_OBJ021/OBJ021_026.jpg,OBJ021,Toy Bunny,object,.jpg,ac074d0c588b2649414cfef8bcb018c0
images_OBJ021/OBJ021_027.jpg,OBJ021,Toy Bunny,object,.jpg,054a9127edcd80bfd9c5e856c4817697
images_OBJ021/OBJ021_028.jpg,OBJ021,Toy Bunny,object,.jpg,455e461a28633b711d1c3702208ffd36
images_OBJ021/OBJ021_029.jpg,OBJ021,Toy Bunny,object,.jpg,4ee5b94739d43f9769c371d42921193e
images_OBJ021/OBJ021_030.jpg,OBJ021,Toy Bunny,object,.jpg,fe8ac54ace7800dd98d6f9c800cb3d42
images_OBJ021/OBJ021_031.jpg,OBJ021,Toy Bunny,object,.jpg,7bdd5428429fa30867e21d51a259ed91
images_OBJ021/OBJ021_032.jpg,OBJ021,Toy Bunny,object,.jpg,267d30a399e1352264e762ad186e7feb
images_OBJ021/OBJ021_033.jpg,OBJ021,Toy Bunny,object,.jpg,8be405be0d7661ad90c00400c3ed00ee
images_OBJ021/OBJ021_034.jpg,OBJ021,Toy Bunny,object,.jpg,bd1cd1e2f4e90a39b608bca2409f653b
images_OBJ021/OBJ021_035.jpg,OBJ021,Toy Bunny,object,.jpg,2eef7d735a3063a4e18e6cf6f9f43478
images_OBJ021/OBJ021_036.jpg,OBJ021,Toy Bunny,object,.jpg,c4e8d1a506f500323fdcb0940b291692
images_OBJ021/OBJ021_037.jpg,OBJ021,Toy Bunny,object,.jpg,09f3fe64b5a5f10f7df36fe12c5a9a9c
images_OBJ021/OBJ021_038.jpg,OBJ021,Toy Bunny,object,.jpg,f2b5a1fb92bbe8f144c9b67a1348ac41
images_OBJ021/OBJ021_039.jpg,OBJ021,Toy Bunny,object,.jpg,5350e1571e6277a3b835f1f03ff54afc
images_OBJ021/OBJ021_040.jpg,OBJ021,Toy Bunny,object,.jpg,72ad610140946a02e167b6bbba155a26
images_OBJ021/OBJ021_041.jpg,OBJ021,Toy Bunny,object,.jpg,8bb5e4d33148b04df8868062e13aff9b
images_OBJ021/OBJ021_042.jpg,OBJ021,Toy Bunny,object,.jpg,f8fb9682e272dec4c1b41a4234306ca1
images_OBJ021/OBJ021_043.jpg,OBJ021,Toy Bunny,object,.jpg,154094eb87fec3e011553fcc1960752f
images_OBJ021/OBJ021_044.jpg,OBJ021,Toy Bunny,object,.jpg,3b852504f16081822f06c18e0ae99dce
images_OBJ021/OBJ021_045.jpg,OBJ021,Toy Bunny,object,.jpg,e4313e6bf9e3ecdc7723da6073092be0
images_OBJ021/OBJ021_046.jpg,OBJ021,Toy Bunny,object,.jpg,42e1cd8b1e26306645b1782b402270fe
images_OBJ021/OBJ021_047.jpg,OBJ021,Toy Bunny,object,.jpg,692651dd6566308e335bb2fd74c06de0
images_OBJ021/OBJ021_048.jpg,OBJ021,Toy Bunny,object,.jpg,f6ef13a4de4e46b12373a120af73d743
images_OBJ021/OBJ021_049.jpg,OBJ021,Toy Bunny,object,.jpg,aec7dac0d34825f8860141257b58e45b
images_OBJ021/OBJ021_050.jpg,OBJ021,Toy Bunny,object,.jpg,ca3cfb142d0c874d401117b0dc281e47
images_OBJ021/OBJ021_051.jpg,OBJ021,Toy Bunny,object,.jpg,871bbf12384efad6c16e44fe0a7e7c91
images_OBJ021/OBJ021_052.jpg,OBJ021,Toy Bunny,object,.jpg,defb5a05c9aefb85d97579301e1267a4
images_OBJ021/OBJ021_053.jpg,OBJ021,Toy Bunny,object,.jpg,7fbd0ac79b0719ea25db8a4d495e8271
images_OBJ021/OBJ021_054.jpg,OBJ021,Toy Bunny,object,.jpg,7f918e2d11295a8b19b7b232f4258119
images_OBJ021/OBJ021_055.jpg,OBJ021,Toy Bunny,object,.jpg,72bafd041ecf8c05cf62b294f0dbd6bf
images_OBJ021/OBJ021_056.jpg,OBJ021,Toy Bunny,object,.jpg,e448e99aa27ff22d5638b6a47db87ba0
images_OBJ021/OBJ021_057.jpg,OBJ021,Toy Bunny,object,.jpg,4b27b1315801dd9a86a1c799786056f0
images_OBJ021/OBJ021_058.jpg,OBJ021,Toy Bunny,object,.jpg,e7cc6212de60de15438f22676fbb5783
images_OBJ021/OBJ021_059.jpg,OBJ021,Toy Bunny,object,.jpg,9881e3d0763d2bceac3034bf9d0f3cc4
images_OBJ021/OBJ021_060.jpg,OBJ021,Toy Bunny,object,.jpg,5dbb2783c0de2b8be97287ac4592b161
images_OBJ021/OBJ021_061.jpg,OBJ021,Toy Bunny,object,.jpg,7f6b9696cd85f60022daa29d9ddf8773
images_OBJ021/OBJ021_062.jpg,OBJ021,Toy Bunny,object,.jpg,267b6203a76e15fc932abbe42131be2c
images_OBJ021/OBJ021_063.jpg,OBJ021,Toy Bunny,object,.jpg,1130ce5141568a964aa3dac7a63c3da5
images_OBJ021/OBJ021_064.jpg,OBJ021,Toy Bunny,object,.jpg,ee3206798f229f4929243443c6b94bb0
images_OBJ021/OBJ021_065.jpg,OBJ021,Toy Bunny,object,.jpg,6ee13a02395d8329c808be255bed775b
images_OBJ021/OBJ021_066.jpg,OBJ021,Toy Bunny,object,.jpg,edb3664be041ba77c87476c23681f1f9
images_OBJ021/OBJ021_067.jpg,OBJ021,Toy Bunny,object,.jpg,726a49500b2feea1c28a8392ce456bdb
images_OBJ021/OBJ021_068.jpg,OBJ021,Toy Bunny,object,.jpg,f9b8ed9a7c309a2175110a4d600ea390
images_OBJ021/OBJ021_069.jpg,OBJ021,Toy Bunny,object,.jpg,b0e3ef2303c31377178bcec7a933dbfc
images_OBJ021/OBJ021_070.jpg,OBJ021,Toy Bunny,object,.jpg,e50ecbfa9c321c0427f92ff2f04497d5
images_OBJ021/OBJ021_071.jpg,OBJ021,Toy Bunny,object,.jpg,cf964f66194a4da1ff7f0680e2b01751
images_OBJ021/OBJ021_072.jpg,OBJ021,Toy Bunny,object,.jpg,9ef7ddce471d6b9bee4595cc66bd6906
images_OBJ021/OBJ021_073.jpg,OBJ021,Toy Bunny,object,.jpg,3cd0c771ff841b2a4560019e5e3e463b
images_OBJ021/OBJ021_074.jpg,OBJ021,Toy Bunny,object,.jpg,c368cfb44efa26156d0596e6f218e9c8
images_OBJ021/OBJ021_075.jpg,OBJ021,Toy Bunny,object,.jpg,d9cf541d3fd2b77e6baddc364c6b10fc
images_OBJ021/OBJ021_076.jpg,OBJ021,Toy Bunny,object,.jpg,3a6c7ec1a594f4cb08c6486b71bef39d
images_OBJ021/OBJ021_077.jpg,OBJ021,Toy Bunny,object,.jpg,9b19f9f861410ec842eccac5288e36ba
images_OBJ021/OBJ021_078.jpg,OBJ021,Toy Bunny,object,.jpg,fc3fad026c60c0632d7a39c2bcd41bb7
images_OBJ021/OBJ021_079.jpg,OBJ021,Toy Bunny,object,.jpg,ff660d9f094cce7a62b831949ab054ac
images_OBJ021/OBJ021_080.jpg,OBJ021,Toy Bunny,object,.jpg,b3ae7496171c91a5421b522dd71ff4d5
images_OBJ021/OBJ021_081.jpg,OBJ021,Toy Bunny,object,.jpg,ae604a1006bbdf6a51f37f20a98a1d3c
images_OBJ021/OBJ021_082.jpg,OBJ021,Toy Bunny,object,.jpg,bd199a066fc8dd10eb77895c9975f0af
images_OBJ021/OBJ021_083.jpg,OBJ021,Toy Bunny,object,.jpg,f9149c1a795c611c16ae1c01a74d44a4
images_OBJ021/OBJ021_084.jpg,OBJ021,Toy Bunny,object,.jpg,b5fdcd968e5a8d11864ab1981349cfe0
images_OBJ021/OBJ021_085.jpg,OBJ021,Toy Bunny,object,.jpg,accb1d3cc7974c379d21f86a9f0fec96
images_OBJ021/OBJ021_086.jpg,OBJ021,Toy Bunny,object,.jpg,c382afb584fb431639f5666e168297a8
images_OBJ021/OBJ021_087.jpg,OBJ021,Toy Bunny,object,.jpg,a9a6894cd6f9834197172e728b258729
images_OBJ021/OBJ021_088.jpg,OBJ021,Toy Bunny,object,.jpg,511de3469f0488b530eacdcc2ac12243
images_OBJ021/OBJ021_089.jpg,OBJ021,Toy Bunny,object,.jpg,6d6dbcfadadf54a57475b6f2a35a8874
images_OBJ021/OBJ021_090.jpg,OBJ021,Toy Bunny,object,.jpg,ff64b417123ed3f6397eca794d9924cb
images_OBJ021/OBJ021_091.jpg,OBJ021,Toy Bunny,object,.jpg,d3428e82c3d9dc22d5efe2040d65882e
images_OBJ021/OBJ021_092.jpg,OBJ021,Toy Bunny,object,.jpg,a1b39af49111d878a0f106df6b27c0fc
images_OBJ021/OBJ021_093.jpg,OBJ021,Toy Bunny,object,.jpg,6155686a2c7b7e38b274d75283d7734b
images_OBJ021/OBJ021_094.jpg,OBJ021,Toy Bunny,object,.jpg,7193b41d9fa63ffdcb68f7bf3f3b11f5
images_OBJ021/OBJ021_095.jpg,OBJ021,Toy Bunny,object,.jpg,47352b36ca196625ec5fdb18ae29ce23
images_OBJ021/OBJ021_bg_001.jpg,OBJ021,Toy Bunny,background,.jpg,17638efe7287d568feeb3cce82d744fb
images_OBJ021/OBJ021_bg_002.jpg,OBJ021,Toy Bunny,background,.jpg,243194039c06c6ec66df10cfe8357317
images_OBJ021/OBJ021_bg_003.jpg,OBJ021,Toy Bunny,background,.jpg,426d1136b3197d51f7a248dae1a42720
images_OBJ021/OBJ021_bg_004.jpg,OBJ021,Toy Bunny,background,.jpg,7ccea4660a4ef894df789c91657e0702
images_OBJ021/OBJ021_bg_005.jpg,OBJ021,Toy Bunny,background,.jpg,5aee89bc6419088d3ee6bf8b933f80ee
images_OBJ022/OBJ022_001.jpeg,OBJ022,Guitar,object,.jpeg,35948e2e82b7d8c04fd4e474a6f5f52a
images_OBJ022/OBJ022_002.jpeg,OBJ022,Guitar,object,.jpeg,fc1737da5558f7354879ff48aad280c6
images_OBJ022/OBJ022_003.jpeg,OBJ022,Guitar,object,.jpeg,e84c700b06abec0044ccdf5b02d91296
images_OBJ022/OBJ022_004.jpeg,OBJ022,Guitar,object,.jpeg,e40086884e629cadef57d11cdc3c4fe5
images_OBJ022/OBJ022_005.jpeg,OBJ022,Guitar,object,.jpeg,7fa144bc3e3a45ad1b955b344dd89cfc
images_OBJ022/OBJ022_006.jpeg,OBJ022,Guitar,object,.jpeg,b9a674dea4f109db22c836709fd00716
images_OBJ022/OBJ022_007.jpeg,OBJ022,Guitar,object,.jpeg,55e3c8e67124ce1b4d80b8904c232604
images_OBJ022/OBJ022_008.jpeg,OBJ022,Guitar,object,.jpeg,d9b39bd63771da63d1842e4e351067a4
images_OBJ022/OBJ022_009.jpeg,OBJ022,Guitar,object,.jpeg,a845fb5d9706f392bed89e81b459fd44
images_OBJ022/OBJ022_010.jpeg,OBJ022,Guitar,object,.jpeg,43ccfdca7ab8d171ed979bc6c61c1c9f
images_OBJ022/OBJ022_011.jpeg,OBJ022,Guitar,object,.jpeg,0214da9e5951986c48ea1f1c490bc32b
images_OBJ022/OBJ022_012.jpeg,OBJ022,Guitar,object,.jpeg,fb2593dcf25e889333dfde000569c1be
images_OBJ022/OBJ022_013.jpeg,OBJ022,Guitar,object,.jpeg,316209e137923eb2bb17d4910435d691
images_OBJ022/OBJ022_014.jpeg,OBJ022,Guitar,object,.jpeg,885715cb163933dd7572affa3c96bb2b
images_OBJ022/OBJ022_015.jpeg,OBJ022,Guitar,object,.jpeg,c17827ec4407f871e13ac7d0cf0c6f2e
images_OBJ022/OBJ022_016.jpeg,OBJ022,Guitar,object,.jpeg,34c04cf6554e2344b2d0cc67126dbf96
images_OBJ022/OBJ022_017.jpeg,OBJ022,Guitar,object,.jpeg,2065e1a869f365c30427552dfbfd5a58
images_OBJ022/OBJ022_018.jpeg,OBJ022,Guitar,object,.jpeg,a3cf9e3879beca53bd0550be15f9fa91
images_OBJ022/OBJ022_019.jpeg,OBJ022,Guitar,object,.jpeg,9b9de42d9c2edbc5549009a7b31c266a
images_OBJ022/OBJ022_020.jpeg,OBJ022,Guitar,object,.jpeg,f615250225abb845c4ed4735793dbb40
images_OBJ022/OBJ022_021.jpeg,OBJ022,Guitar,object,.jpeg,488f23ebf7a7946644395d2140dc6670
images_OBJ022/OBJ022_022.jpeg,OBJ022,Guitar,object,.jpeg,488f23ebf7a7946644395d2140dc6670
images_OBJ022/OBJ022_023.jpeg,OBJ022,Guitar,object,.jpeg,08efd59c5457a60daecd49849eeb6bc7
images_OBJ022/OBJ022_024.jpeg,OBJ022,Guitar,object,.jpeg,6e6e88cbbc27aaea6dc31b866319bc31
images_OBJ022/OBJ022_025.jpeg,OBJ022,Guitar,object,.jpeg,f0f08b30df18779c4503b41a88804e4d
images_OBJ022/OBJ022_026.jpeg,OBJ022,Guitar,object,.jpeg,0f56e28bdac7848f0542441380770de0
images_OBJ022/OBJ022_027.jpeg,OBJ022,Guitar,object,.jpeg,a406bedbd644f5bce830598b4d1f2f41
images_OBJ022/OBJ022_028.jpeg,OBJ022,Guitar,object,.jpeg,d30390b2ca035b7292a6b2511ceb1021
images_OBJ022/OBJ022_029.jpeg,OBJ022,Guitar,object,.jpeg,9c74096bbd42b9bd74a32d62bdf45504
images_OBJ022/OBJ022_030.jpeg,OBJ022,Guitar,object,.jpeg,3ea4578cf9434fbfa7d030e4eb7ec3eb
images_OBJ022/OBJ022_031.jpeg,OBJ022,Guitar,object,.jpeg,04651d8d3da3b95cea4a6b624b541053
images_OBJ022/OBJ022_032.jpeg,OBJ022,Guitar,object,.jpeg,0b693ef50e8884747d8abe2f773062de
images_OBJ022/OBJ022_033.jpeg,OBJ022,Guitar,object,.jpeg,6f4d725e05138f6e5232547ed0783697
images_OBJ022/OBJ022_034.jpeg,OBJ022,Guitar,object,.jpeg,b6c769713d23394c04f64391d9544802
images_OBJ022/OBJ022_035.jpeg,OBJ022,Guitar,object,.jpeg,ca5947792553dce74466de0ed96d438b
images_OBJ022/OBJ022_036.jpeg,OBJ022,Guitar,object,.jpeg,a755618a4abe184ccdc2ad86e271360b
images_OBJ022/OBJ022_037.jpeg,OBJ022,Guitar,object,.jpeg,226cfc405ad916efb4206aaf62245a1b
images_OBJ022/OBJ022_038.jpeg,OBJ022,Guitar,object,.jpeg,85e01440e6ffb9e1ab5e34ec1c89f612
images_OBJ022/OBJ022_039.jpeg,OBJ022,Guitar,object,.jpeg,8199cdcd54e595fa2add9e067921ee4a
images_OBJ022/OBJ022_040.jpeg,OBJ022,Guitar,object,.jpeg,63d5954cd8a85a613ae842b270ac0fbe
images_OBJ022/OBJ022_041.jpeg,OBJ022,Guitar,object,.jpeg,191cd6ba0ad5c70f3d60fcf8426f996c
images_OBJ022/OBJ022_042.jpeg,OBJ022,Guitar,object,.jpeg,37f95e5c44e8f5b1e6481784db45f886
images_OBJ022/OBJ022_043.jpeg,OBJ022,Guitar,object,.jpeg,427b519143a65fbf23209fc94a867638
images_OBJ022/OBJ022_044.jpeg,OBJ022,Guitar,object,.jpeg,47e38e73159a9bdf0cb0c91b2dd6b998
images_OBJ022/OBJ022_045.jpeg,OBJ022,Guitar,object,.jpeg,2e018859f98bf6954b37ff72cface1d9
images_OBJ022/OBJ022_046.jpeg,OBJ022,Guitar,object,.jpeg,af96c57c125a9bde342708e6f6b284e9
images_OBJ022/OBJ022_047.jpeg,OBJ022,Guitar,object,.jpeg,d8e629365ea2248e83c805514cbd7e6e
images_OBJ022/OBJ022_048.jpeg,OBJ022,Guitar,object,.jpeg,aa9ba261d8e1defbdd3f7527ebb4864c
images_OBJ022/OBJ022_049.jpeg,OBJ022,Guitar,object,.jpeg,25e5f39d0fdce52851133f9e9c2c6c6f
images_OBJ022/OBJ022_050.jpeg,OBJ022,Guitar,object,.jpeg,8a306aff0d21a843c4b93b61b0a2d67c
images_OBJ022/OBJ022_051.jpeg,OBJ022,Guitar,object,.jpeg,bfa54a6e1b13ee10ab0c3a6f24ac9cee
images_OBJ022/OBJ022_052.jpeg,OBJ022,Guitar,object,.jpeg,6a32445a6da184e2e8d81615f3ef2442
images_OBJ022/OBJ022_053.jpeg,OBJ022,Guitar,object,.jpeg,85bb6ebc1e778ce4c1162229c7546ea4
images_OBJ022/OBJ022_054.jpeg,OBJ022,Guitar,object,.jpeg,c6cccfed226b7bbc8bcd626fea2df18a
images_OBJ022/OBJ022_055.jpeg,OBJ022,Guitar,object,.jpeg,4c3d21cb99ddaaa91da2f9b48b56bcc3
images_OBJ022/OBJ022_056.jpeg,OBJ022,Guitar,object,.jpeg,f920818bf84e8c67a9f62b7482d472b1
images_OBJ022/OBJ022_057.jpeg,OBJ022,Guitar,object,.jpeg,7d8c0cc5368e5d5a91fe0a6cad6d8c3d
images_OBJ022/OBJ022_058.jpeg,OBJ022,Guitar,object,.jpeg,eaa49c9eb9d908a81cd32dfeebc464c7
images_OBJ022/OBJ022_059.jpeg,OBJ022,Guitar,object,.jpeg,76c3df81500b04eacd274faacb091df5
images_OBJ022/OBJ022_060.jpeg,OBJ022,Guitar,object,.jpeg,3d0b0dbb07abe3f24edb6247efbd3bec
images_OBJ022/OBJ022_061.jpeg,OBJ022,Guitar,object,.jpeg,e9709f632506321165d73b37017ace9a
images_OBJ022/OBJ022_062.jpeg,OBJ022,Guitar,object,.jpeg,b174f6df73db15b2aa2e85c10248ebee
images_OBJ022/OBJ022_063.jpeg,OBJ022,Guitar,object,.jpeg,728de79071ea3b5ba449cebecc96a625
images_OBJ022/OBJ022_064.jpeg,OBJ022,Guitar,object,.jpeg,d6d5007bd9289c3651b2f5f07ce56784
images_OBJ022/OBJ022_065.jpeg,OBJ022,Guitar,object,.jpeg,8d1b73953207ea10eb70bc201205cafa
images_OBJ022/OBJ022_066.jpeg,OBJ022,Guitar,object,.jpeg,aa5bb6ffc0a644c7abd0a94ab8dbc760
images_OBJ022/OBJ022_067.jpeg,OBJ022,Guitar,object,.jpeg,1e6ff4a2601d9e941f810636a35c19cb
images_OBJ022/OBJ022_068.jpeg,OBJ022,Guitar,object,.jpeg,0bb680d5623c7a140d26217f2da87f8e
images_OBJ022/OBJ022_069.jpeg,OBJ022,Guitar,object,.jpeg,b807ffbb6f52204ad16e4ad2c08623da
images_OBJ022/OBJ022_070.jpeg,OBJ022,Guitar,object,.jpeg,48aa505e3e90032b93549d90a5fff265
images_OBJ022/OBJ022_071.jpeg,OBJ022,Guitar,object,.jpeg,2c64078f054ccf137c07ff4077b1745b
images_OBJ022/OBJ022_072.jpeg,OBJ022,Guitar,object,.jpeg,9f2a732ecdc56ca11ae299b62d6eb8e6
images_OBJ022/OBJ022_073.jpeg,OBJ022,Guitar,object,.jpeg,7d45a95a1646511d11a2c05015683940
images_OBJ022/OBJ022_074.jpeg,OBJ022,Guitar,object,.jpeg,77c465f0ed2b04d5e9a6342f83a08a13
images_OBJ022/OBJ022_075.jpeg,OBJ022,Guitar,object,.jpeg,76218ba8650cee0d1fe040d3f7ec0a30
images_OBJ022/OBJ022_076.jpeg,OBJ022,Guitar,object,.jpeg,afd63a1c5d84577e17fd8f0216067da3
images_OBJ022/OBJ022_077.jpeg,OBJ022,Guitar,object,.jpeg,8fb379213ec15c34ce504667fd9f5b87
images_OBJ022/OBJ022_078.jpeg,OBJ022,Guitar,object,.jpeg,4eef1bf5f859b4952199cc25b34e08c8
images_OBJ022/OBJ022_079.jpeg,OBJ022,Guitar,object,.jpeg,c82943bd07df31f08885cb7eceeb74f5
images_OBJ022/OBJ022_080.jpeg,OBJ022,Guitar,object,.jpeg,af7d4d9d9ea03520703f6f7aa5453ba0
images_OBJ022/OBJ022_081.jpeg,OBJ022,Guitar,object,.jpeg,aceb8b8ca26cdf6b6790f6646565d7b3
images_OBJ022/OBJ022_082.jpeg,OBJ022,Guitar,object,.jpeg,a91e468d90b6517c373fbf0e7412ece6
images_OBJ022/OBJ022_083.jpeg,OBJ022,Guitar,object,.jpeg,dab65316a9ad7acb876d6b6af91443f4
images_OBJ022/OBJ022_084.jpeg,OBJ022,Guitar,object,.jpeg,99578f1a12bd47eab1a1ffaac24e0336
images_OBJ022/OBJ022_085.jpeg,OBJ022,Guitar,object,.jpeg,706fd5a6b91a73792e3cf0d6ef53949a
images_OBJ022/OBJ022_086.jpeg,OBJ022,Guitar,object,.jpeg,8d85f396b5fc42c6deea5e2296855d7a
images_OBJ022/OBJ022_087.jpeg,OBJ022,Guitar,object,.jpeg,42f490583838cc94fa129ff9e37b3720
images_OBJ022/OBJ022_088.jpeg,OBJ022,Guitar,object,.jpeg,be78e078ab0b8ccb5e918b6c22738f34
images_OBJ022/OBJ022_089.jpeg,OBJ022,Guitar,object,.jpeg,e3f109e9f4a01e92eb3884b5c2aea964
images_OBJ022/OBJ022_090.jpeg,OBJ022,Guitar,object,.jpeg,4edbc64d69b0127b3ae3debb43bf25e8
images_OBJ022/OBJ022_091.jpeg,OBJ022,Guitar,object,.jpeg,70b32820936f263ea6af3d9a3e621a73
images_OBJ022/OBJ022_092.jpeg,OBJ022,Guitar,object,.jpeg,92251bedc4db8e3199bcddf37cac1381
images_OBJ022/OBJ022_093.jpeg,OBJ022,Guitar,object,.jpeg,c190a5dc10e67eb91cc5fd88d8bb52ab
images_OBJ022/OBJ022_094.jpeg,OBJ022,Guitar,object,.jpeg,1056575d49a7195d8b15441445796866
images_OBJ022/OBJ022_095.jpeg,OBJ022,Guitar,object,.jpeg,ffc700c4feacb64ec0f2203a83f38d86
images_OBJ022/OBJ022_bg_001.jpeg,OBJ022,Guitar,background,.jpeg,df3db083267297f5563359c4d4f383d9
images_OBJ022/OBJ022_bg_002.jpeg,OBJ022,Guitar,background,.jpeg,0a22a44fa40d4a06c4b9ecd50aba9856
images_OBJ022/OBJ022_bg_003.jpeg,OBJ022,Guitar,background,.jpeg,2b674663f5cea90f55e15ba937a021f3
images_OBJ022/OBJ022_bg_004.jpeg,OBJ022,Guitar,background,.jpeg,5c5404271172a6336a22dc380dbe6c2e
images_OBJ022/OBJ022_bg_005.jpeg,OBJ022,Guitar,background,.jpeg,24e897fb1b856f4c8133cafda5394663
images_OBJ023/OBJ023_001.JPG,OBJ023,Bracelet,object,.jpg,80c5f8bdbc038de67a479f673b22fe71
images_OBJ023/OBJ023_002.JPG,OBJ023,Bracelet,object,.jpg,d3de73916fc08215525ba283cdec3483
images_OBJ023/OBJ023_003.JPG,OBJ023,Bracelet,object,.jpg,b10281fe743d9c4b53aafa8c9112487d
images_OBJ023/OBJ023_004.JPG,OBJ023,Bracelet,object,.jpg,8090331ee03ee3f1b9bd062ea3108c4d
images_OBJ023/OBJ023_005.JPG,OBJ023,Bracelet,object,.jpg,e09da24fca74a87a23af5af8d0022d97
images_OBJ023/OBJ023_006.JPG,OBJ023,Bracelet,object,.jpg,2543f4d17cf7de9be3940cee1c428995
images_OBJ023/OBJ023_007.JPG,OBJ023,Bracelet,object,.jpg,f304f473690ec8a27f5c3e53cef08319
images_OBJ023/OBJ023_008.JPG,OBJ023,Bracelet,object,.jpg,df6271ac16bd74a00fac60a86672ec17
images_OBJ023/OBJ023_009.JPG,OBJ023,Bracelet,object,.jpg,03c6c94e77de4b6fce191f0c110e3f59
images_OBJ023/OBJ023_010.JPG,OBJ023,Bracelet,object,.jpg,3f21703fed1ca40b51714ea8de295d40
images_OBJ023/OBJ023_011.JPG,OBJ023,Bracelet,object,.jpg,aee8941e050b69a03883810eca4181a9
images_OBJ023/OBJ023_012.JPG,OBJ023,Bracelet,object,.jpg,47eb829bdd4e781941dcc8583f1f934b
images_OBJ023/OBJ023_013.JPG,OBJ023,Bracelet,object,.jpg,9578df1a2f1bfb1b02db53b49c5724fb
images_OBJ023/OBJ023_014.jpg,OBJ023,Bracelet,object,.jpg,647438a810aa97ca5fccfc6b4558895b
images_OBJ023/OBJ023_015.jpg,OBJ023,Bracelet,object,.jpg,27836b1ba09477360ca7b208143bbbb6
images_OBJ023/OBJ023_016.jpg,OBJ023,Bracelet,object,.jpg,3df0154bb8ffefac31f49e72fd752bf0
images_OBJ023/OBJ023_017.jpg,OBJ023,Bracelet,object,.jpg,cd359889e068f512b63fdfda55c75612
images_OBJ023/OBJ023_018.jpg,OBJ023,Bracelet,object,.jpg,47fd442f798016fbcd2daebb8439ae98
images_OBJ023/OBJ023_019.jpg,OBJ023,Bracelet,object,.jpg,45fa4db99fb390571bc20144bb7cf21b
images_OBJ023/OBJ023_021.JPG,OBJ023,Bracelet,object,.jpg,de34fe8fbfdd4792c651e85ff99e516a
images_OBJ023/OBJ023_022.JPG,OBJ023,Bracelet,object,.jpg,456b825bc06fdd3854c5e0dc9a056e37
images_OBJ023/OBJ023_023.JPG,OBJ023,Bracelet,object,.jpg,7df3d080bab880c7f6a2b873e92678f0
images_OBJ023/OBJ023_024.JPG,OBJ023,Bracelet,object,.jpg,181a6eb45d908aceb7559e0bd382f763
images_OBJ023/OBJ023_025.JPG,OBJ023,Bracelet,object,.jpg,21856f37a4a925ab964b2f1017a123f3
images_OBJ023/OBJ023_026.JPG,OBJ023,Bracelet,object,.jpg,1e0fd4ab0389191036fac354e58022da
images_OBJ023/OBJ023_027.JPG,OBJ023,Bracelet,object,.jpg,f97386dfcd4dbed97db40f4bb198e4f2
images_OBJ023/OBJ023_028.JPG,OBJ023,Bracelet,object,.jpg,d355d1a1b69425a2d7bb1319e955dca6
images_OBJ023/OBJ023_029.JPG,OBJ023,Bracelet,object,.jpg,7fb17691e8b5c83d5d0d168bcb33fec7
images_OBJ023/OBJ023_030.JPG,OBJ023,Bracelet,object,.jpg,28f2bad8e9ae7647c35a5c731ee9f7e7
images_OBJ023/OBJ023_031.JPG,OBJ023,Bracelet,object,.jpg,82bb46edc361fe0649f2dde5253f9d7d
images_OBJ023/OBJ023_032.JPG,OBJ023,Bracelet,object,.jpg,b4b211c4a9ddc8f73196eef913b43c0e
images_OBJ023/OBJ023_033.JPG,OBJ023,Bracelet,object,.jpg,a8ba4131948cea23d407d193adc06057
images_OBJ023/OBJ023_034.JPG,OBJ023,Bracelet,object,.jpg,2401c5ce1533a22f9a3c6e093710bbc3
images_OBJ023/OBJ023_035.JPG,OBJ023,Bracelet,object,.jpg,642396db37e6e0fcf06895d38c05e2de
images_OBJ023/OBJ023_036.JPG,OBJ023,Bracelet,object,.jpg,84d2a8967c07db67de9cfb0eb97e9cd4
images_OBJ023/OBJ023_037.JPG,OBJ023,Bracelet,object,.jpg,46fcd628a229fa680c91b54fc92ca7aa
images_OBJ023/OBJ023_038.JPG,OBJ023,Bracelet,object,.jpg,c78d2e7607d7b17aecf4b2e4d1d81ed7
images_OBJ023/OBJ023_039.JPG,OBJ023,Bracelet,object,.jpg,e70ccbdaf735916624cfa1d2e2ca641e
images_OBJ023/OBJ023_040.JPG,OBJ023,Bracelet,object,.jpg,7eab6d80279380acc471e678ab383b6f
images_OBJ023/OBJ023_041.JPG,OBJ023,Bracelet,object,.jpg,0bea35edca9bf0f095aabd48273906ef
images_OBJ023/OBJ023_042.JPG,OBJ023,Bracelet,object,.jpg,5fdc2c2b8e9cbd6d27df3cb91ce8ae96
images_OBJ023/OBJ023_043.JPG,OBJ023,Bracelet,object,.jpg,c482963fbd419177505a85a2feced410
images_OBJ023/OBJ023_044.JPG,OBJ023,Bracelet,object,.jpg,52dd3db1c108dd7b16b83946800c69f2
images_OBJ023/OBJ023_045.JPG,OBJ023,Bracelet,object,.jpg,4c9e3a859083dbe3401a5a6ff4943954
images_OBJ023/OBJ023_046.JPG,OBJ023,Bracelet,object,.jpg,704df6e9778084b3627d5d74cf5ac4ac
images_OBJ023/OBJ023_047.JPG,OBJ023,Bracelet,object,.jpg,0ba507fa6447cc7805313798530633bc
images_OBJ023/OBJ023_048.JPG,OBJ023,Bracelet,object,.jpg,9970fb791692bb2878f6e5f72d5ed442
images_OBJ023/OBJ023_049.JPG,OBJ023,Bracelet,object,.jpg,c9a81e32595d5cae12bf24b9c9661f35
images_OBJ023/OBJ023_050.JPG,OBJ023,Bracelet,object,.jpg,953cd3c5ae02bfe117d1958dc1b34977
images_OBJ023/OBJ023_051.JPG,OBJ023,Bracelet,object,.jpg,35579ac39535428f572cdd1990f43d71
images_OBJ023/OBJ023_052.JPG,OBJ023,Bracelet,object,.jpg,b3e77e4ca9055a69894d7cd0343981ad
images_OBJ023/OBJ023_053.JPG,OBJ023,Bracelet,object,.jpg,e83fc07d799d97df9d0c5ff02c4d18b0
images_OBJ023/OBJ023_054.JPG,OBJ023,Bracelet,object,.jpg,5bcebec3aaf58a07c6521ab586f8a70a
images_OBJ023/OBJ023_055.JPG,OBJ023,Bracelet,object,.jpg,8e3982a4b58a5dd8d7c1615eff0d414d
images_OBJ023/OBJ023_056.JPG,OBJ023,Bracelet,object,.jpg,45a83be6d96b905aaba72473b2682791
images_OBJ023/OBJ023_057.JPG,OBJ023,Bracelet,object,.jpg,28698ea908c4ae03579ede75d2030846
images_OBJ023/OBJ023_058.JPG,OBJ023,Bracelet,object,.jpg,534400e6b7617d964ded3e9201f43b28
images_OBJ023/OBJ023_059.JPG,OBJ023,Bracelet,object,.jpg,469d40a5a2322fb6067e20663c1affa4
images_OBJ023/OBJ023_060.JPG,OBJ023,Bracelet,object,.jpg,25cefbd939d513202a3d4d06690d5b49
images_OBJ023/OBJ023_061.JPG,OBJ023,Bracelet,object,.jpg,5ba0576691d2ae5b5a8e5421ee6ce462
images_OBJ023/OBJ023_062.JPG,OBJ023,Bracelet,object,.jpg,ad02f8e2dd192d60b1c12ba7fc65275d
images_OBJ023/OBJ023_063.JPG,OBJ023,Bracelet,object,.jpg,43eea499c1f08fcf58bffcdba4abc8db
images_OBJ023/OBJ023_064.JPG,OBJ023,Bracelet,object,.jpg,1f43deba7fa66dbb8a70571096a4e617
images_OBJ023/OBJ023_065.JPG,OBJ023,Bracelet,object,.jpg,6107971e80701c8a775bbe9e2f2f748a
images_OBJ023/OBJ023_066.JPG,OBJ023,Bracelet,object,.jpg,96e7f3aced2750e6425239907462db97
images_OBJ023/OBJ023_067.JPG,OBJ023,Bracelet,object,.jpg,ddea7eeeba4abb8871c8d703e6446848
images_OBJ023/OBJ023_068.JPG,OBJ023,Bracelet,object,.jpg,4a4e958d9cc0bd718271f752849d91ec
images_OBJ023/OBJ023_069.JPG,OBJ023,Bracelet,object,.jpg,2a3d9e130ccfd33864ab5a6cbe7ad866
images_OBJ023/OBJ023_070.JPG,OBJ023,Bracelet,object,.jpg,20ca526e0513ffb91213dddff36af72c
images_OBJ023/OBJ023_071.JPG,OBJ023,Bracelet,object,.jpg,87b2638f7baf1dcd4b08f744e19d6cf7
images_OBJ023/OBJ023_072.JPG,OBJ023,Bracelet,object,.jpg,518f5726ec61fdfeb8f28ffcf9229a46
images_OBJ023/OBJ023_073.JPG,OBJ023,Bracelet,object,.jpg,771bf944e72b7df47ff1737228001aed
images_OBJ023/OBJ023_074.JPG,OBJ023,Bracelet,object,.jpg,ba7b24469db2a86144828c2b8cd13fc8
images_OBJ023/OBJ023_075.JPG,OBJ023,Bracelet,object,.jpg,5df16a5660b9ec27999b33707cf64352
images_OBJ023/OBJ023_076.JPG,OBJ023,Bracelet,object,.jpg,66dea54b46b2ee8d89854911630a9b68
images_OBJ023/OBJ023_077.JPG,OBJ023,Bracelet,object,.jpg,4c2ca08e6e348584e68be4e38471031a
images_OBJ023/OBJ023_078.JPG,OBJ023,Bracelet,object,.jpg,463e0b6d0970d9d153962b4d1763acb2
images_OBJ023/OBJ023_079.JPG,OBJ023,Bracelet,object,.jpg,1dbbfb901f2c38ada580f1b9003c682a
images_OBJ023/OBJ023_080.JPG,OBJ023,Bracelet,object,.jpg,93e4fb7c105dba780a0f3206d628ea43
images_OBJ023/OBJ023_081.JPG,OBJ023,Bracelet,object,.jpg,111c82ea7fe9c523e56133c6eecb2ef5
images_OBJ023/OBJ023_082.JPG,OBJ023,Bracelet,object,.jpg,200582933e9fd2e30958214b6292644b
images_OBJ023/OBJ023_083.JPG,OBJ023,Bracelet,object,.jpg,b40f7fe64953ae3f53fdf9140bffd572
images_OBJ023/OBJ023_084.JPG,OBJ023,Bracelet,object,.jpg,0c5eebb0569141a751da35af1558b5c8
images_OBJ023/OBJ023_085.JPG,OBJ023,Bracelet,object,.jpg,2401c5ce1533a22f9a3c6e093710bbc3
images_OBJ023/OBJ023_086.JPG,OBJ023,Bracelet,object,.jpg,84d2a8967c07db67de9cfb0eb97e9cd4
images_OBJ023/OBJ023_087.JPG,OBJ023,Bracelet,object,.jpg,2206f08f78f98a3ab95394ce49440a43
images_OBJ023/OBJ023_088.JPG,OBJ023,Bracelet,object,.jpg,06d965a2441e19bc2b1ff08c1124eb91
images_OBJ023/OBJ023_089.JPG,OBJ023,Bracelet,object,.jpg,953cd3c5ae02bfe117d1958dc1b34977
images_OBJ023/OBJ023_090.JPG,OBJ023,Bracelet,object,.jpg,469d40a5a2322fb6067e20663c1affa4
images_OBJ023/OBJ023_091.JPG,OBJ023,Bracelet,object,.jpg,82bb46edc361fe0649f2dde5253f9d7d
images_OBJ023/OBJ023_092.JPG,OBJ023,Bracelet,object,.jpg,46fcd628a229fa680c91b54fc92ca7aa
images_OBJ023/OBJ023_093.JPG,OBJ023,Bracelet,object,.jpg,a58369750c427461351c4fe73e038d9f
images_OBJ023/OBJ023_094.JPG,OBJ023,Bracelet,object,.jpg,51651384e77eb5ce2b0a832ea630ef19
images_OBJ023/OBJ023_095.JPG,OBJ023,Bracelet,object,.jpg,fd9fb6d119e4c4a6e3afb16632d9f129
images_OBJ023/OBJ023_20.JPG,OBJ023,Bracelet,object,.jpg,7840751a1f29646fdac18bf1a09cf04f
images_OBJ023/OBJ023_bg_001.JPG,OBJ023,Bracelet,background,.jpg,541a03bd3cee485053de149a709d78ff
images_OBJ023/OBJ023_bg_002.JPG,OBJ023,Bracelet,background,.jpg,56250d44e6cf33e9310281af9b7ca493
images_OBJ023/OBJ023_bg_003.JPG,OBJ023,Bracelet,background,.jpg,4a3b12d38ad2930d6068ea613d37d64c
images_OBJ023/OBJ023_bg_004.JPG,OBJ023,Bracelet,background,.jpg,48257b2b0209bd1fee3eb20fa78e3709
images_OBJ023/OBJ023_bg_005.JPG,OBJ023,Bracelet,background,.jpg,6896954740fdd6508fdf1600c6c853e3
images_OBJ024/OBJ024_001.jpg,OBJ024,Plush doll,object,.jpg,6cdc617e79210226be02b1cbebd2892f
images_OBJ024/OBJ024_002.jpg,OBJ024,Plush doll,object,.jpg,e44dc49c7449f691c8f8251258293aa8
images_OBJ024/OBJ024_003.jpg,OBJ024,Plush doll,object,.jpg,b1a75ade0767aff22577b4d312437b0d
images_OBJ024/OBJ024_004.jpg,OBJ024,Plush doll,object,.jpg,533bb91316506922f5e5b5efd8e0c1d9
images_OBJ024/OBJ024_005.jpg,OBJ024,Plush doll,object,.jpg,2205442ff7da53436f689721ef5b09fa
images_OBJ024/OBJ024_006.jpg,OBJ024,Plush doll,object,.jpg,60f72c2d83024e4e6ac24898d8ef63f5
images_OBJ024/OBJ024_007.jpg,OBJ024,Plush doll,object,.jpg,4e0c01a4a86806b2640d1a828c4b90b0
images_OBJ024/OBJ024_008.jpg,OBJ024,Plush doll,object,.jpg,80e215418aff578f09841db2e8e32e54
images_OBJ024/OBJ024_009.jpg,OBJ024,Plush doll,object,.jpg,5a925a438e81afbb808b07b6ae525a32
images_OBJ024/OBJ024_010.jpg,OBJ024,Plush doll,object,.jpg,f7bbe97f86589961493baf5117aa0ef8
images_OBJ024/OBJ024_011.jpg,OBJ024,Plush doll,object,.jpg,a1e629205fd08571ed6e34deb2a78761
images_OBJ024/OBJ024_012.jpg,OBJ024,Plush doll,object,.jpg,526bd0f5a78328666559aefc133c38b5
images_OBJ024/OBJ024_013.jpg,OBJ024,Plush doll,object,.jpg,c00867ba585b72dca827335f729a48d0
images_OBJ024/OBJ024_014.jpg,OBJ024,Plush doll,object,.jpg,09b906a4fdf0180256d982053f7d7e59
images_OBJ024/OBJ024_015.jpg,OBJ024,Plush doll,object,.jpg,234108dc8843992d8606c28f660aa6a1
images_OBJ024/OBJ024_016.jpg,OBJ024,Plush doll,object,.jpg,77bc5ffea0bb36ce4c8c2e10424fb11e
images_OBJ024/OBJ024_017.jpg,OBJ024,Plush doll,object,.jpg,832ec93faaf92d24edc596588179e215
images_OBJ024/OBJ024_018.jpg,OBJ024,Plush doll,object,.jpg,314f8155960893b81ef14ff2cbde5693
images_OBJ024/OBJ024_019.jpg,OBJ024,Plush doll,object,.jpg,0f49d72db9f7b570a6453869fc1f2c53
images_OBJ024/OBJ024_020.jpg,OBJ024,Plush doll,object,.jpg,38c453764201dae30eb8607e8ec6931e
images_OBJ024/OBJ024_021.jpg,OBJ024,Plush doll,object,.jpg,edb558be88e3a1f8e639e09ca56bbe4e
images_OBJ024/OBJ024_022.jpg,OBJ024,Plush doll,object,.jpg,c6ba63ac1af188dbb5637a9decaee2e7
images_OBJ024/OBJ024_023.jpg,OBJ024,Plush doll,object,.jpg,627b418781b9b6031390c0eec9826cb9
images_OBJ024/OBJ024_024.jpg,OBJ024,Plush doll,object,.jpg,3ce26d8557c605ea9998c7b3635bbbe5
images_OBJ024/OBJ024_025.jpg,OBJ024,Plush doll,object,.jpg,930f66aeec7f4e686c986a6af6789a76
images_OBJ024/OBJ024_026.jpg,OBJ024,Plush doll,object,.jpg,e2f3c7d75df9d347710e538b5b3b3662
images_OBJ024/OBJ024_027.jpg,OBJ024,Plush doll,object,.jpg,81c447c0f7ea05736ee12839c2d6a961
images_OBJ024/OBJ024_028.jpg,OBJ024,Plush doll,object,.jpg,9da0e209e66f99fbfd6c6c60ed6f0ae7
images_OBJ024/OBJ024_029.jpg,OBJ024,Plush doll,object,.jpg,1d7b004a306a9f51183089a200068c9a
images_OBJ024/OBJ024_030.jpg,OBJ024,Plush doll,object,.jpg,280ab780c02daf52c713886b639b15b1
images_OBJ024/OBJ024_031.jpg,OBJ024,Plush doll,object,.jpg,9434da22f6857682f618697441497c66
images_OBJ024/OBJ024_032.jpg,OBJ024,Plush doll,object,.jpg,95fd928f5894dbc14b749335ee95e641
images_OBJ024/OBJ024_033.jpg,OBJ024,Plush doll,object,.jpg,a8054a3a2c67cf736ccad343983804f0
images_OBJ024/OBJ024_034.jpg,OBJ024,Plush doll,object,.jpg,ef43b4e37d74885f8ef0ddfae1f5b26e
images_OBJ024/OBJ024_035.jpg,OBJ024,Plush doll,object,.jpg,8b836abd1e77b08c2ffadc352e593a8a
images_OBJ024/OBJ024_036.jpg,OBJ024,Plush doll,object,.jpg,3a4cc2f6fc956704c1f870321940d1a3
images_OBJ024/OBJ024_037.jpg,OBJ024,Plush doll,object,.jpg,7813f6c50454df4af9416f5c692d5959
images_OBJ024/OBJ024_038.jpg,OBJ024,Plush doll,object,.jpg,9d2ef49716dbd1df5a5c6e08cca087b3
images_OBJ024/OBJ024_039.jpg,OBJ024,Plush doll,object,.jpg,86e4f589aa7ec021247208438817902a
images_OBJ024/OBJ024_040.jpg,OBJ024,Plush doll,object,.jpg,e5be8944a52444d5cfd63cdafd039088
images_OBJ024/OBJ024_041.jpg,OBJ024,Plush doll,object,.jpg,a27ec2df73b62785e94969ed4f5685e1
images_OBJ024/OBJ024_042.jpg,OBJ024,Plush doll,object,.jpg,40e0002d8c3d009a5098032a28a06f2b
images_OBJ024/OBJ024_043.jpg,OBJ024,Plush doll,object,.jpg,5ea02c93714020cd5c291191c2517f7a
images_OBJ024/OBJ024_044.jpg,OBJ024,Plush doll,object,.jpg,f19c7d93ae725b72f51b48adfc56a20a
images_OBJ024/OBJ024_045.jpg,OBJ024,Plush doll,object,.jpg,8485c9ce202260bb9cde597eb30e3020
images_OBJ024/OBJ024_046.jpg,OBJ024,Plush doll,object,.jpg,4a79e1a1a9d18d9019ff4241ff379473
images_OBJ024/OBJ024_047.jpg,OBJ024,Plush doll,object,.jpg,f9ac5b010ec8192cf828696f5c15fc38
images_OBJ024/OBJ024_048.jpg,OBJ024,Plush doll,object,.jpg,c55b419a6785c7745704dc05b4c851e2
images_OBJ024/OBJ024_049.jpg,OBJ024,Plush doll,object,.jpg,16ee894a0035785ad016a5ef883bd98e
images_OBJ024/OBJ024_050.jpg,OBJ024,Plush doll,object,.jpg,20ac2bf990d1df90caad96bb269e44ae
images_OBJ024/OBJ024_051.jpg,OBJ024,Plush doll,object,.jpg,2c7018b37295c5f7f25c274d26fe4f10
images_OBJ024/OBJ024_052.jpg,OBJ024,Plush doll,object,.jpg,7e0df603e79a0c5496898b098e536f69
images_OBJ024/OBJ024_053.jpg,OBJ024,Plush doll,object,.jpg,ac3946794a921a6babafd7aa9d96aebd
images_OBJ024/OBJ024_054.jpg,OBJ024,Plush doll,object,.jpg,fd533c043da7d694e7f2dea61dff14ab
images_OBJ024/OBJ024_055.jpg,OBJ024,Plush doll,object,.jpg,cb11e8916c76e1b683032e7b95314ec9
images_OBJ024/OBJ024_056.jpg,OBJ024,Plush doll,object,.jpg,c8ac9b28f638818eeb3668f210f3f1c7
images_OBJ024/OBJ024_057.jpg,OBJ024,Plush doll,object,.jpg,d8e7d31089ff60b1de197e5735824e54
images_OBJ024/OBJ024_058.jpg,OBJ024,Plush doll,object,.jpg,cd31fb02022bf211f4c4b0489384bb66
images_OBJ024/OBJ024_059.jpg,OBJ024,Plush doll,object,.jpg,77b47fe0fee2075b1e45874f571015ce
images_OBJ024/OBJ024_060.jpg,OBJ024,Plush doll,object,.jpg,d83e88c61793e721babfc7ff9c2b0006
images_OBJ024/OBJ024_061.jpg,OBJ024,Plush doll,object,.jpg,1511f05e792a519ae87b30b8608c637c
images_OBJ024/OBJ024_062.jpg,OBJ024,Plush doll,object,.jpg,7cb4a676228c1717dd4e03813dadcfcc
images_OBJ024/OBJ024_063.jpg,OBJ024,Plush doll,object,.jpg,482c3d4c5844c72a08eec119c6b04a19
images_OBJ024/OBJ024_064.jpg,OBJ024,Plush doll,object,.jpg,4b426e01c55b98b01c2cf00a7d55a03e
images_OBJ024/OBJ024_065.jpg,OBJ024,Plush doll,object,.jpg,b61c8dcece5db0f7f3f4ed8f3f8d67bc
images_OBJ024/OBJ024_066.jpg,OBJ024,Plush doll,object,.jpg,553b3367932a7c94366ec66b54f6ccaf
images_OBJ024/OBJ024_067.jpg,OBJ024,Plush doll,object,.jpg,134005bbc8581d8ad6d42d15141da43c
images_OBJ024/OBJ024_068.jpg,OBJ024,Plush doll,object,.jpg,5443fb2d1867e4a26f145e3829eb6d74
images_OBJ024/OBJ024_069.jpg,OBJ024,Plush doll,object,.jpg,4ecf873a78105c47d1a760c9fd73006f
images_OBJ024/OBJ024_070.jpg,OBJ024,Plush doll,object,.jpg,aeb75f3abc89fd5c8104bb6681b16a10
images_OBJ024/OBJ024_071.jpg,OBJ024,Plush doll,object,.jpg,7e84058a1c07f486aa67b231094d44e1
images_OBJ024/OBJ024_072.jpg,OBJ024,Plush doll,object,.jpg,064e281487fe4197fcb4d6c633a8b6cc
images_OBJ024/OBJ024_073.jpg,OBJ024,Plush doll,object,.jpg,ab60024b22f25df023624bd0b7ab1cd1
images_OBJ024/OBJ024_074.jpg,OBJ024,Plush doll,object,.jpg,208e1888cd99f28353f72efd7cc514c4
images_OBJ024/OBJ024_075.jpg,OBJ024,Plush doll,object,.jpg,bf4adb337c511538c5486d046c582208
images_OBJ024/OBJ024_076.jpg,OBJ024,Plush doll,object,.jpg,83f458e81c6625449adb7caaa0eb451f
images_OBJ024/OBJ024_077.jpg,OBJ024,Plush doll,object,.jpg,f4bfe1a51a491531d27dd4ee7f5142c2
images_OBJ024/OBJ024_078.jpg,OBJ024,Plush doll,object,.jpg,19c33421c09e0252cd3d8900788d71e3
images_OBJ024/OBJ024_079.jpg,OBJ024,Plush doll,object,.jpg,c8ba374c7f2ac6f25e0a21555159499a
images_OBJ024/OBJ024_080.jpg,OBJ024,Plush doll,object,.jpg,e96297208a88f96def41f9bfc567ba36
images_OBJ024/OBJ024_081.jpg,OBJ024,Plush doll,object,.jpg,224b9bd7943ab302118d7cc35f4c45ec
images_OBJ024/OBJ024_082.jpg,OBJ024,Plush doll,object,.jpg,30b9b621d49c7ef61c1c0f313e5532cb
images_OBJ024/OBJ024_083.jpg,OBJ024,Plush doll,object,.jpg,aa00aa8fd1a2a69a8b76fdff426474c2
images_OBJ024/OBJ024_084.jpg,OBJ024,Plush doll,object,.jpg,9543c5b4d9d0f052acb6c9505c98a2be
images_OBJ024/OBJ024_085.jpg,OBJ024,Plush doll,object,.jpg,b3bbebff052bcff6c33399f541246641
images_OBJ024/OBJ024_086.jpg,OBJ024,Plush doll,object,.jpg,52297eb9cb36e02ac616d546a758e8e7
images_OBJ024/OBJ024_087.jpg,OBJ024,Plush doll,object,.jpg,04ba34a6c7d5cf16887b56797c1cca9e
images_OBJ024/OBJ024_088.jpg,OBJ024,Plush doll,object,.jpg,73b722a2fbf6a19a5a51c12ca8f55cae
images_OBJ024/OBJ024_089.jpg,OBJ024,Plush doll,object,.jpg,53bbcb944341a31b22de66ad3b5ef50b
images_OBJ024/OBJ024_090.jpg,OBJ024,Plush doll,object,.jpg,3e2c9438566e9346b217b1ac1f5085e5
images_OBJ024/OBJ024_091.jpg,OBJ024,Plush doll,object,.jpg,a520a1c85ec2b5557c93c6913d428bd0
images_OBJ024/OBJ024_092.jpg,OBJ024,Plush doll,object,.jpg,426272181b53707faa66d31362db9daf
images_OBJ024/OBJ024_093.jpg,OBJ024,Plush doll,object,.jpg,99b96b0711667fa16328a99ca9963a4d
images_OBJ024/OBJ024_094.jpg,OBJ024,Plush doll,object,.jpg,6baf0906b13fba2ac22702af6fad3496
images_OBJ024/OBJ024_095.jpg,OBJ024,Plush doll,object,.jpg,ad876b0ed34f2b1288755b192e303298
images_OBJ024/OBJ024_bg_001.jpg,OBJ024,Plush doll,background,.jpg,c391d67c6c0c776b1957ab86c205ca56
images_OBJ024/OBJ024_bg_002.jpg,OBJ024,Plush doll,background,.jpg,d8230b0f0f793a3ede6631329095b4aa
images_OBJ024/OBJ024_bg_003.jpg,OBJ024,Plush doll,background,.jpg,1ad02d7744ccd6e0b9db4816ea5b9585
images_OBJ024/OBJ024_bg_004.jpg,OBJ024,Plush doll,background,.jpg,7b2a8eb0722194bd9ca9a44a5fb4a753
images_OBJ024/OBJ024_bg_005.jpg,OBJ024,Plush doll,background,.jpg,47947d8bd7d2a2ac3904af48f252641b
images_OBJ025/OBJ025_001.jpg,OBJ025,Watch,object,.jpg,847a50e857fb29bfb8f64672e630c58f
images_OBJ025/OBJ025_002.jpg,OBJ025,Watch,object,.jpg,e8eaf5f8f0b006ee09e4aa34103fe7b7
images_OBJ025/OBJ025_003.jpg,OBJ025,Watch,object,.jpg,4d55862be394ca53b62f970eead83202
images_OBJ025/OBJ025_004.jpg,OBJ025,Watch,object,.jpg,c6bd5ddf676b3e4d1fe82e6581edcb62
images_OBJ025/OBJ025_005.jpg,OBJ025,Watch,object,.jpg,64dc8a7a217e2872513067e6b2ce08e3
images_OBJ025/OBJ025_006.jpg,OBJ025,Watch,object,.jpg,f7ff2632a41d32a60867d5c4bd1dba74
images_OBJ025/OBJ025_007.jpg,OBJ025,Watch,object,.jpg,caff5f20c750fb7ee4ebbda11fa52cfb
images_OBJ025/OBJ025_008.jpg,OBJ025,Watch,object,.jpg,fd761a88d833e5e6f978add53dd80bba
images_OBJ025/OBJ025_009.jpg,OBJ025,Watch,object,.jpg,f8b1a7ca778754c16354c9e753b1c570
images_OBJ025/OBJ025_010.jpg,OBJ025,Watch,object,.jpg,d9c63c7b353d1e817d40018ebc8d16a9
images_OBJ025/OBJ025_011.jpg,OBJ025,Watch,object,.jpg,7f1fda36236ff3d88d4009a49e8cf5fb
images_OBJ025/OBJ025_012.jpg,OBJ025,Watch,object,.jpg,6c5fcf5d2fc0fd11339dcfa0352482ed
images_OBJ025/OBJ025_013.jpg,OBJ025,Watch,object,.jpg,cb39f173e0ced16718cf1a6067d1636b
images_OBJ025/OBJ025_014.jpg,OBJ025,Watch,object,.jpg,94bce2056ff70f998c4db4a94e8e6952
images_OBJ025/OBJ025_015.jpg,OBJ025,Watch,object,.jpg,7060c5de2bf705886833c6df8f9ecf2d
images_OBJ025/OBJ025_016.jpg,OBJ025,Watch,object,.jpg,e5ef1bc253bc767d8e081b9e97b93ab0
images_OBJ025/OBJ025_017.jpg,OBJ025,Watch,object,.jpg,16c4b417dd9c835169fc4a09aad21bf5
images_OBJ025/OBJ025_018.jpg,OBJ025,Watch,object,.jpg,c74b00e317262c09fe8e4e3d317c21d2
images_OBJ025/OBJ025_019.jpg,OBJ025,Watch,object,.jpg,ff37508c717c9bccc611095ea36ca00b
images_OBJ025/OBJ025_020.jpg,OBJ025,Watch,object,.jpg,1ff69f8cfe5e76af97af0dd8d4389c0a
images_OBJ025/OBJ025_021.jpg,OBJ025,Watch,object,.jpg,439c05044522ceed7a8a3d09d41eafaa
images_OBJ025/OBJ025_022.jpg,OBJ025,Watch,object,.jpg,53d51d7406977f37869fc2fe3b7f3f63
images_OBJ025/OBJ025_023.jpg,OBJ025,Watch,object,.jpg,16ca9509362648da8a54fb4bd1b5a610
images_OBJ025/OBJ025_024.jpg,OBJ025,Watch,object,.jpg,d943a8bc965f390bc0dabf2857f98c81
images_OBJ025/OBJ025_025.jpg,OBJ025,Watch,object,.jpg,a12de35576e8976e54aa093babeb9cf7
images_OBJ025/OBJ025_026.jpg,OBJ025,Watch,object,.jpg,38c24011f4ccc1e519f1f31340712186
images_OBJ025/OBJ025_027.jpg,OBJ025,Watch,object,.jpg,4401135f67b11a514d1326f067051e98
images_OBJ025/OBJ025_028.jpg,OBJ025,Watch,object,.jpg,d3fe2ed97ce88c4b7672958849fea572
images_OBJ025/OBJ025_029.jpg,OBJ025,Watch,object,.jpg,713eb2c1fac6de6f8ed7ce526d79c4ba
images_OBJ025/OBJ025_030.jpg,OBJ025,Watch,object,.jpg,f02600ccf466662c31237f4f878509ed
images_OBJ025/OBJ025_031.jpg,OBJ025,Watch,object,.jpg,9b0c9ae1c1393a7a549f8d73ed8b0293
images_OBJ025/OBJ025_032.jpg,OBJ025,Watch,object,.jpg,aab85d940368fd293cda61a063ab8724
images_OBJ025/OBJ025_033.jpg,OBJ025,Watch,object,.jpg,e996802836da76f4c9d33cd4fd92d459
images_OBJ025/OBJ025_034.jpg,OBJ025,Watch,object,.jpg,7cfb29bdc6a22878b0c28c1202c9a556
images_OBJ025/OBJ025_035.jpg,OBJ025,Watch,object,.jpg,e43811619337db322cfd1e4c897a6b64
images_OBJ025/OBJ025_036.jpg,OBJ025,Watch,object,.jpg,7f3966f0a17fd266e9ba01865658386d
images_OBJ025/OBJ025_037.jpg,OBJ025,Watch,object,.jpg,6a33518b740a830451f6042464189dfd
images_OBJ025/OBJ025_038.jpg,OBJ025,Watch,object,.jpg,45e53d97e63a2119b3a943a4f1443806
images_OBJ025/OBJ025_039.jpg,OBJ025,Watch,object,.jpg,19d38b9d23e70667bbddfea400a149b1
images_OBJ025/OBJ025_040.jpg,OBJ025,Watch,object,.jpg,e8c1e59a723cb49deed2f8c957d39636
images_OBJ025/OBJ025_041.jpg,OBJ025,Watch,object,.jpg,783379df05875c6e04b440182aa42ba6
images_OBJ025/OBJ025_042.jpg,OBJ025,Watch,object,.jpg,2ffc90699b9f34818f769b89771030f8
images_OBJ025/OBJ025_043.jpg,OBJ025,Watch,object,.jpg,e306432b24cbf2b3d0daacf86e04c7a0
images_OBJ025/OBJ025_044.jpg,OBJ025,Watch,object,.jpg,4eb846ebf01f6c537969ccde112207ab
images_OBJ025/OBJ025_045.jpg,OBJ025,Watch,object,.jpg,93a65cf8a95d2a356dfd80cc53881bbb
images_OBJ025/OBJ025_046.jpg,OBJ025,Watch,object,.jpg,8e8948b91a9359c8cf3f32b4fb5dc25f
images_OBJ025/OBJ025_047.jpg,OBJ025,Watch,object,.jpg,112bf75df3f73ea774cb7704da429ca7
images_OBJ025/OBJ025_048.jpg,OBJ025,Watch,object,.jpg,a2616fc5d93af48d122dccec043b9b1d
images_OBJ025/OBJ025_049.jpg,OBJ025,Watch,object,.jpg,884d214446b4f1b5f1abee69c3f5f87a
images_OBJ025/OBJ025_050.jpg,OBJ025,Watch,object,.jpg,8a2b8d89eb7fe0979a6b8088934e5d53
images_OBJ025/OBJ025_051.jpg,OBJ025,Watch,object,.jpg,b216d0fea8f4d8353e720c9329f7a3c9
images_OBJ025/OBJ025_052.jpg,OBJ025,Watch,object,.jpg,c68831e93581d80b189a6eb83a8738a2
images_OBJ025/OBJ025_053.jpg,OBJ025,Watch,object,.jpg,92d7ebacd4f8251fe50bc05ce057b2d2
images_OBJ025/OBJ025_054.jpg,OBJ025,Watch,object,.jpg,ec26954b0e28d51ccad292d25cf1ad79
images_OBJ025/OBJ025_055.jpg,OBJ025,Watch,object,.jpg,4e252aedac32eed4f6f22b89fc756b78
images_OBJ025/OBJ025_056.jpg,OBJ025,Watch,object,.jpg,1f482e896572b6da27331748e1d78385
images_OBJ025/OBJ025_057.jpg,OBJ025,Watch,object,.jpg,159ae09507a4a47b95ed985e38aeb432
images_OBJ025/OBJ025_058.jpg,OBJ025,Watch,object,.jpg,43d01a2da6abeececcf5ce48a7040db7
images_OBJ025/OBJ025_059.jpg,OBJ025,Watch,object,.jpg,19d9d181f3dca7fc292d3c95a646de33
images_OBJ025/OBJ025_060.jpg,OBJ025,Watch,object,.jpg,dc1d99eb215c2478819d96c45333ff96
images_OBJ025/OBJ025_061.jpg,OBJ025,Watch,object,.jpg,4a2bcc7931dd3736392d2422bfa3978e
images_OBJ025/OBJ025_062.jpg,OBJ025,Watch,object,.jpg,19b486c015df3d5a50ba423f9158dfe2
images_OBJ025/OBJ025_063.jpg,OBJ025,Watch,object,.jpg,d55773e7cbd6a597388d800b153d5b03
images_OBJ025/OBJ025_064.jpg,OBJ025,Watch,object,.jpg,cb1fe9e4740e79e98b161d8cb9c0135a
images_OBJ025/OBJ025_065.jpg,OBJ025,Watch,object,.jpg,f992a3499e2f7b7d591407c1f8e08742
images_OBJ025/OBJ025_066.jpg,OBJ025,Watch,object,.jpg,171664d1f2b20f697a301e37e9ba64d5
images_OBJ025/OBJ025_067.jpg,OBJ025,Watch,object,.jpg,1434bb13dde13c66850859c9df9346a0
images_OBJ025/OBJ025_068.jpg,OBJ025,Watch,object,.jpg,266eaf400505da374a3f99aa061ee72c
images_OBJ025/OBJ025_069.jpg,OBJ025,Watch,object,.jpg,577bd6f8c4fbd08e7a5a591fc13a01c8
images_OBJ025/OBJ025_070.jpg,OBJ025,Watch,object,.jpg,c708221c5bc9318db41bd8b88f0730a3
images_OBJ025/OBJ025_071.jpg,OBJ025,Watch,object,.jpg,94980056be42ef175ac8f27d159e659b
images_OBJ025/OBJ025_072.jpg,OBJ025,Watch,object,.jpg,93aa8a02825f6538533fbf48f756afeb
images_OBJ025/OBJ025_073.jpg,OBJ025,Watch,object,.jpg,594cafb26b10892e977a443be43b627b
images_OBJ025/OBJ025_074.jpg,OBJ025,Watch,object,.jpg,ba20fff5c883242d84ef443bc9647e8e
images_OBJ025/OBJ025_075.jpg,OBJ025,Watch,object,.jpg,c33e93a0ac10ec669036dea774b38048
images_OBJ025/OBJ025_076.jpg,OBJ025,Watch,object,.jpg,3268841e5d428f7eebfd1c1bfee40c18
images_OBJ025/OBJ025_077.jpg,OBJ025,Watch,object,.jpg,b883fc64af389c3d7f246e33db2f207c
images_OBJ025/OBJ025_078.jpg,OBJ025,Watch,object,.jpg,faeaf793fd5bfb7b96ad64b36f4b0e34
images_OBJ025/OBJ025_079.jpg,OBJ025,Watch,object,.jpg,80688af08f8c4e655b8a384d424a78cd
images_OBJ025/OBJ025_080.jpg,OBJ025,Watch,object,.jpg,197e1158a64ff9fd526c499e0ca7414c
images_OBJ025/OBJ025_081.jpg,OBJ025,Watch,object,.jpg,51de374430c3868fd9092ad13b43c554
images_OBJ025/OBJ025_082.jpg,OBJ025,Watch,object,.jpg,97bcc6fc2cd89f0b4c5ea3ae09c1cb6d
images_OBJ025/OBJ025_083.jpg,OBJ025,Watch,object,.jpg,9a92f9e73694fdf8d6c2f0d733b06904
images_OBJ025/OBJ025_084.jpg,OBJ025,Watch,object,.jpg,ff936ca9ff4fe071c11818eb6dffedc6
images_OBJ025/OBJ025_085.jpg,OBJ025,Watch,object,.jpg,8a889ade1de7cab8172a72e4bc156cdf
images_OBJ025/OBJ025_086.jpg,OBJ025,Watch,object,.jpg,9ed6d663ac2288eea46611dfecfcc60c
images_OBJ025/OBJ025_087.jpg,OBJ025,Watch,object,.jpg,d83f6162ae26a1eca79320719f7f2f36
images_OBJ025/OBJ025_088.jpg,OBJ025,Watch,object,.jpg,992d39157495109628feb2cc3bbb0ee9
images_OBJ025/OBJ025_089.jpg,OBJ025,Watch,object,.jpg,523650dea70582ef9eb873717133f5e0
images_OBJ025/OBJ025_090.jpg,OBJ025,Watch,object,.jpg,da0ae50435b309450eb1863395bad182
images_OBJ025/OBJ025_091.jpg,OBJ025,Watch,object,.jpg,3d1b42c35989a704ee3fc83737c12d69
images_OBJ025/OBJ025_092.jpg,OBJ025,Watch,object,.jpg,d4e1132ba0b2f8728b6bc63cd395ee36
images_OBJ025/OBJ025_093.jpg,OBJ025,Watch,object,.jpg,fe5bbac314487addfb77f75915931849
images_OBJ025/OBJ025_094.jpg,OBJ025,Watch,object,.jpg,1d2166b55c82fb3f7b4515cabb9fd7e2
images_OBJ025/OBJ025_bg_001.jpg,OBJ025,Watch,background,.jpg,24e0409de4d0c3e296df0234e72357ca
images_OBJ025/OBJ025_bg_002.jpg,OBJ025,Watch,background,.jpg,a3fb7aa3d52c0360506c1a486b3e72a1
images_OBJ025/OBJ025_bg_003.jpg,OBJ025,Watch,background,.jpg,3e9161d3008779b57ca8e6f9a580d669
images_OBJ025/OBJ025_bg_004.jpg,OBJ025,Watch,background,.jpg,28915ae6f2bd3476d93df19d6f156e37
images_OBJ025/OBJ025_bg_005.jpg,OBJ025,Watch,background,.jpg,2dfa7292995785a32d0015828b645fe5
images_OBJ025/OBJ025_bg_006.jpg,OBJ025,Watch,background,.jpg,5f743a961049a6b9eed192bfed39c790
images_OBJ026/OBJ026_001.jpg,OBJ026,Red Sox Cap,object,.jpg,d22e84d1b71e4062edc8bce282ad08de
images_OBJ026/OBJ026_002.jpg,OBJ026,Red Sox Cap,object,.jpg,0282bcbcc1de1461e8ae9ea6be4f0cd2
images_OBJ026/OBJ026_003.jpg,OBJ026,Red Sox Cap,object,.jpg,1f5fcd3b4408a40073aa38cd3d4e90fe
images_OBJ026/OBJ026_004.jpg,OBJ026,Red Sox Cap,object,.jpg,2b92d55b5c6079f0e8ec3b9b69beb4f1
images_OBJ026/OBJ026_005.jpg,OBJ026,Red Sox Cap,object,.jpg,5006c42f704efce2e3820d41ea66e0ec
images_OBJ026/OBJ026_006.jpg,OBJ026,Red Sox Cap,object,.jpg,ce6328c24d800173ffa539deaed72897
images_OBJ026/OBJ026_007.jpg,OBJ026,Red Sox Cap,object,.jpg,bada65ebe62bb49dc087e9e80fc971c1
images_OBJ026/OBJ026_008.jpg,OBJ026,Red Sox Cap,object,.jpg,cc8c92829142d55da06cc272cf981af7
images_OBJ026/OBJ026_009.jpg,OBJ026,Red Sox Cap,object,.jpg,19d64d0aada0fd5e8e2d41c77cc70c7f
images_OBJ026/OBJ026_010.jpg,OBJ026,Red Sox Cap,object,.jpg,58ce3e774511eba448d1e986f10195f9
images_OBJ026/OBJ026_011.jpg,OBJ026,Red Sox Cap,object,.jpg,c55f6055fd8b9e88bdf3db1a4e2662b2
images_OBJ026/OBJ026_012.jpg,OBJ026,Red Sox Cap,object,.jpg,3ba6a1c7224048af56ff0fabf3be21e2
images_OBJ026/OBJ026_013.jpg,OBJ026,Red Sox Cap,object,.jpg,89f70901c098e5af27b6496760b2e176
images_OBJ026/OBJ026_014.jpg,OBJ026,Red Sox Cap,object,.jpg,79c5277e8c997c2f636d22a05ba371b6
images_OBJ026/OBJ026_015.jpg,OBJ026,Red Sox Cap,object,.jpg,413944a51eff02f2abf01ad1bc3c5f32
images_OBJ026/OBJ026_016.jpg,OBJ026,Red Sox Cap,object,.jpg,56526b7b4687fa98b6a5f17764cb7688
images_OBJ026/OBJ026_017.jpg,OBJ026,Red Sox Cap,object,.jpg,4165fec75549e48a1216f9e8daf62f9f
images_OBJ026/OBJ026_018.jpg,OBJ026,Red Sox Cap,object,.jpg,1e14fd1f70515399da79f0b939bb135a
images_OBJ026/OBJ026_019.jpg,OBJ026,Red Sox Cap,object,.jpg,796f77176c70b8dd149b5f2d9b195251
images_OBJ026/OBJ026_020.jpg,OBJ026,Red Sox Cap,object,.jpg,7a6d297d9d92b16ee5efe36e1643fa03
images_OBJ026/OBJ026_021.jpg,OBJ026,Red Sox Cap,object,.jpg,db88f9c2589346bdb26adfc4514717a0
images_OBJ026/OBJ026_022.jpg,OBJ026,Red Sox Cap,object,.jpg,0856b85a81324d76a0ed76543b057892
images_OBJ026/OBJ026_023.jpg,OBJ026,Red Sox Cap,object,.jpg,f569085580952e389b236ef3422758ce
images_OBJ026/OBJ026_024.jpg,OBJ026,Red Sox Cap,object,.jpg,7ed40a9d57f79010032caf7e2a9f5f58
images_OBJ026/OBJ026_025.jpg,OBJ026,Red Sox Cap,object,.jpg,7a05078829ca9b2b5f89fe3e5f0d7366
images_OBJ026/OBJ026_026.jpg,OBJ026,Red Sox Cap,object,.jpg,912840774ba418a8a8425677329f52ba
images_OBJ026/OBJ026_027.jpg,OBJ026,Red Sox Cap,object,.jpg,e78dc35f902d4577e9d1ba627f71d499
images_OBJ026/OBJ026_028.jpg,OBJ026,Red Sox Cap,object,.jpg,7f474510d386fd1b734a79c52b109b29
images_OBJ026/OBJ026_029.jpg,OBJ026,Red Sox Cap,object,.jpg,74f71b7221f2bc97802aab1e73d26901
images_OBJ026/OBJ026_030.jpg,OBJ026,Red Sox Cap,object,.jpg,8d78d107046adf6b4f75bd42c4042087
images_OBJ026/OBJ026_031.jpg,OBJ026,Red Sox Cap,object,.jpg,50a3bd2589129d7a14af4c89ec4ccc40
images_OBJ026/OBJ026_032.jpg,OBJ026,Red Sox Cap,object,.jpg,f8cb8b4281e9459fdcf9d3117a891531
images_OBJ026/OBJ026_033.jpg,OBJ026,Red Sox Cap,object,.jpg,824520ee45020cf2d4100d9d9738e086
images_OBJ026/OBJ026_034.jpg,OBJ026,Red Sox Cap,object,.jpg,1ce09d397aeeaaed7dc4f5a58811b48d
images_OBJ026/OBJ026_035.jpg,OBJ026,Red Sox Cap,object,.jpg,828c1dfc9062a9de6d0a4e68f352e989
images_OBJ026/OBJ026_036.jpg,OBJ026,Red Sox Cap,object,.jpg,0527aedfb73c5100c1363415cd58b890
images_OBJ026/OBJ026_037.jpg,OBJ026,Red Sox Cap,object,.jpg,ef344ddba1c2f0c845c347d9c4d336ad
images_OBJ026/OBJ026_038.jpg,OBJ026,Red Sox Cap,object,.jpg,0fed2d3ff5e5eb9f503216107334deaa
images_OBJ026/OBJ026_039.jpg,OBJ026,Red Sox Cap,object,.jpg,1d384e0bff165ca2f9ee3b783e8af3ba
images_OBJ026/OBJ026_040.jpg,OBJ026,Red Sox Cap,object,.jpg,8f3c46b6f436783e134759e1cf1b5d4b
images_OBJ026/OBJ026_041.jpg,OBJ026,Red Sox Cap,object,.jpg,5c8a1980fc3f21cf52cf49bf9ff37968
images_OBJ026/OBJ026_042.jpg,OBJ026,Red Sox Cap,object,.jpg,71b682a6b57fa25f26fc839c3e7de0ea
images_OBJ026/OBJ026_043.jpg,OBJ026,Red Sox Cap,object,.jpg,1151359383233b9a214121ec712fa240
images_OBJ026/OBJ026_044.jpg,OBJ026,Red Sox Cap,object,.jpg,0d59930dfe04660c0a7f710e4b8ac104
images_OBJ026/OBJ026_045.jpg,OBJ026,Red Sox Cap,object,.jpg,332afe682604c5179c3c9bac594f54ef
images_OBJ026/OBJ026_046.jpg,OBJ026,Red Sox Cap,object,.jpg,bb5ec74dc963e24327c301d0a2b2e2cd
images_OBJ026/OBJ026_047.jpg,OBJ026,Red Sox Cap,object,.jpg,f489dca8c57bd3214e66e7b5f00df5ba
images_OBJ026/OBJ026_048.jpg,OBJ026,Red Sox Cap,object,.jpg,101fe57f3e4e2e13382087d14cb4cfd7
images_OBJ026/OBJ026_049.jpg,OBJ026,Red Sox Cap,object,.jpg,367e89bd2d318ad4325313f2209aa55d
images_OBJ026/OBJ026_050.jpg,OBJ026,Red Sox Cap,object,.jpg,f4e86c9e151b88d5b26ac07585ecfe41
images_OBJ026/OBJ026_051.jpg,OBJ026,Red Sox Cap,object,.jpg,8ba66fd383a8b82706009932abd403bf
images_OBJ026/OBJ026_052.jpg,OBJ026,Red Sox Cap,object,.jpg,243537724f7ce7187182c4123ecd912b
images_OBJ026/OBJ026_053.jpg,OBJ026,Red Sox Cap,object,.jpg,a0296498ad0042546f301aaac708b726
images_OBJ026/OBJ026_054.jpg,OBJ026,Red Sox Cap,object,.jpg,f2765797c8f46e0344770a1c2cb0d271
images_OBJ026/OBJ026_055.jpg,OBJ026,Red Sox Cap,object,.jpg,e90b661ed693c0efce699c84e84b91ab
images_OBJ026/OBJ026_056.jpg,OBJ026,Red Sox Cap,object,.jpg,cbe60b6c98d98cc3af27032aecd44d06
images_OBJ026/OBJ026_057.jpg,OBJ026,Red Sox Cap,object,.jpg,3b173672c77081bcf00dc1f2240ccd51
images_OBJ026/OBJ026_058.jpg,OBJ026,Red Sox Cap,object,.jpg,d3f66ed3e5ea58c18af0ec4e77a61826
images_OBJ026/OBJ026_059.jpg,OBJ026,Red Sox Cap,object,.jpg,94c8aa4a57653e414e3e52efa53c65a4
images_OBJ026/OBJ026_060.jpg,OBJ026,Red Sox Cap,object,.jpg,d5de77e30761712bf6a837d02d442fc9
images_OBJ026/OBJ026_061.jpg,OBJ026,Red Sox Cap,object,.jpg,cd7b686f5810637bbf31c4aa12ea822c
images_OBJ026/OBJ026_062.jpg,OBJ026,Red Sox Cap,object,.jpg,9c1def2b8f7cb339759b0c4275be54a4
images_OBJ026/OBJ026_063.jpg,OBJ026,Red Sox Cap,object,.jpg,9fcd4df3c6bff056f7820926922f6545
images_OBJ026/OBJ026_064.jpg,OBJ026,Red Sox Cap,object,.jpg,035ede73be4c84d27f97a7b25ad64422
images_OBJ026/OBJ026_065.jpg,OBJ026,Red Sox Cap,object,.jpg,511bfc5b5a6720c649668ddb1c2107d8
images_OBJ026/OBJ026_066.jpg,OBJ026,Red Sox Cap,object,.jpg,1654024abb0a2a694cc32df9d6cf6c06
images_OBJ026/OBJ026_067.jpg,OBJ026,Red Sox Cap,object,.jpg,92bc04b9dde0e78eba8eaa29f87a00ba
images_OBJ026/OBJ026_068.jpg,OBJ026,Red Sox Cap,object,.jpg,9c46cc0690caacf2d0301534fb3adf35
images_OBJ026/OBJ026_069.jpg,OBJ026,Red Sox Cap,object,.jpg,d371b3eda1f33c6e6ba6f37d57dedb75
images_OBJ026/OBJ026_070.jpg,OBJ026,Red Sox Cap,object,.jpg,49c5715b4229f8c3f308ffab561dc54e
images_OBJ026/OBJ026_071.jpg,OBJ026,Red Sox Cap,object,.jpg,dbb1059aa6b8185fad3544616425f239
images_OBJ026/OBJ026_072.jpg,OBJ026,Red Sox Cap,object,.jpg,c21651e3fc6ad300d78602db9c0d6a35
images_OBJ026/OBJ026_073.jpg,OBJ026,Red Sox Cap,object,.jpg,07e1ecc9b4d8b52ca626e356c71194eb
images_OBJ026/OBJ026_074.jpg,OBJ026,Red Sox Cap,object,.jpg,532daedec9b3c02a22b18f3e8b6fef48
images_OBJ026/OBJ026_075.jpg,OBJ026,Red Sox Cap,object,.jpg,bf49638e7ed50bfa513c38f13b4914b5
images_OBJ026/OBJ026_076.jpg,OBJ026,Red Sox Cap,object,.jpg,8e93fb6895d4b81847c9d2ff76362036
images_OBJ026/OBJ026_077.jpg,OBJ026,Red Sox Cap,object,.jpg,5f3a47a10e9d119edcd412c71a01ab33
images_OBJ026/OBJ026_078.jpg,OBJ026,Red Sox Cap,object,.jpg,708c03744190585cb48c4315c7ae764d
images_OBJ026/OBJ026_079.jpg,OBJ026,Red Sox Cap,object,.jpg,9d132ceac5f11d40bd581102dbf4deec
images_OBJ026/OBJ026_080.jpg,OBJ026,Red Sox Cap,object,.jpg,8eb1a7ef124b1b949b18c4048efcb25c
images_OBJ026/OBJ026_081.jpg,OBJ026,Red Sox Cap,object,.jpg,0717c11c5799a005a0f7736031381991
images_OBJ026/OBJ026_082.jpg,OBJ026,Red Sox Cap,object,.jpg,3ad10db78eb9ff440b2216f38bacac70
images_OBJ026/OBJ026_083.jpg,OBJ026,Red Sox Cap,object,.jpg,af31e596eab1656c2dd7dcccc8f6af90
images_OBJ026/OBJ026_084.jpg,OBJ026,Red Sox Cap,object,.jpg,319e657182e47c35dbe385be7b302e64
images_OBJ026/OBJ026_085.jpg,OBJ026,Red Sox Cap,object,.jpg,526f33670780c5724108410e1a53c3b7
images_OBJ026/OBJ026_086.jpg,OBJ026,Red Sox Cap,object,.jpg,9344fcec5dec476f240b0857375db6a6
images_OBJ026/OBJ026_087.jpg,OBJ026,Red Sox Cap,object,.jpg,9e7fdf8e9f5bac4a729f77eb0438a400
images_OBJ026/OBJ026_088.jpg,OBJ026,Red Sox Cap,object,.jpg,a8010fc794d98962c2b80090b1edec69
images_OBJ026/OBJ026_089.jpg,OBJ026,Red Sox Cap,object,.jpg,27d4dd5334d3dfd3405ca88c466e1296
images_OBJ026/OBJ026_090.jpg,OBJ026,Red Sox Cap,object,.jpg,5abfa4fa3a6406ef7b064583f4b1968e
images_OBJ026/OBJ026_091.jpg,OBJ026,Red Sox Cap,object,.jpg,ba34aa696b548fcedaa0fda9b03f1fe3
images_OBJ026/OBJ026_092.jpg,OBJ026,Red Sox Cap,object,.jpg,f1fbd96ee9da802b498e6932be763687
images_OBJ026/OBJ026_093.jpg,OBJ026,Red Sox Cap,object,.jpg,66178e06d901b92f905d0476358466da
images_OBJ026/OBJ026_094.jpg,OBJ026,Red Sox Cap,object,.jpg,8bc3e4bb423a5084d832a2fa071c74cb
images_OBJ026/OBJ026_095.jpg,OBJ026,Red Sox Cap,object,.jpg,9dfa4af06c957ebe19c9530ada30ef80
images_OBJ026/OBJ026_bg_001.jpg,OBJ026,Red Sox Cap,background,.jpg,ab67595513c41ee5886bb25bf0dcf3f5
images_OBJ026/OBJ026_bg_002.jpg,OBJ026,Red Sox Cap,background,.jpg,9b409fff87a5e6c38933ad46147afb5e
images_OBJ026/OBJ026_bg_003.jpg,OBJ026,Red Sox Cap,background,.jpg,e81343fcde2c157de1a0f61085fa0547
images_OBJ026/OBJ026_bg_004.jpg,OBJ026,Red Sox Cap,background,.jpg,5f95978b0841b4034fe830e75841f765
images_OBJ026/OBJ026_bg_005.jpg,OBJ026,Red Sox Cap,background,.jpg,d99c2a1b9a3ed0bd84fa574f59dd79e1
images_OBJ027/OBJ027_001.jpg,OBJ027,Tennis ball,object,.jpg,2467ce82d0455e864eb8b4dd959d51cb
images_OBJ027/OBJ027_002.jpg,OBJ027,Tennis ball,object,.jpg,d49f31e09e3898cd24d852347e537670
images_OBJ027/OBJ027_003.jpg,OBJ027,Tennis ball,object,.jpg,76544a053e4160633d95548cf20bd8c9
images_OBJ027/OBJ027_004.jpg,OBJ027,Tennis ball,object,.jpg,f32e0fba51fb9b72de287aaf5bbc45c6
images_OBJ027/OBJ027_005.jpg,OBJ027,Tennis ball,object,.jpg,1774971165a3acf17645ef570c80167c
images_OBJ027/OBJ027_006.jpg,OBJ027,Tennis ball,object,.jpg,3458f90966239119c25975aa42ad5e99
images_OBJ027/OBJ027_007.jpg,OBJ027,Tennis ball,object,.jpg,a1a999a9e34dafc9e456e1185f758d4c
images_OBJ027/OBJ027_008.jpg,OBJ027,Tennis ball,object,.jpg,d23d883ab105481e5f7130eca2ded2d0
images_OBJ027/OBJ027_009.jpg,OBJ027,Tennis ball,object,.jpg,6db3e92f9780b3302f44463ee03b4211
images_OBJ027/OBJ027_010.jpg,OBJ027,Tennis ball,object,.jpg,73ce17608752f2ce997490087e82a1dd
images_OBJ027/OBJ027_011.jpg,OBJ027,Tennis ball,object,.jpg,2c349d3f719bd3761abf07d36c02c54a
images_OBJ027/OBJ027_012.jpg,OBJ027,Tennis ball,object,.jpg,f0e1d43d138f2b4ce1bb3b8bc49a8fcb
images_OBJ027/OBJ027_013.jpg,OBJ027,Tennis ball,object,.jpg,162ed0d24591e1f656c73a3bfa88e659
images_OBJ027/OBJ027_014.jpg,OBJ027,Tennis ball,object,.jpg,209413956aca99d7f4c208aa4389fd30
images_OBJ027/OBJ027_015.jpg,OBJ027,Tennis ball,object,.jpg,d92cda52fb7c3db0af0730849152452f
images_OBJ027/OBJ027_016.jpg,OBJ027,Tennis ball,object,.jpg,cb8bf628347e9b5a22ba7cdc394157cc
images_OBJ027/OBJ027_017.jpg,OBJ027,Tennis ball,object,.jpg,96fb0b0b4da40b79198302775980d3fb
images_OBJ027/OBJ027_018.jpg,OBJ027,Tennis ball,object,.jpg,0711cfc02acb1ff10b11f19bcb194fd5
images_OBJ027/OBJ027_019.jpg,OBJ027,Tennis ball,object,.jpg,a0831d6185e1665e42240dfda5abbf6e
images_OBJ027/OBJ027_020.jpg,OBJ027,Tennis ball,object,.jpg,496a752ab348e74ab5c190d713188fa3
images_OBJ027/OBJ027_021.jpg,OBJ027,Tennis ball,object,.jpg,7907f173c983f0f322b63a85a31c9e66
images_OBJ027/OBJ027_022.jpg,OBJ027,Tennis ball,object,.jpg,86310d2bad5aa79efc6983832563e560
images_OBJ027/OBJ027_023.jpg,OBJ027,Tennis ball,object,.jpg,13322b606b63c879507d068364cd12c6
images_OBJ027/OBJ027_024.jpg,OBJ027,Tennis ball,object,.jpg,7ca0d915cf65659bdd22267028eaa6b3
images_OBJ027/OBJ027_025.jpg,OBJ027,Tennis ball,object,.jpg,77230e2ff46ae81d9fbb49aae4d8424f
images_OBJ027/OBJ027_026.jpg,OBJ027,Tennis ball,object,.jpg,718bff7f2a61061a88f3e619082975d2
images_OBJ027/OBJ027_027.jpg,OBJ027,Tennis ball,object,.jpg,108f2e7838cd23af9aad48bb4614d1e8
images_OBJ027/OBJ027_028.jpg,OBJ027,Tennis ball,object,.jpg,44d2973048383a70d6c5573000f06e48
images_OBJ027/OBJ027_029.jpg,OBJ027,Tennis ball,object,.jpg,039d209824229b7d1bf455e95a977dbf
images_OBJ027/OBJ027_030.jpg,OBJ027,Tennis ball,object,.jpg,2af183dc6ba359de60f8a6e82846975b
images_OBJ027/OBJ027_031.jpg,OBJ027,Tennis ball,object,.jpg,0bd81db73c28a33326d14f221a969302
images_OBJ027/OBJ027_032.jpg,OBJ027,Tennis ball,object,.jpg,5d584cd47369fd718e0c371ded623c08
images_OBJ027/OBJ027_033.jpg,OBJ027,Tennis ball,object,.jpg,75457fd83366c6dae8de596cd6bdb9e2
images_OBJ027/OBJ027_034.jpg,OBJ027,Tennis ball,object,.jpg,9b66f14aa6fb943db957b16ccf7f7b11
images_OBJ027/OBJ027_035.jpg,OBJ027,Tennis ball,object,.jpg,a6ab06a2b9079767bb2b28b09622b324
images_OBJ027/OBJ027_036.jpg,OBJ027,Tennis ball,object,.jpg,17d3f493a1a07d7a6467e00647afc7c9
images_OBJ027/OBJ027_037.jpg,OBJ027,Tennis ball,object,.jpg,735638b9951b3e359dc28ed14d58a966
images_OBJ027/OBJ027_038.jpg,OBJ027,Tennis ball,object,.jpg,67d66c91958cb0e81b2f4d1c892624ca
images_OBJ027/OBJ027_039.jpg,OBJ027,Tennis ball,object,.jpg,ea69695ddd353864b426578ee269d4ec
images_OBJ027/OBJ027_040.jpg,OBJ027,Tennis ball,object,.jpg,908e6ea2e2ee005e01575a7c6ca4b1be
images_OBJ027/OBJ027_041.jpg,OBJ027,Tennis ball,object,.jpg,efb55ca5c2991efa8793b243709fd7b9
images_OBJ027/OBJ027_042.jpg,OBJ027,Tennis ball,object,.jpg,a29c1a9c7bc557bcaa504f33f31058e9
images_OBJ027/OBJ027_043.jpg,OBJ027,Tennis ball,object,.jpg,01e1b5127ea6d94637ea1a0fd69c6865
images_OBJ027/OBJ027_044.jpg,OBJ027,Tennis ball,object,.jpg,07a27f5a67ea4a86f8a3f970cd037a49
images_OBJ027/OBJ027_045.jpg,OBJ027,Tennis ball,object,.jpg,06cebb1df2f06828a8d6878589762cf4
images_OBJ027/OBJ027_046.jpg,OBJ027,Tennis ball,object,.jpg,d1d39da5a0ab1e61047d93ca6af03ad9
images_OBJ027/OBJ027_047.jpg,OBJ027,Tennis ball,object,.jpg,9381bd5472df67a8609dda070526eae9
images_OBJ027/OBJ027_048.jpg,OBJ027,Tennis ball,object,.jpg,270128bdfc9e83cfabe13c6764071f84
images_OBJ027/OBJ027_049.jpg,OBJ027,Tennis ball,object,.jpg,c66854165b65eb5083e8fcd7418d6875
images_OBJ027/OBJ027_050.jpg,OBJ027,Tennis ball,object,.jpg,019ba9877cf8cc3d29b2e6c5b9273f7c
images_OBJ027/OBJ027_051.jpg,OBJ027,Tennis ball,object,.jpg,f7836497c626fc7fde32bdfb6d80d86e
images_OBJ027/OBJ027_052.jpg,OBJ027,Tennis ball,object,.jpg,fb489a59636fb05e899acf3a39bf7424
images_OBJ027/OBJ027_053.jpg,OBJ027,Tennis ball,object,.jpg,5e5791fe784398521450ed3763b9e4d2
images_OBJ027/OBJ027_054.jpg,OBJ027,Tennis ball,object,.jpg,29c91fdf0bb348b93db86d6f098a066e
images_OBJ027/OBJ027_055.jpg,OBJ027,Tennis ball,object,.jpg,958c48bd83e96d1536ce7bc943a14a15
images_OBJ027/OBJ027_056.jpg,OBJ027,Tennis ball,object,.jpg,421c77c1e2048abd0441509133d726c4
images_OBJ027/OBJ027_057.jpg,OBJ027,Tennis ball,object,.jpg,2eedfadf4fe332212272ad3ef2957f64
images_OBJ027/OBJ027_058.jpg,OBJ027,Tennis ball,object,.jpg,c411327a23915e28945b71bc2b812256
images_OBJ027/OBJ027_059.jpg,OBJ027,Tennis ball,object,.jpg,b0d0415fac02a048745235d0ab851ead
images_OBJ027/OBJ027_060.jpg,OBJ027,Tennis ball,object,.jpg,ebfe01e46084c9272002be9145795851
images_OBJ027/OBJ027_061.jpg,OBJ027,Tennis ball,object,.jpg,d961f154ee5682701e828e180f495246
images_OBJ027/OBJ027_062.jpg,OBJ027,Tennis ball,object,.jpg,64784a41d43d1a6d2afb8c4d8c057ef2
images_OBJ027/OBJ027_063.jpg,OBJ027,Tennis ball,object,.jpg,8ec1dd59a33d6880758078bcc79e51df
images_OBJ027/OBJ027_064.jpg,OBJ027,Tennis ball,object,.jpg,85f54d55a7a1f42fba831718a1db9a59
images_OBJ027/OBJ027_065.jpg,OBJ027,Tennis ball,object,.jpg,39e5da2fb22ae508df2d9e56e77c579a
images_OBJ027/OBJ027_066.jpg,OBJ027,Tennis ball,object,.jpg,c76b8c31fc01100c3b5860e63bfb2afb
images_OBJ027/OBJ027_067.jpg,OBJ027,Tennis ball,object,.jpg,0428c65c46b96573786c7bb19639dc31
images_OBJ027/OBJ027_068.jpg,OBJ027,Tennis ball,object,.jpg,f46c5011904cc58f2bb620a0044ab228
images_OBJ027/OBJ027_069.jpg,OBJ027,Tennis ball,object,.jpg,948bedc21df8ed53549660cd3a634dd1
images_OBJ027/OBJ027_070.jpg,OBJ027,Tennis ball,object,.jpg,75080ac85f3b142c3a9590775d497538
images_OBJ027/OBJ027_071.jpg,OBJ027,Tennis ball,object,.jpg,298ebcc0c194ed24b1d94f74c6cee330
images_OBJ027/OBJ027_072.jpg,OBJ027,Tennis ball,object,.jpg,29db8630dafcb04090fabe768db420b2
images_OBJ027/OBJ027_073.jpg,OBJ027,Tennis ball,object,.jpg,3f57c76a42c762ea55da5237cd397219
images_OBJ027/OBJ027_074.jpg,OBJ027,Tennis ball,object,.jpg,d8592a3c3e500bd2f31e82b6259d758c
images_OBJ027/OBJ027_075.jpg,OBJ027,Tennis ball,object,.jpg,884aec287ba95f8312a66d282e366fad
images_OBJ027/OBJ027_076.jpg,OBJ027,Tennis ball,object,.jpg,235f2c17ca57b71339871f82227791f6
images_OBJ027/OBJ027_077.jpg,OBJ027,Tennis ball,object,.jpg,a12f83410345746aff947c9fe2eaeecc
images_OBJ027/OBJ027_078.jpg,OBJ027,Tennis ball,object,.jpg,68fa994ac27dfb17d3e8598a61d6f795
images_OBJ027/OBJ027_079.jpg,OBJ027,Tennis ball,object,.jpg,64e9748d68c41517bcee6e1455d74728
images_OBJ027/OBJ027_080.jpg,OBJ027,Tennis ball,object,.jpg,0f32f4c236c31704c49a9e9c2ae5d134
images_OBJ027/OBJ027_081.jpg,OBJ027,Tennis ball,object,.jpg,92effa03c56e5bf58181ad64b041a565
images_OBJ027/OBJ027_082.jpg,OBJ027,Tennis ball,object,.jpg,ab6d05403be3781cac4d713d5118676b
images_OBJ027/OBJ027_083.jpg,OBJ027,Tennis ball,object,.jpg,f952f42c48b2e5de95a8a68c553bdc81
images_OBJ027/OBJ027_084.jpg,OBJ027,Tennis ball,object,.jpg,5da6e0ec760f0e6814eed4115c648d67
images_OBJ027/OBJ027_085.jpg,OBJ027,Tennis ball,object,.jpg,9f338f6fcc3a53322c1e6cf06a7e5805
images_OBJ027/OBJ027_086.jpg,OBJ027,Tennis ball,object,.jpg,d55533dd96ac4135f6a3a7642507a959
images_OBJ027/OBJ027_087.jpg,OBJ027,Tennis ball,object,.jpg,871fba9735ca519f6d81b368b513a806
images_OBJ027/OBJ027_088.jpg,OBJ027,Tennis ball,object,.jpg,661c1f64c747bd405c11934869a752f1
images_OBJ027/OBJ027_089.jpg,OBJ027,Tennis ball,object,.jpg,6a8fcdda25edaf7b5fcfb804061ad456
images_OBJ027/OBJ027_090.jpg,OBJ027,Tennis ball,object,.jpg,48158998a6ef2e70bbb5bbe213aecc2e
images_OBJ027/OBJ027_091.jpg,OBJ027,Tennis ball,object,.jpg,8e9106ceb55db0114bab917a71e55b56
images_OBJ027/OBJ027_092.jpg,OBJ027,Tennis ball,object,.jpg,53969008319abfe1a70876643bd5f40d
images_OBJ027/OBJ027_093.jpg,OBJ027,Tennis ball,object,.jpg,33e20e6a5d349361a4351a1e0594f864
images_OBJ027/OBJ027_094.jpg,OBJ027,Tennis ball,object,.jpg,5ca87f780a747bfa9d996a15aa485f6a
images_OBJ027/OBJ027_095.jpg,OBJ027,Tennis ball,object,.jpg,07b0a600fac3ca7b03642ade26fe7cd7
images_OBJ027/OBJ027_bg_001.jpg,OBJ027,Tennis ball,background,.jpg,c2ae238c94110fe0b7133cdce9315e16
images_OBJ027/OBJ027_bg_002.jpg,OBJ027,Tennis ball,background,.jpg,87c7e0dcc0eaaaa3cf3ba39ecae58392
images_OBJ027/OBJ027_bg_003.jpg,OBJ027,Tennis ball,background,.jpg,dcc48c5237cb1ebee050755c7632584f
images_OBJ027/OBJ027_bg_004.jpg,OBJ027,Tennis ball,background,.jpg,861433298a16cee8531ca3967e0cd498
images_OBJ027/OBJ027_bg_005.jpg,OBJ027,Tennis ball,background,.jpg,2755382de812d282fd2792c39667def1
images_OBJ028/OBJ028_001.jpg,OBJ028,Banana,object,.jpg,35902d7f9b515566c93dfacdbc00a211
images_OBJ028/OBJ028_002.jpg,OBJ028,Banana,object,.jpg,189bb023e5e11b3db3359cf090ccb4f4
images_OBJ028/OBJ028_003.jpg,OBJ028,Banana,object,.jpg,a1902525b4d4568ce47e9788362fb051
images_OBJ028/OBJ028_004.jpg,OBJ028,Banana,object,.jpg,63f04069f47278f18ffeab03aae8c894
images_OBJ028/OBJ028_005.jpg,OBJ028,Banana,object,.jpg,bbf8f18e7e20c722113abd4dfcc529da
images_OBJ028/OBJ028_006.jpg,OBJ028,Banana,object,.jpg,ce3da434ca276476881e3e45168313fb
images_OBJ028/OBJ028_007.jpg,OBJ028,Banana,object,.jpg,60b10a5fec8d0e70e062465c0f6fc94d
images_OBJ028/OBJ028_008.jpg,OBJ028,Banana,object,.jpg,80f9669da82e42bbe421ef45c786a94e
images_OBJ028/OBJ028_009.jpg,OBJ028,Banana,object,.jpg,c36f347f1ca7e19a84b05af91fca8cca
images_OBJ028/OBJ028_010.jpg,OBJ028,Banana,object,.jpg,7ac2e261e7930eb6a52aed634fcc50f8
images_OBJ028/OBJ028_011.jpg,OBJ028,Banana,object,.jpg,f22bdf42bbc0d59651ba2650cb39403c
images_OBJ028/OBJ028_012.jpg,OBJ028,Banana,object,.jpg,b1974d8ce4c2054af0eeb6bf8076e6ab
images_OBJ028/OBJ028_013.jpg,OBJ028,Banana,object,.jpg,ebac4cb4ae9688da11bece254316e4f5
images_OBJ028/OBJ028_014.jpg,OBJ028,Banana,object,.jpg,1f2eecec63b825b48db439db10ed3e90
images_OBJ028/OBJ028_015.jpg,OBJ028,Banana,object,.jpg,506098e05ca5698df606af473361e819
images_OBJ028/OBJ028_016.jpg,OBJ028,Banana,object,.jpg,efd92d887f15ea776cc140c0b76b521c
images_OBJ028/OBJ028_017.jpg,OBJ028,Banana,object,.jpg,3375a9b2ac27eacbc0ae4c6e0c8dde20
images_OBJ028/OBJ028_018.jpg,OBJ028,Banana,object,.jpg,8d5d5e10847a6b577a283c0255b9110b
images_OBJ028/OBJ028_019.jpg,OBJ028,Banana,object,.jpg,d187c68e09d581da3939f5e497ecaa84
images_OBJ028/OBJ028_020.jpg,OBJ028,Banana,object,.jpg,bdd9d1728a8069b00ee53d99418261b5
images_OBJ028/OBJ028_021.jpg,OBJ028,Banana,object,.jpg,d0bc24bfa799fc49ee379fc072d82854
images_OBJ028/OBJ028_022.jpg,OBJ028,Banana,object,.jpg,784514896f6de35b009326b061942633
images_OBJ028/OBJ028_023.jpg,OBJ028,Banana,object,.jpg,0dc4e9688d8344e98ae38bb641640851
images_OBJ028/OBJ028_024.jpg,OBJ028,Banana,object,.jpg,921043a0ca2833a1894dc25d5b568106
images_OBJ028/OBJ028_025.jpg,OBJ028,Banana,object,.jpg,a61cfdaacc5abecf83c8929169269440
images_OBJ028/OBJ028_026.jpg,OBJ028,Banana,object,.jpg,3aea55ecf0e4453f01497781f18648d2
images_OBJ028/OBJ028_027.jpg,OBJ028,Banana,object,.jpg,c131e7faaf5d10dcc89cf91fac211fbe
images_OBJ028/OBJ028_028.jpg,OBJ028,Banana,object,.jpg,aa03736a1f5f2c4d5d2b270febe5d0ea
images_OBJ028/OBJ028_029.jpg,OBJ028,Banana,object,.jpg,db8bea9457d1b5103b6689b5c054b122
images_OBJ028/OBJ028_030.jpg,OBJ028,Banana,object,.jpg,1e7ba3287575c742449aab494388a922
images_OBJ028/OBJ028_031.jpg,OBJ028,Banana,object,.jpg,45dfe59a4f250cefffae034c63f9d950
images_OBJ028/OBJ028_032(1).jpg,OBJ028,Banana,object,.jpg,e2398e311074e2832113616e66f2c0b1
images_OBJ028/OBJ028_032.jpg,OBJ028,Banana,object,.jpg,e2398e311074e2832113616e66f2c0b1
images_OBJ028/OBJ028_033.jpg,OBJ028,Banana,object,.jpg,708657d83d8c58153101e13a0709e199
images_OBJ028/OBJ028_034.jpg,OBJ028,Banana,object,.jpg,90656532f2c947c737b47392d8f54e32
images_OBJ028/OBJ028_035.jpg,OBJ028,Banana,object,.jpg,298ce8183e71e4abe06adfdf40e3a31c
images_OBJ028/OBJ028_036.jpg,OBJ028,Banana,object,.jpg,404a36fe9a4f54a12d5807bd27f8b5d4
images_OBJ028/OBJ028_037.jpg,OBJ028,Banana,object,.jpg,8af33c6d2b0bc258b476221800b80483
images_OBJ028/OBJ028_038.jpg,OBJ028,Banana,object,.jpg,8492948d8099fac76c77dd323767030c
images_OBJ028/OBJ028_039.jpg,OBJ028,Banana,object,.jpg,5003fd0256723442089cdc369ab7a234
images_OBJ028/OBJ028_040.jpg,OBJ028,Banana,object,.jpg,ff04ec8965f13efad9bb825cc5576142
images_OBJ028/OBJ028_041.jpg,OBJ028,Banana,object,.jpg,a6a06f4e603287c992d695ae25efc1a2
images_OBJ028/OBJ028_042.jpg,OBJ028,Banana,object,.jpg,d274978e14a7957f491c7b5e1426ec16
images_OBJ028/OBJ028_043.jpg,OBJ028,Banana,object,.jpg,c790d90d77b70e274ab8fccb3268f7bf
images_OBJ028/OBJ028_044.jpg,OBJ028,Banana,object,.jpg,b4ade26b25afb32aa7d52b48613ef844
images_OBJ028/OBJ028_045.jpg,OBJ028,Banana,object,.jpg,cfc4c0ee6f33354acd39481347890613
images_OBJ028/OBJ028_046.jpg,OBJ028,Banana,object,.jpg,3bbda26a338f7273551079ca6efda2ab
images_OBJ028/OBJ028_047.jpg,OBJ028,Banana,object,.jpg,0c764e362052b262c55968f919b693d4
images_OBJ028/OBJ028_048.jpg,OBJ028,Banana,object,.jpg,d19dc7c0655b0013f44d767b8d9dae63
images_OBJ028/OBJ028_049.jpg,OBJ028,Banana,object,.jpg,0ff7fb7e48decb0356b164d94c5b45a0
images_OBJ028/OBJ028_050.jpg,OBJ028,Banana,object,.jpg,c9500a10733aeb2fd07405b6f099bf24
images_OBJ028/OBJ028_051.jpg,OBJ028,Banana,object,.jpg,4e77a2bd280039c0cb9bbf8ed4984719
images_OBJ028/OBJ028_052.jpg,OBJ028,Banana,object,.jpg,b57b94e87fa243aea38dedfe29c7bc7b
images_OBJ028/OBJ028_053.jpg,OBJ028,Banana,object,.jpg,32623e2cb8fc9283f23497394a9434e0
images_OBJ028/OBJ028_054.jpg,OBJ028,Banana,object,.jpg,3d2723b91a1aa16b9d45256e664229e9
images_OBJ028/OBJ028_055.jpg,OBJ028,Banana,object,.jpg,1b8f88240d4967cc9746b7bdc31bfd59
images_OBJ028/OBJ028_056.jpg,OBJ028,Banana,object,.jpg,411a48f8ce5753d1e950b1ec8ffa6ec6
images_OBJ028/OBJ028_057.jpg,OBJ028,Banana,object,.jpg,f438c56aed26d35f036d13bbd9b9ee76
images_OBJ028/OBJ028_058.jpg,OBJ028,Banana,object,.jpg,55c3ad15d5cf17a8e170359ec3159687
images_OBJ028/OBJ028_059.jpg,OBJ028,Banana,object,.jpg,c86bf8e6ce096ccda671fe9a58431008
images_OBJ028/OBJ028_060.jpg,OBJ028,Banana,object,.jpg,0916a80c55d26c284ec5472409ef191d
images_OBJ028/OBJ028_061.jpg,OBJ028,Banana,object,.jpg,f55dc14e1766d33986ab462777d8e676
images_OBJ028/OBJ028_062.jpg,OBJ028,Banana,object,.jpg,40228af464b62725d4f60f319d9c9750
images_OBJ028/OBJ028_063.jpg,OBJ028,Banana,object,.jpg,24d8a21cac307e001fd8cb9c9f80378a
images_OBJ028/OBJ028_064.jpg,OBJ028,Banana,object,.jpg,6d1ddd5dceee543bae851907bfe68057
images_OBJ028/OBJ028_065.jpg,OBJ028,Banana,object,.jpg,7d750a2cf29696d44293b821b5914b71
images_OBJ028/OBJ028_066.jpg,OBJ028,Banana,object,.jpg,0eb6e9d20ac43a107816d16dadd424dd
images_OBJ028/OBJ028_067.jpg,OBJ028,Banana,object,.jpg,6b53182cdb57954902bec1be2f1c725a
images_OBJ028/OBJ028_068.jpg,OBJ028,Banana,object,.jpg,23bc6b570472ff21d60659ae719ed102
images_OBJ028/OBJ028_069.jpg,OBJ028,Banana,object,.jpg,40e32b9315b06794343bbad92d373980
images_OBJ028/OBJ028_070.jpg,OBJ028,Banana,object,.jpg,0c7cb356de292d8069a001312aff2fe9
images_OBJ028/OBJ028_071.jpg,OBJ028,Banana,object,.jpg,8bf0ebf5a85f2766866ee9c66616112a
images_OBJ028/OBJ028_072.jpg,OBJ028,Banana,object,.jpg,c33b27c798e2071e001e59c8a749844a
images_OBJ028/OBJ028_073.jpg,OBJ028,Banana,object,.jpg,4cd55e6e74e30cfdacefe81f46029a16
images_OBJ028/OBJ028_074.jpg,OBJ028,Banana,object,.jpg,019bbcc1baedb1062f8d42eb8c040246
images_OBJ028/OBJ028_075.jpg,OBJ028,Banana,object,.jpg,b909f352ee5b312baa93c47080e24d95
images_OBJ028/OBJ028_076.jpg,OBJ028,Banana,object,.jpg,9660a49534110b23b2566614b706f094
images_OBJ028/OBJ028_077.jpg,OBJ028,Banana,object,.jpg,c1b291b6b577af3a4be059264a842de3
images_OBJ028/OBJ028_078.jpg,OBJ028,Banana,object,.jpg,a58527353671b4623a6e900f4f04990b
images_OBJ028/OBJ028_079.jpg,OBJ028,Banana,object,.jpg,c84b70a50d1f3f8907607672c595c2fe
images_OBJ028/OBJ028_080.jpg,OBJ028,Banana,object,.jpg,095f44b4280a63ab0f4a411cf371f4f6
images_OBJ028/OBJ028_081.jpg,OBJ028,Banana,object,.jpg,3b4d803b58df04ea3aa700a890bb1be1
images_OBJ028/OBJ028_082.jpg,OBJ028,Banana,object,.jpg,f00aa29e78dcf9c84deca10d947aecb3
images_OBJ028/OBJ028_083.jpg,OBJ028,Banana,object,.jpg,c4de11032d001939d22202cc7ef42bbd
images_OBJ028/OBJ028_084.jpg,OBJ028,Banana,object,.jpg,099d659d8e24798f22159f40b4ba0794
images_OBJ028/OBJ028_085.jpg,OBJ028,Banana,object,.jpg,86da7c7d645e1f5580b5103ed259252c
images_OBJ028/OBJ028_086.jpg,OBJ028,Banana,object,.jpg,3ca5e228e215873fd5705fb728c30f97
images_OBJ028/OBJ028_087.jpg,OBJ028,Banana,object,.jpg,87db1403d4833baba7e9b323501f1e9e
images_OBJ028/OBJ028_088.jpg,OBJ028,Banana,object,.jpg,7728c20773b952328f99074913ea956b
images_OBJ028/OBJ028_089.jpg,OBJ028,Banana,object,.jpg,b6ed17794a90b284f4c5e18a833d1a76
images_OBJ028/OBJ028_090.jpg,OBJ028,Banana,object,.jpg,01bd7c4b9587443d37814ae429af8830
images_OBJ028/OBJ028_091.jpg,OBJ028,Banana,object,.jpg,8a524429fc1cca73249d55429bc82d7d
images_OBJ028/OBJ028_092.jpg,OBJ028,Banana,object,.jpg,3b4b5d126b84e2db961681ac47d163b8
images_OBJ028/OBJ028_093.jpg,OBJ028,Banana,object,.jpg,564ade6fb538bcfe3b352e9a17be9118
images_OBJ028/OBJ028_094.jpg,OBJ028,Banana,object,.jpg,e0f267b958940189c1d3fb7867d210b2
images_OBJ028/OBJ028_095.jpg,OBJ028,Banana,object,.jpg,fd50fd28f9e6c06e7b1fb667e3a8c2c3
images_OBJ028/OBJ028_bg_001.jpg,OBJ028,Banana,background,.jpg,54fc680cd0b82168cb4074ae74b11062
images_OBJ028/OBJ028_bg_002.jpg,OBJ028,Banana,background,.jpg,5a7b77fec2483cd9650504f1ed98f08a
images_OBJ028/OBJ028_bg_003.jpg,OBJ028,Banana,background,.jpg,073063279b02ddb65eb099509caed532
images_OBJ028/OBJ028_bg_004.jpg,OBJ028,Banana,background,.jpg,d966f2506cbb050b4e24e99842c0d6fd
images_OBJ028/OBJ028_bg_005.jpg,OBJ028,Banana,background,.jpg,7c0a5ac492a33ea567ade0aef2d7f068
images_OBJ029/OBJ029_001.jpg,OBJ029,Orange,object,.jpg,978346b5344ce74d5c4b973c21e3acca
images_OBJ029/OBJ029_002.jpg,OBJ029,Orange,object,.jpg,eecab2b90b1adf71bcaa9d7c1818feab
images_OBJ029/OBJ029_003.jpg,OBJ029,Orange,object,.jpg,78c4c79b0117f445ae712679d4460225
images_OBJ029/OBJ029_004.jpg,OBJ029,Orange,object,.jpg,770b52e19fb24e543ff9ffbc670d279a
images_OBJ029/OBJ029_005.jpg,OBJ029,Orange,object,.jpg,1e0a3bf36d291fc31d8d750d2334de9f
images_OBJ029/OBJ029_006.jpg,OBJ029,Orange,object,.jpg,ff40f137bbbcd069498f483544103b2e
images_OBJ029/OBJ029_007.jpg,OBJ029,Orange,object,.jpg,8baac79b653115c7dcdae2df700d1afc
images_OBJ029/OBJ029_008.jpg,OBJ029,Orange,object,.jpg,03dc1defa6a3810868f6a71e1a6d9e49
images_OBJ029/OBJ029_009.jpg,OBJ029,Orange,object,.jpg,51287b5d6e0dff0959b7370744b048ea
images_OBJ029/OBJ029_010.jpg,OBJ029,Orange,object,.jpg,d966c4af42567123c90de50276e45e2f
images_OBJ029/OBJ029_011.jpg,OBJ029,Orange,object,.jpg,bc1562fbfd9fa5e7f372b07019d813f9
images_OBJ029/OBJ029_012.jpg,OBJ029,Orange,object,.jpg,2783dfc79c3975e2ee92237a1f231810
images_OBJ029/OBJ029_013.jpg,OBJ029,Orange,object,.jpg,59f7851ecc6e9d1ca3f38f5fbc92c6e6
images_OBJ029/OBJ029_014.jpg,OBJ029,Orange,object,.jpg,49afe7c7fed68f48ef11f3a82c6d36be
images_OBJ029/OBJ029_015.jpg,OBJ029,Orange,object,.jpg,fffeb1c457cfeae0d1cc47d5e17508ba
images_OBJ029/OBJ029_016.jpg,OBJ029,Orange,object,.jpg,76e9c722f944b0c5fcc49cbafc7881d4
images_OBJ029/OBJ029_017.jpg,OBJ029,Orange,object,.jpg,5a5253e6d347ef66b109af6b00865650
images_OBJ029/OBJ029_018.jpg,OBJ029,Orange,object,.jpg,ddcdc599342f2930911c8398858f23fc
images_OBJ029/OBJ029_019.jpg,OBJ029,Orange,object,.jpg,7d54f598bb3e1a47770da03f4435ce72
images_OBJ029/OBJ029_020.jpg,OBJ029,Orange,object,.jpg,afab5ed9e98b6ebe4cca64661dcca840
images_OBJ029/OBJ029_021.jpg,OBJ029,Orange,object,.jpg,436c377c3f7cd51fb154bf11691226d5
images_OBJ029/OBJ029_022.jpg,OBJ029,Orange,object,.jpg,3953ea79b1b86330d839ca241c861296
images_OBJ029/OBJ029_023.jpg,OBJ029,Orange,object,.jpg,307a0674d22a1babe135dc8b563dfdf5
images_OBJ029/OBJ029_024.jpg,OBJ029,Orange,object,.jpg,4e0e1ca8283247b3d70cb017af59b374
images_OBJ029/OBJ029_025.jpg,OBJ029,Orange,object,.jpg,07a9fa76a777989d00b5ac034602dd84
images_OBJ029/OBJ029_026.jpg,OBJ029,Orange,object,.jpg,0d35be6aad1c089c8eacb06557bd8765
images_OBJ029/OBJ029_027.jpg,OBJ029,Orange,object,.jpg,7fb75a76ce28b8c06c7c9ee4ed52ac14
images_OBJ029/OBJ029_028.jpg,OBJ029,Orange,object,.jpg,302dfd9e8b9449b77dc655970cc72c6f
images_OBJ029/OBJ029_029.jpg,OBJ029,Orange,object,.jpg,996e8476acb718c75ef5809fd48d49db
images_OBJ029/OBJ029_030.jpg,OBJ029,Orange,object,.jpg,92cd00517ee08cc9d203ca4f3d61a197
images_OBJ029/OBJ029_031.jpg,OBJ029,Orange,object,.jpg,da3a39b1b7af85310bf2b7d5ddc1ef78
images_OBJ029/OBJ029_032.jpg,OBJ029,Orange,object,.jpg,9b91621808fc2e5c1a0ad02b2804ce15
images_OBJ029/OBJ029_033.jpg,OBJ029,Orange,object,.jpg,a639d95d2eccfebd31ecdb1fcd9eb936
images_OBJ029/OBJ029_034.jpg,OBJ029,Orange,object,.jpg,7c4da95e41872fa262a149c3246c2653
images_OBJ029/OBJ029_035.jpg,OBJ029,Orange,object,.jpg,38bf2fb59a55f4d9ff1e9d9f908d612b
images_OBJ029/OBJ029_036.jpg,OBJ029,Orange,object,.jpg,4d7f832983faebfc6431000e8f051a0b
images_OBJ029/OBJ029_037.jpg,OBJ029,Orange,object,.jpg,ce9698eda5909558c52a185bd74d4bee
images_OBJ029/OBJ029_038.jpg,OBJ029,Orange,object,.jpg,12a82bc25841d79c456f903d70dc1668
images_OBJ029/OBJ029_039.jpg,OBJ029,Orange,object,.jpg,a3376f0b96242908f7f8011b20048912
images_OBJ029/OBJ029_040.jpg,OBJ029,Orange,object,.jpg,e1e206a7e5546aa1987239e97eb7fc77
images_OBJ029/OBJ029_041.jpg,OBJ029,Orange,object,.jpg,979241c4ddd309b68388e9da142b548a
images_OBJ029/OBJ029_042.jpg,OBJ029,Orange,object,.jpg,4749c22c1fc761c59e738f8655640022
images_OBJ029/OBJ029_043.jpg,OBJ029,Orange,object,.jpg,9dc8d2bfb3f152c55724b943ec2d73c6
images_OBJ029/OBJ029_044.jpg,OBJ029,Orange,object,.jpg,3438ce358edd58cc8b8ca5742224c142
images_OBJ029/OBJ029_045.jpg,OBJ029,Orange,object,.jpg,32230fc5277c78b41648385033257a49
images_OBJ029/OBJ029_046.jpg,OBJ029,Orange,object,.jpg,6f83e0506826f21f2ddb383d16408654
images_OBJ029/OBJ029_047.jpg,OBJ029,Orange,object,.jpg,09693697dcac2da6480a09afbdd8c2c8
images_OBJ029/OBJ029_048.jpg,OBJ029,Orange,object,.jpg,f7dca68528e085c5035412f788400776
images_OBJ029/OBJ029_049.jpg,OBJ029,Orange,object,.jpg,35b80c900b31a414670a1ce3cfb3bbb2
images_OBJ029/OBJ029_050.jpg,OBJ029,Orange,object,.jpg,50faa6ea49c571fbbac470a9ca6d6164
images_OBJ029/OBJ029_051.jpg,OBJ029,Orange,object,.jpg,593cf4cdef6f93d8159afa2eb9fa3d1a
images_OBJ029/OBJ029_052.jpg,OBJ029,Orange,object,.jpg,3cbb1f163af5f4bc6314990cf3ce03d0
images_OBJ029/OBJ029_053.jpg,OBJ029,Orange,object,.jpg,171723046ef79b32eac6aff921365a63
images_OBJ029/OBJ029_054.jpg,OBJ029,Orange,object,.jpg,651f81af4720ff41c75d2770236f8f37
images_OBJ029/OBJ029_055.jpg,OBJ029,Orange,object,.jpg,58c506e691b008bf1feb7d4fc8ebe56b
images_OBJ029/OBJ029_056.jpg,OBJ029,Orange,object,.jpg,55d4df3b85cf1166b4c76e7baa089a87
images_OBJ029/OBJ029_057.jpg,OBJ029,Orange,object,.jpg,d140b9e2f2596b35c6c7fafd32662534
images_OBJ029/OBJ029_058.jpg,OBJ029,Orange,object,.jpg,b2022d15713eb39cd6cbc03197af07ce
images_OBJ029/OBJ029_059.jpg,OBJ029,Orange,object,.jpg,c1f5d15dcb0e5398ada12e066bb9734e
images_OBJ029/OBJ029_060.jpg,OBJ029,Orange,object,.jpg,324f28dc92fb649b7cc6abeb2c97ebbf
images_OBJ029/OBJ029_061.jpg,OBJ029,Orange,object,.jpg,28765cab50bf4c47e45948d0107621b8
images_OBJ029/OBJ029_062.jpg,OBJ029,Orange,object,.jpg,783b620070394753215b25347ac98025
images_OBJ029/OBJ029_063.jpg,OBJ029,Orange,object,.jpg,18d4e5adf70750e694ae02bd3f22eb6c
images_OBJ029/OBJ029_064.jpg,OBJ029,Orange,object,.jpg,99e524aba967371f28c4824b94d9e42b
images_OBJ029/OBJ029_065.jpg,OBJ029,Orange,object,.jpg,7d5d033e790ee3d285d38fe17b72cf30
images_OBJ029/OBJ029_066.jpg,OBJ029,Orange,object,.jpg,e1fa201431be64e4844554e4dd8d75ce
images_OBJ029/OBJ029_067.jpg,OBJ029,Orange,object,.jpg,fee633f2b9cc3d3673ddd5be0c5b3c24
images_OBJ029/OBJ029_068.jpg,OBJ029,Orange,object,.jpg,b76a4f7f239296cf3530480be449d5c7
images_OBJ029/OBJ029_069.jpg,OBJ029,Orange,object,.jpg,0896e786d2dee45419711a972a6d631b
images_OBJ029/OBJ029_070.jpg,OBJ029,Orange,object,.jpg,872b893e0b9c85fb08ea74e0a7e9fe71
images_OBJ029/OBJ029_071.jpg,OBJ029,Orange,object,.jpg,d3dc2eee31f5c1ac117ed350dfc9bf15
images_OBJ029/OBJ029_072.jpg,OBJ029,Orange,object,.jpg,43f531fdb5c95416a4508cd81b4469aa
images_OBJ029/OBJ029_073.jpg,OBJ029,Orange,object,.jpg,0c19fbf86da01d89fed9c3b16040a216
images_OBJ029/OBJ029_074.jpg,OBJ029,Orange,object,.jpg,1be1c025ef1b5b37b800d04581865970
images_OBJ029/OBJ029_075.jpg,OBJ029,Orange,object,.jpg,8923c4d3b9cbcded62355acca0d84ac4
images_OBJ029/OBJ029_076.jpg,OBJ029,Orange,object,.jpg,38cda2ef2be9c18a0c11131fd5c5180e
images_OBJ029/OBJ029_077.jpg,OBJ029,Orange,object,.jpg,f588b940cff5369dcab19dc96ac50a30
images_OBJ029/OBJ029_078.jpg,OBJ029,Orange,object,.jpg,a80e70ebd9282b9b62e84ef24ff0c762
images_OBJ029/OBJ029_079.jpg,OBJ029,Orange,object,.jpg,cb9483fca825c28fd2230006addc29f3
images_OBJ029/OBJ029_080.jpg,OBJ029,Orange,object,.jpg,05f3ef3884bbd37a90692030e7e8d5f0
images_OBJ029/OBJ029_081.jpg,OBJ029,Orange,object,.jpg,0feb4e092d2aef04d566bc886246b286
images_OBJ029/OBJ029_082.jpg,OBJ029,Orange,object,.jpg,1213bf2097b7c7750293ad5357f2491a
images_OBJ029/OBJ029_083.jpg,OBJ029,Orange,object,.jpg,ff40f137bbbcd069498f483544103b2e
images_OBJ029/OBJ029_084.jpg,OBJ029,Orange,object,.jpg,4beae961eb68e7e6a8d0013514d87ede
images_OBJ029/OBJ029_085.jpg,OBJ029,Orange,object,.jpg,b287f3a22575bdbba964068a10e36a20
images_OBJ029/OBJ029_086.jpg,OBJ029,Orange,object,.jpg,5d427b930a24f3ddd80108e72fda401a
images_OBJ029/OBJ029_087.jpg,OBJ029,Orange,object,.jpg,14baeea3a4d2a4009b1006e3b9fb0a84
images_OBJ029/OBJ029_088.jpg,OBJ029,Orange,object,.jpg,a4d11695343cc70bbc176220014f0dac
images_OBJ029/OBJ029_089.jpg,OBJ029,Orange,object,.jpg,9c20fc4a65669aa87c6261916930d6f2
images_OBJ029/OBJ029_090.jpg,OBJ029,Orange,object,.jpg,7712473c26e36c639fad4eb764cc545d
images_OBJ029/OBJ029_091.jpg,OBJ029,Orange,object,.jpg,2bfbca051d471bdd65c831a62997e3ce
images_OBJ029/OBJ029_092.jpg,OBJ029,Orange,object,.jpg,e306f663c5ecb842a476218c98d666e5
images_OBJ029/OBJ029_093.jpg,OBJ029,Orange,object,.jpg,66c0f1fc46db4735659f495ad537f5ae
images_OBJ029/OBJ029_094.jpg,OBJ029,Orange,object,.jpg,5569e51ba0ad2b2eb5fb85f2d4645536
images_OBJ029/OBJ029_095.jpg,OBJ029,Orange,object,.jpg,9270a9fdfb25d2b5b66a177ae16f371b
images_OBJ029/OBJ029_bg_001.jpg,OBJ029,Orange,background,.jpg,befb481ef41f2f135fab386e2439cf01
images_OBJ029/OBJ029_bg_002.jpg,OBJ029,Orange,background,.jpg,ab239ccbfe82b9efd27246537b277031
images_OBJ029/OBJ029_bg_003.jpg,OBJ029,Orange,background,.jpg,aeda14142e357349dd135e207bbb89d6
images_OBJ029/OBJ029_bg_004.jpg,OBJ029,Orange,background,.jpg,e2b6bb6dfadf9a8a73acf3594f7c6b02
images_OBJ029/OBJ029_bg_005.jpg,OBJ029,Orange,background,.jpg,f9cac8c376f5d89aa5ff030dcc3015bb
images_OBJ030/OBJ030_001.jpg,OBJ030,Tennis racket,object,.jpg,abb52f5761157c17fec259347f441107
images_OBJ030/OBJ030_002.jpg,OBJ030,Tennis racket,object,.jpg,b46f84bda81b24b2d3cfd519ee52c246
images_OBJ030/OBJ030_003.jpg,OBJ030,Tennis racket,object,.jpg,ba41a4f53e3077dfb296dd35e8924715
images_OBJ030/OBJ030_004.jpg,OBJ030,Tennis racket,object,.jpg,56b95cd8b0bd51015b7ee7c0637dfcfd
images_OBJ030/OBJ030_005.jpg,OBJ030,Tennis racket,object,.jpg,de3772f09cbc9d8b020802c49772a49c
images_OBJ030/OBJ030_006.jpg,OBJ030,Tennis racket,object,.jpg,a0a878ccce336d54dc3fdfdb8936da96
images_OBJ030/OBJ030_007.jpg,OBJ030,Tennis racket,object,.jpg,a1383beb8ce5b1dda91ddc56ea22fdeb
images_OBJ030/OBJ030_008.jpg,OBJ030,Tennis racket,object,.jpg,0f6d20f81de3f59b3d2809f5c083d514
images_OBJ030/OBJ030_009.jpg,OBJ030,Tennis racket,object,.jpg,f155177ac0a8e8e141aedd68ca06f788
images_OBJ030/OBJ030_010.jpg,OBJ030,Tennis racket,object,.jpg,3879a8cd80b20ed35a9477c6981e371b
images_OBJ030/OBJ030_011.jpg,OBJ030,Tennis racket,object,.jpg,50a8d209111a675d199adac9c93ee924
images_OBJ030/OBJ030_012.jpg,OBJ030,Tennis racket,object,.jpg,db6188da0b30646391e3b1e84b3ef744
images_OBJ030/OBJ030_013.jpg,OBJ030,Tennis racket,object,.jpg,30d149b77849f4e6ba223c19c48cfa1e
images_OBJ030/OBJ030_014.jpg,OBJ030,Tennis racket,object,.jpg,c6174e714a9319d4e38dd391594007bd
images_OBJ030/OBJ030_015.jpg,OBJ030,Tennis racket,object,.jpg,7f8a62f44c118907439c8d2fe6e5c1ab
images_OBJ030/OBJ030_016.jpg,OBJ030,Tennis racket,object,.jpg,ca6352d1e8abab4883204a5eb27f72e4
images_OBJ030/OBJ030_017.jpg,OBJ030,Tennis racket,object,.jpg,2d021b97c10bca3b3c4a5e2fed2f14fc
images_OBJ030/OBJ030_018.jpg,OBJ030,Tennis racket,object,.jpg,b0e7744deed630fd41cf255946b09aa0
images_OBJ030/OBJ030_019.jpg,OBJ030,Tennis racket,object,.jpg,836b362505e0c88c594ddc69bba10cfd
images_OBJ030/OBJ030_020.jpg,OBJ030,Tennis racket,object,.jpg,57f5ced5a1c9da1791eb59ede6c55814
images_OBJ030/OBJ030_021.jpg,OBJ030,Tennis racket,object,.jpg,347e2598944c5f98f1c1cb308127819c
images_OBJ030/OBJ030_022.jpg,OBJ030,Tennis racket,object,.jpg,00b9403926dbd0473afe384a8d562081
images_OBJ030/OBJ030_023.jpg,OBJ030,Tennis racket,object,.jpg,fd0fa62233706fa7faddf808ed4ad128
images_OBJ030/OBJ030_024.jpg,OBJ030,Tennis racket,object,.jpg,8e16fc37528c418480944120a8d51893
images_OBJ030/OBJ030_025.jpg,OBJ030,Tennis racket,object,.jpg,206401cca046bc319ee26aa07e1f600b
images_OBJ030/OBJ030_026.jpg,OBJ030,Tennis racket,object,.jpg,ed90b0e4e154d754cf104f9845faa1eb
images_OBJ030/OBJ030_027.jpg,OBJ030,Tennis racket,object,.jpg,c55abfdf7528f1a42d7a2a3df93c6f84
images_OBJ030/OBJ030_028.jpg,OBJ030,Tennis racket,object,.jpg,a387810d9e1880376e0653e992c0c36e
images_OBJ030/OBJ030_029.jpg,OBJ030,Tennis racket,object,.jpg,edf76d483f82b0789ff7b8eeacccc32e
images_OBJ030/OBJ030_030.jpg,OBJ030,Tennis racket,object,.jpg,b205368088fdb470c61ebd2d21b201bb
images_OBJ030/OBJ030_031.jpg,OBJ030,Tennis racket,object,.jpg,3758ef189d84a5c320f6499a6363f5f7
images_OBJ030/OBJ030_032.jpg,OBJ030,Tennis racket,object,.jpg,f5bee11710ba131f1552937c037e2300
images_OBJ030/OBJ030_033.jpg,OBJ030,Tennis racket,object,.jpg,978ebe853498b7ce83d44fee3b658be1
images_OBJ030/OBJ030_034.jpg,OBJ030,Tennis racket,object,.jpg,978c247bdc73de8aca9a336a62163f20
images_OBJ030/OBJ030_035.jpg,OBJ030,Tennis racket,object,.jpg,b43bce094803849e6a3eca1d9703d8da
images_OBJ030/OBJ030_036.jpg,OBJ030,Tennis racket,object,.jpg,02f4103c2aaa7468c39a3a488430bf1a
images_OBJ030/OBJ030_037.jpg,OBJ030,Tennis racket,object,.jpg,00349a5aab6addcbec0aaa1ead460abf
images_OBJ030/OBJ030_038.jpg,OBJ030,Tennis racket,object,.jpg,43bd2015904569a978ab50a04b3fab26
images_OBJ030/OBJ030_039.jpg,OBJ030,Tennis racket,object,.jpg,294d6f8b44f3a3c0ec3a479c4bcd81f0
images_OBJ030/OBJ030_040.jpg,OBJ030,Tennis racket,object,.jpg,204f1de7a33eb33ae4332cb64d2cbb19
images_OBJ030/OBJ030_041.jpg,OBJ030,Tennis racket,object,.jpg,82da9cbd57125bbd3b330e64d82c3a3c
images_OBJ030/OBJ030_042.jpg,OBJ030,Tennis racket,object,.jpg,8315f49892f179dae034c85a22a54302
images_OBJ030/OBJ030_043.jpg,OBJ030,Tennis racket,object,.jpg,de69a363616826d8f1b233de11ebc593
images_OBJ030/OBJ030_044.jpg,OBJ030,Tennis racket,object,.jpg,8547984ff6798c1708fda5bb02f26794
images_OBJ030/OBJ030_045.jpg,OBJ030,Tennis racket,object,.jpg,4e672ee5958ef7b2e4c3a70450a93995
images_OBJ030/OBJ030_046.jpg,OBJ030,Tennis racket,object,.jpg,3542c6511eb696965e8c77776c1ce87e
images_OBJ030/OBJ030_047.jpg,OBJ030,Tennis racket,object,.jpg,96f239122b37b98c53981c6c5bf2daa7
images_OBJ030/OBJ030_048.jpg,OBJ030,Tennis racket,object,.jpg,1c384b689cce7eab83c9e248ad11fdde
images_OBJ030/OBJ030_049.jpg,OBJ030,Tennis racket,object,.jpg,a2d5e538656f7091702b5c056f3dc8c6
images_OBJ030/OBJ030_050.jpg,OBJ030,Tennis racket,object,.jpg,46f4fa62aed233f5dc5ae67782fe0446
images_OBJ030/OBJ030_051.jpg,OBJ030,Tennis racket,object,.jpg,63c10f80edd4ee7e6fdc319eac985792
images_OBJ030/OBJ030_052.jpg,OBJ030,Tennis racket,object,.jpg,53f5f2a8639587593eda16cdd1ecb74a
images_OBJ030/OBJ030_053.jpg,OBJ030,Tennis racket,object,.jpg,401b35d7077b53f9d3739d33d49a426b
images_OBJ030/OBJ030_054.jpg,OBJ030,Tennis racket,object,.jpg,2377d3c39df41ccacb622a28f14c8430
images_OBJ030/OBJ030_055.jpg,OBJ030,Tennis racket,object,.jpg,a536d049a75a51e4dae75b374aa4a1f5
images_OBJ030/OBJ030_056.jpg,OBJ030,Tennis racket,object,.jpg,00e7a35c57f1aa4ae21c4882d55b1f33
images_OBJ030/OBJ030_057.jpg,OBJ030,Tennis racket,object,.jpg,04f0b963a02ff521ca2315bf50369629
images_OBJ030/OBJ030_058.jpg,OBJ030,Tennis racket,object,.jpg,fe6b2d9b21da7dbf8dc5bf5e30ac54ad
images_OBJ030/OBJ030_059.jpg,OBJ030,Tennis racket,object,.jpg,f5036719fd0acfb5f12ba2f341d5759b
images_OBJ030/OBJ030_060.jpg,OBJ030,Tennis racket,object,.jpg,bf027ad7720603ab2e79dcd98dd255f4
images_OBJ030/OBJ030_061.jpg,OBJ030,Tennis racket,object,.jpg,7ea671a7cdb66f50883ababd73816cd7
images_OBJ030/OBJ030_062.jpg,OBJ030,Tennis racket,object,.jpg,b860dc16861ee74dd972dfef4f8b0569
images_OBJ030/OBJ030_063.jpg,OBJ030,Tennis racket,object,.jpg,a24f918b4d9bd4957b6020d559cf4179
images_OBJ030/OBJ030_064.jpg,OBJ030,Tennis racket,object,.jpg,f6f2963e2e8db73a7c32ec2649c0bef0
images_OBJ030/OBJ030_065.jpg,OBJ030,Tennis racket,object,.jpg,29c780eabfe0cd1a4173199b575ff9b5
images_OBJ030/OBJ030_066.jpg,OBJ030,Tennis racket,object,.jpg,5f956b9847c233c0d81b32c5cd26b54f
images_OBJ030/OBJ030_067.jpg,OBJ030,Tennis racket,object,.jpg,c84e24a66f2367faf8dd40bfeb259afd
images_OBJ030/OBJ030_068.jpg,OBJ030,Tennis racket,object,.jpg,215aa131feb21819250aa9c0778b2c3e
images_OBJ030/OBJ030_069.jpg,OBJ030,Tennis racket,object,.jpg,f7aed367da77de4dbcd697f7c572501a
images_OBJ030/OBJ030_070.jpg,OBJ030,Tennis racket,object,.jpg,a1b6aa6f26cab1b655ff4f0e5a6b433f
images_OBJ030/OBJ030_071.jpg,OBJ030,Tennis racket,object,.jpg,2a0590354c33d81157e45f9224fdbc98
images_OBJ030/OBJ030_072.jpg,OBJ030,Tennis racket,object,.jpg,a15c3d47350a77f0555c9b5e8385f08d
images_OBJ030/OBJ030_073.jpg,OBJ030,Tennis racket,object,.jpg,739c16921cea56e9ec467cede268f63d
images_OBJ030/OBJ030_074.jpg,OBJ030,Tennis racket,object,.jpg,377d4fc21837798f7102bf76d4b1315b
images_OBJ030/OBJ030_075.jpg,OBJ030,Tennis racket,object,.jpg,06903c659bc14bda27b3608770b048c7
images_OBJ030/OBJ030_076.jpg,OBJ030,Tennis racket,object,.jpg,6d20786725dd79e727c49a5d9f3d6098
images_OBJ030/OBJ030_077.jpg,OBJ030,Tennis racket,object,.jpg,7f1a717ac585be745344b5b199f744da
images_OBJ030/OBJ030_078.jpg,OBJ030,Tennis racket,object,.jpg,6016bc917e66177dc52873630699d92f
images_OBJ030/OBJ030_079.jpg,OBJ030,Tennis racket,object,.jpg,00cf298cd2413e9699543d3c2d0cc02c
images_OBJ030/OBJ030_080.jpg,OBJ030,Tennis racket,object,.jpg,0b66205e05e9c430f0763b81ce7a19b1
images_OBJ030/OBJ030_081.jpg,OBJ030,Tennis racket,object,.jpg,3f3f9c0308756ce0a51061dbb68d20cb
images_OBJ030/OBJ030_082.jpg,OBJ030,Tennis racket,object,.jpg,f16ecb95e8db586ad3c6e037ee25ff7c
images_OBJ030/OBJ030_083.jpg,OBJ030,Tennis racket,object,.jpg,4d7e5886185db6c985b70610dbc60c70
images_OBJ030/OBJ030_084.jpg,OBJ030,Tennis racket,object,.jpg,26f22d081a2b760166a2788cba8ba31e
images_OBJ030/OBJ030_085.jpg,OBJ030,Tennis racket,object,.jpg,d918f88e955ed76716579234ff4e42ee
images_OBJ030/OBJ030_086.jpg,OBJ030,Tennis racket,object,.jpg,70b2450ac521346318e0d843964e90a9
images_OBJ030/OBJ030_087.jpg,OBJ030,Tennis racket,object,.jpg,805354493c9e787568d8ad0b7bd03a79
images_OBJ030/OBJ030_088.jpg,OBJ030,Tennis racket,object,.jpg,2b5bc245809f18be11714114017ffae3
images_OBJ030/OBJ030_089.jpg,OBJ030,Tennis racket,object,.jpg,a4f7b8de00fab83af046a3d031cbd918
images_OBJ030/OBJ030_090.jpg,OBJ030,Tennis racket,object,.jpg,2f05da0a336c7776a3640745bb733403
images_OBJ030/OBJ030_091.jpg,OBJ030,Tennis racket,object,.jpg,92ac99d1f1e07a83ed99243c35026493
images_OBJ030/OBJ030_092.jpg,OBJ030,Tennis racket,object,.jpg,78311d1cfea12f0da1fdfc89efc0ccba
images_OBJ030/OBJ030_093.jpg,OBJ030,Tennis racket,object,.jpg,0a0eb5c009b76fb5aa46ea047a068121
images_OBJ030/OBJ030_094.jpg,OBJ030,Tennis racket,object,.jpg,bd24f0dc6c59a952b40fbe1fd321bd66
images_OBJ030/OBJ030_095.jpg,OBJ030,Tennis racket,object,.jpg,91f67f8a19cc35f48413c2fad3aac3ff
images_OBJ030/OBJ030_bg_001.jpg,OBJ030,Tennis racket,background,.jpg,eeeef9f5aa86b6f92932cef915c76b70
images_OBJ030/OBJ030_bg_002.jpg,OBJ030,Tennis racket,background,.jpg,638f8bc61fefe1f9b9290eef083f68ff
images_OBJ030/OBJ030_bg_003.jpg,OBJ030,Tennis racket,background,.jpg,f165c02fb1456bc7645305a930af29b2
images_OBJ030/OBJ030_bg_004.jpg,OBJ030,Tennis racket,background,.jpg,bb9305ec80d93b4172336e09d5c9cc0d
images_OBJ030/OBJ030_bg_005.jpg,OBJ030,Tennis racket,background,.jpg,2c3ca1a3a7f8d1ba3fef927ff24822ac
images_OBJ031/OBJ031_001.jpg,OBJ031,UNO card box,object,.jpg,e6b05a9070f23f4e807868b3a27c70c9
images_OBJ031/OBJ031_002.jpg,OBJ031,UNO card box,object,.jpg,1abc1a124919f298e87b45e1fa7a7eb4
images_OBJ031/OBJ031_003.jpg,OBJ031,UNO card box,object,.jpg,79dd983532d1b971a6435b639b4406c6
images_OBJ031/OBJ031_004.jpg,OBJ031,UNO card box,object,.jpg,50a72d8e3776b0d611bac409ea0a78de
images_OBJ031/OBJ031_005.jpg,OBJ031,UNO card box,object,.jpg,adf466db6e1931c606eadd6e62f8550b
images_OBJ031/OBJ031_006.jpg,OBJ031,UNO card box,object,.jpg,2ffcd8058e758081e8e4990aaf19ea1e
images_OBJ031/OBJ031_007.jpg,OBJ031,UNO card box,object,.jpg,66ab5de179efac78e84b5d24bf227c86
images_OBJ031/OBJ031_008.jpg,OBJ031,UNO card box,object,.jpg,4635ad4c667947fc88bd268e95f116b8
images_OBJ031/OBJ031_009.jpg,OBJ031,UNO card box,object,.jpg,8aedc1a70e0f71659664357b57fe8794
images_OBJ031/OBJ031_010.jpg,OBJ031,UNO card box,object,.jpg,10e6840a7d0dd38b55b098fe08447d3d
images_OBJ031/OBJ031_011.jpg,OBJ031,UNO card box,object,.jpg,a6e6700e9cddcd774f915b55942ffb95
images_OBJ031/OBJ031_012.jpg,OBJ031,UNO card box,object,.jpg,817723c4e12c8c6eaf994ad39d39dc2f
images_OBJ031/OBJ031_013.jpg,OBJ031,UNO card box,object,.jpg,6b4ef2ce3dc80906a0cd70e444b7a895
images_OBJ031/OBJ031_014.jpg,OBJ031,UNO card box,object,.jpg,598e43bad315e50ce22fe731e7404f7a
images_OBJ031/OBJ031_015.jpg,OBJ031,UNO card box,object,.jpg,7c0f837874b406baf58f4a84af1ecca8
images_OBJ031/OBJ031_016.jpg,OBJ031,UNO card box,object,.jpg,0b36c0b27ef8dd5dfbadc5e1020c49e5
images_OBJ031/OBJ031_017.jpg,OBJ031,UNO card box,object,.jpg,d02e9c09ed5770ccc93692ad4b265135
images_OBJ031/OBJ031_018.jpg,OBJ031,UNO card box,object,.jpg,3c3b3187dd6a9d9af52fd2c1e7a4dc4b
images_OBJ031/OBJ031_019.jpg,OBJ031,UNO card box,object,.jpg,33fb9d16b9c189553ed44f23f4d564ca
images_OBJ031/OBJ031_020.jpg,OBJ031,UNO card box,object,.jpg,75b29450bc764fc877db3a8df1c3771e
images_OBJ031/OBJ031_021.jpg,OBJ031,UNO card box,object,.jpg,adffd1beff826b7d8b42eaa07f177846
images_OBJ031/OBJ031_022.jpg,OBJ031,UNO card box,object,.jpg,c17e7865094433353f868a2672db5e7e
images_OBJ031/OBJ031_023.jpg,OBJ031,UNO card box,object,.jpg,c7bc65f8f860b76f2e0809018dbbf118
images_OBJ031/OBJ031_024.jpg,OBJ031,UNO card box,object,.jpg,a2ef4e8d32d907772642fa70b7bc58ad
images_OBJ031/OBJ031_025.jpg,OBJ031,UNO card box,object,.jpg,dc94b8a529ac8c4a6a39ea797491d436
images_OBJ031/OBJ031_026.jpg,OBJ031,UNO card box,object,.jpg,70cfad237ffe3990beaee960e893189a
images_OBJ031/OBJ031_027.jpg,OBJ031,UNO card box,object,.jpg,08016ace59579999c2a3a379b972e05e
images_OBJ031/OBJ031_028.jpg,OBJ031,UNO card box,object,.jpg,0e43c075fdc5ce94650ceeae1f1cf2cd
images_OBJ031/OBJ031_029.jpg,OBJ031,UNO card box,object,.jpg,cd038b5b9dea280f3844a0486322d1da
images_OBJ031/OBJ031_030.jpg,OBJ031,UNO card box,object,.jpg,28d20bf6756a25fdb5cc3f0c5a4369dc
images_OBJ031/OBJ031_031.jpg,OBJ031,UNO card box,object,.jpg,acebbe0905d72d0a71c2eed74b738d03
images_OBJ031/OBJ031_032.jpg,OBJ031,UNO card box,object,.jpg,79610627b6a82ec9c764cb0a441905d7
images_OBJ031/OBJ031_033.jpg,OBJ031,UNO card box,object,.jpg,98a609a90ddd8bb96acbd298405f2773
images_OBJ031/OBJ031_034.jpg,OBJ031,UNO card box,object,.jpg,eba77e57e70f412bebfba1c74c709711
images_OBJ031/OBJ031_035.jpg,OBJ031,UNO card box,object,.jpg,4e4559c379275eed0b41d2f668b8f490
images_OBJ031/OBJ031_036.jpg,OBJ031,UNO card box,object,.jpg,76a31000b7cdb2bdd5a32662f69fbaf4
images_OBJ031/OBJ031_037.jpg,OBJ031,UNO card box,object,.jpg,efe7b2aef4abc8d66c9b177a04425df2
images_OBJ031/OBJ031_038.jpg,OBJ031,UNO card box,object,.jpg,86a73838b02e3523dc86e97d131d7671
images_OBJ031/OBJ031_039.jpg,OBJ031,UNO card box,object,.jpg,e2e58412a9847165032167e0b561cd80
images_OBJ031/OBJ031_040.jpg,OBJ031,UNO card box,object,.jpg,68ec3d46f13f9952aade09cd8fa92634
images_OBJ031/OBJ031_041.jpg,OBJ031,UNO card box,object,.jpg,ea017de4410c2be6555b2ac75609b406
images_OBJ031/OBJ031_042.jpg,OBJ031,UNO card box,object,.jpg,312815b81fa23537b8af9e87f61ebd9c
images_OBJ031/OBJ031_043.jpg,OBJ031,UNO card box,object,.jpg,66118732f90b46c788cde79ef5af75b6
images_OBJ031/OBJ031_044.jpg,OBJ031,UNO card box,object,.jpg,9e1d423493f1b1dae2f7680141a3f729
images_OBJ031/OBJ031_045.jpg,OBJ031,UNO card box,object,.jpg,3a393743bafd2f1a423c3246e9a6ba80
images_OBJ031/OBJ031_046.jpg,OBJ031,UNO card box,object,.jpg,7670494b01dc4f9f71362b56a4c1e280
images_OBJ031/OBJ031_047.jpg,OBJ031,UNO card box,object,.jpg,03a7a1fb1541c386b0cdf1842e5d2bac
images_OBJ031/OBJ031_048.jpg,OBJ031,UNO card box,object,.jpg,9de67f93acbda5967ed0d0907aa51efe
images_OBJ031/OBJ031_049.jpg,OBJ031,UNO card box,object,.jpg,2a32b89ec16fd07f7d948c36e11a93bf
images_OBJ031/OBJ031_050.jpg,OBJ031,UNO card box,object,.jpg,823e8f206b467b307098d6924b21fcc7
images_OBJ031/OBJ031_051.jpg,OBJ031,UNO card box,object,.jpg,52863e2cc1ff61b4db177f4fbade4db0
images_OBJ031/OBJ031_052.jpg,OBJ031,UNO card box,object,.jpg,e7cbc515b15a3e6a8f3fcbee80b3ed0e
images_OBJ031/OBJ031_053.jpg,OBJ031,UNO card box,object,.jpg,d3a4fbb8a97a7ce9554216e823e2d83e
images_OBJ031/OBJ031_054.jpg,OBJ031,UNO card box,object,.jpg,ace480ae6606dfc928886c6a213646dc
images_OBJ031/OBJ031_055.jpg,OBJ031,UNO card box,object,.jpg,8a09656d025808122073d88ffb823458
images_OBJ031/OBJ031_056.jpg,OBJ031,UNO card box,object,.jpg,e1cc292f7f2c676b2ecfdd55ed5d8ef5
images_OBJ031/OBJ031_057.jpg,OBJ031,UNO card box,object,.jpg,31c906890c980391cc2a330b8326363c
images_OBJ031/OBJ031_058.jpg,OBJ031,UNO card box,object,.jpg,2be327957ad389a0117a62f33d7bc0ca
images_OBJ031/OBJ031_059.jpg,OBJ031,UNO card box,object,.jpg,8e4ef61b5ea25f375488f764bfd0a7a5
images_OBJ031/OBJ031_060.jpg,OBJ031,UNO card box,object,.jpg,c3d3bf5300011c35daa17e12622096cd
images_OBJ031/OBJ031_061.jpg,OBJ031,UNO card box,object,.jpg,3675a3a4b9a6b666ac0a64ddc3a13730
images_OBJ031/OBJ031_062.jpg,OBJ031,UNO card box,object,.jpg,ecbe42a73c4ea54fa5d3d0d8c95836f4
images_OBJ031/OBJ031_063.jpg,OBJ031,UNO card box,object,.jpg,d90fe43ea6cbc2ea253d31ec35b17fb4
images_OBJ031/OBJ031_064.jpg,OBJ031,UNO card box,object,.jpg,f8c6f6eb0eee1814977404486b5fccba
images_OBJ031/OBJ031_065.jpg,OBJ031,UNO card box,object,.jpg,df5e79886ea86bd4a0777b1dac2de88b
images_OBJ031/OBJ031_066.jpg,OBJ031,UNO card box,object,.jpg,d04d806cf62e09df25a40938560e71aa
images_OBJ031/OBJ031_067.jpg,OBJ031,UNO card box,object,.jpg,743940d69902d4550d7ae41465447b18
images_OBJ031/OBJ031_068.jpg,OBJ031,UNO card box,object,.jpg,cd2f3a1c4059d734f47cc5298e692f2a
images_OBJ031/OBJ031_069.jpg,OBJ031,UNO card box,object,.jpg,e3f6ed8f6cd2303e0109169d938c236a
images_OBJ031/OBJ031_070.jpg,OBJ031,UNO card box,object,.jpg,4fe94ee9b84fc132cc04de089550ef0a
images_OBJ031/OBJ031_071.jpg,OBJ031,UNO card box,object,.jpg,99810156d39e78651625da6ab0641972
images_OBJ031/OBJ031_072.jpg,OBJ031,UNO card box,object,.jpg,5ef14a7dda441d2b99ea7a777a32616b
images_OBJ031/OBJ031_073.jpg,OBJ031,UNO card box,object,.jpg,b63fa3fa2f96d9423d30e00aebcb8012
images_OBJ031/OBJ031_074.jpg,OBJ031,UNO card box,object,.jpg,0fca543663cc05d229b8c056420cc6e0
images_OBJ031/OBJ031_075.jpg,OBJ031,UNO card box,object,.jpg,c6d566857205b29838d5120784ecaa6f
images_OBJ031/OBJ031_076.jpg,OBJ031,UNO card box,object,.jpg,7f8b51db8a20873543b48f98bb9531a1
images_OBJ031/OBJ031_077.jpg,OBJ031,UNO card box,object,.jpg,9d42d0153fc4f68f9f70b845c7d1b6ab
images_OBJ031/OBJ031_078.jpg,OBJ031,UNO card box,object,.jpg,fdf46a3d808e5eb32bac25252f2e2c02
images_OBJ031/OBJ031_079.jpg,OBJ031,UNO card box,object,.jpg,b800dd720b934aef33e68490d9d51df0
images_OBJ031/OBJ031_080.jpg,OBJ031,UNO card box,object,.jpg,5e94739aa37d0df276a35560a47e7b5e
images_OBJ031/OBJ031_081.jpg,OBJ031,UNO card box,object,.jpg,aa11e45655600b776477de2c67245614
images_OBJ031/OBJ031_082.jpg,OBJ031,UNO card box,object,.jpg,fe83f7a04af481467477e8d52794d27d
images_OBJ031/OBJ031_083.jpg,OBJ031,UNO card box,object,.jpg,b5922cfee4da786ba6b3bd482da832e2
images_OBJ031/OBJ031_084.jpg,OBJ031,UNO card box,object,.jpg,233d2c6b2adbf7fabdf74e9ac39f96d3
images_OBJ031/OBJ031_085.jpg,OBJ031,UNO card box,object,.jpg,daba2b7d1b69338f922a402baa5ebb22
images_OBJ031/OBJ031_086.jpg,OBJ031,UNO card box,object,.jpg,8a9c8f479e8a86c533b11be0b9a78f47
images_OBJ031/OBJ031_087.jpg,OBJ031,UNO card box,object,.jpg,c373e11fcdf2ebb4f95b06e2d9b2e148
images_OBJ031/OBJ031_088.jpg,OBJ031,UNO card box,object,.jpg,5f6508aa520058a8823db22e36894668
images_OBJ031/OBJ031_089.jpg,OBJ031,UNO card box,object,.jpg,16e9027b080f077eb06e04485ef89ebe
images_OBJ031/OBJ031_090.jpg,OBJ031,UNO card box,object,.jpg,beee91ea24126145725d46188e6153a6
images_OBJ031/OBJ031_091.jpg,OBJ031,UNO card box,object,.jpg,d38a7f54364b275a46ba32bf32cc88c8
images_OBJ031/OBJ031_092.jpg,OBJ031,UNO card box,object,.jpg,a506713043b4c5ee99ff594380510569
images_OBJ031/OBJ031_093.jpg,OBJ031,UNO card box,object,.jpg,01cabaaecedd43f10455975cfd326b25
images_OBJ031/OBJ031_094.jpg,OBJ031,UNO card box,object,.jpg,68616050ca215361bb567032fe10e2fd
images_OBJ031/OBJ031_095.jpg,OBJ031,UNO card box,object,.jpg,4a8fe1671d75f2dd21c9f818467cf1ca
images_OBJ031/OBJ031_bg_001.jpg,OBJ031,UNO card box,background,.jpg,a1fd29b18df55fb4ba2b26823e8c9bed
images_OBJ031/OBJ031_bg_002.jpg,OBJ031,UNO card box,background,.jpg,01c1b9dc13a4884a761377e9828f2d1e
images_OBJ031/OBJ031_bg_003.jpg,OBJ031,UNO card box,background,.jpg,46d7f9bdf13e5e38e5af676801abaee1
images_OBJ031/OBJ031_bg_004.jpg,OBJ031,UNO card box,background,.jpg,24bf9a4f65ae13b38e95b8a4c599fdba
images_OBJ031/OBJ031_bg_005.jpg,OBJ031,UNO card box,background,.jpg,ea0e4f4858fb90c0e09996fa5f7fdff9
images_OBJ032/OBJ032_001.jpg,OBJ032,Sound Card,object,.jpg,2bd154deca79a6dbc684e788757b06c0
images_OBJ032/OBJ032_002.jpg,OBJ032,Sound Card,object,.jpg,a341a5a27816d98931551ac148a49fa6
images_OBJ032/OBJ032_003.jpg,OBJ032,Sound Card,object,.jpg,d8d310658bdbc86465c20083a86d240b
images_OBJ032/OBJ032_004.jpg,OBJ032,Sound Card,object,.jpg,8b10f55e109eaf67290845e1e46c7a1c
images_OBJ032/OBJ032_005.jpg,OBJ032,Sound Card,object,.jpg,5d448949513d70e8790340bbd854e2c3
images_OBJ032/OBJ032_006.jpg,OBJ032,Sound Card,object,.jpg,f59286310eadd008a56bbbcde89542b4
images_OBJ032/OBJ032_007.jpg,OBJ032,Sound Card,object,.jpg,12c87d0c3a9e678cf0fe620cbcf06f2c
images_OBJ032/OBJ032_008.jpg,OBJ032,Sound Card,object,.jpg,ab24a462f0b884fd76fa4b4e4a250e5f
images_OBJ032/OBJ032_009.jpg,OBJ032,Sound Card,object,.jpg,7529dbc2650d434fe743b628933bbd86
images_OBJ032/OBJ032_010.jpg,OBJ032,Sound Card,object,.jpg,8e4a702f404798488d18dfa67794b2d6
images_OBJ032/OBJ032_011.jpg,OBJ032,Sound Card,object,.jpg,f01f2d8dec77168585a6a7d10b400435
images_OBJ032/OBJ032_012.jpg,OBJ032,Sound Card,object,.jpg,78fafee0d1f367d553743a07366b0c80
images_OBJ032/OBJ032_013.jpg,OBJ032,Sound Card,object,.jpg,5c030903e92183340b46b4c4477c926b
images_OBJ032/OBJ032_014.jpg,OBJ032,Sound Card,object,.jpg,d0c0951a07863fea19b4d05783bf6493
images_OBJ032/OBJ032_015.jpg,OBJ032,Sound Card,object,.jpg,9b5d48d27f322bb4295e0adc524f276a
images_OBJ032/OBJ032_016.jpg,OBJ032,Sound Card,object,.jpg,6edcbc127ed280c7c49dfadf3f14c711
images_OBJ032/OBJ032_017.jpg,OBJ032,Sound Card,object,.jpg,d44cfde956337f41e329c34448e6f7f0
images_OBJ032/OBJ032_018.jpg,OBJ032,Sound Card,object,.jpg,53dc8cc40d48f5a81c220313fb5987f7
images_OBJ032/OBJ032_019.jpg,OBJ032,Sound Card,object,.jpg,3c2197efb650b7990e5aee24af46a848
images_OBJ032/OBJ032_020.jpg,OBJ032,Sound Card,object,.jpg,1d857103c1ba8c0ffbeabe478a9220ff
images_OBJ032/OBJ032_021.jpg,OBJ032,Sound Card,object,.jpg,e57a73c6654a3045c561a987b1125e58
images_OBJ032/OBJ032_022.jpg,OBJ032,Sound Card,object,.jpg,95d6e61e71f2369b33f32cb10564a63d
images_OBJ032/OBJ032_023.jpg,OBJ032,Sound Card,object,.jpg,00eed917f4c8315dcd17124fdf10ebb2
images_OBJ032/OBJ032_024.jpg,OBJ032,Sound Card,object,.jpg,703a2c1760faf40cb4eae7f052de946e
images_OBJ032/OBJ032_025.jpg,OBJ032,Sound Card,object,.jpg,1ccbb63faede36300d275291d0915d98
images_OBJ032/OBJ032_026.jpg,OBJ032,Sound Card,object,.jpg,d5dccec9bfa04085b1b67b3237c46eb8
images_OBJ032/OBJ032_027.jpg,OBJ032,Sound Card,object,.jpg,f8c73943a7d632169d659844f1b82307
images_OBJ032/OBJ032_028.jpg,OBJ032,Sound Card,object,.jpg,4429f5176ff741b98e8e8ee11c4825bd
images_OBJ032/OBJ032_029.jpg,OBJ032,Sound Card,object,.jpg,5fb772aeeb9475b97c3ae8a75621559b
images_OBJ032/OBJ032_030.jpg,OBJ032,Sound Card,object,.jpg,d79624f1fe2201a7373156822ca34442
images_OBJ032/OBJ032_031.jpg,OBJ032,Sound Card,object,.jpg,b896f726e1e0f58924c88a4a1db09cac
images_OBJ032/OBJ032_032.jpg,OBJ032,Sound Card,object,.jpg,54024f2f71f567c61f048a20156b439d
images_OBJ032/OBJ032_033.jpg,OBJ032,Sound Card,object,.jpg,2d45630efb58e9b200377cd1f5f7b045
images_OBJ032/OBJ032_034.jpg,OBJ032,Sound Card,object,.jpg,94d729ed72fcbd0db6582a6efcd8a752
images_OBJ032/OBJ032_035.jpg,OBJ032,Sound Card,object,.jpg,d9f1d330e8978aa257c50d4de248bdfd
images_OBJ032/OBJ032_036.jpg,OBJ032,Sound Card,object,.jpg,4f80324620d897517ad51f3cc2427d1a
images_OBJ032/OBJ032_037.jpg,OBJ032,Sound Card,object,.jpg,7cce78c07b599ee7f1a9cf04b1f5604b
images_OBJ032/OBJ032_038.jpg,OBJ032,Sound Card,object,.jpg,ac42ff329e620b65d71198da3b5abd56
images_OBJ032/OBJ032_039.jpg,OBJ032,Sound Card,object,.jpg,fb2c2668ffef659eed85aadcda9d54e3
images_OBJ032/OBJ032_040.jpg,OBJ032,Sound Card,object,.jpg,fd084832a0dc9a210bccaf3c1404cac8
images_OBJ032/OBJ032_041.jpg,OBJ032,Sound Card,object,.jpg,3cd2935dafd30bd51736800002de4929
images_OBJ032/OBJ032_042.jpg,OBJ032,Sound Card,object,.jpg,1af65cb7b88ff0fd65bf8d746cc18091
images_OBJ032/OBJ032_043.jpg,OBJ032,Sound Card,object,.jpg,8d8ab5c7e5ed53ccba61b0dd918f52d3
images_OBJ032/OBJ032_044.jpg,OBJ032,Sound Card,object,.jpg,66eacb35b60c2e9f9352486a8036995e
images_OBJ032/OBJ032_045.jpg,OBJ032,Sound Card,object,.jpg,93480667236e24882203c0fa101f2dcd
images_OBJ032/OBJ032_046.jpg,OBJ032,Sound Card,object,.jpg,a6a69a8e7bcc6f134a66a8ca75157598
images_OBJ032/OBJ032_047.jpg,OBJ032,Sound Card,object,.jpg,8d879547d2c2af6dd8b0daa75e3c53c0
images_OBJ032/OBJ032_048.jpg,OBJ032,Sound Card,object,.jpg,a0b2edc514ab49a37e71bea722ee8cfa
images_OBJ032/OBJ032_049.jpg,OBJ032,Sound Card,object,.jpg,689498d0c876778494f22247fd281f66
images_OBJ032/OBJ032_050.jpg,OBJ032,Sound Card,object,.jpg,18fb07c0d2e6f5921a3ef1e8394cdf30
images_OBJ032/OBJ032_051.jpg,OBJ032,Sound Card,object,.jpg,88ad90e22cb96a2c1be403b80ca84ed3
images_OBJ032/OBJ032_052.jpg,OBJ032,Sound Card,object,.jpg,1f0d4ba86162582e35d217ad7f14fe6b
images_OBJ032/OBJ032_053.jpg,OBJ032,Sound Card,object,.jpg,ceb47f1847ac6b831108dd3bfe826884
images_OBJ032/OBJ032_054.jpg,OBJ032,Sound Card,object,.jpg,9462d231e55a0caa7552827ebdf52bee
images_OBJ032/OBJ032_055.jpg,OBJ032,Sound Card,object,.jpg,b7713bb094e18b0dea3bdef2de77a780
images_OBJ032/OBJ032_056.jpg,OBJ032,Sound Card,object,.jpg,5c69a03e90951da239f78234480bf3ca
images_OBJ032/OBJ032_057.jpg,OBJ032,Sound Card,object,.jpg,cf56bd0ad8071602ae459974252fd413
images_OBJ032/OBJ032_058.jpg,OBJ032,Sound Card,object,.jpg,439946aad7b286ef5881301e780396a6
images_OBJ032/OBJ032_059.jpg,OBJ032,Sound Card,object,.jpg,7c9d4181b6d4350f7b7f5bbaf009792f
images_OBJ032/OBJ032_060.jpg,OBJ032,Sound Card,object,.jpg,bb378c0749d0c356290d7f5008a74dd5
images_OBJ032/OBJ032_061.jpg,OBJ032,Sound Card,object,.jpg,daa92a1c2ab845e14d701f8b5c3d8c6c
images_OBJ032/OBJ032_062.jpg,OBJ032,Sound Card,object,.jpg,479c8a1541f7e95d1ec53598c64604aa
images_OBJ032/OBJ032_063.jpg,OBJ032,Sound Card,object,.jpg,03c5e266bd2c01d617be5df589bcdec4
images_OBJ032/OBJ032_064.jpg,OBJ032,Sound Card,object,.jpg,fc80fed3827247d37ec404c570cd6553
images_OBJ032/OBJ032_065.jpg,OBJ032,Sound Card,object,.jpg,41ac3ae5bc88054a62890463f46799f5
images_OBJ032/OBJ032_066.jpg,OBJ032,Sound Card,object,.jpg,d06946ab0cf3f1f0f276addced4ef2cf
images_OBJ032/OBJ032_067.jpg,OBJ032,Sound Card,object,.jpg,35833caaed992b205858f65d7c7da65a
images_OBJ032/OBJ032_068.jpg,OBJ032,Sound Card,object,.jpg,fb7e77cd6256c24b2816cc39a57300dc
images_OBJ032/OBJ032_069.jpg,OBJ032,Sound Card,object,.jpg,ac26c8124868962a952494734b756f2a
images_OBJ032/OBJ032_070.jpg,OBJ032,Sound Card,object,.jpg,e7ac000c59e913d864dd6294c9229ce9
images_OBJ032/OBJ032_071.jpg,OBJ032,Sound Card,object,.jpg,4eb61fb6a4adcb4ef92dc414d30ca216
images_OBJ032/OBJ032_072.jpg,OBJ032,Sound Card,object,.jpg,da78827ff8ea1e8cca0144a9427709bf
images_OBJ032/OBJ032_073.jpg,OBJ032,Sound Card,object,.jpg,d6ba325d222b694375c31b21a97abe9f
images_OBJ032/OBJ032_074.jpg,OBJ032,Sound Card,object,.jpg,8c8920fa7e3f093ad13d308892abf844
images_OBJ032/OBJ032_075.jpg,OBJ032,Sound Card,object,.jpg,c92398a16038ced334e381a291abf41b
images_OBJ032/OBJ032_076.jpg,OBJ032,Sound Card,object,.jpg,869e83af0ca400d70f2f858afda98f1b
images_OBJ032/OBJ032_077.jpg,OBJ032,Sound Card,object,.jpg,e6a63458cbf6c7c2eab670c555ed831b
images_OBJ032/OBJ032_078.jpg,OBJ032,Sound Card,object,.jpg,f6992f3c89d75259fc83b588877ac53a
images_OBJ032/OBJ032_079.jpg,OBJ032,Sound Card,object,.jpg,de63096a2b435ffa74673565a4e7bd20
images_OBJ032/OBJ032_080.jpg,OBJ032,Sound Card,object,.jpg,9445e73de12da454e7de7f8b7eb1014a
images_OBJ032/OBJ032_081.jpg,OBJ032,Sound Card,object,.jpg,c1f8d25607049c16c8d9b5a627d1f4f2
images_OBJ032/OBJ032_082.jpg,OBJ032,Sound Card,object,.jpg,8f5dbed58013e8bf6846329b167a7841
images_OBJ032/OBJ032_083.jpg,OBJ032,Sound Card,object,.jpg,cb08fb868326a5a3bb2bdbb57048df13
images_OBJ032/OBJ032_084.jpg,OBJ032,Sound Card,object,.jpg,aa21027328aad596df5046c0d514f2ae
images_OBJ032/OBJ032_085.jpg,OBJ032,Sound Card,object,.jpg,c9a44576f1fc6bc4b44c7f47e8ecc492
images_OBJ032/OBJ032_086.jpg,OBJ032,Sound Card,object,.jpg,5b45545f9429eeb05e7e76743c1fca9e
images_OBJ032/OBJ032_087.jpg,OBJ032,Sound Card,object,.jpg,9c21b7516f0a3fd3f3d33b5fccd157c9
images_OBJ032/OBJ032_088.jpg,OBJ032,Sound Card,object,.jpg,f8730362121d53db5686df0b8075790b
images_OBJ032/OBJ032_089.jpg,OBJ032,Sound Card,object,.jpg,8956514a65617a38f4a22d118a9c3e51
images_OBJ032/OBJ032_090.jpg,OBJ032,Sound Card,object,.jpg,8bafd8b92ed9c749b1bdd0f6b9c21781
images_OBJ032/OBJ032_091.jpg,OBJ032,Sound Card,object,.jpg,01eeb854c42cf54c0cc99ea6e70aabea
images_OBJ032/OBJ032_092.jpg,OBJ032,Sound Card,object,.jpg,2560d119185b092ada83cc5cfde90a54
images_OBJ032/OBJ032_093.jpg,OBJ032,Sound Card,object,.jpg,39a5148e649b8bcb20a716bfefbf04e0
images_OBJ032/OBJ032_094.jpg,OBJ032,Sound Card,object,.jpg,da6142e05cf8ae34f814b7af49ac44e1
images_OBJ032/OBJ032_095.jpg,OBJ032,Sound Card,object,.jpg,fc5dfef4f3a6d9972b83f72794d8a52d
images_OBJ032/OBJ032_bg_001.jpg,OBJ032,Sound Card,background,.jpg,a04b2dc139379bb5efd3ea2ecd919345
images_OBJ032/OBJ032_bg_002.jpg,OBJ032,Sound Card,background,.jpg,4e2f0c0701b13b6722db0308d8db6085
images_OBJ032/OBJ032_bg_003.jpg,OBJ032,Sound Card,background,.jpg,dfd6bd894ecd130ecb6698fc4254c962
images_OBJ032/OBJ032_bg_004.jpg,OBJ032,Sound Card,background,.jpg,760fa2c691cc92115eec52bc14365c60
images_OBJ032/OBJ032_bg_005.jpg,OBJ032,Sound Card,background,.jpg,e3870a3c17351c17a10d64c56df837e1
images_OBJ033/OBJ033_001.jpg,OBJ033,Duck,object,.jpg,e53bb9383f076767d7ec0534c4f58d5b
images_OBJ033/OBJ033_002.jpg,OBJ033,Duck,object,.jpg,d2deeaf489c5cdb6c9ded17f98b77695
images_OBJ033/OBJ033_003.jpg,OBJ033,Duck,object,.jpg,f91b5539c1258c5155d68df7030382ee
images_OBJ033/OBJ033_004.jpg,OBJ033,Duck,object,.jpg,0589e4cc4b95a8ab3101c8eed2beffce
images_OBJ033/OBJ033_005.jpg,OBJ033,Duck,object,.jpg,79d70872ff6a2bfc1b2df05e3feb8d69
images_OBJ033/OBJ033_006.jpg,OBJ033,Duck,object,.jpg,7735a899042141c92e46a1f88fae8eee
images_OBJ033/OBJ033_007.jpg,OBJ033,Duck,object,.jpg,4ff5fdb58bed0ea3725831698b0e9a2b
images_OBJ033/OBJ033_008.jpg,OBJ033,Duck,object,.jpg,fb81db59cd785327824014082a20fe12
images_OBJ033/OBJ033_009.jpg,OBJ033,Duck,object,.jpg,b306125c8e8bf8da3fcbf93f2983989d
images_OBJ033/OBJ033_010.jpg,OBJ033,Duck,object,.jpg,52299a00c989fb93690c5273a6857c41
images_OBJ033/OBJ033_011.jpg,OBJ033,Duck,object,.jpg,02f5989cd8fc86b83a659319b3401833
images_OBJ033/OBJ033_012.jpg,OBJ033,Duck,object,.jpg,b8c28638af4dadbdcd5b800c187968e9
images_OBJ033/OBJ033_013.jpg,OBJ033,Duck,object,.jpg,419077363f4c2b8d3673b14d53168b62
images_OBJ033/OBJ033_014.jpg,OBJ033,Duck,object,.jpg,79bb1956bb0bccf1373bc9e2b4bb2182
images_OBJ033/OBJ033_015.jpg,OBJ033,Duck,object,.jpg,03fc112f35ff80b319da6ff144fad181
images_OBJ033/OBJ033_016.jpg,OBJ033,Duck,object,.jpg,0e9d6962f71d3c48579f79c4ecf456ac
images_OBJ033/OBJ033_017.jpg,OBJ033,Duck,object,.jpg,b465ca4234c792fc8bebb6d580b1b418
images_OBJ033/OBJ033_018.jpg,OBJ033,Duck,object,.jpg,c3fc5e22afffd7e24d9555c40b838ae8
images_OBJ033/OBJ033_019.jpg,OBJ033,Duck,object,.jpg,271fb7a65f63e2d2685a7da62a2e1a47
images_OBJ033/OBJ033_020.jpg,OBJ033,Duck,object,.jpg,6e323a1c21c4177d531319b62a429278
images_OBJ033/OBJ033_021.jpg,OBJ033,Duck,object,.jpg,345c3bff413d86cc663b79a98ec99827
images_OBJ033/OBJ033_022.jpg,OBJ033,Duck,object,.jpg,983fb00556b07195df49a266cf766716
images_OBJ033/OBJ033_023.jpg,OBJ033,Duck,object,.jpg,f7c8f20af3b25791ce0fa776b8c7f9ce
images_OBJ033/OBJ033_024.jpg,OBJ033,Duck,object,.jpg,b8b7e2d2a7fed0600d685735a83a2337
images_OBJ033/OBJ033_025.jpg,OBJ033,Duck,object,.jpg,e0a9788b8dc27657c2fcfc047c26a545
images_OBJ033/OBJ033_026.jpg,OBJ033,Duck,object,.jpg,d43b9ebc7d859c2c4c9975a02d2a05db
images_OBJ033/OBJ033_027.jpg,OBJ033,Duck,object,.jpg,d8c2a6d892c78331b91fba0d28bcb427
images_OBJ033/OBJ033_028.jpg,OBJ033,Duck,object,.jpg,b0ddacaaae6d8185d109dfabbd24076a
images_OBJ033/OBJ033_029.jpg,OBJ033,Duck,object,.jpg,2ab56eb4c714b55f307f8404f430b762
images_OBJ033/OBJ033_030.jpg,OBJ033,Duck,object,.jpg,9dfada8ada32966b369591d1663f2e36
images_OBJ033/OBJ033_031.jpg,OBJ033,Duck,object,.jpg,79d08b048cb32a72e5b809ce47755698
images_OBJ033/OBJ033_032.jpg,OBJ033,Duck,object,.jpg,62bf04e2576784f80ae1536149d8d12c
images_OBJ033/OBJ033_033.jpg,OBJ033,Duck,object,.jpg,dd0fde794b38caf94a221cf4e3f98237
images_OBJ033/OBJ033_034.jpg,OBJ033,Duck,object,.jpg,12f7281657603087e34a04676c200e98
images_OBJ033/OBJ033_035.jpg,OBJ033,Duck,object,.jpg,5f87a94bd9211fb9026359151e33d5f8
images_OBJ033/OBJ033_036.jpg,OBJ033,Duck,object,.jpg,49a99693596714d29ff86ac52f567f71
images_OBJ033/OBJ033_037.jpg,OBJ033,Duck,object,.jpg,c57fab2b790c360d331fe84840ee0522
images_OBJ033/OBJ033_038.jpg,OBJ033,Duck,object,.jpg,db960de720a7b66f1827f226f44846e3
images_OBJ033/OBJ033_039.jpg,OBJ033,Duck,object,.jpg,f2a50104eaec9bdb71990d83c0751c4f
images_OBJ033/OBJ033_040.jpg,OBJ033,Duck,object,.jpg,131566c82e58bc1d2650854327021263
images_OBJ033/OBJ033_041.jpg,OBJ033,Duck,object,.jpg,1e006e1ac9bc77344ed205b973fe96fe
images_OBJ033/OBJ033_042.jpg,OBJ033,Duck,object,.jpg,f4b3916bb160c425d6aa951b70c9e746
images_OBJ033/OBJ033_043.jpg,OBJ033,Duck,object,.jpg,c3ae225ab4a830e1f97a605f6fd7b818
images_OBJ033/OBJ033_044.jpg,OBJ033,Duck,object,.jpg,d746770960637b6443cca98e7b89eae9
images_OBJ033/OBJ033_045.jpg,OBJ033,Duck,object,.jpg,bac1b77d44be79292ad59692011ccd95
images_OBJ033/OBJ033_046.jpg,OBJ033,Duck,object,.jpg,cdc28c7aee3c4c94c9949ba1ae03fabe
images_OBJ033/OBJ033_047.jpg,OBJ033,Duck,object,.jpg,01e824af04a0a81526585db8f7948ac7
images_OBJ033/OBJ033_048.jpg,OBJ033,Duck,object,.jpg,f62510383a5fa480888901ef00b91438
images_OBJ033/OBJ033_049.jpg,OBJ033,Duck,object,.jpg,893b1222dc0fae0f5f66ec7bfa622586
images_OBJ033/OBJ033_050.jpg,OBJ033,Duck,object,.jpg,c65e8ccd9c139e49395599d498c61053
images_OBJ033/OBJ033_051.jpg,OBJ033,Duck,object,.jpg,93d1f9c42b3127a11fa1ecb22106e2cf
images_OBJ033/OBJ033_052.jpg,OBJ033,Duck,object,.jpg,4be06e0089882ad187e0c9c037ac55ca
images_OBJ033/OBJ033_053.jpg,OBJ033,Duck,object,.jpg,1873ec18617b8176070cb2f155901fe9
images_OBJ033/OBJ033_054.jpg,OBJ033,Duck,object,.jpg,b40fe601bd76609d1df6fa6cc05383fd
images_OBJ033/OBJ033_055.jpg,OBJ033,Duck,object,.jpg,1611d64c8530eeadb5e8425730bc5e4b
images_OBJ033/OBJ033_056.jpg,OBJ033,Duck,object,.jpg,e6bd641214eba305e375ec6e67816f8f
images_OBJ033/OBJ033_057.jpg,OBJ033,Duck,object,.jpg,a048d355f2a2451fc4310fb252c0da7d
images_OBJ033/OBJ033_058.jpg,OBJ033,Duck,object,.jpg,6433836404fbc40e0bffbe5024f01928
images_OBJ033/OBJ033_059.jpg,OBJ033,Duck,object,.jpg,9bfdd683b93d1bb0246d859b177e3e23
images_OBJ033/OBJ033_060.jpg,OBJ033,Duck,object,.jpg,e5a96f32907a3c426080ad0889bf48c1
images_OBJ033/OBJ033_061.jpg,OBJ033,Duck,object,.jpg,1467d0789204e535f212de409787390e
images_OBJ033/OBJ033_062.jpg,OBJ033,Duck,object,.jpg,79856109bf4d72ad5dffd861897b144b
images_OBJ033/OBJ033_063.jpg,OBJ033,Duck,object,.jpg,261e7a840b61655f1b45bb08371656d5
images_OBJ033/OBJ033_064.jpg,OBJ033,Duck,object,.jpg,8f0123b93000a6c1efe4ebaf131c80e9
images_OBJ033/OBJ033_065.jpg,OBJ033,Duck,object,.jpg,db95aa720521cd7e06eff487918dfe18
images_OBJ033/OBJ033_066.jpg,OBJ033,Duck,object,.jpg,2d71f7860ca4c373abd1308930aa9fd2
images_OBJ033/OBJ033_067.jpg,OBJ033,Duck,object,.jpg,11046cbe6281090597c2ba109fae4bc8
images_OBJ033/OBJ033_068.jpg,OBJ033,Duck,object,.jpg,2b35da1f913a9b3bf85a418b913e9ac2
images_OBJ033/OBJ033_069.jpg,OBJ033,Duck,object,.jpg,49e1635a2f515e83e05312f661847546
images_OBJ033/OBJ033_070.jpg,OBJ033,Duck,object,.jpg,206861b16d55325ad8356b08c98dd135
images_OBJ033/OBJ033_071.jpg,OBJ033,Duck,object,.jpg,0afbb465cf96f5961a1176b6dfa854e5
images_OBJ033/OBJ033_072.jpg,OBJ033,Duck,object,.jpg,cc38e8d247f550fecb650478a31268a5
images_OBJ033/OBJ033_073.jpg,OBJ033,Duck,object,.jpg,0a007bbc3ab2c9499003deba8f397fb2
images_OBJ033/OBJ033_074.jpg,OBJ033,Duck,object,.jpg,3ae9d677098740a8492d753f709e5fd1
images_OBJ033/OBJ033_075.jpg,OBJ033,Duck,object,.jpg,139a1ecc7f744d6c2f91aee59fde0f04
images_OBJ033/OBJ033_076.jpg,OBJ033,Duck,object,.jpg,e17d6cb2d2b6097b5992210f53eb35bb
images_OBJ033/OBJ033_077.jpg,OBJ033,Duck,object,.jpg,a91d9bd5daf9e6ba9c47be218a2cabb6
images_OBJ033/OBJ033_078.jpg,OBJ033,Duck,object,.jpg,f5d3f6120d890c976500a9338e1aad90
images_OBJ033/OBJ033_079.jpg,OBJ033,Duck,object,.jpg,ab11a9c7474382bcaff90f1dcbc2db8a
images_OBJ033/OBJ033_080.jpg,OBJ033,Duck,object,.jpg,6d994060d03413fe3593d9753e755c11
images_OBJ033/OBJ033_081.jpg,OBJ033,Duck,object,.jpg,0664f72da606adf06d1dd0ea29e71d91
images_OBJ033/OBJ033_082.jpg,OBJ033,Duck,object,.jpg,c4fd2941b31cea3880dca515221188a3
images_OBJ033/OBJ033_083.jpg,OBJ033,Duck,object,.jpg,f6adf05b9e8bf22657fe8dab9ff6061e
images_OBJ033/OBJ033_084.jpg,OBJ033,Duck,object,.jpg,bc4c3d66be9dc46ebe2bdec91c11fce9
images_OBJ033/OBJ033_085.jpg,OBJ033,Duck,object,.jpg,3e0b7f5a54e6a30399fa1ea309f88a78
images_OBJ033/OBJ033_086.jpg,OBJ033,Duck,object,.jpg,4b35160c5a1b66a7cdfa9a9a63ba90c3
images_OBJ033/OBJ033_087.jpg,OBJ033,Duck,object,.jpg,5119f7a7433afe7a8415c14d0ed2d202
images_OBJ033/OBJ033_088.jpg,OBJ033,Duck,object,.jpg,86a02269db275cd09eea9c0428cdd1c1
images_OBJ033/OBJ033_089.jpg,OBJ033,Duck,object,.jpg,63e7ea085a5b0e5099c634e01d53689c
images_OBJ033/OBJ033_090.jpg,OBJ033,Duck,object,.jpg,b22a0ed19db2078a99d191809a3758c4
images_OBJ033/OBJ033_091.jpg,OBJ033,Duck,object,.jpg,d585d7e78a9bd85fb69f7bc29e673328
images_OBJ033/OBJ033_092.jpg,OBJ033,Duck,object,.jpg,ad1b1f19f3d0ed5fc7bf357795b1783a
images_OBJ033/OBJ033_093.jpg,OBJ033,Duck,object,.jpg,06bfefffe7e5e4df0d7e1dcb3b7797d1
images_OBJ033/OBJ033_094.jpg,OBJ033,Duck,object,.jpg,310f7eb4bad37a47df07717d144888ac
images_OBJ033/OBJ033_095.jpg,OBJ033,Duck,object,.jpg,ecc917f83e6dc5773734eb09c088609b
images_OBJ033/OBJ033_bg_001.jpg,OBJ033,Duck,background,.jpg,21d94734b8e315a4bdf71ef2b539b75e
images_OBJ033/OBJ033_bg_002.jpg,OBJ033,Duck,background,.jpg,55f037308a78d97938d86db136b021c4
images_OBJ033/OBJ033_bg_003.jpg,OBJ033,Duck,background,.jpg,3f31bccc1c4e16072629d1dba3c69e88
images_OBJ033/OBJ033_bg_004.jpg,OBJ033,Duck,background,.jpg,5add64c77467de7f782d6fe017af904e
images_OBJ033/OBJ033_bg_005.jpg,OBJ033,Duck,background,.jpg,652c66d1e006785b0ea6928c140f9907
images_OBJ034/OBJ034_001.jpg,OBJ034,Table Tennis Racket,object,.jpg,5e1ced972a254238793f2bb91516e56c
images_OBJ034/OBJ034_002.jpg,OBJ034,Table Tennis Racket,object,.jpg,284280add690bd431bc3a1d388d265fa
images_OBJ034/OBJ034_003.jpg,OBJ034,Table Tennis Racket,object,.jpg,1c44d69050a7addb9cbae138cf528c77
images_OBJ034/OBJ034_004.jpg,OBJ034,Table Tennis Racket,object,.jpg,88b6177c824cfaad0f252a197609b425
images_OBJ034/OBJ034_005.jpg,OBJ034,Table Tennis Racket,object,.jpg,66d15588ff6220e05f7f4660d9b997d1
images_OBJ034/OBJ034_006.jpg,OBJ034,Table Tennis Racket,object,.jpg,c0362d327617e1016b3b8b2e05348883
images_OBJ034/OBJ034_007.jpg,OBJ034,Table Tennis Racket,object,.jpg,8bacc407fde117d056003e06f8471567
images_OBJ034/OBJ034_008.jpg,OBJ034,Table Tennis Racket,object,.jpg,8ded96572c344fce7d54e54e30c81337
images_OBJ034/OBJ034_009.jpg,OBJ034,Table Tennis Racket,object,.jpg,bbe48a3e625b9851166ad4ae20a9c426
images_OBJ034/OBJ034_010.jpg,OBJ034,Table Tennis Racket,object,.jpg,b7ee53d34d3e1a47f22a47c01e4b0d04
images_OBJ034/OBJ034_011.jpg,OBJ034,Table Tennis Racket,object,.jpg,644ec8880f999bc2459fff58ad8c2312
images_OBJ034/OBJ034_012.jpg,OBJ034,Table Tennis Racket,object,.jpg,8c481973766b8abc62df65ca4d035cb8
images_OBJ034/OBJ034_013.jpg,OBJ034,Table Tennis Racket,object,.jpg,0238480ae50bf4aebbbfdf32681cdb2e
images_OBJ034/OBJ034_014.jpg,OBJ034,Table Tennis Racket,object,.jpg,5aad5c134981e41b8050629a178c7b8f
images_OBJ034/OBJ034_015.jpg,OBJ034,Table Tennis Racket,object,.jpg,0c7e5d5284695642a812b1303e2c4c81
images_OBJ034/OBJ034_016.jpg,OBJ034,Table Tennis Racket,object,.jpg,40a9457f2eb6ef43ec3dbeb2fa16c5f0
images_OBJ034/OBJ034_017.jpg,OBJ034,Table Tennis Racket,object,.jpg,e599d7bb6850799edc6022388818d86e
images_OBJ034/OBJ034_018.jpg,OBJ034,Table Tennis Racket,object,.jpg,7459ae654ebb9fe2ebe66fb239f8a7ef
images_OBJ034/OBJ034_019.jpg,OBJ034,Table Tennis Racket,object,.jpg,c1e2bc7bf20b16a7b6c06a535d0112ba
images_OBJ034/OBJ034_020.jpg,OBJ034,Table Tennis Racket,object,.jpg,3bbb32f8d7319f579f2aa639ce0be2b1
images_OBJ034/OBJ034_021.jpg,OBJ034,Table Tennis Racket,object,.jpg,79c565f8dfb4a84f620b7a18644a1456
images_OBJ034/OBJ034_022.jpg,OBJ034,Table Tennis Racket,object,.jpg,67563a006e40ef93254e40aaa3346e09
images_OBJ034/OBJ034_023.jpg,OBJ034,Table Tennis Racket,object,.jpg,6fb0c9750cfebaec4643396e1f1926a4
images_OBJ034/OBJ034_024.jpg,OBJ034,Table Tennis Racket,object,.jpg,4d663fa24c0759cfdc39c8d1ae6b7ea7
images_OBJ034/OBJ034_025.jpg,OBJ034,Table Tennis Racket,object,.jpg,c1d6dec70392ce4d6ecce09a9f628900
images_OBJ034/OBJ034_026.jpg,OBJ034,Table Tennis Racket,object,.jpg,59e089a1ddf4669d6031e3ce7aa0d725
images_OBJ034/OBJ034_027.jpg,OBJ034,Table Tennis Racket,object,.jpg,811945fa459d9d6eb705af987353994b
images_OBJ034/OBJ034_028.jpg,OBJ034,Table Tennis Racket,object,.jpg,a4ecf0addc37406ed5fbbfbff722c0a0
images_OBJ034/OBJ034_029.jpg,OBJ034,Table Tennis Racket,object,.jpg,6ec2159729e4d499c9b0bd0ac19f4089
images_OBJ034/OBJ034_030.jpg,OBJ034,Table Tennis Racket,object,.jpg,cb1f23d3c3cd0a902398da39178ecc29
images_OBJ034/OBJ034_031.jpg,OBJ034,Table Tennis Racket,object,.jpg,0669b41aac6328a9db5b393763439be2
images_OBJ034/OBJ034_032.jpg,OBJ034,Table Tennis Racket,object,.jpg,b666672440d5d48daf82e89b7aa2c61b
images_OBJ034/OBJ034_033.jpg,OBJ034,Table Tennis Racket,object,.jpg,e5b607c2d8f1d8668e9ad5684f655bea
images_OBJ034/OBJ034_034.jpg,OBJ034,Table Tennis Racket,object,.jpg,6d4eba7072209d5d517b1a3f0b3d42d1
images_OBJ034/OBJ034_035.jpg,OBJ034,Table Tennis Racket,object,.jpg,92e83a2043170d559ebd9f2cddbe5e59
images_OBJ034/OBJ034_036.jpg,OBJ034,Table Tennis Racket,object,.jpg,aabb930bd204e29be3595a68bef96a6f
images_OBJ034/OBJ034_037.jpg,OBJ034,Table Tennis Racket,object,.jpg,a38424f174c53f6a4c7de8f79adf287d
images_OBJ034/OBJ034_038.jpg,OBJ034,Table Tennis Racket,object,.jpg,4ad987a274886bbebcd60aa1c550cb9d
images_OBJ034/OBJ034_039.jpg,OBJ034,Table Tennis Racket,object,.jpg,5701cda161b2d82dd2f4185592a80537
images_OBJ034/OBJ034_040.jpg,OBJ034,Table Tennis Racket,object,.jpg,281febe1c9d19916f3935cca2e657fcb
images_OBJ034/OBJ034_041.jpg,OBJ034,Table Tennis Racket,object,.jpg,f9dd267fb0c8a3b402f2fb1166f89d63
images_OBJ034/OBJ034_042.jpg,OBJ034,Table Tennis Racket,object,.jpg,ca13f57806034eb35b59ecfff9dd8ea1
images_OBJ034/OBJ034_043.jpg,OBJ034,Table Tennis Racket,object,.jpg,db29419327976145587c1e3201ad515f
images_OBJ034/OBJ034_044.jpg,OBJ034,Table Tennis Racket,object,.jpg,043beae21d2431e7a1fbd459671bc42a
images_OBJ034/OBJ034_045.jpg,OBJ034,Table Tennis Racket,object,.jpg,3c80a23009d95ae71dc891d37b8b9807
images_OBJ034/OBJ034_046.jpg,OBJ034,Table Tennis Racket,object,.jpg,01825042645841316c76a2b197a62114
images_OBJ034/OBJ034_047.jpg,OBJ034,Table Tennis Racket,object,.jpg,2ee7beb0555eeefd98962429dd24bc6c
images_OBJ034/OBJ034_048.jpg,OBJ034,Table Tennis Racket,object,.jpg,b0333dcdce39664b6a9cd8fa0c910676
images_OBJ034/OBJ034_049.jpg,OBJ034,Table Tennis Racket,object,.jpg,488413f4cb904d6c3e23c9d14166bf4c
images_OBJ034/OBJ034_050.jpg,OBJ034,Table Tennis Racket,object,.jpg,65eb02be452de35deeefa4c55d664a7e
images_OBJ034/OBJ034_051.jpg,OBJ034,Table Tennis Racket,object,.jpg,614a8478479d23faf22aa4121ab82042
images_OBJ034/OBJ034_052.jpg,OBJ034,Table Tennis Racket,object,.jpg,80f0124c0f12b8c9da2f6bf6a591a590
images_OBJ034/OBJ034_053.jpg,OBJ034,Table Tennis Racket,object,.jpg,ac1f2541184dbe16600813ee223866c3
images_OBJ034/OBJ034_054.jpg,OBJ034,Table Tennis Racket,object,.jpg,04b7b1b9127362bfa917492746f4eead
images_OBJ034/OBJ034_055.jpg,OBJ034,Table Tennis Racket,object,.jpg,745241667a27d7f89addbaf03d1e4fcc
images_OBJ034/OBJ034_056.jpg,OBJ034,Table Tennis Racket,object,.jpg,117ed87b712f98c2eb56f87f418c736e
images_OBJ034/OBJ034_057.jpg,OBJ034,Table Tennis Racket,object,.jpg,31c6ef0e0437cc1aa1eb76c63110aaff
images_OBJ034/OBJ034_058.jpg,OBJ034,Table Tennis Racket,object,.jpg,248f1cdd9fb759201d16b44941adf239
images_OBJ034/OBJ034_059.jpg,OBJ034,Table Tennis Racket,object,.jpg,d7fd9d88399a92b61aee9458a868cebf
images_OBJ034/OBJ034_060.jpg,OBJ034,Table Tennis Racket,object,.jpg,21220f1037fc57bb4a2aae5cbd191317
images_OBJ034/OBJ034_061.jpg,OBJ034,Table Tennis Racket,object,.jpg,f3cb9ffc795f06dcdcedb54d313eddf8
images_OBJ034/OBJ034_062.jpg,OBJ034,Table Tennis Racket,object,.jpg,9dc24cbad8a16ed4861acded81fcc33f
images_OBJ034/OBJ034_063.jpg,OBJ034,Table Tennis Racket,object,.jpg,c4b68ba665c2547e35ccc241deea9e77
images_OBJ034/OBJ034_064.jpg,OBJ034,Table Tennis Racket,object,.jpg,5d5084833886cef7539a294688603d49
images_OBJ034/OBJ034_065.jpg,OBJ034,Table Tennis Racket,object,.jpg,20f0fe442dd60b462afd58acb72d5223
images_OBJ034/OBJ034_066.jpg,OBJ034,Table Tennis Racket,object,.jpg,25df3f988034a35cd2c3b74bc7c31391
images_OBJ034/OBJ034_067.jpg,OBJ034,Table Tennis Racket,object,.jpg,8854526090d01f40db2595f461b5f6a4
images_OBJ034/OBJ034_068.jpg,OBJ034,Table Tennis Racket,object,.jpg,32e5d27a52f963657435621e40761148
images_OBJ034/OBJ034_069.jpg,OBJ034,Table Tennis Racket,object,.jpg,e2213e5b37eba4f0d7d41a490a211682
images_OBJ034/OBJ034_070.jpg,OBJ034,Table Tennis Racket,object,.jpg,cd2af8b4eb5d2fa9ff7bee8184111a73
images_OBJ034/OBJ034_071.jpg,OBJ034,Table Tennis Racket,object,.jpg,3ef5c48ba0e737768a6fffde8b2ea4fa
images_OBJ034/OBJ034_072.jpg,OBJ034,Table Tennis Racket,object,.jpg,0a024554b10e0850e127c7134adb3103
images_OBJ034/OBJ034_073.jpg,OBJ034,Table Tennis Racket,object,.jpg,63b33211a474344ae1d89393608f5e40
images_OBJ034/OBJ034_074.jpg,OBJ034,Table Tennis Racket,object,.jpg,5cd1564effa76985c17409f00cbb46b8
images_OBJ034/OBJ034_075.jpg,OBJ034,Table Tennis Racket,object,.jpg,217ce1b1289cd82696e7a01ad8fb2b8f
images_OBJ034/OBJ034_076.jpg,OBJ034,Table Tennis Racket,object,.jpg,431ebb84c6c409555f9729ac3480d78d
images_OBJ034/OBJ034_077.jpg,OBJ034,Table Tennis Racket,object,.jpg,70e3aea029756fea44f8a279f3e825fb
images_OBJ034/OBJ034_078.jpg,OBJ034,Table Tennis Racket,object,.jpg,9afd793fa07524565551bd06e3ebceb5
images_OBJ034/OBJ034_079.jpg,OBJ034,Table Tennis Racket,object,.jpg,227878aebb2c384644d36896cb1580f1
images_OBJ034/OBJ034_080.jpg,OBJ034,Table Tennis Racket,object,.jpg,1e3841b8ab621585b5ab37ec85defdc5
images_OBJ034/OBJ034_081.jpg,OBJ034,Table Tennis Racket,object,.jpg,0470c7a35231fa857d2a4517d98fec6e
images_OBJ034/OBJ034_082.jpg,OBJ034,Table Tennis Racket,object,.jpg,e756163095c30a8d632f71dbbff43787
images_OBJ034/OBJ034_083.jpg,OBJ034,Table Tennis Racket,object,.jpg,1f2794fb0495baab7fc0395853accc82
images_OBJ034/OBJ034_084.jpg,OBJ034,Table Tennis Racket,object,.jpg,6049d8c977c8022a56c851a739a0dce9
images_OBJ034/OBJ034_085.jpg,OBJ034,Table Tennis Racket,object,.jpg,9f257c1f12ec794c0b1b0035b7565f0f
images_OBJ034/OBJ034_086.jpg,OBJ034,Table Tennis Racket,object,.jpg,258466e085294255199b0b4d6ec0ae85
images_OBJ034/OBJ034_087.jpg,OBJ034,Table Tennis Racket,object,.jpg,f3368b09cf7435318dc60cb413c54d7d
images_OBJ034/OBJ034_088.jpg,OBJ034,Table Tennis Racket,object,.jpg,6847452c7eaa4cf6a416a3514899510b
images_OBJ034/OBJ034_089.jpg,OBJ034,Table Tennis Racket,object,.jpg,cd6e01e53ec9228474c9e406d14c25d8
images_OBJ034/OBJ034_090.jpg,OBJ034,Table Tennis Racket,object,.jpg,67eb6088c963dced193318c236c47680
images_OBJ034/OBJ034_091.jpg,OBJ034,Table Tennis Racket,object,.jpg,a969c1beeac81d5ecda016acaf47fb57
images_OBJ034/OBJ034_092.jpg,OBJ034,Table Tennis Racket,object,.jpg,e0eec52c9220a051f71637c3ea16b3c6
images_OBJ034/OBJ034_093.jpg,OBJ034,Table Tennis Racket,object,.jpg,d681c222e1f1e2ded7f55bde54fc7589
images_OBJ034/OBJ034_094.jpg,OBJ034,Table Tennis Racket,object,.jpg,4bf5d66ed7bb2f42fd66b0de82d3bbb5
images_OBJ034/OBJ034_095.jpg,OBJ034,Table Tennis Racket,object,.jpg,4370710eef3947f94cc5e5182a635991
images_OBJ034/OBJ034_bg_001.jpg,OBJ034,Table Tennis Racket,background,.jpg,4bc1f158ec3e87f6a9dc7ef00aa89c53
images_OBJ034/OBJ034_bg_002.jpg,OBJ034,Table Tennis Racket,background,.jpg,307f7ab738177bb6bf8da73f8e7669dd
images_OBJ034/OBJ034_bg_003.jpg,OBJ034,Table Tennis Racket,background,.jpg,8ffeef37f7b264aae7bb77fc2636404d
images_OBJ034/OBJ034_bg_004.jpg,OBJ034,Table Tennis Racket,background,.jpg,b7e89aa467ef59ec7084d8385782fa34
images_OBJ034/OBJ034_bg_005.jpg,OBJ034,Table Tennis Racket,background,.jpg,f117e3cc41be1d140c6eae1feeaaeea9
images_OBJ035/OBJ035_001.jpg,OBJ035,Badminton racket,object,.jpg,5fff38f369bdaf58d92923e4dec4d4ee
images_OBJ035/OBJ035_002.jpg,OBJ035,Badminton racket,object,.jpg,7fd5ea33b5ee82ef4bc19624f3fc9ed9
images_OBJ035/OBJ035_003.jpg,OBJ035,Badminton racket,object,.jpg,7f693139a718baea2224143eab74ca19
images_OBJ035/OBJ035_004.jpg,OBJ035,Badminton racket,object,.jpg,ecc10e67526d1fc51e0be90740a267d8
images_OBJ035/OBJ035_005.jpg,OBJ035,Badminton racket,object,.jpg,9d40aff5a5d58fb87c09c428f299718f
images_OBJ035/OBJ035_006.jpg,OBJ035,Badminton racket,object,.jpg,41593856cd285bc3d86d02d77d417d71
images_OBJ035/OBJ035_007.jpg,OBJ035,Badminton racket,object,.jpg,89fc0aeb06661399599c3e49749ae25a
images_OBJ035/OBJ035_008.jpg,OBJ035,Badminton racket,object,.jpg,5a49116c25c3d6af07a0ef7eba34343d
images_OBJ035/OBJ035_009.jpg,OBJ035,Badminton racket,object,.jpg,79b7a47da438ed913e961c1fd54b47c5
images_OBJ035/OBJ035_010.jpg,OBJ035,Badminton racket,object,.jpg,369387fa74ad30526e5f8b9edc6b1333
images_OBJ035/OBJ035_011.jpg,OBJ035,Badminton racket,object,.jpg,ad8d9a97add3180fddd42b2caba90817
images_OBJ035/OBJ035_012.jpg,OBJ035,Badminton racket,object,.jpg,7a4f05dbb696884e6fd2bd1972f1ca06
images_OBJ035/OBJ035_013.jpg,OBJ035,Badminton racket,object,.jpg,10abb31b4c6a830bdee0213ee7d7d5fd
images_OBJ035/OBJ035_014.jpg,OBJ035,Badminton racket,object,.jpg,6c7a5bb1f311923598217533d5c8bf84
images_OBJ035/OBJ035_015.jpg,OBJ035,Badminton racket,object,.jpg,73adac96be18abd4f57116cd92974835
images_OBJ035/OBJ035_016.jpg,OBJ035,Badminton racket,object,.jpg,f42ee3f9732b33d5b3e0c85899ac0b6b
images_OBJ035/OBJ035_017.jpg,OBJ035,Badminton racket,object,.jpg,1abe295519ebf61de9ea7fde2c759a0e
images_OBJ035/OBJ035_018.jpg,OBJ035,Badminton racket,object,.jpg,9658bc9236a343a3a6f744084751c0f3
images_OBJ035/OBJ035_019.jpg,OBJ035,Badminton racket,object,.jpg,13c1d09ed73176df8d5a0cdfd6ee0f80
images_OBJ035/OBJ035_020.jpg,OBJ035,Badminton racket,object,.jpg,fb559a7a3e38f4e83e759256c44a15fe
images_OBJ035/OBJ035_021.jpg,OBJ035,Badminton racket,object,.jpg,f0a1aaa469b86f13cee679a17636b1ac
images_OBJ035/OBJ035_022.jpg,OBJ035,Badminton racket,object,.jpg,a6a2ba84f77cadf32171842df72eed02
images_OBJ035/OBJ035_023.jpg,OBJ035,Badminton racket,object,.jpg,742bc93ed69b1c389ebdff60b44a7d57
images_OBJ035/OBJ035_024.jpg,OBJ035,Badminton racket,object,.jpg,25dfb8ccdf3ddafa3404f7e3702897cd
images_OBJ035/OBJ035_025.jpg,OBJ035,Badminton racket,object,.jpg,316aa04006593c8fba78bd2242093e50
images_OBJ035/OBJ035_026.jpg,OBJ035,Badminton racket,object,.jpg,dea419885ec25f460da23aa7f2165d7f
images_OBJ035/OBJ035_027.jpg,OBJ035,Badminton racket,object,.jpg,a724f643912413565776135de8f40c4a
images_OBJ035/OBJ035_028.jpg,OBJ035,Badminton racket,object,.jpg,3c0f922cf745ef31f395e44c59df1458
images_OBJ035/OBJ035_029.jpg,OBJ035,Badminton racket,object,.jpg,db2d25645556ff70c07fd90cad56a1e1
images_OBJ035/OBJ035_030.jpg,OBJ035,Badminton racket,object,.jpg,3ef6e890ca5c82f2c4e90c9fa47b8e23
images_OBJ035/OBJ035_031.jpg,OBJ035,Badminton racket,object,.jpg,c5f91b864828e8fceaea42200ff8bf0f
images_OBJ035/OBJ035_032.jpg,OBJ035,Badminton racket,object,.jpg,cc445f6a9bff98b708551ba9a84f2a90
images_OBJ035/OBJ035_033.jpg,OBJ035,Badminton racket,object,.jpg,b041bf7cf1659b45471da6d0ac5cf98f
images_OBJ035/OBJ035_034.jpg,OBJ035,Badminton racket,object,.jpg,939c206905e3608a57d06c6acc14d2ce
images_OBJ035/OBJ035_035.jpg,OBJ035,Badminton racket,object,.jpg,3944b8feb463ae953641e088d5a960af
images_OBJ035/OBJ035_036.jpg,OBJ035,Badminton racket,object,.jpg,c8641789d01cd2ca514524924e9acef6
images_OBJ035/OBJ035_037.jpg,OBJ035,Badminton racket,object,.jpg,99522bfde266a5063fc1baee9945e06a
images_OBJ035/OBJ035_038.jpg,OBJ035,Badminton racket,object,.jpg,625aed98eef1709eba01ce7ca0c252be
images_OBJ035/OBJ035_039.jpg,OBJ035,Badminton racket,object,.jpg,22bd93388adeef0f92f77caf7c621554
images_OBJ035/OBJ035_040.jpg,OBJ035,Badminton racket,object,.jpg,385b6cbfde8b6a84d5b03445853da5a7
images_OBJ035/OBJ035_041.jpg,OBJ035,Badminton racket,object,.jpg,4273fb801b089878111a637174070fef
images_OBJ035/OBJ035_042.jpg,OBJ035,Badminton racket,object,.jpg,b62f649db84ead86794f0a3e06af73db
images_OBJ035/OBJ035_043.jpg,OBJ035,Badminton racket,object,.jpg,5577ee462f7315d25c6bee01016ee69f
images_OBJ035/OBJ035_044.jpg,OBJ035,Badminton racket,object,.jpg,c17f2b6d69df3a797d1c6f2f06c0f06f
images_OBJ035/OBJ035_045.jpg,OBJ035,Badminton racket,object,.jpg,c6ef02619e268d709db8acadb34a5a86
images_OBJ035/OBJ035_046.jpg,OBJ035,Badminton racket,object,.jpg,7c76a775b120255d258c686bc716ee12
images_OBJ035/OBJ035_047.jpg,OBJ035,Badminton racket,object,.jpg,b162233c0d22fbcd3d61ec4df02dd842
images_OBJ035/OBJ035_048.jpg,OBJ035,Badminton racket,object,.jpg,9002dfa6a4f5def483d05a1b9defb617
images_OBJ035/OBJ035_049.jpg,OBJ035,Badminton racket,object,.jpg,0d0c0f1bfe274a321ac8696005a47b82
images_OBJ035/OBJ035_050.jpg,OBJ035,Badminton racket,object,.jpg,3bc5abf0d817800818b6e829eacdf31f
images_OBJ035/OBJ035_051.jpg,OBJ035,Badminton racket,object,.jpg,e086666976bf274561ecc21a1603140b
images_OBJ035/OBJ035_052.jpg,OBJ035,Badminton racket,object,.jpg,dacf735eed7c9181ef098b0146a6424d
images_OBJ035/OBJ035_053.jpg,OBJ035,Badminton racket,object,.jpg,78037b4d4ed0b5a6a3898c518121d620
images_OBJ035/OBJ035_054.jpg,OBJ035,Badminton racket,object,.jpg,ced0f9eb50dcafb150a132fb68d7df34
images_OBJ035/OBJ035_055.jpg,OBJ035,Badminton racket,object,.jpg,7819f936dcfb99124931f42078bcec2d
images_OBJ035/OBJ035_056.jpg,OBJ035,Badminton racket,object,.jpg,acd4fb704bacb4bf811fbfc16408066b
images_OBJ035/OBJ035_057.jpg,OBJ035,Badminton racket,object,.jpg,b7c70cf61a1109faa7819c01c1fddab9
images_OBJ035/OBJ035_058.jpg,OBJ035,Badminton racket,object,.jpg,e251aebdfb723e4bf28c9bb5e6822b98
images_OBJ035/OBJ035_059.jpg,OBJ035,Badminton racket,object,.jpg,61f82f55cb57edc771f910e7a72beab4
images_OBJ035/OBJ035_060.jpg,OBJ035,Badminton racket,object,.jpg,af12cb879ff39cf9243325a02f1863be
images_OBJ035/OBJ035_061.jpg,OBJ035,Badminton racket,object,.jpg,aa13adda57d8ccf22188e2ddfdf09c56
images_OBJ035/OBJ035_062.jpg,OBJ035,Badminton racket,object,.jpg,613b46da65d8d3c5c0f5060a8fa197e4
images_OBJ035/OBJ035_063.jpg,OBJ035,Badminton racket,object,.jpg,f9d7052023377c6d568e55f37665c166
images_OBJ035/OBJ035_064.jpg,OBJ035,Badminton racket,object,.jpg,2173815e27a1ec85260886fe9c8db166
images_OBJ035/OBJ035_065.jpg,OBJ035,Badminton racket,object,.jpg,c859f70bb806ba08a176cc4f110dc357
images_OBJ035/OBJ035_066.jpg,OBJ035,Badminton racket,object,.jpg,c534d13d9adc21faac037697c58f50bf
images_OBJ035/OBJ035_067.jpg,OBJ035,Badminton racket,object,.jpg,4b7438cbecade64466afa461f3dc033c
images_OBJ035/OBJ035_068.jpg,OBJ035,Badminton racket,object,.jpg,cf4bbc0335a55efb1715b227c5348d6b
images_OBJ035/OBJ035_069.jpg,OBJ035,Badminton racket,object,.jpg,d55bb993ccc8958b9279cdce1b3e0aa6
images_OBJ035/OBJ035_070.jpg,OBJ035,Badminton racket,object,.jpg,27b3f72ad5338c7df06b7fa001c5a00b
images_OBJ035/OBJ035_071.jpg,OBJ035,Badminton racket,object,.jpg,484c27ce69cec1a36214d0f127de96ce
images_OBJ035/OBJ035_072.jpg,OBJ035,Badminton racket,object,.jpg,89abb3c71c48314958fc876dd4fc358d
images_OBJ035/OBJ035_073.jpg,OBJ035,Badminton racket,object,.jpg,9fa75213a414b645e1c0e0a84735ab74
images_OBJ035/OBJ035_074.jpg,OBJ035,Badminton racket,object,.jpg,f6ec6c225ad63c0dc0ab5ce5744d771c
images_OBJ035/OBJ035_075.jpg,OBJ035,Badminton racket,object,.jpg,0afa817db2454677f78eab21156b99fc
images_OBJ035/OBJ035_076.jpg,OBJ035,Badminton racket,object,.jpg,4f08ac1aa99a25fa1721110ec069534f
images_OBJ035/OBJ035_077.jpg,OBJ035,Badminton racket,object,.jpg,9ce775fc684b9481116d398471460596
images_OBJ035/OBJ035_078.jpg,OBJ035,Badminton racket,object,.jpg,4d1243d1e85649407f6f6527a3e76b3c
images_OBJ035/OBJ035_079.jpg,OBJ035,Badminton racket,object,.jpg,38d97387232e65bfa5e32439e2aa4d54
images_OBJ035/OBJ035_080.jpg,OBJ035,Badminton racket,object,.jpg,4d6c3610811d32d163be8b447036ddad
images_OBJ035/OBJ035_081.jpg,OBJ035,Badminton racket,object,.jpg,f0b0640cf8a1e5b2d898e7af9ca88504
images_OBJ035/OBJ035_082.jpg,OBJ035,Badminton racket,object,.jpg,a0cb7fe7ec95390316e6fc6ed1eee077
images_OBJ035/OBJ035_083.jpg,OBJ035,Badminton racket,object,.jpg,98191cefd8d1fad6f10980e550a8a901
images_OBJ035/OBJ035_084.jpg,OBJ035,Badminton racket,object,.jpg,ba1357637fe0feabadd9800acc3705a2
images_OBJ035/OBJ035_085.jpg,OBJ035,Badminton racket,object,.jpg,d7c3b9968ab016b1d0ab85cb74832826
images_OBJ035/OBJ035_086.jpg,OBJ035,Badminton racket,object,.jpg,25e5904dc1629cd739f4965709c030bf
images_OBJ035/OBJ035_087.jpg,OBJ035,Badminton racket,object,.jpg,c57a676c12797f88ddbc19d2c37a85bf
images_OBJ035/OBJ035_088.jpg,OBJ035,Badminton racket,object,.jpg,69516e5889f0bc78c04172fc7e7c504a
images_OBJ035/OBJ035_089.jpg,OBJ035,Badminton racket,object,.jpg,6374dc79fd9e53b0362d48830e942e4b
images_OBJ035/OBJ035_090.jpg,OBJ035,Badminton racket,object,.jpg,fff0e5fecce04b6ce1034a994b2a9333
images_OBJ035/OBJ035_091.jpg,OBJ035,Badminton racket,object,.jpg,6af025e97e3bb6f09476c5011e551764
images_OBJ035/OBJ035_092.jpg,OBJ035,Badminton racket,object,.jpg,072cd9324996c439336ce60440792dd4
images_OBJ035/OBJ035_093.jpg,OBJ035,Badminton racket,object,.jpg,e55f79e12263965f1a7610c9a3556ee0
images_OBJ035/OBJ035_094.jpg,OBJ035,Badminton racket,object,.jpg,0563a071b4328125c4867aabf7b6984d
images_OBJ035/OBJ035_095.jpg,OBJ035,Badminton racket,object,.jpg,55789c3e51a7f88308119afedbd82303
images_OBJ035/OBJ035_bg_001.jpg,OBJ035,Badminton racket,background,.jpg,d42bcb203706bbad251fe65d45417c95
images_OBJ035/OBJ035_bg_002.jpg,OBJ035,Badminton racket,background,.jpg,376b7ea74fd7360349e4736399bc0025
images_OBJ035/OBJ035_bg_003.jpg,OBJ035,Badminton racket,background,.jpg,13bf11e2f94f99b18d830e79f89ce87f
images_OBJ035/OBJ035_bg_004.jpg,OBJ035,Badminton racket,background,.jpg,0298f9cdbd613387b1d4fb27cebef10f
images_OBJ035/OBJ035_bg_005.jpg,OBJ035,Badminton racket,background,.jpg,95d8600df2218b99c9417b5b69631bcc
images_OBJ036/OBJ036_001.jpg,OBJ036,Pencil case,object,.jpg,4a9568fcb840c09b04951d1a21ea4b28
images_OBJ036/OBJ036_002.jpg,OBJ036,Pencil case,object,.jpg,2bdc83a784b9876ed22d5a61bfc9484e
images_OBJ036/OBJ036_003.jpg,OBJ036,Pencil case,object,.jpg,01909917a974f54929e67483330e8c67
images_OBJ036/OBJ036_004.jpg,OBJ036,Pencil case,object,.jpg,8e845df756d009af819162a3ad679087
images_OBJ036/OBJ036_005.jpg,OBJ036,Pencil case,object,.jpg,4b5f678cd6bad1bdf6c11b7ca26628d9
images_OBJ036/OBJ036_006.jpg,OBJ036,Pencil case,object,.jpg,ccdeab185c82afa397e7d6118a1770a1
images_OBJ036/OBJ036_007.jpg,OBJ036,Pencil case,object,.jpg,bf92a0a8dec1611cd8269205425d8a04
images_OBJ036/OBJ036_008.jpg,OBJ036,Pencil case,object,.jpg,920dc0247342423fa4f94a001154cc69
images_OBJ036/OBJ036_009.jpg,OBJ036,Pencil case,object,.jpg,c1b85304c1526c03704681a30af92a3b
images_OBJ036/OBJ036_010.jpg,OBJ036,Pencil case,object,.jpg,70cf31db67bf7b321ded238cc59aa45c
images_OBJ036/OBJ036_011.jpg,OBJ036,Pencil case,object,.jpg,de2359445354b228757bfbcf7f143d1f
images_OBJ036/OBJ036_012.jpg,OBJ036,Pencil case,object,.jpg,699e1a2373b2064a94af98bfb901e88f
images_OBJ036/OBJ036_013.jpg,OBJ036,Pencil case,object,.jpg,d16ab9c03f53fd5840513759c6b68893
images_OBJ036/OBJ036_014.jpg,OBJ036,Pencil case,object,.jpg,e11f97653769f85f8e923b467d9e4066
images_OBJ036/OBJ036_015.jpg,OBJ036,Pencil case,object,.jpg,988e47e1a4953d45319a45c4cbb1f7eb
images_OBJ036/OBJ036_016.jpg,OBJ036,Pencil case,object,.jpg,50af98616019a039ba625719f1627346
images_OBJ036/OBJ036_017.jpg,OBJ036,Pencil case,object,.jpg,786c257bb57aae775677962f32e14653
images_OBJ036/OBJ036_018.jpg,OBJ036,Pencil case,object,.jpg,d8a03b91ca662ffd731b37472f043732
images_OBJ036/OBJ036_019.jpg,OBJ036,Pencil case,object,.jpg,9a4f77ee8e79bc00e651d9e2ae62baf3
images_OBJ036/OBJ036_020.jpg,OBJ036,Pencil case,object,.jpg,6301af6b2d109d047ec6be8319771897
images_OBJ036/OBJ036_021.jpg,OBJ036,Pencil case,object,.jpg,a468572a0e758f13da2e960c55bbe73b
images_OBJ036/OBJ036_022.jpg,OBJ036,Pencil case,object,.jpg,f6716c816dacd78cb76fef67eb41d95d
images_OBJ036/OBJ036_023.jpg,OBJ036,Pencil case,object,.jpg,e6dee717eb117cca87f889461953a76a
images_OBJ036/OBJ036_024.jpg,OBJ036,Pencil case,object,.jpg,7b8f68959c2d0342c62937ae80e8c561
images_OBJ036/OBJ036_025.jpg,OBJ036,Pencil case,object,.jpg,5de882e21fad25831a9b3f35dd68372e
images_OBJ036/OBJ036_026.jpg,OBJ036,Pencil case,object,.jpg,e2820bc6dfcc32f3a39c2e69f8b480ce
images_OBJ036/OBJ036_027.jpg,OBJ036,Pencil case,object,.jpg,520a01ff092ffc220e94d3b461bf7514
images_OBJ036/OBJ036_028.jpg,OBJ036,Pencil case,object,.jpg,d28d09dd5388bba2a4947675a71996fe
images_OBJ036/OBJ036_029.jpg,OBJ036,Pencil case,object,.jpg,fe1de553df24ec3d554e967277ec7564
images_OBJ036/OBJ036_030.jpg,OBJ036,Pencil case,object,.jpg,316e05a7142a6f2e931261c11872eb94
images_OBJ036/OBJ036_031.jpg,OBJ036,Pencil case,object,.jpg,c7faec2d9e93b7df6852e7099aa9b444
images_OBJ036/OBJ036_032.jpg,OBJ036,Pencil case,object,.jpg,1722bd7b5aa9a0404c0faf596d7883ba
images_OBJ036/OBJ036_033.jpg,OBJ036,Pencil case,object,.jpg,6e71788c05cbcbb23ebd7937a9f6df53
images_OBJ036/OBJ036_034.jpg,OBJ036,Pencil case,object,.jpg,ab19fb5984a7f7088b140e483d1fe322
images_OBJ036/OBJ036_035.jpg,OBJ036,Pencil case,object,.jpg,06b3cc501a538cffddcb1fad50cc4761
images_OBJ036/OBJ036_036.jpg,OBJ036,Pencil case,object,.jpg,0182a29ec9dc0de7921c8be036c6cde9
images_OBJ036/OBJ036_037.jpg,OBJ036,Pencil case,object,.jpg,00a795a47b2160738b8f8b977406f947
images_OBJ036/OBJ036_038.jpg,OBJ036,Pencil case,object,.jpg,ea1e5d3272a7cb6f461236c808c76fd6
images_OBJ036/OBJ036_039.jpg,OBJ036,Pencil case,object,.jpg,3ee125d785930e82668391809d1ee67e
images_OBJ036/OBJ036_040.jpg,OBJ036,Pencil case,object,.jpg,ee4a6901244fa5a33af96c5e0922b024
images_OBJ036/OBJ036_041.jpg,OBJ036,Pencil case,object,.jpg,e30f48bbf2a5a704352ef8e08bf079d0
images_OBJ036/OBJ036_042.jpg,OBJ036,Pencil case,object,.jpg,e0acb7b5faa2f77e0347fea662833f72
images_OBJ036/OBJ036_043.jpg,OBJ036,Pencil case,object,.jpg,cb28f5a58732df7a3f519fd8f246cff6
images_OBJ036/OBJ036_044.jpg,OBJ036,Pencil case,object,.jpg,a915b882f664580e79c778cafbaa95f8
images_OBJ036/OBJ036_045.jpg,OBJ036,Pencil case,object,.jpg,d2c1ee99af70966541048df3d4c5e9c8
images_OBJ036/OBJ036_046.jpg,OBJ036,Pencil case,object,.jpg,29e2d202dc1fc52ee666ad937f821e7a
images_OBJ036/OBJ036_047.jpg,OBJ036,Pencil case,object,.jpg,37d53d2222e1e6945a8041448ee9dbcc
images_OBJ036/OBJ036_048.jpg,OBJ036,Pencil case,object,.jpg,67ca88a16448f888027071f8595b513b
images_OBJ036/OBJ036_049.jpg,OBJ036,Pencil case,object,.jpg,8b1a1579cfb5539f8d70d1c257b3e5e5
images_OBJ036/OBJ036_050.jpg,OBJ036,Pencil case,object,.jpg,af6a0f73f6b3c183fe816eac6967c11c
images_OBJ036/OBJ036_051.jpg,OBJ036,Pencil case,object,.jpg,35383d2b7999b9ffdb89822b4dd322ad
images_OBJ036/OBJ036_052.jpg,OBJ036,Pencil case,object,.jpg,22a786f2b73335100e5503a2034ff108
images_OBJ036/OBJ036_053.jpg,OBJ036,Pencil case,object,.jpg,5973be2ec51ee182805071d2bed9d364
images_OBJ036/OBJ036_054.jpg,OBJ036,Pencil case,object,.jpg,82ea0552fa3332a0643a6212a46cf411
images_OBJ036/OBJ036_055.jpg,OBJ036,Pencil case,object,.jpg,24eb34365f1a00dd78cf6f6ccc6c33fc
images_OBJ036/OBJ036_056.jpg,OBJ036,Pencil case,object,.jpg,a3a2f8b180d9e8c5bd39f60f7aa299f9
images_OBJ036/OBJ036_057.jpg,OBJ036,Pencil case,object,.jpg,869579981f6d56cb37cc7d6d5c7e2d8e
images_OBJ036/OBJ036_058.jpg,OBJ036,Pencil case,object,.jpg,4a2078cbc0222bf61b2cc540a9b74543
images_OBJ036/OBJ036_059.jpg,OBJ036,Pencil case,object,.jpg,a6a1b846842a646e8137ab2b0c7799e2
images_OBJ036/OBJ036_060.jpg,OBJ036,Pencil case,object,.jpg,785629bb6b1938f0489fc9c69261df58
images_OBJ036/OBJ036_061.jpg,OBJ036,Pencil case,object,.jpg,98fd9e889155f1eacbbd080246b60ac8
images_OBJ036/OBJ036_062.jpg,OBJ036,Pencil case,object,.jpg,26199e577f620572ef9466693f533bfb
images_OBJ036/OBJ036_063.jpg,OBJ036,Pencil case,object,.jpg,68aeb60b3ad0c50921d5ead09960d412
images_OBJ036/OBJ036_064.jpg,OBJ036,Pencil case,object,.jpg,3529f801728cf991c175257ff2950b12
images_OBJ036/OBJ036_065.jpg,OBJ036,Pencil case,object,.jpg,03989456eec7bd5859eb24f6918bde0b
images_OBJ036/OBJ036_066.jpg,OBJ036,Pencil case,object,.jpg,9e2672c76ec059c3a3134a80c12bcd9e
images_OBJ036/OBJ036_067.jpg,OBJ036,Pencil case,object,.jpg,dc4fd67d34a47b7890a807e3904e072d
images_OBJ036/OBJ036_068.jpg,OBJ036,Pencil case,object,.jpg,d0f67553b553a7a67ccf4b13913c9ead
images_OBJ036/OBJ036_069.jpg,OBJ036,Pencil case,object,.jpg,eb44f47e25e14648eabd43ee4fa1793a
images_OBJ036/OBJ036_070.jpg,OBJ036,Pencil case,object,.jpg,d759c0aaedbeb658ac03cf5f498da95a
images_OBJ036/OBJ036_071.jpg,OBJ036,Pencil case,object,.jpg,fc4ac0c036a92faeb24f07724166c2f8
images_OBJ036/OBJ036_072.jpg,OBJ036,Pencil case,object,.jpg,99872b64d66afb4b90e134de60f61072
images_OBJ036/OBJ036_073.jpg,OBJ036,Pencil case,object,.jpg,e6e38febf9b82449f92ff84afc578320
images_OBJ036/OBJ036_074.jpg,OBJ036,Pencil case,object,.jpg,a740fb6ae1b3a3159e26a0b543088423
images_OBJ036/OBJ036_075.jpg,OBJ036,Pencil case,object,.jpg,8465b706d5b8c2c2ef752f143ba68e4e
images_OBJ036/OBJ036_076.jpg,OBJ036,Pencil case,object,.jpg,fafd3b0157f4db953fec5db0ff83207f
images_OBJ036/OBJ036_077.jpg,OBJ036,Pencil case,object,.jpg,f6528262d306cc5435b552443995197a
images_OBJ036/OBJ036_078.jpg,OBJ036,Pencil case,object,.jpg,d60e06bae26efe5614a1149d3cedcc99
images_OBJ036/OBJ036_079.jpg,OBJ036,Pencil case,object,.jpg,f31203cc254856412b1bfe35e856753d
images_OBJ036/OBJ036_080.jpg,OBJ036,Pencil case,object,.jpg,a87d7a8602be858c5590064a5b0abb2a
images_OBJ036/OBJ036_081.jpg,OBJ036,Pencil case,object,.jpg,a25bb9ae67afc608bcf527400e0358f7
images_OBJ036/OBJ036_082.jpg,OBJ036,Pencil case,object,.jpg,c7776010834f42d33d71d20ffdd2ec5e
images_OBJ036/OBJ036_083.jpg,OBJ036,Pencil case,object,.jpg,0523d0837fa177471d13e3e7bcf55885
images_OBJ036/OBJ036_084.jpg,OBJ036,Pencil case,object,.jpg,c05722b2368e8d0565d7f5998110a7c5
images_OBJ036/OBJ036_085.jpg,OBJ036,Pencil case,object,.jpg,d6f8cccef1b86d13d39fe74ab7607efb
images_OBJ036/OBJ036_086.jpg,OBJ036,Pencil case,object,.jpg,1eece3743bf8416c4bf76639c6914dc8
images_OBJ036/OBJ036_087.jpg,OBJ036,Pencil case,object,.jpg,7f516f93f8431ce6b5584adc6b91ad76
images_OBJ036/OBJ036_088.jpg,OBJ036,Pencil case,object,.jpg,8cf003d95728352ca895fcee0d88d48c
images_OBJ036/OBJ036_089.jpg,OBJ036,Pencil case,object,.jpg,d055923d019372a0c5cfd4b57ac4cf86
images_OBJ036/OBJ036_090.jpg,OBJ036,Pencil case,object,.jpg,a17e87891a94b43bd85b1e69f35f49f8
images_OBJ036/OBJ036_091.jpg,OBJ036,Pencil case,object,.jpg,5e94de13dd013da5f73d411852160c7a
images_OBJ036/OBJ036_092.jpg,OBJ036,Pencil case,object,.jpg,0048af0bde37216e3b3ade5b668de348
images_OBJ036/OBJ036_093.jpg,OBJ036,Pencil case,object,.jpg,e6e9567d3a43adef537d6dcc57957330
images_OBJ036/OBJ036_094.jpg,OBJ036,Pencil case,object,.jpg,21aa19b60f65d4effee161e6a45a24ef
images_OBJ036/OBJ036_095.jpg,OBJ036,Pencil case,object,.jpg,5e90205bab999a25a829c8afe6c69a08
images_OBJ036/OBJ036_bg_001.jpg,OBJ036,Pencil case,background,.jpg,9ee178cb23dc108a1746edfd434d7b07
images_OBJ036/OBJ036_bg_002.jpg,OBJ036,Pencil case,background,.jpg,56b91e38d6db3228fa9a08c30474ab15
images_OBJ036/OBJ036_bg_003.jpg,OBJ036,Pencil case,background,.jpg,25045c8adb133d6429901af349336443
images_OBJ036/OBJ036_bg_004.jpg,OBJ036,Pencil case,background,.jpg,fbeaec67128303fc83d23b3533b09fb4
images_OBJ036/OBJ036_bg_005.jpg,OBJ036,Pencil case,background,.jpg,a1867709beb72c3883b395125d3aedc7
images_OBJ037/OBJ037_001.jpg,OBJ037,Candle,object,.jpg,0821244af74c3e5ab253ff975265cebe
images_OBJ037/OBJ037_002.jpg,OBJ037,Candle,object,.jpg,5ef1fde09c6f783ccd36c35e1429ae78
images_OBJ037/OBJ037_003.jpg,OBJ037,Candle,object,.jpg,556b2bbdaada64aaa3416d888c2f9f5b
images_OBJ037/OBJ037_004.jpg,OBJ037,Candle,object,.jpg,ef9eb0385abe7b9fe6701db4760e12ca
images_OBJ037/OBJ037_005.jpg,OBJ037,Candle,object,.jpg,8866023b037f0ca4f7c3680aa75d9bdf
images_OBJ037/OBJ037_006.jpg,OBJ037,Candle,object,.jpg,2a71f8e5b49d1742b22f3a96c07cc287
images_OBJ037/OBJ037_007.jpg,OBJ037,Candle,object,.jpg,4c198f13db757143386e897092ef4bf3
images_OBJ037/OBJ037_008.jpg,OBJ037,Candle,object,.jpg,316096cf7b84ea6c9f06d7deb54df976
images_OBJ037/OBJ037_009.jpg,OBJ037,Candle,object,.jpg,a0ff804168252e76aca2225bbf7e4a7d
images_OBJ037/OBJ037_010.jpg,OBJ037,Candle,object,.jpg,92367830956a01052975183e8d090273
images_OBJ037/OBJ037_011.jpg,OBJ037,Candle,object,.jpg,29113200f82026bb88500c6831460664
images_OBJ037/OBJ037_012.jpg,OBJ037,Candle,object,.jpg,a67f05b8a40728d28f333e77181791cc
images_OBJ037/OBJ037_013.jpg,OBJ037,Candle,object,.jpg,ce8ce815fcd5ede8b1cd0eeb4a14a915
images_OBJ037/OBJ037_014.jpg,OBJ037,Candle,object,.jpg,74e6310702724382b72469f367e358d0
images_OBJ037/OBJ037_015.jpg,OBJ037,Candle,object,.jpg,8698906bcb4f59587747be596ef73f8f
images_OBJ037/OBJ037_016.jpg,OBJ037,Candle,object,.jpg,cfb9ed48e1c399dbd76ccf52095b5da4
images_OBJ037/OBJ037_017.jpg,OBJ037,Candle,object,.jpg,797457f91486c888431b75578145ee50
images_OBJ037/OBJ037_018.jpg,OBJ037,Candle,object,.jpg,bc0bdd45d9dad2067b10ccdd361a47a8
images_OBJ037/OBJ037_019.jpg,OBJ037,Candle,object,.jpg,572b284d53ca3965646a6909aaa8c856
images_OBJ037/OBJ037_020.jpg,OBJ037,Candle,object,.jpg,72e3575a803786c8ef3ddcd6a1ec39ba
images_OBJ037/OBJ037_021.jpg,OBJ037,Candle,object,.jpg,1ce1f77b24069a7b45fa396ab4c36b49
images_OBJ037/OBJ037_022.jpg,OBJ037,Candle,object,.jpg,b720065e7b7a4e155a201c01f75309e6
images_OBJ037/OBJ037_023.jpg,OBJ037,Candle,object,.jpg,f025e5b85344da30de0c68ca8bcfed6d
images_OBJ037/OBJ037_024.jpg,OBJ037,Candle,object,.jpg,93fd8286444cc9f5c8c372098e8ecbf5
images_OBJ037/OBJ037_025.jpg,OBJ037,Candle,object,.jpg,afcd293e23df49ae1054d57881a923c5
images_OBJ037/OBJ037_026.jpg,OBJ037,Candle,object,.jpg,81642be06867ea4cbe1c3c99a586c778
images_OBJ037/OBJ037_027.jpg,OBJ037,Candle,object,.jpg,551a0de40c363081ed27e9c8ae409287
images_OBJ037/OBJ037_028.jpg,OBJ037,Candle,object,.jpg,b2274d5d8eb1b8ca65e9f5969046c5f8
images_OBJ037/OBJ037_029.jpg,OBJ037,Candle,object,.jpg,f52806d8e72d02bbb2d4117be764de89
images_OBJ037/OBJ037_030.jpg,OBJ037,Candle,object,.jpg,37b618c4d21dfea12939e0ace0c0f6a8
images_OBJ037/OBJ037_031.jpg,OBJ037,Candle,object,.jpg,09f59d2c7a1097e9e7dfa31760a1add4
images_OBJ037/OBJ037_032.jpg,OBJ037,Candle,object,.jpg,5c3b48df41d1ddd9eeb356a9f82c9ff7
images_OBJ037/OBJ037_033.jpg,OBJ037,Candle,object,.jpg,da75c8d082a767f9cd219754048f9749
images_OBJ037/OBJ037_034.jpg,OBJ037,Candle,object,.jpg,c0c57ca22cc505d173f06f053d022b7e
images_OBJ037/OBJ037_035.jpg,OBJ037,Candle,object,.jpg,643f9312ac299760b47046d8baa79486
images_OBJ037/OBJ037_036.jpg,OBJ037,Candle,object,.jpg,e4cd2d31aa81a5207546e66fb4ff4ee4
images_OBJ037/OBJ037_037.jpg,OBJ037,Candle,object,.jpg,aec45889037febb4abbd697894a58585
images_OBJ037/OBJ037_038.jpg,OBJ037,Candle,object,.jpg,a38b2356bae479757a27441f53c1e53a
images_OBJ037/OBJ037_039.jpg,OBJ037,Candle,object,.jpg,7816dc3b47567d8ed363c2dea45b209e
images_OBJ037/OBJ037_040.jpg,OBJ037,Candle,object,.jpg,05a452d3a1881a86502664d6e22f35fd
images_OBJ037/OBJ037_041.jpg,OBJ037,Candle,object,.jpg,61b8bf75a1a7c34d2cbfa9efd7690843
images_OBJ037/OBJ037_042.jpg,OBJ037,Candle,object,.jpg,802bf37ec319b494649a829ea76e78f1
images_OBJ037/OBJ037_043.jpg,OBJ037,Candle,object,.jpg,e04b375876adadc731c3bb912fa2b0cf
images_OBJ037/OBJ037_044.jpg,OBJ037,Candle,object,.jpg,a331633ac75bb313809f9af88c334ec5
images_OBJ037/OBJ037_045.jpg,OBJ037,Candle,object,.jpg,a71272b36842f5856ac3d90539ecbd2d
images_OBJ037/OBJ037_046.jpg,OBJ037,Candle,object,.jpg,b2be342be87ba69f0ce737345c870c66
images_OBJ037/OBJ037_047.jpg,OBJ037,Candle,object,.jpg,264ca226ddf62f7f66b28cf5dbed1d7b
images_OBJ037/OBJ037_048.jpg,OBJ037,Candle,object,.jpg,51f787dc241eaf028867c8ed3274c203
images_OBJ037/OBJ037_049.jpg,OBJ037,Candle,object,.jpg,5eec0fbb174e640a3cdb57fe84dc1b78
images_OBJ037/OBJ037_050.jpg,OBJ037,Candle,object,.jpg,35b1c2973c597501a5f8765f11626522
images_OBJ037/OBJ037_051.jpg,OBJ037,Candle,object,.jpg,75e58191f7bd3aef1783550c57bca5dd
images_OBJ037/OBJ037_052.jpg,OBJ037,Candle,object,.jpg,4f6bf4211bf8a950c56daef699e0c353
images_OBJ037/OBJ037_053.jpg,OBJ037,Candle,object,.jpg,6e713a9217e57818e1427e646c485e74
images_OBJ037/OBJ037_054.jpg,OBJ037,Candle,object,.jpg,8d0f84ed40c43ddf24ef9a3a6b228198
images_OBJ037/OBJ037_055.jpg,OBJ037,Candle,object,.jpg,ceb1231d0e5b2d79398a9c3190a9fa07
images_OBJ037/OBJ037_056.jpg,OBJ037,Candle,object,.jpg,19e6ab1dda17a565c4364db53aaf6ce8
images_OBJ037/OBJ037_057.jpg,OBJ037,Candle,object,.jpg,3d94b3ef4928cb59521488d5acda4c18
images_OBJ037/OBJ037_058.jpg,OBJ037,Candle,object,.jpg,429e7ace0478d31fcf3e211ce2132eae
images_OBJ037/OBJ037_059.jpg,OBJ037,Candle,object,.jpg,9e97e2878d225b9d4b994bb194dd6fc8
images_OBJ037/OBJ037_060.jpg,OBJ037,Candle,object,.jpg,d974dab88261153f282a666a2286d533
images_OBJ037/OBJ037_061.jpg,OBJ037,Candle,object,.jpg,c14b3a04c4f4e91dc2a0ab9cf734cf41
images_OBJ037/OBJ037_062.jpg,OBJ037,Candle,object,.jpg,ba0ef74b75d441340e789ff541a31ef9
images_OBJ037/OBJ037_063.jpg,OBJ037,Candle,object,.jpg,c1da8816373a680a7941182cefc4f350
images_OBJ037/OBJ037_064.jpg,OBJ037,Candle,object,.jpg,5b495490d436d65c098728b2ec9baead
images_OBJ037/OBJ037_065.jpg,OBJ037,Candle,object,.jpg,fcca1297db850876c0a81d5379bb3d35
images_OBJ037/OBJ037_066.jpg,OBJ037,Candle,object,.jpg,e254bab024d4c15510927343449ee783
images_OBJ037/OBJ037_067.jpg,OBJ037,Candle,object,.jpg,b7576cdb7cb6c9a122caa188e2f0be28
images_OBJ037/OBJ037_068.jpg,OBJ037,Candle,object,.jpg,5617c58fc693950d2b9c3b1631dde44e
images_OBJ037/OBJ037_069.jpg,OBJ037,Candle,object,.jpg,2fb480d15797a381bcca57f8afbd41b6
images_OBJ037/OBJ037_070.jpg,OBJ037,Candle,object,.jpg,233be00a37184b049db34209e440a3a9
images_OBJ037/OBJ037_071.jpg,OBJ037,Candle,object,.jpg,35fab59ec5d9c27914196870fe6c3dcc
images_OBJ037/OBJ037_072.jpg,OBJ037,Candle,object,.jpg,5e470121b36f61303a8aa79744750ea0
images_OBJ037/OBJ037_073.jpg,OBJ037,Candle,object,.jpg,3c7b92424009de7b417943d6ee2e616b
images_OBJ037/OBJ037_074.jpg,OBJ037,Candle,object,.jpg,ae9829bf0767df4b97370cbfd75098ec
images_OBJ037/OBJ037_075.jpg,OBJ037,Candle,object,.jpg,4d6ccb092196fbdf46aac8e1ce321739
images_OBJ037/OBJ037_076.jpg,OBJ037,Candle,object,.jpg,59b19637e67d776ce049ee453184418f
images_OBJ037/OBJ037_077.jpg,OBJ037,Candle,object,.jpg,57cd0ab16829f080c007e4d9004d38d7
images_OBJ037/OBJ037_078.jpg,OBJ037,Candle,object,.jpg,76d9edc2292194e1b4002d27b2a4f6e5
images_OBJ037/OBJ037_079.jpg,OBJ037,Candle,object,.jpg,988c6a919003d238bb25c7fe2aa9f28a
images_OBJ037/OBJ037_080.jpg,OBJ037,Candle,object,.jpg,b9c58a978e20d639cfaa7b9ed793adbe
images_OBJ037/OBJ037_081.jpg,OBJ037,Candle,object,.jpg,cc8de370294434b98e584d01c5c78364
images_OBJ037/OBJ037_082.jpg,OBJ037,Candle,object,.jpg,24af1092308896fd1c298d7b5175445c
images_OBJ037/OBJ037_083.jpg,OBJ037,Candle,object,.jpg,8d3abd2f58c5ebeb5523f0bfc2141649
images_OBJ037/OBJ037_084.jpg,OBJ037,Candle,object,.jpg,a47e2d2531d9449fb538a74aa20a37ca
images_OBJ037/OBJ037_085.jpg,OBJ037,Candle,object,.jpg,26a45a64dd599537e671faa7228d9bc6
images_OBJ037/OBJ037_086.jpg,OBJ037,Candle,object,.jpg,8b5c1b9a36388c47406ad3f628bd8028
images_OBJ037/OBJ037_087.jpg,OBJ037,Candle,object,.jpg,bd7b6d05554a2b88e2172fea6ab76deb
images_OBJ037/OBJ037_088.jpg,OBJ037,Candle,object,.jpg,bdc1891d83322984870b45072744a154
images_OBJ037/OBJ037_089.jpg,OBJ037,Candle,object,.jpg,e82105ff03d4cf8c02c72900c58a35fc
images_OBJ037/OBJ037_090.jpg,OBJ037,Candle,object,.jpg,68221acaaa96b7dcf09ac9869d6b8fd0
images_OBJ037/OBJ037_091.jpg,OBJ037,Candle,object,.jpg,d358af592c4f63cd9ad8fc69d7dcfedd
images_OBJ037/OBJ037_092.jpg,OBJ037,Candle,object,.jpg,1993f608a7b742e42c4e1928ef14b3c6
images_OBJ037/OBJ037_093.jpg,OBJ037,Candle,object,.jpg,c1135285b757ba6f32ede98a42201ca1
images_OBJ037/OBJ037_094.jpg,OBJ037,Candle,object,.jpg,c9379a2772a4854273c725cc494851cc
images_OBJ037/OBJ037_095.jpg,OBJ037,Candle,object,.jpg,d136dfce6b8906c832042927be989016
images_OBJ037/OBJ037_bg_001.jpg,OBJ037,Candle,background,.jpg,b41cce8c427a0e2bcc6f7a943be56f34
images_OBJ037/OBJ037_bg_002.jpg,OBJ037,Candle,background,.jpg,ed3ed2699cc756e3454e1d6042f3b3f9
images_OBJ037/OBJ037_bg_003.jpg,OBJ037,Candle,background,.jpg,f3ecdb6405c1b66830a611091e565199
images_OBJ037/OBJ037_bg_004.jpg,OBJ037,Candle,background,.jpg,1daaa93c1761defb4897184d1043d6f7
images_OBJ037/OBJ037_bg_005.jpg,OBJ037,Candle,background,.jpg,9b281829fb210fa697846a1db1c41337
images_OBJ038/OBJ038_001.jpg,OBJ038,Perfume bottle,object,.jpg,24322d363aa0d394207a98bb48393a17
images_OBJ038/OBJ038_002.jpg,OBJ038,Perfume bottle,object,.jpg,130b9b6c454ac89febfdbbab69839ee0
images_OBJ038/OBJ038_003.jpg,OBJ038,Perfume bottle,object,.jpg,c3eb5c748522f4c700127a08079664f4
images_OBJ038/OBJ038_004.jpg,OBJ038,Perfume bottle,object,.jpg,e6a8d314087a9cc7f7460f830d3b026b
images_OBJ038/OBJ038_005.jpg,OBJ038,Perfume bottle,object,.jpg,2df384457070e44eb5f63948544923f3
images_OBJ038/OBJ038_006.jpg,OBJ038,Perfume bottle,object,.jpg,84a8dc454c4c77bc1c1175335eb9ed11
images_OBJ038/OBJ038_007.jpg,OBJ038,Perfume bottle,object,.jpg,28f59b0a902f31cb175cd0563350bdd6
images_OBJ038/OBJ038_008.jpg,OBJ038,Perfume bottle,object,.jpg,16725c8ac23ced009cdbeb06ce90026e
images_OBJ038/OBJ038_009.jpg,OBJ038,Perfume bottle,object,.jpg,c4bfe8d1cfbcf9ead8f4c4d04d229cf4
images_OBJ038/OBJ038_010.jpg,OBJ038,Perfume bottle,object,.jpg,c47a8527482e90763e7a9a4f0823f8dd
images_OBJ038/OBJ038_011.jpg,OBJ038,Perfume bottle,object,.jpg,a9bddab55d27d1d433a1920599ffb57e
images_OBJ038/OBJ038_012.jpg,OBJ038,Perfume bottle,object,.jpg,9678a0e5703f63d6a57f0814d757fede
images_OBJ038/OBJ038_013.jpg,OBJ038,Perfume bottle,object,.jpg,2fdbeac996e4d329fc2104503420133e
images_OBJ038/OBJ038_014.jpg,OBJ038,Perfume bottle,object,.jpg,7204799ba52f9cb3c5fa0388c41d386b
images_OBJ038/OBJ038_015.jpg,OBJ038,Perfume bottle,object,.jpg,7a2f79827dfb01e96a58056d55b1ed06
images_OBJ038/OBJ038_016.jpg,OBJ038,Perfume bottle,object,.jpg,5d3ebfed66438e6ef62646a8e4546c6b
images_OBJ038/OBJ038_017.jpg,OBJ038,Perfume bottle,object,.jpg,827076a828ad6f0d9786e53e47ed3552
images_OBJ038/OBJ038_018.jpg,OBJ038,Perfume bottle,object,.jpg,cac68b545af69bf680fc05bb6ef361f4
images_OBJ038/OBJ038_019.jpg,OBJ038,Perfume bottle,object,.jpg,d729437828a0b99fb869eac0bc06422a
images_OBJ038/OBJ038_020.jpg,OBJ038,Perfume bottle,object,.jpg,d5849bdd5f94dd956d48f466d1204a7a
images_OBJ038/OBJ038_021.jpg,OBJ038,Perfume bottle,object,.jpg,293832411e2cea4b9931311a3fecff17
images_OBJ038/OBJ038_022.jpg,OBJ038,Perfume bottle,object,.jpg,574ea819b331b5154a47061d4629e239
images_OBJ038/OBJ038_023.jpg,OBJ038,Perfume bottle,object,.jpg,adda1d22a2e06c619c4d82fdd71d90fd
images_OBJ038/OBJ038_024.jpg,OBJ038,Perfume bottle,object,.jpg,94bcc19a1fbc9789338aee82c4cdfa46
images_OBJ038/OBJ038_025.jpg,OBJ038,Perfume bottle,object,.jpg,d8bcab61d4dce2df1a5994c95a409f70
images_OBJ038/OBJ038_026.jpg,OBJ038,Perfume bottle,object,.jpg,8cce8736e82b5aaa8bb0059d87139724
images_OBJ038/OBJ038_027.jpg,OBJ038,Perfume bottle,object,.jpg,a9d3c568f7dfa935afac279fa7c1b127
images_OBJ038/OBJ038_028.jpg,OBJ038,Perfume bottle,object,.jpg,07b3cfcbc7433b0f86f3ec65d4e4f56e
images_OBJ038/OBJ038_029.jpg,OBJ038,Perfume bottle,object,.jpg,b1e04aadc694930c74976a0582e51bba
images_OBJ038/OBJ038_030.jpg,OBJ038,Perfume bottle,object,.jpg,6704f7d9ba2eb42f52e1667a71351118
images_OBJ038/OBJ038_031.jpg,OBJ038,Perfume bottle,object,.jpg,528325125f92db2b5cf087ead8db5148
images_OBJ038/OBJ038_032.jpg,OBJ038,Perfume bottle,object,.jpg,913ac997fca0308d2ef6a60edb38d67c
images_OBJ038/OBJ038_033.jpg,OBJ038,Perfume bottle,object,.jpg,b4132eaa88b9171c3689dc5f50ac1ef7
images_OBJ038/OBJ038_034.jpg,OBJ038,Perfume bottle,object,.jpg,441453d7fadd3ac0cde7157b5cb65ad0
images_OBJ038/OBJ038_035.jpg,OBJ038,Perfume bottle,object,.jpg,8d0088672880033cba62382f2a685d04
images_OBJ038/OBJ038_036.jpg,OBJ038,Perfume bottle,object,.jpg,3933a99a03b5225250506a2b3bd0a18e
images_OBJ038/OBJ038_037.jpg,OBJ038,Perfume bottle,object,.jpg,42b5eb3b6a7a4d6f621be7f042545b1a
images_OBJ038/OBJ038_038.jpg,OBJ038,Perfume bottle,object,.jpg,37896810d00acf5bcebbe2fcc4e1ad82
images_OBJ038/OBJ038_039.jpg,OBJ038,Perfume bottle,object,.jpg,084f525b77cf4b4fa41c73312c179161
images_OBJ038/OBJ038_040.jpg,OBJ038,Perfume bottle,object,.jpg,025e9c85630da154693f7dc3d6fb68f2
images_OBJ038/OBJ038_041.jpg,OBJ038,Perfume bottle,object,.jpg,b988a77530af377b1db52708f0e35bb2
images_OBJ038/OBJ038_042.jpg,OBJ038,Perfume bottle,object,.jpg,5e63af1e8ed84bf70c609a9c640d90dc
images_OBJ038/OBJ038_043.jpg,OBJ038,Perfume bottle,object,.jpg,42b904b5f029da95245b4c18dfe74755
images_OBJ038/OBJ038_044.jpg,OBJ038,Perfume bottle,object,.jpg,a130942c76a0416ed105728ddbbc0a07
images_OBJ038/OBJ038_045.jpg,OBJ038,Perfume bottle,object,.jpg,7d9bbfbeba50e0b72860670f71e85c4f
images_OBJ038/OBJ038_046.jpg,OBJ038,Perfume bottle,object,.jpg,be4c19dce7d0f89d25476a1362b043e0
images_OBJ038/OBJ038_047.jpg,OBJ038,Perfume bottle,object,.jpg,6b531b15c31980c78420be06de9f6b65
images_OBJ038/OBJ038_048.jpg,OBJ038,Perfume bottle,object,.jpg,6ca3f888880fc1547379f88ac97e8125
images_OBJ038/OBJ038_049.jpg,OBJ038,Perfume bottle,object,.jpg,8c7877f8f342bf562c90976bb2cf4aa2
images_OBJ038/OBJ038_050.jpg,OBJ038,Perfume bottle,object,.jpg,9ba593cc6b5654afe3c6687ad895c91c
images_OBJ038/OBJ038_051.jpg,OBJ038,Perfume bottle,object,.jpg,df0ed54c9b0460730d354ae9e7caf3a4
images_OBJ038/OBJ038_052.jpg,OBJ038,Perfume bottle,object,.jpg,a40aa915546294312d35e8460b804141
images_OBJ038/OBJ038_053.jpg,OBJ038,Perfume bottle,object,.jpg,2664285cdefebf2a2b10d9ff949d024d
images_OBJ038/OBJ038_054.jpg,OBJ038,Perfume bottle,object,.jpg,e65288e0e2a1fe314dbcd927c1a7a3f5
images_OBJ038/OBJ038_055.jpg,OBJ038,Perfume bottle,object,.jpg,407327a389d2999724d1956aaef5a792
images_OBJ038/OBJ038_056.jpg,OBJ038,Perfume bottle,object,.jpg,f99b59d716c97b56e61191c3490e2595
images_OBJ038/OBJ038_057.jpg,OBJ038,Perfume bottle,object,.jpg,1b80d8ddbbc3ef549ce43ce14b10cbcf
images_OBJ038/OBJ038_058.jpg,OBJ038,Perfume bottle,object,.jpg,24ede3e14d89c639e761fa9449e6bc25
images_OBJ038/OBJ038_059.jpg,OBJ038,Perfume bottle,object,.jpg,0080e77d3157673535499a78080852e5
images_OBJ038/OBJ038_060.jpg,OBJ038,Perfume bottle,object,.jpg,6913dcbc195841d7bbe4d1cccccc2aaf
images_OBJ038/OBJ038_061.jpg,OBJ038,Perfume bottle,object,.jpg,18c5f627750b8173f8d896fa40758abc
images_OBJ038/OBJ038_062.jpg,OBJ038,Perfume bottle,object,.jpg,f999f4b94043308152f10ce3a12a7994
images_OBJ038/OBJ038_063.jpg,OBJ038,Perfume bottle,object,.jpg,8516b16b35833de4053975e7d2c4b90d
images_OBJ038/OBJ038_064.jpg,OBJ038,Perfume bottle,object,.jpg,6b39e0cab63443642b1520f89941b890
images_OBJ038/OBJ038_065.jpg,OBJ038,Perfume bottle,object,.jpg,e5472de2b5641dc82e141efd6d6c3bf0
images_OBJ038/OBJ038_066.jpg,OBJ038,Perfume bottle,object,.jpg,e09a81d625facfe211b76a766953be7f
images_OBJ038/OBJ038_067.jpg,OBJ038,Perfume bottle,object,.jpg,93bec7545a04b861147b5d4a1c48b731
images_OBJ038/OBJ038_068.jpg,OBJ038,Perfume bottle,object,.jpg,9fe699042264195b728ec222d7b720c5
images_OBJ038/OBJ038_069.jpg,OBJ038,Perfume bottle,object,.jpg,24fbd3ddd1db1b5e197ebb302614730e
images_OBJ038/OBJ038_070.jpg,OBJ038,Perfume bottle,object,.jpg,a8decc0a88f8ee6effb1ca9a4d74f073
images_OBJ038/OBJ038_071.jpg,OBJ038,Perfume bottle,object,.jpg,f77e58852d414899f090fc2a3830ae47
images_OBJ038/OBJ038_072.jpg,OBJ038,Perfume bottle,object,.jpg,1d9bf07289c8f73f1343b1874f9b4a92
images_OBJ038/OBJ038_073.jpg,OBJ038,Perfume bottle,object,.jpg,dabdcb8b681998a61cec070c7f1f16de
images_OBJ038/OBJ038_074.jpg,OBJ038,Perfume bottle,object,.jpg,9167fdf745a2ca7186b4217ae6080c0f
images_OBJ038/OBJ038_075.jpg,OBJ038,Perfume bottle,object,.jpg,d258fc69fafe63436812a813dea55a62
images_OBJ038/OBJ038_076.jpg,OBJ038,Perfume bottle,object,.jpg,1b5fd358da2e43bdc46167e4e33ae6eb
images_OBJ038/OBJ038_077.jpg,OBJ038,Perfume bottle,object,.jpg,a13c5ade4045106ca6112285b57a899f
images_OBJ038/OBJ038_078.jpg,OBJ038,Perfume bottle,object,.jpg,b90d8e73ab65baf568982dad1fc82633
images_OBJ038/OBJ038_079.jpg,OBJ038,Perfume bottle,object,.jpg,f1a49698867c6d76347bcdac2c40b646
images_OBJ038/OBJ038_080.jpg,OBJ038,Perfume bottle,object,.jpg,94c9efbc155f340e5ebf26a9dcb05410
images_OBJ038/OBJ038_081.jpg,OBJ038,Perfume bottle,object,.jpg,7f92ee612d781d3cffd0d1b1e8d05f07
images_OBJ038/OBJ038_082.jpg,OBJ038,Perfume bottle,object,.jpg,9b2004836a6c46d2aec62c9408810529
images_OBJ038/OBJ038_083.jpg,OBJ038,Perfume bottle,object,.jpg,b26bb5b6fb993b4fc890d397c5fecff4
images_OBJ038/OBJ038_084.jpg,OBJ038,Perfume bottle,object,.jpg,69f0dbe0bb443776455cd829a5531c0b
images_OBJ038/OBJ038_085.jpg,OBJ038,Perfume bottle,object,.jpg,fd02077bbf4ac2c73ec06f1f89d61a0f
images_OBJ038/OBJ038_086.jpg,OBJ038,Perfume bottle,object,.jpg,1a984a906f8c667b80d684ea58ebd0e4
images_OBJ038/OBJ038_087.jpg,OBJ038,Perfume bottle,object,.jpg,f6ec9f1d727bbe55515e92ae56d80d2e
images_OBJ038/OBJ038_088.jpg,OBJ038,Perfume bottle,object,.jpg,e28588c213fb8a9f082105b217761239
images_OBJ038/OBJ038_089.jpg,OBJ038,Perfume bottle,object,.jpg,b09804e20d6928ecf420918646c69488
images_OBJ038/OBJ038_090.jpg,OBJ038,Perfume bottle,object,.jpg,87661515846bc5ef97e398f7990f39ca
images_OBJ038/OBJ038_091.jpg,OBJ038,Perfume bottle,object,.jpg,2ee9d9156ff640583882ced6fc1f4c2b
images_OBJ038/OBJ038_092.jpg,OBJ038,Perfume bottle,object,.jpg,22a2f95da64bbb3e43da16a83779c3c2
images_OBJ038/OBJ038_093.jpg,OBJ038,Perfume bottle,object,.jpg,34301f5eb4226e09aed064f6df40ce69
images_OBJ038/OBJ038_094.jpg,OBJ038,Perfume bottle,object,.jpg,28dacb96a27ef52aa8a4c32a124a40d5
images_OBJ038/OBJ038_095.jpg,OBJ038,Perfume bottle,object,.jpg,3699e3aaf4f117cebeeac2b77c447e2a
images_OBJ038/OBJ038_bg_001.jpg,OBJ038,Perfume bottle,background,.jpg,1528bddf2ded2dab9ff2a97d054de79c
images_OBJ038/OBJ038_bg_002.jpg,OBJ038,Perfume bottle,background,.jpg,f53a06abf50307631779bd0ffb668485
images_OBJ038/OBJ038_bg_003.jpg,OBJ038,Perfume bottle,background,.jpg,eaef37de26e34d62b5ee9b3556b1a125
images_OBJ038/OBJ038_bg_004.jpg,OBJ038,Perfume bottle,background,.jpg,72656b2bfe1eb7f1e4b949ae6a4180f6
images_OBJ038/OBJ038_bg_005.jpg,OBJ038,Perfume bottle,background,.jpg,2cf6401c130b7cc12c08f03383cc6a8a
images_OBJ039/OBJ039_001.jpg,OBJ039,Scissors,object,.jpg,258ec86cdee5eb436b73464204a71bec
images_OBJ039/OBJ039_002.jpg,OBJ039,Scissors,object,.jpg,1687989c01847d6b62f86200c30fcebe
images_OBJ039/OBJ039_003.jpg,OBJ039,Scissors,object,.jpg,607fdfa6c4abed923bfd6b4f4d7be1c8
images_OBJ039/OBJ039_004.jpg,OBJ039,Scissors,object,.jpg,5bc66cef477e6ffe4004f54d71c7917e
images_OBJ039/OBJ039_005.jpg,OBJ039,Scissors,object,.jpg,e5d6e940199100059fa48f7ace9fcca3
images_OBJ039/OBJ039_006.jpg,OBJ039,Scissors,object,.jpg,d92bf21f6749c45aaee955e9a21efb3e
images_OBJ039/OBJ039_007.jpg,OBJ039,Scissors,object,.jpg,7f38c225ffccb6676a2c7782503fb487
images_OBJ039/OBJ039_008.jpg,OBJ039,Scissors,object,.jpg,30b0fc560648fad5f53c64dbafa7b076
images_OBJ039/OBJ039_009.jpg,OBJ039,Scissors,object,.jpg,2116f2c3ee9bc75ebb465ab71bbe5db1
images_OBJ039/OBJ039_010.jpg,OBJ039,Scissors,object,.jpg,1a4ac9cb1a5bb98e5ac8fbaa6ac8fbf7
images_OBJ039/OBJ039_011.jpg,OBJ039,Scissors,object,.jpg,36d17677c6ecdbc5db3b97c03e311d43
images_OBJ039/OBJ039_012.jpg,OBJ039,Scissors,object,.jpg,1a1e2d95a3f3563494c64568761cf42e
images_OBJ039/OBJ039_013.jpg,OBJ039,Scissors,object,.jpg,4ec442574049a72f4901fa9c380a3ec3
images_OBJ039/OBJ039_014.jpg,OBJ039,Scissors,object,.jpg,b7b090ec508e3a90ce93f074de378ee6
images_OBJ039/OBJ039_015.jpg,OBJ039,Scissors,object,.jpg,001723d18930003f8941d7a71d3ccaa6
images_OBJ039/OBJ039_016.jpg,OBJ039,Scissors,object,.jpg,9cf63a23a1ca8886a05f307b9aab38a7
images_OBJ039/OBJ039_017.jpg,OBJ039,Scissors,object,.jpg,0bea89f029a06e5f653bf53ca17fe980
images_OBJ039/OBJ039_018.jpg,OBJ039,Scissors,object,.jpg,40cc66846748b35a7d86b8c7db0e9ab9
images_OBJ039/OBJ039_019.jpg,OBJ039,Scissors,object,.jpg,ed54f7bf2bba215a8676008b91e9c548
images_OBJ039/OBJ039_020.jpg,OBJ039,Scissors,object,.jpg,d408f64d0d60f892cacf36293e3b411a
images_OBJ039/OBJ039_021.jpg,OBJ039,Scissors,object,.jpg,c1af519309b64800fcc5392a6db3ebde
images_OBJ039/OBJ039_022.jpg,OBJ039,Scissors,object,.jpg,9feafa37717e91077dd96a8aa61feeb1
images_OBJ039/OBJ039_023.jpg,OBJ039,Scissors,object,.jpg,160e3d0baaab6f7c7bb88111b55ba94c
images_OBJ039/OBJ039_024.jpg,OBJ039,Scissors,object,.jpg,2a225d21e50bde7af0c6a2caf183dcdf
images_OBJ039/OBJ039_025.jpg,OBJ039,Scissors,object,.jpg,82016ae3666b5ab16ce24a4583ef32f3
images_OBJ039/OBJ039_026.jpg,OBJ039,Scissors,object,.jpg,e723112f0d541f128ae0e9fa1123b58c
images_OBJ039/OBJ039_027.jpg,OBJ039,Scissors,object,.jpg,bc00c38cf29b192388dacff72a62e151
images_OBJ039/OBJ039_028.jpg,OBJ039,Scissors,object,.jpg,f3ff28b3e7330e82cbc581608fb06e2d
images_OBJ039/OBJ039_029.jpg,OBJ039,Scissors,object,.jpg,4ce1c1a044207ecee6876830f394e587
images_OBJ039/OBJ039_030.jpg,OBJ039,Scissors,object,.jpg,4aef61c4d9057151df01b1be0bfb195d
images_OBJ039/OBJ039_031.jpg,OBJ039,Scissors,object,.jpg,99bf360137046abdb591abde222f1ab7
images_OBJ039/OBJ039_032.jpg,OBJ039,Scissors,object,.jpg,b7b961266de8f5fadc8c8d8262e1d4a2
images_OBJ039/OBJ039_033.jpg,OBJ039,Scissors,object,.jpg,5f1e3f92665a8033f1ebe8215825b810
images_OBJ039/OBJ039_034.jpg,OBJ039,Scissors,object,.jpg,92b7caa137c1392c5171ca88c4305014
images_OBJ039/OBJ039_035.jpg,OBJ039,Scissors,object,.jpg,d7f8124fe5af6f9e4b4198cc2b866a36
images_OBJ039/OBJ039_036.jpg,OBJ039,Scissors,object,.jpg,039e13876761cd7d7e371b5d667f1e81
images_OBJ039/OBJ039_037.jpg,OBJ039,Scissors,object,.jpg,d03154d1b6efe29b27791aa3ca5f9227
images_OBJ039/OBJ039_038.jpg,OBJ039,Scissors,object,.jpg,716ea5caff1c2593c51c2d45f7befab4
images_OBJ039/OBJ039_039.jpg,OBJ039,Scissors,object,.jpg,655227b7754b85bb7885c1fd4ba68b94
images_OBJ039/OBJ039_040.jpg,OBJ039,Scissors,object,.jpg,9ac4e7182174e9e8353eecdd4f791d80
images_OBJ039/OBJ039_041.jpg,OBJ039,Scissors,object,.jpg,0dec22f5f1e04eac8dc30e861c3f4fb2
images_OBJ039/OBJ039_042.jpg,OBJ039,Scissors,object,.jpg,2bb299c5277a9be35e16e228a1aeaa50
images_OBJ039/OBJ039_043.jpg,OBJ039,Scissors,object,.jpg,c559b3d089fc201cd929ea3e295ad205
images_OBJ039/OBJ039_044.jpg,OBJ039,Scissors,object,.jpg,4b878d0d1b79227a54685bd7c29a5dbc
images_OBJ039/OBJ039_045.jpg,OBJ039,Scissors,object,.jpg,4e4d48ad3959c434997a5b2924cbfdb7
images_OBJ039/OBJ039_046.jpg,OBJ039,Scissors,object,.jpg,c0018b8b215f34d8c9085970d0993ece
images_OBJ039/OBJ039_047.jpg,OBJ039,Scissors,object,.jpg,c5e08480c3cc4b17eec1ad2bc36fcf0f
images_OBJ039/OBJ039_048.jpg,OBJ039,Scissors,object,.jpg,62472a2a4f36ffa9a3b7ed2e2151e454
images_OBJ039/OBJ039_049.jpg,OBJ039,Scissors,object,.jpg,3698c4a497fa8ad3067f71048fdffdc7
images_OBJ039/OBJ039_050.jpg,OBJ039,Scissors,object,.jpg,5faaec8116a81fd07018c01163dfcf41
images_OBJ039/OBJ039_051.jpg,OBJ039,Scissors,object,.jpg,9b40977ff5dbcfc0090183415f4e841d
images_OBJ039/OBJ039_052.jpg,OBJ039,Scissors,object,.jpg,d20beef88380ff313a11804e9514d6d5
images_OBJ039/OBJ039_053.jpg,OBJ039,Scissors,object,.jpg,e971bdd507d0d8efb0afa8643f64b96d
images_OBJ039/OBJ039_054.jpg,OBJ039,Scissors,object,.jpg,42f58981b8da8a72ac08e4a10d073f0c
images_OBJ039/OBJ039_055.jpg,OBJ039,Scissors,object,.jpg,d9ea86171c23238753a5335d8592cb41
images_OBJ039/OBJ039_056.jpg,OBJ039,Scissors,object,.jpg,3dce6e72538d1b777b252317c9a2a7ff
images_OBJ039/OBJ039_057.jpg,OBJ039,Scissors,object,.jpg,09e54336740ae6b2d0fdc348c65067af
images_OBJ039/OBJ039_058.jpg,OBJ039,Scissors,object,.jpg,ae73417ae364118a6520d6373be6af28
images_OBJ039/OBJ039_059.jpg,OBJ039,Scissors,object,.jpg,e54fbedb246f1947819b2555de0b68b1
images_OBJ039/OBJ039_060.jpg,OBJ039,Scissors,object,.jpg,c912489615e903eb2aa5aa82429c6fec
images_OBJ039/OBJ039_061.jpg,OBJ039,Scissors,object,.jpg,bfe888a8d1272b955289e966517a0986
images_OBJ039/OBJ039_062.jpg,OBJ039,Scissors,object,.jpg,48f2680918abf6d4cac9952464137f34
images_OBJ039/OBJ039_063.jpg,OBJ039,Scissors,object,.jpg,95b4422bf828c9e9da6866f37c93f064
images_OBJ039/OBJ039_064.jpg,OBJ039,Scissors,object,.jpg,42ec0ba387354bd00a68ddba647c3e0f
images_OBJ039/OBJ039_065.jpg,OBJ039,Scissors,object,.jpg,c9d1837b0f66407a222502144af19eef
images_OBJ039/OBJ039_066.jpg,OBJ039,Scissors,object,.jpg,21a3b2a111b616caeee6af00e270fb92
images_OBJ039/OBJ039_067.jpg,OBJ039,Scissors,object,.jpg,887b56184ffc8319dfa1ad6dfc9997c7
images_OBJ039/OBJ039_068.jpg,OBJ039,Scissors,object,.jpg,4016860e4e1240386220b6165627242a
images_OBJ039/OBJ039_069.jpg,OBJ039,Scissors,object,.jpg,26867786b057145b32b76ac74dfae024
images_OBJ039/OBJ039_070.jpg,OBJ039,Scissors,object,.jpg,a187b1e5133af16accf7c0908020750d
images_OBJ039/OBJ039_071.jpg,OBJ039,Scissors,object,.jpg,e1ac2466237e7744451d0f1f91d9ee96
images_OBJ039/OBJ039_072.jpg,OBJ039,Scissors,object,.jpg,fbaddef5892a2317e53a1eba1ea39538
images_OBJ039/OBJ039_073.jpg,OBJ039,Scissors,object,.jpg,b7fd417fcdebd144f5062c866d54f059
images_OBJ039/OBJ039_074.jpg,OBJ039,Scissors,object,.jpg,08eb10361fb58bd41f61b6dce7392d15
images_OBJ039/OBJ039_075.jpg,OBJ039,Scissors,object,.jpg,1101dd998344c5ce7b0b9af6f44194c0
images_OBJ039/OBJ039_076.jpg,OBJ039,Scissors,object,.jpg,751f9bcdc1bd9e7375267fd94d0b1165
images_OBJ039/OBJ039_077.jpg,OBJ039,Scissors,object,.jpg,910563ac85f5540c26d63efd61311527
images_OBJ039/OBJ039_078.jpg,OBJ039,Scissors,object,.jpg,2e42badde90b6ae1d3dd431fb8aaef5b
images_OBJ039/OBJ039_079.jpg,OBJ039,Scissors,object,.jpg,41409c60e3e621795ca5bb6d1d12ec0e
images_OBJ039/OBJ039_080.jpg,OBJ039,Scissors,object,.jpg,a5ee74d5b2cd4d4143df6fba033795ef
images_OBJ039/OBJ039_081.jpg,OBJ039,Scissors,object,.jpg,d1be65fb336d7f1dc1cc07e4b0e447ba
images_OBJ039/OBJ039_082.jpg,OBJ039,Scissors,object,.jpg,7e494c22102a519624518f9175490651
images_OBJ039/OBJ039_083.jpg,OBJ039,Scissors,object,.jpg,c27be4b8f3a06f2251e9188c06c5dcd7
images_OBJ039/OBJ039_084.jpg,OBJ039,Scissors,object,.jpg,0a375dbc6df37480eb8dcb5b0c146ea2
images_OBJ039/OBJ039_085.jpg,OBJ039,Scissors,object,.jpg,6d283e5b4c0e10985c39ba1dae09545a
images_OBJ039/OBJ039_086.jpg,OBJ039,Scissors,object,.jpg,2d8d408780351bdecc0668833a634a56
images_OBJ039/OBJ039_087.jpg,OBJ039,Scissors,object,.jpg,f629de2471dd7bcb1c3fa45251c5bd0b
images_OBJ039/OBJ039_088.jpg,OBJ039,Scissors,object,.jpg,39b92dbc96a36ee331f7ed83b1094fe2
images_OBJ039/OBJ039_089.jpg,OBJ039,Scissors,object,.jpg,69d2c6990ea1f91f3995ab9849b4f8c8
images_OBJ039/OBJ039_090.jpg,OBJ039,Scissors,object,.jpg,2f8cd884abb1595bbd8a548eb78406b5
images_OBJ039/OBJ039_091.jpg,OBJ039,Scissors,object,.jpg,b91ef98d2f472b41dce2aff732dc89fa
images_OBJ039/OBJ039_092.jpg,OBJ039,Scissors,object,.jpg,c1bf90c5d71cbb203290c687f40f2c55
images_OBJ039/OBJ039_093.jpg,OBJ039,Scissors,object,.jpg,706db39d9309cda255f369e7f3688167
images_OBJ039/OBJ039_094.jpg,OBJ039,Scissors,object,.jpg,e5f2824e71fd87f8fca410ec90b2b16f
images_OBJ039/OBJ039_095.jpg,OBJ039,Scissors,object,.jpg,2e5eb54827fd4fcce044b22270a00560
images_OBJ039/OBJ039_bg_001.jpg,OBJ039,Scissors,background,.jpg,5ff1d802c7f2d4feacb02d1be889d270
images_OBJ039/OBJ039_bg_002.jpg,OBJ039,Scissors,background,.jpg,9004a7f19b19377a112de88b48176157
images_OBJ039/OBJ039_bg_003.jpg,OBJ039,Scissors,background,.jpg,44aa94a5c7b6d47a7a5afc7f63e328af
images_OBJ039/OBJ039_bg_004.jpg,OBJ039,Scissors,background,.jpg,3cf8cc483ef2f846c1762e0309ccfc49
images_OBJ039/OBJ039_bg_005.jpg,OBJ039,Scissors,background,.jpg,f38ce6df8dfa8941f723fe20ed9c96b0
images_OBJ040/OBJ040_001.JPG,OBJ040,Clutcher,object,.jpg,15daf6d133c560838016960d7c59459b
images_OBJ040/OBJ040_002.JPG,OBJ040,Clutcher,object,.jpg,5779ac614a2144cc0a554e176a7a040b
images_OBJ040/OBJ040_003.JPG,OBJ040,Clutcher,object,.jpg,f02620238e5bd810e6cbb8280fcf9d56
images_OBJ040/OBJ040_004.JPG,OBJ040,Clutcher,object,.jpg,5ac29906ffe73e0ce44dafd9dce0cf3b
images_OBJ040/OBJ040_005.JPG,OBJ040,Clutcher,object,.jpg,acf0ff6e3da7d8ab58b5b48ef6c2399c
images_OBJ040/OBJ040_006.JPG,OBJ040,Clutcher,object,.jpg,662b9db3792d936506816bbc19e202db
images_OBJ040/OBJ040_007.JPG,OBJ040,Clutcher,object,.jpg,f37288a9f2bd9aab6597f5d7c0b3ccb1
images_OBJ040/OBJ040_008.JPG,OBJ040,Clutcher,object,.jpg,83319f4dac389f9c5c1269c575e88231
images_OBJ040/OBJ040_009.JPG,OBJ040,Clutcher,object,.jpg,a7e840fc2c1a57170abb5449842cbe9b
images_OBJ040/OBJ040_010.JPG,OBJ040,Clutcher,object,.jpg,e3b90d1da1a34d57bfa39d66f2f6c7e6
images_OBJ040/OBJ040_011.JPG,OBJ040,Clutcher,object,.jpg,9803e5d17ef2d188b96edbddf0bbd960
images_OBJ040/OBJ040_012.JPG,OBJ040,Clutcher,object,.jpg,2a48886667a108e4ee4256795b0306ab
images_OBJ040/OBJ040_013.JPG,OBJ040,Clutcher,object,.jpg,239a734330ae4535c5d77b2701b3960d
images_OBJ040/OBJ040_014.JPG,OBJ040,Clutcher,object,.jpg,89936939c83d4a4c35d2e0e6c06a0ced
images_OBJ040/OBJ040_015.JPG,OBJ040,Clutcher,object,.jpg,6cbe80e1f9f74767ed90dd2ffdc3a47e
images_OBJ040/OBJ040_016.JPG,OBJ040,Clutcher,object,.jpg,e81d090423ae4e091152708f6470c11e
images_OBJ040/OBJ040_017.JPG,OBJ040,Clutcher,object,.jpg,0ad794d894a7834e88ba0c76199e6ea8
images_OBJ040/OBJ040_018.JPG,OBJ040,Clutcher,object,.jpg,2c1a694abee6bffa835ff7d01c4a2233
images_OBJ040/OBJ040_019.JPG,OBJ040,Clutcher,object,.jpg,11fc670c39186e0dd9e157d61bd97e67
images_OBJ040/OBJ040_020.JPG,OBJ040,Clutcher,object,.jpg,5b855756b95fc9a1291c369fdc1a6108
images_OBJ040/OBJ040_021.JPG,OBJ040,Clutcher,object,.jpg,ac17716e9d947a8d266bbe5206dc0936
images_OBJ040/OBJ040_022.JPG,OBJ040,Clutcher,object,.jpg,e20073b16819cec049a669e616f58a96
images_OBJ040/OBJ040_023.JPG,OBJ040,Clutcher,object,.jpg,107d7ab5adf70c8b6af9c4ab69e9a5bf
images_OBJ040/OBJ040_024.JPG,OBJ040,Clutcher,object,.jpg,1935757dc4eb25cdd88d5e88619774f8
images_OBJ040/OBJ040_025.JPG,OBJ040,Clutcher,object,.jpg,21c1008fd713f9724c26864f7ea69e82
images_OBJ040/OBJ040_026.JPG,OBJ040,Clutcher,object,.jpg,3e649e28b5c0b6f59c88064f420b2fe0
images_OBJ040/OBJ040_027.JPG,OBJ040,Clutcher,object,.jpg,6baaa225e5053159688c6d85dcd3f319
images_OBJ040/OBJ040_028.JPG,OBJ040,Clutcher,object,.jpg,984813987d97ebf21a78fad13f4b29d2
images_OBJ040/OBJ040_029.JPG,OBJ040,Clutcher,object,.jpg,00490a3808d6b4a66101075d3495882c
images_OBJ040/OBJ040_030.JPG,OBJ040,Clutcher,object,.jpg,8e7c2c16323e4b231f2acebf754f7352
images_OBJ040/OBJ040_031.JPG,OBJ040,Clutcher,object,.jpg,d6844cf6e27cbd752f5f7b09d0b00470
images_OBJ040/OBJ040_032.JPG,OBJ040,Clutcher,object,.jpg,eb75626cddbad996b9def9dcd55960eb
images_OBJ040/OBJ040_033.JPG,OBJ040,Clutcher,object,.jpg,a96c3e537680008c518dda86bd26ad88
images_OBJ040/OBJ040_034.JPG,OBJ040,Clutcher,object,.jpg,94a6872850d2ccff07c1b3c3c6e2174c
images_OBJ040/OBJ040_035.JPG,OBJ040,Clutcher,object,.jpg,7fd0d152fdbd95f81e2f80b8d4b06aee
images_OBJ040/OBJ040_036.JPG,OBJ040,Clutcher,object,.jpg,ca9c4a06ed5a404e9945abdae0c4f9a6
images_OBJ040/OBJ040_037.JPG,OBJ040,Clutcher,object,.jpg,e0eeb87134a794bceee2179aaf8681a6
images_OBJ040/OBJ040_038.JPG,OBJ040,Clutcher,object,.jpg,f65676053b63b439a9196442c14eb1c8
images_OBJ040/OBJ040_039.JPG,OBJ040,Clutcher,object,.jpg,074d5a8e8cc7f52489ad2a9f20170590
images_OBJ040/OBJ040_040.JPG,OBJ040,Clutcher,object,.jpg,d8c0ad4085e7940eb58c388b95518bfa
images_OBJ040/OBJ040_041.JPG,OBJ040,Clutcher,object,.jpg,ea3dd06e3827ff468783ce12d0945d0e
images_OBJ040/OBJ040_042.JPG,OBJ040,Clutcher,object,.jpg,77591c5d174c0f8d3016dc72a3b55103
images_OBJ040/OBJ040_043.JPG,OBJ040,Clutcher,object,.jpg,eb54d077e0a345e993291670d88ab5f3
images_OBJ040/OBJ040_044.JPG,OBJ040,Clutcher,object,.jpg,c1a143255b8efd72181ee63facf879db
images_OBJ040/OBJ040_045.JPG,OBJ040,Clutcher,object,.jpg,0fbaab161155232e1ba9c6f2176e9c25
images_OBJ040/OBJ040_046.JPG,OBJ040,Clutcher,object,.jpg,66f4e5da272507bca014045277d21a25
images_OBJ040/OBJ040_047.JPG,OBJ040,Clutcher,object,.jpg,16f6e3b932ab4076b77465c357a64789
images_OBJ040/OBJ040_048.JPG,OBJ040,Clutcher,object,.jpg,3bb336ce89e8fe71884b6b2f782c76a9
images_OBJ040/OBJ040_049.JPG,OBJ040,Clutcher,object,.jpg,29c33ee6a2317c13accb5cac47951843
images_OBJ040/OBJ040_050.JPG,OBJ040,Clutcher,object,.jpg,f06708a711c6185a24c261c3a767f1e6
images_OBJ040/OBJ040_051.JPG,OBJ040,Clutcher,object,.jpg,caf9f226e23e1e904fc6c33429d75bd4
images_OBJ040/OBJ040_052.JPG,OBJ040,Clutcher,object,.jpg,c46ec589020dae83d54442317187e117
images_OBJ040/OBJ040_053.JPG,OBJ040,Clutcher,object,.jpg,8c7a4f80740d341081c131146d491256
images_OBJ040/OBJ040_054.JPG,OBJ040,Clutcher,object,.jpg,f01cc847cc41d300caab9c7228f5b566
images_OBJ040/OBJ040_055.JPG,OBJ040,Clutcher,object,.jpg,a6db463d90f15a0759679b6001d0c5a9
images_OBJ040/OBJ040_056.JPG,OBJ040,Clutcher,object,.jpg,e8fe8092b49ac4a26b0f12e5fe57fdca
images_OBJ040/OBJ040_057.JPG,OBJ040,Clutcher,object,.jpg,bbf3fe7c9ff513d53306a0da24792d1e
images_OBJ040/OBJ040_058.JPG,OBJ040,Clutcher,object,.jpg,2ce95ae0626bc2400de6860eab1e1393
images_OBJ040/OBJ040_059.JPG,OBJ040,Clutcher,object,.jpg,c6fda6751df70374b58574b5e0081f18
images_OBJ040/OBJ040_060.JPG,OBJ040,Clutcher,object,.jpg,97dd8d647e2744ebd8a405d3c5009897
images_OBJ040/OBJ040_061.JPG,OBJ040,Clutcher,object,.jpg,70f593c5c58a1f37f4c6d1f80b1f42ba
images_OBJ040/OBJ040_062.JPG,OBJ040,Clutcher,object,.jpg,04ed6d23b0984cd5b4303708fea7223a
images_OBJ040/OBJ040_063.JPG,OBJ040,Clutcher,object,.jpg,8d79c382e40a77f3618b7a1863c8bee6
images_OBJ040/OBJ040_064.JPG,OBJ040,Clutcher,object,.jpg,5845d71cbd9bb23b76da338370f87e85
images_OBJ040/OBJ040_065.JPG,OBJ040,Clutcher,object,.jpg,6659305505b6bc0cfcf422eba648082a
images_OBJ040/OBJ040_066.JPG,OBJ040,Clutcher,object,.jpg,10ed4ba0093ce351804103233a4d6920
images_OBJ040/OBJ040_067.JPG,OBJ040,Clutcher,object,.jpg,26bc756523ee24afa569bcac68d644ea
images_OBJ040/OBJ040_068.JPG,OBJ040,Clutcher,object,.jpg,c1e2f61657e7c3f03d5519aa179467c9
images_OBJ040/OBJ040_069.JPG,OBJ040,Clutcher,object,.jpg,a0f0745ef8b01045fef677f1e43e1956
images_OBJ040/OBJ040_070.JPG,OBJ040,Clutcher,object,.jpg,22af308980d8b21321127452fcc64de5
images_OBJ040/OBJ040_071.JPG,OBJ040,Clutcher,object,.jpg,a9e84ba1ba4410f01e73299225b72aab
images_OBJ040/OBJ040_072.JPG,OBJ040,Clutcher,object,.jpg,57533f916adda187055ad0bc53b60609
images_OBJ040/OBJ040_073.JPG,OBJ040,Clutcher,object,.jpg,fbe479878350f789b5b0fb724d80a2ed
images_OBJ040/OBJ040_074.JPG,OBJ040,Clutcher,object,.jpg,aac43d065d14b9cf21cec46d9a1c0236
images_OBJ040/OBJ040_075.JPG,OBJ040,Clutcher,object,.jpg,be88ebe5465f2376cf0c8b61b256a6e2
images_OBJ040/OBJ040_076.JPG,OBJ040,Clutcher,object,.jpg,008906b666aa49801d488a9a191275ba
images_OBJ040/OBJ040_077.JPG,OBJ040,Clutcher,object,.jpg,c91a70879bba884678c1066f72b01329
images_OBJ040/OBJ040_078.JPG,OBJ040,Clutcher,object,.jpg,8e91f434b378f3a248447a2203e6798c
images_OBJ040/OBJ040_079.JPG,OBJ040,Clutcher,object,.jpg,eda1dc61f70adff26a658fdeaa1ad4a3
images_OBJ040/OBJ040_080.JPG,OBJ040,Clutcher,object,.jpg,52941529a160e66e027af0b7a08f3c1b
images_OBJ040/OBJ040_081.JPG,OBJ040,Clutcher,object,.jpg,a56f4c5913af1ad22ca5c47c0bc5e335
images_OBJ040/OBJ040_082.JPG,OBJ040,Clutcher,object,.jpg,79006ee39cc02ceaf3a04b28b0f10c20
images_OBJ040/OBJ040_083.JPG,OBJ040,Clutcher,object,.jpg,4124524a715dca961df3e76b96ea11db
images_OBJ040/OBJ040_084.JPG,OBJ040,Clutcher,object,.jpg,9362a724a2f5ba6fa6cb47a8c31e1f9a
images_OBJ040/OBJ040_085.JPG,OBJ040,Clutcher,object,.jpg,d8927c62bc4ad2b8d885a09715174fa2
images_OBJ040/OBJ040_086.JPG,OBJ040,Clutcher,object,.jpg,b33817cede94f682318795134f2f2163
images_OBJ040/OBJ040_087.JPG,OBJ040,Clutcher,object,.jpg,b430b7b8740c86ec01d569ea62697f88
images_OBJ040/OBJ040_088.JPG,OBJ040,Clutcher,object,.jpg,0209fd8d7d9ac47d7efc3954a78f8749
images_OBJ040/OBJ040_089.JPG,OBJ040,Clutcher,object,.jpg,20a4bcdf8354049cbddadc714edc8abe
images_OBJ040/OBJ040_090.JPG,OBJ040,Clutcher,object,.jpg,2c25451da45479404e25fd652f13ac89
images_OBJ040/OBJ040_091.JPG,OBJ040,Clutcher,object,.jpg,7af16499bb1229fdd6f118a047108add
images_OBJ040/OBJ040_092.JPG,OBJ040,Clutcher,object,.jpg,4133780f9d61977a5c023dfe3b338b50
images_OBJ040/OBJ040_093.JPG,OBJ040,Clutcher,object,.jpg,6036b91dd16dff1df3f026f80dd3c0a0
images_OBJ040/OBJ040_094.JPG,OBJ040,Clutcher,object,.jpg,27c23d7cd17870681804ffec0f999a1d
images_OBJ040/OBJ040_095.JPG,OBJ040,Clutcher,object,.jpg,a75dbd8142ffdbe403c08463acf54056
images_OBJ040/OBJ040_bg_001.JPG,OBJ040,Clutcher,background,.jpg,24952b15565ceb68f2b0b204311e3eef
images_OBJ040/OBJ040_bg_002.JPG,OBJ040,Clutcher,background,.jpg,7e2b7c4660ae58998b74fb8ed0c75bab
images_OBJ040/OBJ040_bg_003.JPG,OBJ040,Clutcher,background,.jpg,e23321e04adf434a597f36d9cad311fe
images_OBJ040/OBJ040_bg_004.JPG,OBJ040,Clutcher,background,.jpg,657ccdbadb196490bb38f27ea14226d8
images_OBJ040/OBJ040_bg_005.JPG,OBJ040,Clutcher,background,.jpg,5c20d23994ce7cfcdc0c9134c0534e3a
images_OBJ041/OBJ041_001.jpg,OBJ041,Table fan,object,.jpg,74401208be7f060b5f9e2a1a2d8530c6
images_OBJ041/OBJ041_002.jpg,OBJ041,Table fan,object,.jpg,cb0b0c5817431e8bfd6e75a7dd2716e8
images_OBJ041/OBJ041_003.jpg,OBJ041,Table fan,object,.jpg,f2ba7ecb6038ed578a6eff11d9df289c
images_OBJ041/OBJ041_004.jpg,OBJ041,Table fan,object,.jpg,17763446b2dc656f371321be13bff7de
images_OBJ041/OBJ041_005.jpg,OBJ041,Table fan,object,.jpg,d16f93d095b3b515701c2459964cfee4
images_OBJ041/OBJ041_006.jpg,OBJ041,Table fan,object,.jpg,78a58402b283573e7667afb1776261f5
images_OBJ041/OBJ041_007.jpg,OBJ041,Table fan,object,.jpg,df0998b0faaa375342d303912e5c32ba
images_OBJ041/OBJ041_008.jpg,OBJ041,Table fan,object,.jpg,a8ab02de2cdb628256fdaa5d18326e14
images_OBJ041/OBJ041_009.jpg,OBJ041,Table fan,object,.jpg,d2c8c140cf82fc484ebd93363a3cfb1d
images_OBJ041/OBJ041_010.jpg,OBJ041,Table fan,object,.jpg,c1c008baf30d52a358322b6cbc005099
images_OBJ041/OBJ041_011.jpg,OBJ041,Table fan,object,.jpg,40535b61480c06051954ce3d827ff210
images_OBJ041/OBJ041_012.jpg,OBJ041,Table fan,object,.jpg,a9729ff4e247d527fbbaed938c53ddb4
images_OBJ041/OBJ041_013.jpg,OBJ041,Table fan,object,.jpg,6add7fa49aac3c00abce07963574df95
images_OBJ041/OBJ041_014.jpg,OBJ041,Table fan,object,.jpg,7fcc92ee03bbe25e2f5fde012cfa0f75
images_OBJ041/OBJ041_015.jpg,OBJ041,Table fan,object,.jpg,7c67ca6b3ccabd06777dc35d6727a0b5
images_OBJ041/OBJ041_016.jpg,OBJ041,Table fan,object,.jpg,395a9887ad859dc66215a1890f810195
images_OBJ041/OBJ041_017.jpg,OBJ041,Table fan,object,.jpg,be85be6d58969bdebe5d609ac71f6396
images_OBJ041/OBJ041_018.jpg,OBJ041,Table fan,object,.jpg,79d558ea7c23013755323efe47f16c0a
images_OBJ041/OBJ041_019.jpg,OBJ041,Table fan,object,.jpg,4658049156bc271595ced7e73f0a72ec
images_OBJ041/OBJ041_020.jpg,OBJ041,Table fan,object,.jpg,c4e02cdf3a9f3bc56d0a140d1748e2c0
images_OBJ041/OBJ041_021.jpg,OBJ041,Table fan,object,.jpg,695f7813e170bc3ce0c3e017f4e10595
images_OBJ041/OBJ041_022.jpg,OBJ041,Table fan,object,.jpg,da49fa30df19986b141036b45155a94f
images_OBJ041/OBJ041_023.jpg,OBJ041,Table fan,object,.jpg,40ce8a784d92294889b3d8d4c074a30c
images_OBJ041/OBJ041_024.jpg,OBJ041,Table fan,object,.jpg,3be2e5ec6eeddc6028152739d41c9875
images_OBJ041/OBJ041_025.jpg,OBJ041,Table fan,object,.jpg,e6de13ad4868dc3e076d1da690f1cf3d
images_OBJ041/OBJ041_026.jpg,OBJ041,Table fan,object,.jpg,fadbfebbae32fe7aebddb681fc521fff
images_OBJ041/OBJ041_027.jpg,OBJ041,Table fan,object,.jpg,95836e81fff2061a42fec20263e906b5
images_OBJ041/OBJ041_028.jpg,OBJ041,Table fan,object,.jpg,a4ced21bc6c1e9a4155b762ea60b5874
images_OBJ041/OBJ041_029.jpg,OBJ041,Table fan,object,.jpg,34711990cb31bbc365ae4b48eb6899a9
images_OBJ041/OBJ041_030.jpg,OBJ041,Table fan,object,.jpg,e959d4b84765ab35598bf295b1b752f4
images_OBJ041/OBJ041_031.jpg,OBJ041,Table fan,object,.jpg,c707a14508b005b13ab3655ccd7a48b4
images_OBJ041/OBJ041_032.jpg,OBJ041,Table fan,object,.jpg,e61d3524dc777d524c5752e7952ba7d7
images_OBJ041/OBJ041_033.jpg,OBJ041,Table fan,object,.jpg,51600843e74eaf7e15e281491cf907ec
images_OBJ041/OBJ041_034.jpg,OBJ041,Table fan,object,.jpg,783ba70d1a575a1ba751cc9759547a6f
images_OBJ041/OBJ041_035.jpg,OBJ041,Table fan,object,.jpg,4523708ecb81ec7059b47e6bae42b233
images_OBJ041/OBJ041_036.jpg,OBJ041,Table fan,object,.jpg,7fd0c96a23b9c51b6913b23788b2ae2a
images_OBJ041/OBJ041_037.jpg,OBJ041,Table fan,object,.jpg,f1f888beead8e3a243b77a3d149b2f81
images_OBJ041/OBJ041_038.jpg,OBJ041,Table fan,object,.jpg,152195c5df7f8ff86d19d85e052a1bb8
images_OBJ041/OBJ041_039.jpg,OBJ041,Table fan,object,.jpg,6e61ec4204dce4f946230610d80eb5e9
images_OBJ041/OBJ041_040.jpg,OBJ041,Table fan,object,.jpg,ee13daa3fc21032f1ceffd8e6d62b400
images_OBJ041/OBJ041_041.jpg,OBJ041,Table fan,object,.jpg,b75cc41cd2482eef36c4d67eac92d243
images_OBJ041/OBJ041_042.jpg,OBJ041,Table fan,object,.jpg,16659a8541090773b16ec959f832dbc4
images_OBJ041/OBJ041_043.jpg,OBJ041,Table fan,object,.jpg,3f0e3bc74fce253a0ba401e086b89527
images_OBJ041/OBJ041_044.jpg,OBJ041,Table fan,object,.jpg,494d0d1bdf963ba51ed54af8dbfd2c5f
images_OBJ041/OBJ041_045.jpg,OBJ041,Table fan,object,.jpg,5aaf757a7052934a36e8c56682998c78
images_OBJ041/OBJ041_046.jpg,OBJ041,Table fan,object,.jpg,ec8464ad692b1bd5dec55a934f78f4bf
images_OBJ041/OBJ041_047.jpg,OBJ041,Table fan,object,.jpg,91d0afc98311984b4219ea62c1511dce
images_OBJ041/OBJ041_048.jpg,OBJ041,Table fan,object,.jpg,e7091251ca2447bb73b62a761c8815d6
images_OBJ041/OBJ041_049.jpg,OBJ041,Table fan,object,.jpg,f441f02353b929adfbdb42ff9b10ae36
images_OBJ041/OBJ041_050.jpg,OBJ041,Table fan,object,.jpg,e441eac587d41ff808dfabf1c252b6be
images_OBJ041/OBJ041_051.jpg,OBJ041,Table fan,object,.jpg,abcdab30167f56632e33c6be5956ec43
images_OBJ041/OBJ041_052.jpg,OBJ041,Table fan,object,.jpg,22159e406ddc8a690c637c467fe2d62d
images_OBJ041/OBJ041_053.jpg,OBJ041,Table fan,object,.jpg,faba3f6621ac83c29dd8f2d23b27905c
images_OBJ041/OBJ041_054.jpg,OBJ041,Table fan,object,.jpg,030c0ab1ea16c1b75b2788597f220fbc
images_OBJ041/OBJ041_055.jpg,OBJ041,Table fan,object,.jpg,ced2a9d15a69e9ec2503ff67cf95a388
images_OBJ041/OBJ041_056.jpg,OBJ041,Table fan,object,.jpg,fcf24b334b9d4a15c18f64620a4b69a6
images_OBJ041/OBJ041_057.jpg,OBJ041,Table fan,object,.jpg,72d20aae943ea565f30a21dfe12d5239
images_OBJ041/OBJ041_058.jpg,OBJ041,Table fan,object,.jpg,ce2564c332c46449ef03aeea83eb2951
images_OBJ041/OBJ041_059.jpg,OBJ041,Table fan,object,.jpg,03bf9f79e47d8b3f21d08be0660e56c9
images_OBJ041/OBJ041_060.jpg,OBJ041,Table fan,object,.jpg,8e1bcc45f3ab0f9ede98f7d55b8c82bc
images_OBJ041/OBJ041_061.jpg,OBJ041,Table fan,object,.jpg,31cdcb861523293b5bafb3baaf5a397a
images_OBJ041/OBJ041_062.jpg,OBJ041,Table fan,object,.jpg,497fc1a4ab507479ebb8d0e6767fa750
images_OBJ041/OBJ041_063.jpg,OBJ041,Table fan,object,.jpg,c2d6345d306e5507b7c7b83d8e4e4a1e
images_OBJ041/OBJ041_064.jpg,OBJ041,Table fan,object,.jpg,87765ffdb28a2ab9107c316e9b7a786f
images_OBJ041/OBJ041_065.jpg,OBJ041,Table fan,object,.jpg,efc945dc686494948ade9bb7775a48db
images_OBJ041/OBJ041_066.jpg,OBJ041,Table fan,object,.jpg,397b1b6603bc5bf540358ed109610202
images_OBJ041/OBJ041_067.jpg,OBJ041,Table fan,object,.jpg,de504bb9c60145017b3f75f81d1d63a2
images_OBJ041/OBJ041_068.jpg,OBJ041,Table fan,object,.jpg,da1b6a90569a912a67a7b0f64530d005
images_OBJ041/OBJ041_069.jpg,OBJ041,Table fan,object,.jpg,a22c3586db6814cf695c3a7041b9e568
images_OBJ041/OBJ041_070.jpg,OBJ041,Table fan,object,.jpg,cd80a4ecba8e39a4f1a3bdb48d185500
images_OBJ041/OBJ041_071.jpg,OBJ041,Table fan,object,.jpg,6681b733f96089fb7c173eee803315d1
images_OBJ041/OBJ041_072.jpg,OBJ041,Table fan,object,.jpg,819debe51d9f77c256ff204954c07d8f
images_OBJ041/OBJ041_073.jpg,OBJ041,Table fan,object,.jpg,e7a3bb1185f65837bcd586d66fbc98f0
images_OBJ041/OBJ041_074.jpg,OBJ041,Table fan,object,.jpg,251cb4ec41ebecce92022b871e654c1e
images_OBJ041/OBJ041_075.jpg,OBJ041,Table fan,object,.jpg,d1a07eb39f61ec3f11c730fbc2b8d52c
images_OBJ041/OBJ041_076.jpg,OBJ041,Table fan,object,.jpg,fee2d2d2ef428409af2e361fe3798348
images_OBJ041/OBJ041_077.jpg,OBJ041,Table fan,object,.jpg,4ed018b61ddfc4638f1900b13c68fade
images_OBJ041/OBJ041_078.jpg,OBJ041,Table fan,object,.jpg,6ba2fd5d093e8e6e47e81d7e9b8ccb0e
images_OBJ041/OBJ041_079.jpg,OBJ041,Table fan,object,.jpg,05aaa87e89a7686bc44ec568f7487145
images_OBJ041/OBJ041_080.jpg,OBJ041,Table fan,object,.jpg,6d0fd138d00805f1861dbf827f3f674f
images_OBJ041/OBJ041_081.jpg,OBJ041,Table fan,object,.jpg,48b5bb00e5ddc46a427a10f5cd864797
images_OBJ041/OBJ041_082.jpg,OBJ041,Table fan,object,.jpg,259ba11df07de55a300699a4583de2cf
images_OBJ041/OBJ041_083.jpg,OBJ041,Table fan,object,.jpg,b5cc15f29d5c21a9da858316013b0dad
images_OBJ041/OBJ041_084.jpg,OBJ041,Table fan,object,.jpg,78726adfa53f274d8dc8bb79515b3958
images_OBJ041/OBJ041_085.jpg,OBJ041,Table fan,object,.jpg,3864ddce971952294769905a2d6d9c10
images_OBJ041/OBJ041_086.jpg,OBJ041,Table fan,object,.jpg,87a0b6a57fb270322df08d1b73c95781
images_OBJ041/OBJ041_087.jpg,OBJ041,Table fan,object,.jpg,be0fad7917dd2532ed77f49288fec901
images_OBJ041/OBJ041_088.jpg,OBJ041,Table fan,object,.jpg,263a3b84e7da3e4de55b4c1b55172c2c
images_OBJ041/OBJ041_089.jpg,OBJ041,Table fan,object,.jpg,5b7591ef4bed45b282aa431e615c5f01
images_OBJ041/OBJ041_090.jpg,OBJ041,Table fan,object,.jpg,943ca685d79d1ad915d0dae241938350
images_OBJ041/OBJ041_091.jpg,OBJ041,Table fan,object,.jpg,ac15f9e242fe6f4622c01528742407b8
images_OBJ041/OBJ041_092.jpg,OBJ041,Table fan,object,.jpg,ff56967f4e3ad10def9fc553c1208c44
images_OBJ041/OBJ041_093.jpg,OBJ041,Table fan,object,.jpg,605f0387c839b8ba12dd42bb38a76fed
images_OBJ041/OBJ041_094.jpg,OBJ041,Table fan,object,.jpg,6d1c7cfbf93d9017ce6566c169bb0147
images_OBJ041/OBJ041_095.jpg,OBJ041,Table fan,object,.jpg,28291b390ebc18535094ee6f9787beb2
images_OBJ041/OBJ041_bg_001.jpg,OBJ041,Table fan,background,.jpg,ad57fde9c2b95406b28c47f7df631deb
images_OBJ041/OBJ041_bg_002.jpg,OBJ041,Table fan,background,.jpg,929d2527d4e9f784d8946cece4e86a1c
images_OBJ041/OBJ041_bg_003.jpg,OBJ041,Table fan,background,.jpg,a0b908f11be7e631c38641d34d38ca2d
images_OBJ041/OBJ041_bg_004.jpg,OBJ041,Table fan,background,.jpg,31b753b000ae78185c555b0c08a9effe
images_OBJ041/OBJ041_bg_005.jpg,OBJ041,Table fan,background,.jpg,6f8671df24fe045180d4f8d0857c0a26
images_OBJ042/OBJ042_001.jpg,OBJ042,Mouth guard case,object,.jpg,b6b5048be3b3020b41534efff9527526
images_OBJ042/OBJ042_002.jpg,OBJ042,Mouth guard case,object,.jpg,82d6fecb04d20b0996f414ee5ef627f7
images_OBJ042/OBJ042_003.jpg,OBJ042,Mouth guard case,object,.jpg,420c9904849085ff96b44e23f587afcf
images_OBJ042/OBJ042_004.jpg,OBJ042,Mouth guard case,object,.jpg,74dd2c532dd0b48dcf9e2663aa608313
images_OBJ042/OBJ042_005.jpg,OBJ042,Mouth guard case,object,.jpg,e4f9d63215ef449043d56405fd3d897c
images_OBJ042/OBJ042_006.jpg,OBJ042,Mouth guard case,object,.jpg,7beb1dcb944e40ed9a43890dd19bad26
images_OBJ042/OBJ042_007.jpg,OBJ042,Mouth guard case,object,.jpg,8558041adc2bd58d05bb59d9f51b9b08
images_OBJ042/OBJ042_008.jpg,OBJ042,Mouth guard case,object,.jpg,126f82ea6ab3a97206c333cf46a07464
images_OBJ042/OBJ042_009.jpg,OBJ042,Mouth guard case,object,.jpg,8c191f9bce17e4377e8427a5c1f54e87
images_OBJ042/OBJ042_010.jpg,OBJ042,Mouth guard case,object,.jpg,3d981d0224ccfb83870a80c19c672898
images_OBJ042/OBJ042_011.jpg,OBJ042,Mouth guard case,object,.jpg,231e254ac4754202d5b60c34fb213d1f
images_OBJ042/OBJ042_012.jpg,OBJ042,Mouth guard case,object,.jpg,9b749fcfc438d6dcfdb9b27bad3f3690
images_OBJ042/OBJ042_013.jpg,OBJ042,Mouth guard case,object,.jpg,fd2d107c5b4139f44e734a9507c7b401
images_OBJ042/OBJ042_014.jpg,OBJ042,Mouth guard case,object,.jpg,4681833f94418cfbecbb500e23bb6c78
images_OBJ042/OBJ042_015.jpg,OBJ042,Mouth guard case,object,.jpg,0b8f70cc407df29df1736bb9c71b2847
images_OBJ042/OBJ042_016.jpg,OBJ042,Mouth guard case,object,.jpg,7ca1fd20bf0005a9ece97a6e59d58990
images_OBJ042/OBJ042_017.jpg,OBJ042,Mouth guard case,object,.jpg,7d702a082cd5bd6c32b36b5cfdf1318e
images_OBJ042/OBJ042_018.jpg,OBJ042,Mouth guard case,object,.jpg,32e5ea59d2a47762e69e281d3feece1a
images_OBJ042/OBJ042_019.jpg,OBJ042,Mouth guard case,object,.jpg,9600c7b1891c5cb83999fa187ce7ef6d
images_OBJ042/OBJ042_020.jpg,OBJ042,Mouth guard case,object,.jpg,acba3260957755837bc33c9ad7255d65
images_OBJ042/OBJ042_021.jpg,OBJ042,Mouth guard case,object,.jpg,c147c080affb6833e80b039d72df52ba
images_OBJ042/OBJ042_022.jpg,OBJ042,Mouth guard case,object,.jpg,c76acac59fecbcf6f07d84c2806011e7
images_OBJ042/OBJ042_023.jpg,OBJ042,Mouth guard case,object,.jpg,7a059c788fbf1cf7fc4c5dfbd8a696c0
images_OBJ042/OBJ042_024.jpg,OBJ042,Mouth guard case,object,.jpg,75f8b27b69794fffffb6cc27bce44140
images_OBJ042/OBJ042_025.jpg,OBJ042,Mouth guard case,object,.jpg,d55da29c259259c28e52e73b61331d65
images_OBJ042/OBJ042_026.jpg,OBJ042,Mouth guard case,object,.jpg,c2f777da572ff1aa69bfd5d242c67707
images_OBJ042/OBJ042_027.jpg,OBJ042,Mouth guard case,object,.jpg,e7f9d9b79fc11452fb67787ebbf337de
images_OBJ042/OBJ042_028.jpg,OBJ042,Mouth guard case,object,.jpg,1d47ca5c6c98b3ccc14af46992045947
images_OBJ042/OBJ042_029.jpg,OBJ042,Mouth guard case,object,.jpg,47edde4ba14625ff0d1eee45256da716
images_OBJ042/OBJ042_030.jpg,OBJ042,Mouth guard case,object,.jpg,2d48aca36a0405f2da58fb6690fc4daa
images_OBJ042/OBJ042_031.jpg,OBJ042,Mouth guard case,object,.jpg,e3c0d9f1cb910ee36dd0e38cbe2652f0
images_OBJ042/OBJ042_032.jpg,OBJ042,Mouth guard case,object,.jpg,be7674249f1936126dac5c65b22ab06d
images_OBJ042/OBJ042_033.jpg,OBJ042,Mouth guard case,object,.jpg,1d2f321418ab72e2490c1299f8257425
images_OBJ042/OBJ042_034.jpg,OBJ042,Mouth guard case,object,.jpg,5a4cf06ac8443e094cb71b1495c33184
images_OBJ042/OBJ042_035.jpg,OBJ042,Mouth guard case,object,.jpg,677a2bfa8d02608d2e0a91238186b804
images_OBJ042/OBJ042_036.jpg,OBJ042,Mouth guard case,object,.jpg,1f27b6bba6ea1cf005e909963b4fe82f
images_OBJ042/OBJ042_037.jpg,OBJ042,Mouth guard case,object,.jpg,8a447fe5224c9b205db3dd0070abf3b2
images_OBJ042/OBJ042_038.jpg,OBJ042,Mouth guard case,object,.jpg,0a2b03e8cd0b99415d84b17eda42d8cf
images_OBJ042/OBJ042_039.jpg,OBJ042,Mouth guard case,object,.jpg,f601d5ae9d2aa4d66c6a436b251e17d9
images_OBJ042/OBJ042_040.jpg,OBJ042,Mouth guard case,object,.jpg,beca0ceb73711e22e4195091e3b00832
images_OBJ042/OBJ042_041.jpg,OBJ042,Mouth guard case,object,.jpg,7440cd97bbe9d4eb11aeab10b1a6058b
images_OBJ042/OBJ042_042.jpg,OBJ042,Mouth guard case,object,.jpg,00d6e0963c71dd80779f7b0f2341d2e6
images_OBJ042/OBJ042_043.jpg,OBJ042,Mouth guard case,object,.jpg,fd7ec368da53f30237e2662f2a4a6417
images_OBJ042/OBJ042_044.jpg,OBJ042,Mouth guard case,object,.jpg,18aeaaaa2eb629a4f39e7fe176f6886c
images_OBJ042/OBJ042_045.jpg,OBJ042,Mouth guard case,object,.jpg,975efddc738f57906762972007256bc9
images_OBJ042/OBJ042_046.jpg,OBJ042,Mouth guard case,object,.jpg,bca16b3ee8e0a7e5040ff9f8f46cc267
images_OBJ042/OBJ042_047.jpg,OBJ042,Mouth guard case,object,.jpg,b15a885a71ccae6745e0e8a031e7a30f
images_OBJ042/OBJ042_048.jpg,OBJ042,Mouth guard case,object,.jpg,5eca4f2c534e8153aff5677cc025e8de
images_OBJ042/OBJ042_049.jpg,OBJ042,Mouth guard case,object,.jpg,62b36aacecfc471f83f2388401b46668
images_OBJ042/OBJ042_050.jpg,OBJ042,Mouth guard case,object,.jpg,073ec59e6877770cc29168c826f12683
images_OBJ042/OBJ042_051.jpg,OBJ042,Mouth guard case,object,.jpg,eaf623d7a9e88ba073f40915957a5dd6
images_OBJ042/OBJ042_052.jpg,OBJ042,Mouth guard case,object,.jpg,1b10c067ff42b3b77a516af47b24d447
images_OBJ042/OBJ042_053.jpg,OBJ042,Mouth guard case,object,.jpg,e8b17407ed123a5c67af88e90130a907
images_OBJ042/OBJ042_054.jpg,OBJ042,Mouth guard case,object,.jpg,a73470863ca179ed0149b8c33143e4fd
images_OBJ042/OBJ042_055.jpg,OBJ042,Mouth guard case,object,.jpg,6a903ac7e7db24d4957fc3613aee93b1
images_OBJ042/OBJ042_056.jpg,OBJ042,Mouth guard case,object,.jpg,24f2979141a0bfef969b99d424ed5a93
images_OBJ042/OBJ042_057.jpg,OBJ042,Mouth guard case,object,.jpg,ae34f23193179f86f243f77d39f94753
images_OBJ042/OBJ042_058.jpg,OBJ042,Mouth guard case,object,.jpg,2b8c2aeee3af39943fd800538ba0db7c
images_OBJ042/OBJ042_059.jpg,OBJ042,Mouth guard case,object,.jpg,0946e5304d2dc361298dd55f5a874e24
images_OBJ042/OBJ042_060.jpg,OBJ042,Mouth guard case,object,.jpg,c279996ee3e20fc355e49d9d5a4bac40
images_OBJ042/OBJ042_061.jpg,OBJ042,Mouth guard case,object,.jpg,93c8623c5bd014e23aac84dac453e8e3
images_OBJ042/OBJ042_062.jpg,OBJ042,Mouth guard case,object,.jpg,c920403429f0dff893b4e097fd2f21ca
images_OBJ042/OBJ042_063.jpg,OBJ042,Mouth guard case,object,.jpg,796ebee9984811859829498dd70d908a
images_OBJ042/OBJ042_064.jpg,OBJ042,Mouth guard case,object,.jpg,54f388e6b2d4abbb215eccc4aab2126f
images_OBJ042/OBJ042_065.jpg,OBJ042,Mouth guard case,object,.jpg,87ed3e95af49c664eb3a709155fb321e
images_OBJ042/OBJ042_066.jpg,OBJ042,Mouth guard case,object,.jpg,8f1632379d64b5c8e24727fb88313b58
images_OBJ042/OBJ042_067.jpg,OBJ042,Mouth guard case,object,.jpg,b419bb089ec455fb4e8e82d95ea68759
images_OBJ042/OBJ042_068.jpg,OBJ042,Mouth guard case,object,.jpg,613cf5dd0a369318b05a2bfba567f1d8
images_OBJ042/OBJ042_069.jpg,OBJ042,Mouth guard case,object,.jpg,fa65b78fe27b7289c274fb293c6fcf22
images_OBJ042/OBJ042_070.jpg,OBJ042,Mouth guard case,object,.jpg,a8fd959c6ff0377decbeebfdc8384cca
images_OBJ042/OBJ042_071.jpg,OBJ042,Mouth guard case,object,.jpg,dfedc772e863b5cc0fc574d60b9d3ee8
images_OBJ042/OBJ042_072.jpg,OBJ042,Mouth guard case,object,.jpg,44b417d91e2bb61fe3871abf87850204
images_OBJ042/OBJ042_073.jpg,OBJ042,Mouth guard case,object,.jpg,e42f6b8794c44c791e860f17db0b6df1
images_OBJ042/OBJ042_074.jpg,OBJ042,Mouth guard case,object,.jpg,b91560427e4e8e6472188f724f2d8354
images_OBJ042/OBJ042_075.jpg,OBJ042,Mouth guard case,object,.jpg,c35b49c614e0705fbe6e216da66ac3fe
images_OBJ042/OBJ042_076.jpg,OBJ042,Mouth guard case,object,.jpg,19438663da957d5c1ea8f8b2d2559249
images_OBJ042/OBJ042_077.jpg,OBJ042,Mouth guard case,object,.jpg,2b18cd24b7cfb2050657303479b82614
images_OBJ042/OBJ042_078.jpg,OBJ042,Mouth guard case,object,.jpg,cf42ebb944af5358ab6a9a00d801b6d5
images_OBJ042/OBJ042_079.jpg,OBJ042,Mouth guard case,object,.jpg,a79d4a5d76609c319392c80900b6fc3b
images_OBJ042/OBJ042_080.jpg,OBJ042,Mouth guard case,object,.jpg,88e3306ba2545cf59877378a74318d95
images_OBJ042/OBJ042_081.jpg,OBJ042,Mouth guard case,object,.jpg,9af464a6fbf8d2514d272ec6e42228d2
images_OBJ042/OBJ042_082.jpg,OBJ042,Mouth guard case,object,.jpg,2ea850faf6eaf142abff98910043c2e2
images_OBJ042/OBJ042_083.jpg,OBJ042,Mouth guard case,object,.jpg,1b64a079895dc498b3ce240bdaa55591
images_OBJ042/OBJ042_084.jpg,OBJ042,Mouth guard case,object,.jpg,1ffb7a5bc89a876781d61459d77a5551
images_OBJ042/OBJ042_085.jpg,OBJ042,Mouth guard case,object,.jpg,a4d0bd5a259ee4247e4326a074ae1975
images_OBJ042/OBJ042_086.jpg,OBJ042,Mouth guard case,object,.jpg,b1a80dce47acc401fe069ee8bbc3309c
images_OBJ042/OBJ042_087.jpg,OBJ042,Mouth guard case,object,.jpg,cef5b73b1d6d45c21e68da09ec7e6d00
images_OBJ042/OBJ042_088.jpg,OBJ042,Mouth guard case,object,.jpg,fd6703c7eee623b50b665192b9cac27d
images_OBJ042/OBJ042_089.jpg,OBJ042,Mouth guard case,object,.jpg,63a7a9db2ddf57ccc45c8055757f341e
images_OBJ042/OBJ042_090.jpg,OBJ042,Mouth guard case,object,.jpg,569a613bac79accdf90d67d0bc4818a2
images_OBJ042/OBJ042_091.jpg,OBJ042,Mouth guard case,object,.jpg,65f42fbba630300ec997f9d30eba42df
images_OBJ042/OBJ042_092.jpg,OBJ042,Mouth guard case,object,.jpg,0b6ef87336be276b06dfadd655fb7eb7
images_OBJ042/OBJ042_093.jpg,OBJ042,Mouth guard case,object,.jpg,1c56f6b3b5926590b56730dfe19a1b7a
images_OBJ042/OBJ042_094.jpg,OBJ042,Mouth guard case,object,.jpg,d7bfd70fb83612f8880bad6895c15365
images_OBJ042/OBJ042_095.jpg,OBJ042,Mouth guard case,object,.jpg,14758b6693a11f26e77634bdcd987e6b
images_OBJ042/OBJ042_bg_001.jpg,OBJ042,Mouth guard case,background,.jpg,5ac2cc36ee4f2ff1edb796891f8fc9c3
images_OBJ042/OBJ042_bg_002.jpg,OBJ042,Mouth guard case,background,.jpg,135b71df1c155553c19c95f9d4119258
images_OBJ042/OBJ042_bg_003.jpg,OBJ042,Mouth guard case,background,.jpg,41b6928f2ab016f718334e2f5a47d8c4
images_OBJ042/OBJ042_bg_004.jpg,OBJ042,Mouth guard case,background,.jpg,280b3f63a6b2224a9915ff71a2ee0ad2
images_OBJ042/OBJ042_bg_005.jpg,OBJ042,Mouth guard case,background,.jpg,bf1364ff2f7788d0f4f389f09d7c390d
images_OBJ043/OBJ043_001.jpg,OBJ043,Swimming Goggles,object,.jpg,a14db2603d848a2f7cf4126134b53e74
images_OBJ043/OBJ043_002.jpg,OBJ043,Swimming Goggles,object,.jpg,8fb28ce5ed1ca747969e2dbfeb193de7
images_OBJ043/OBJ043_003.jpg,OBJ043,Swimming Goggles,object,.jpg,575df521b67b1b747567580386425209
images_OBJ043/OBJ043_004.jpg,OBJ043,Swimming Goggles,object,.jpg,4225122187a54b37ce98f1f1577e8cb9
images_OBJ043/OBJ043_005.jpg,OBJ043,Swimming Goggles,object,.jpg,4c6a012da231756799b80a1ea9441732
images_OBJ043/OBJ043_006.jpg,OBJ043,Swimming Goggles,object,.jpg,792c74352d58792588e52a9babd150fe
images_OBJ043/OBJ043_007.jpg,OBJ043,Swimming Goggles,object,.jpg,754ec6e1d2c50b9a32cdbb1f2504dab9
images_OBJ043/OBJ043_008.jpg,OBJ043,Swimming Goggles,object,.jpg,ad8c0726eefa2c9053175ff7269262e4
images_OBJ043/OBJ043_009.jpg,OBJ043,Swimming Goggles,object,.jpg,dfa8bf6d89ffc8166f4882343e48d644
images_OBJ043/OBJ043_010.jpg,OBJ043,Swimming Goggles,object,.jpg,6da72186c1fd892e368f2efd53b56435
images_OBJ043/OBJ043_011.jpg,OBJ043,Swimming Goggles,object,.jpg,0396242707b5962e7958abf61988c8cb
images_OBJ043/OBJ043_012.jpg,OBJ043,Swimming Goggles,object,.jpg,e1e828316f1622fc85567e0ea3140e6d
images_OBJ043/OBJ043_013.jpg,OBJ043,Swimming Goggles,object,.jpg,74470ab22d575f9cf3744a6a29b6f085
images_OBJ043/OBJ043_014.jpg,OBJ043,Swimming Goggles,object,.jpg,0d3a52402094997cfce3addeae9a9349
images_OBJ043/OBJ043_015.jpg,OBJ043,Swimming Goggles,object,.jpg,7234fbec8d2da8d73c07624252f8c3f7
images_OBJ043/OBJ043_016.jpg,OBJ043,Swimming Goggles,object,.jpg,97ba62a1b59a44ddeef91ce53356a4b3
images_OBJ043/OBJ043_017.jpg,OBJ043,Swimming Goggles,object,.jpg,1c38ff396e0b040c2755e380a506c480
images_OBJ043/OBJ043_018.jpg,OBJ043,Swimming Goggles,object,.jpg,d4f1d2b9ea3bc03e2c2445a310257a9d
images_OBJ043/OBJ043_019.jpg,OBJ043,Swimming Goggles,object,.jpg,386049bbc16a12d56e562f2d2d67a5f6
images_OBJ043/OBJ043_020.jpg,OBJ043,Swimming Goggles,object,.jpg,db26e5448f501a65b3b5d86ba0fedd6d
images_OBJ043/OBJ043_021.jpg,OBJ043,Swimming Goggles,object,.jpg,0f233794faa40212bd9a4b100f37e9ac
images_OBJ043/OBJ043_022.jpg,OBJ043,Swimming Goggles,object,.jpg,e187534d8c56a58166ea964755bd6c95
images_OBJ043/OBJ043_023.jpg,OBJ043,Swimming Goggles,object,.jpg,8ac27d449ee93a922e0e526a44d2b941
images_OBJ043/OBJ043_024.jpg,OBJ043,Swimming Goggles,object,.jpg,819689357b721a8520ac3a3401ae3f4d
images_OBJ043/OBJ043_025.jpg,OBJ043,Swimming Goggles,object,.jpg,1051f6c4328aada3b97767f23fdf5405
images_OBJ043/OBJ043_026.jpg,OBJ043,Swimming Goggles,object,.jpg,4786e275422d0b541a618e0c3be743b7
images_OBJ043/OBJ043_027.jpg,OBJ043,Swimming Goggles,object,.jpg,9da5eedb339db9ab8e2386b6574b1c06
images_OBJ043/OBJ043_028.jpg,OBJ043,Swimming Goggles,object,.jpg,093eb371d246510ad2965b1210e25b59
images_OBJ043/OBJ043_029.jpg,OBJ043,Swimming Goggles,object,.jpg,ea435385514fb53c58b7fcfd857c3c87
images_OBJ043/OBJ043_030.jpg,OBJ043,Swimming Goggles,object,.jpg,581e30d057f47ec09d3165bc7fada730
images_OBJ043/OBJ043_031.jpg,OBJ043,Swimming Goggles,object,.jpg,bb53e1f15e13030e31ede4f18f3293db
images_OBJ043/OBJ043_032.jpg,OBJ043,Swimming Goggles,object,.jpg,a6b19ff7a0d6549e0edb5e9f041887a9
images_OBJ043/OBJ043_033.jpg,OBJ043,Swimming Goggles,object,.jpg,a7294a6f794c2b52170ef54898372ade
images_OBJ043/OBJ043_034.jpg,OBJ043,Swimming Goggles,object,.jpg,a584cd9cb8d607166a6a70c0beb3b461
images_OBJ043/OBJ043_035.jpg,OBJ043,Swimming Goggles,object,.jpg,b1c9cc0d10000d50dfbdd592748f8738
images_OBJ043/OBJ043_036.jpg,OBJ043,Swimming Goggles,object,.jpg,66127b7d5bbbcd44752acabc18e60d63
images_OBJ043/OBJ043_037.jpg,OBJ043,Swimming Goggles,object,.jpg,db0ed44aedc826d4e0fd0c4c40a246b8
images_OBJ043/OBJ043_038.jpg,OBJ043,Swimming Goggles,object,.jpg,4317a6aae34f840eeb78a9678c998f20
images_OBJ043/OBJ043_039.jpg,OBJ043,Swimming Goggles,object,.jpg,8c38426358e50f54ca3bbecb6507d3d6
images_OBJ043/OBJ043_040.jpg,OBJ043,Swimming Goggles,object,.jpg,16a1187d3d4c1cb2afd4e97cdbf31730
images_OBJ043/OBJ043_041.jpg,OBJ043,Swimming Goggles,object,.jpg,20ed569dc6ef87211fda7634202936c0
images_OBJ043/OBJ043_042.jpg,OBJ043,Swimming Goggles,object,.jpg,3d0cf3035e62fdf48d41a9cc639c5e66
images_OBJ043/OBJ043_043.jpg,OBJ043,Swimming Goggles,object,.jpg,d5b4730c4bc02f181f82e737170d132f
images_OBJ043/OBJ043_044.jpg,OBJ043,Swimming Goggles,object,.jpg,5e52bd9460331637c59e26604043b300
images_OBJ043/OBJ043_045.jpg,OBJ043,Swimming Goggles,object,.jpg,faa74bb66627d15a7c28f64b14801547
images_OBJ043/OBJ043_046.jpg,OBJ043,Swimming Goggles,object,.jpg,93889c51ff5a77c2c64a40abd52b18d0
images_OBJ043/OBJ043_047.jpg,OBJ043,Swimming Goggles,object,.jpg,c2f42835bba58b2275cb3d9817933ac6
images_OBJ043/OBJ043_048.jpg,OBJ043,Swimming Goggles,object,.jpg,8ef7394809b28db1d45b8d4501fb5cfe
images_OBJ043/OBJ043_049.jpg,OBJ043,Swimming Goggles,object,.jpg,ece2d8b9efac978062965d305d97dd98
images_OBJ043/OBJ043_050.jpg,OBJ043,Swimming Goggles,object,.jpg,701f7896cf47ccecf1304d1002047382
images_OBJ043/OBJ043_051.jpg,OBJ043,Swimming Goggles,object,.jpg,aa31b8cd65198e8019f0e910b2345d96
images_OBJ043/OBJ043_052.jpg,OBJ043,Swimming Goggles,object,.jpg,b081fc184f2a32251fe9eac7333b5ff3
images_OBJ043/OBJ043_053.jpg,OBJ043,Swimming Goggles,object,.jpg,fe222edeb7f186f5204aa5f6dbb9c2cb
images_OBJ043/OBJ043_054.jpg,OBJ043,Swimming Goggles,object,.jpg,6adb8ceb01801e5b0817bb0e59250951
images_OBJ043/OBJ043_055.jpg,OBJ043,Swimming Goggles,object,.jpg,3027e8bf2f53e456ffdadcfe2d2f5a90
images_OBJ043/OBJ043_056.jpg,OBJ043,Swimming Goggles,object,.jpg,53db38acda2b230fed7f157db506140d
images_OBJ043/OBJ043_057.jpg,OBJ043,Swimming Goggles,object,.jpg,da739769e09cdfc8570c3e09c4c94653
images_OBJ043/OBJ043_058.jpg,OBJ043,Swimming Goggles,object,.jpg,c6a16be124d2ad22f63deda8c74127f5
images_OBJ043/OBJ043_059.jpg,OBJ043,Swimming Goggles,object,.jpg,e1caa0aa1118f999520d7ef1165bd8ae
images_OBJ043/OBJ043_060.jpg,OBJ043,Swimming Goggles,object,.jpg,37085372e1f9b2d08c1c9559373b5d50
images_OBJ043/OBJ043_061.jpg,OBJ043,Swimming Goggles,object,.jpg,e574af6376354430a761b2e6a1072738
images_OBJ043/OBJ043_062.jpg,OBJ043,Swimming Goggles,object,.jpg,bc4fc47270f24c9ac02084e85d69e3f8
images_OBJ043/OBJ043_063.jpg,OBJ043,Swimming Goggles,object,.jpg,9a68ecc6e02f4a5d6497ffc727f93f21
images_OBJ043/OBJ043_064.jpg,OBJ043,Swimming Goggles,object,.jpg,9c94fa6ebd950b1181fa074b13f5538d
images_OBJ043/OBJ043_065.jpg,OBJ043,Swimming Goggles,object,.jpg,2f77fba9bace359278711cfa9b9607f4
images_OBJ043/OBJ043_066.jpg,OBJ043,Swimming Goggles,object,.jpg,eca92c69d3220e5082484ba96ba6c671
images_OBJ043/OBJ043_067.jpg,OBJ043,Swimming Goggles,object,.jpg,2a68f672a5d7ada1e4fb337ec22b6d63
images_OBJ043/OBJ043_068.jpg,OBJ043,Swimming Goggles,object,.jpg,a9d6e8e51d7b59fb25a45d9a35ae8696
images_OBJ043/OBJ043_069.jpg,OBJ043,Swimming Goggles,object,.jpg,f0d552b9d34c379855a5259f8542cd5e
images_OBJ043/OBJ043_070.jpg,OBJ043,Swimming Goggles,object,.jpg,7b7c6928e1072955051843aa61ee72fa
images_OBJ043/OBJ043_071.jpg,OBJ043,Swimming Goggles,object,.jpg,4d81f95bee4571796ee5ce7c61ba8a19
images_OBJ043/OBJ043_072.jpg,OBJ043,Swimming Goggles,object,.jpg,6d5e2243fa435c3b09fc91d8443f7f3d
images_OBJ043/OBJ043_073.jpg,OBJ043,Swimming Goggles,object,.jpg,12cdc3d552ab09f96cdcece864346e38
images_OBJ043/OBJ043_074.jpg,OBJ043,Swimming Goggles,object,.jpg,32227558d27437ff023c6c012f404aa5
images_OBJ043/OBJ043_075.jpg,OBJ043,Swimming Goggles,object,.jpg,d87b522884966acff6b7b5d9373de425
images_OBJ043/OBJ043_076.jpg,OBJ043,Swimming Goggles,object,.jpg,6693067ede3e560b38e1d16fdf76cebc
images_OBJ043/OBJ043_077.jpg,OBJ043,Swimming Goggles,object,.jpg,4043147631f6febf9da19647afb7baa3
images_OBJ043/OBJ043_078.jpg,OBJ043,Swimming Goggles,object,.jpg,cd4097d42a1b468a5267910cf0c939d9
images_OBJ043/OBJ043_079.jpg,OBJ043,Swimming Goggles,object,.jpg,e2d493c77021df044e393cf77f654523
images_OBJ043/OBJ043_080.jpg,OBJ043,Swimming Goggles,object,.jpg,c5862fc0a56fae409aeb3d8bf55d5b9d
images_OBJ043/OBJ043_081.jpg,OBJ043,Swimming Goggles,object,.jpg,fb9cb669b4dfbe9a42286f1acfde9975
images_OBJ043/OBJ043_082.jpg,OBJ043,Swimming Goggles,object,.jpg,ef35cd517c0bad690cfd6a668aaa695a
images_OBJ043/OBJ043_083.jpg,OBJ043,Swimming Goggles,object,.jpg,37d9b3cfb34cbae94bdd1684d773f7f4
images_OBJ043/OBJ043_084.jpg,OBJ043,Swimming Goggles,object,.jpg,106b452ccc78f6cd7e60f0a8515f2ab7
images_OBJ043/OBJ043_085.jpg,OBJ043,Swimming Goggles,object,.jpg,4cf65fef59c477df87eb39623f266a5f
images_OBJ043/OBJ043_086.jpg,OBJ043,Swimming Goggles,object,.jpg,0916efef29c5d7ecc488d3c3ef3c5442
images_OBJ043/OBJ043_087.jpg,OBJ043,Swimming Goggles,object,.jpg,04eec0476d263fb81d5789233a7be793
images_OBJ043/OBJ043_088.jpg,OBJ043,Swimming Goggles,object,.jpg,4b58c03bd33a86e61b25eb18e774030b
images_OBJ043/OBJ043_089.jpg,OBJ043,Swimming Goggles,object,.jpg,80248f7ccb7a45fe113bcfe8feaf1a2b
images_OBJ043/OBJ043_090.jpg,OBJ043,Swimming Goggles,object,.jpg,6b31745c2e8ff8e15e3605f1f30a0c66
images_OBJ043/OBJ043_091.jpg,OBJ043,Swimming Goggles,object,.jpg,7e75c4a13ed62b9913ee0992fd1bce3a
images_OBJ043/OBJ043_092.jpg,OBJ043,Swimming Goggles,object,.jpg,133be5010c9934c64f38b385c99f9a73
images_OBJ043/OBJ043_093.jpg,OBJ043,Swimming Goggles,object,.jpg,f76e1edf14c2ea0f2c72d6c168684e2a
images_OBJ043/OBJ043_094.jpg,OBJ043,Swimming Goggles,object,.jpg,a71ec9bfc309969c841541e5879eec2f
images_OBJ043/OBJ043_095.jpg,OBJ043,Swimming Goggles,object,.jpg,d2d3dd093597bbce1663ecad32112841
images_OBJ043/OBJ043_bg_001.jpg,OBJ043,Swimming Goggles,background,.jpg,3cadcaed899ee463f9bc8aa4f1f99469
images_OBJ043/OBJ043_bg_002.jpg,OBJ043,Swimming Goggles,background,.jpg,69ad2f21cd15876ee6e89ea7ca2494d3
images_OBJ043/OBJ043_bg_003.jpg,OBJ043,Swimming Goggles,background,.jpg,d8504cc482867481b9d0b5c0a41470d7
images_OBJ043/OBJ043_bg_004.jpg,OBJ043,Swimming Goggles,background,.jpg,96dbaf4a33a7d1fd806396bfb88b9c22
images_OBJ043/OBJ043_bg_005.jpg,OBJ043,Swimming Goggles,background,.jpg,8e0aa2e2ebe891765a4985bfc127011b
images_OBJ044/OBJ044_001.jpg,OBJ044,Anime Figurine,object,.jpg,6e2e6c2347d8ab57dd4b3f11dab99f8e
images_OBJ044/OBJ044_002.jpg,OBJ044,Anime Figurine,object,.jpg,309f7d171b0442b23a67a70de2e82792
images_OBJ044/OBJ044_003.jpg,OBJ044,Anime Figurine,object,.jpg,cb20ff8fbbb8ce5411fe5b9aaa32836d
images_OBJ044/OBJ044_004.jpg,OBJ044,Anime Figurine,object,.jpg,d91028dfb7a3a760934c898366547228
images_OBJ044/OBJ044_005.jpg,OBJ044,Anime Figurine,object,.jpg,2fb606eadcd9d28b8cf765f132ba1542
images_OBJ044/OBJ044_006.jpg,OBJ044,Anime Figurine,object,.jpg,7694a76788776c7f9d3f34718dc60e5f
images_OBJ044/OBJ044_007.jpg,OBJ044,Anime Figurine,object,.jpg,062eef7c61c7ba5eb1ac27359cf0655f
images_OBJ044/OBJ044_008.jpg,OBJ044,Anime Figurine,object,.jpg,2a067bb3a5ca9bb15cfb62d455da7982
images_OBJ044/OBJ044_009.jpg,OBJ044,Anime Figurine,object,.jpg,a960ee6bfcb0c3caa19d7042fc7e728d
images_OBJ044/OBJ044_010.jpg,OBJ044,Anime Figurine,object,.jpg,2a5f89195b4baaee2a3933e4c39197dc
images_OBJ044/OBJ044_011.jpg,OBJ044,Anime Figurine,object,.jpg,6bd7128edd8e0c95fa12f727c7072601
images_OBJ044/OBJ044_012.jpg,OBJ044,Anime Figurine,object,.jpg,9d95a723ac0081a40df3f177a3d79cd1
images_OBJ044/OBJ044_013.jpg,OBJ044,Anime Figurine,object,.jpg,ceabeb6cb6bdce3df66b9c3056f146e9
images_OBJ044/OBJ044_014.jpg,OBJ044,Anime Figurine,object,.jpg,d2fe3a19f0ced571f741fdba0109f818
images_OBJ044/OBJ044_015.jpg,OBJ044,Anime Figurine,object,.jpg,8a400a6917b0914f3e1c30c575c7519a
images_OBJ044/OBJ044_016.jpg,OBJ044,Anime Figurine,object,.jpg,005665ae49c99264b2d5b885a28818ec
images_OBJ044/OBJ044_017.jpg,OBJ044,Anime Figurine,object,.jpg,836f4734526448b2e951e991a8eac17a
images_OBJ044/OBJ044_018.jpg,OBJ044,Anime Figurine,object,.jpg,9b6f40e71a12053cc440fb3df82771c7
images_OBJ044/OBJ044_019.jpg,OBJ044,Anime Figurine,object,.jpg,b3529708aeea4e840be18bbee3b92992
images_OBJ044/OBJ044_020.jpg,OBJ044,Anime Figurine,object,.jpg,12590c33e2605d622a7046e79b9dc64c
images_OBJ044/OBJ044_021.jpg,OBJ044,Anime Figurine,object,.jpg,9944696b3f9acdeb990f1c77301e43c8
images_OBJ044/OBJ044_022.jpg,OBJ044,Anime Figurine,object,.jpg,a6118d8bb37a5c7762d3a835cdc33b01
images_OBJ044/OBJ044_023.jpg,OBJ044,Anime Figurine,object,.jpg,dff8509dcfc29eb067b238456996f69d
images_OBJ044/OBJ044_024.jpg,OBJ044,Anime Figurine,object,.jpg,1eb4df26ec394ce99f9f287b8c723990
images_OBJ044/OBJ044_025.jpg,OBJ044,Anime Figurine,object,.jpg,1d91f5f8e4a98ece616cd6529e48a12e
images_OBJ044/OBJ044_026.jpg,OBJ044,Anime Figurine,object,.jpg,918378f7d2ee3a5d98e5bb23495ea4b8
images_OBJ044/OBJ044_027.jpg,OBJ044,Anime Figurine,object,.jpg,b70b803110c2f2920e2d4637d0106a7c
images_OBJ044/OBJ044_028.jpg,OBJ044,Anime Figurine,object,.jpg,0b6a5ba6ebd0121cf7a69aec1b8d36bb
images_OBJ044/OBJ044_029.jpg,OBJ044,Anime Figurine,object,.jpg,839f667a558adc82cb0bc75e52876d88
images_OBJ044/OBJ044_030.jpg,OBJ044,Anime Figurine,object,.jpg,2761a71117897ec9e3625aaaced0f9dc
images_OBJ044/OBJ044_031.jpg,OBJ044,Anime Figurine,object,.jpg,5af8460bfb87206331a5ccaf7a3eb786
images_OBJ044/OBJ044_032.jpg,OBJ044,Anime Figurine,object,.jpg,339ca0ced0690416a42fcec7f0940d6e
images_OBJ044/OBJ044_033.jpg,OBJ044,Anime Figurine,object,.jpg,6cdbf5020dd1a8b61a5da398413da56a
images_OBJ044/OBJ044_034.jpg,OBJ044,Anime Figurine,object,.jpg,1a1588e7c265b7d23ed5b20e65dd3db9
images_OBJ044/OBJ044_035.jpg,OBJ044,Anime Figurine,object,.jpg,19f450a67da64dac50ac831a7f10b0f3
images_OBJ044/OBJ044_036.jpg,OBJ044,Anime Figurine,object,.jpg,f823ec01840f587d364c86f5d10886bb
images_OBJ044/OBJ044_037.jpg,OBJ044,Anime Figurine,object,.jpg,c786a818f3bbe3832a551661f9247491
images_OBJ044/OBJ044_038.jpg,OBJ044,Anime Figurine,object,.jpg,36f6a2deacc3cd2a86adfa691590d316
images_OBJ044/OBJ044_039.jpg,OBJ044,Anime Figurine,object,.jpg,f7dbea4228e36f8a507958c68884ec36
images_OBJ044/OBJ044_040.jpg,OBJ044,Anime Figurine,object,.jpg,c3db4b534723c7b14ef31d5c78eece98
images_OBJ044/OBJ044_041.jpg,OBJ044,Anime Figurine,object,.jpg,4bddeef8931f0fed83d476b94955a3b0
images_OBJ044/OBJ044_042.jpg,OBJ044,Anime Figurine,object,.jpg,690cd5a83eca98232a4ae8f6d61217bd
images_OBJ044/OBJ044_043.jpg,OBJ044,Anime Figurine,object,.jpg,86e9051efcef40d3a1e5641e0909e12c
images_OBJ044/OBJ044_044.jpg,OBJ044,Anime Figurine,object,.jpg,32067a6474324057bb3b06efe9496618
images_OBJ044/OBJ044_045.jpg,OBJ044,Anime Figurine,object,.jpg,d642f6ada9d334aeb70548200eb1a494
images_OBJ044/OBJ044_046.jpg,OBJ044,Anime Figurine,object,.jpg,f27fa47764921335b1555502fae327b9
images_OBJ044/OBJ044_047.jpg,OBJ044,Anime Figurine,object,.jpg,2076e8fd14d02b937dd648c430ff92c3
images_OBJ044/OBJ044_048.jpg,OBJ044,Anime Figurine,object,.jpg,7b6c84a8965235949f01fec899cc4d92
images_OBJ044/OBJ044_049.jpg,OBJ044,Anime Figurine,object,.jpg,88773b0fa212b3d16894010d09fa4fca
images_OBJ044/OBJ044_050.jpg,OBJ044,Anime Figurine,object,.jpg,a0e702a49a230c8cdf280e3263c415cd
images_OBJ044/OBJ044_051.jpg,OBJ044,Anime Figurine,object,.jpg,96656f55d70ea90c996604d51c004e69
images_OBJ044/OBJ044_052.jpg,OBJ044,Anime Figurine,object,.jpg,48a92a46fed1e5101f054498e784cbfb
images_OBJ044/OBJ044_053.jpg,OBJ044,Anime Figurine,object,.jpg,420417f03bd7f198f7fa806799c9fe0e
images_OBJ044/OBJ044_054.jpg,OBJ044,Anime Figurine,object,.jpg,3a9efbe4002175f9589f822936382943
images_OBJ044/OBJ044_055.jpg,OBJ044,Anime Figurine,object,.jpg,814489332921dbfc5018ee6a43dbccfe
images_OBJ044/OBJ044_056.jpg,OBJ044,Anime Figurine,object,.jpg,25a09e735d1e30a9db4961e8dff51cef
images_OBJ044/OBJ044_057.jpg,OBJ044,Anime Figurine,object,.jpg,32d1a4a4520ec8e242a9f936599f1b70
images_OBJ044/OBJ044_058.jpg,OBJ044,Anime Figurine,object,.jpg,a10306c204abc73c31a91dbafc1da40d
images_OBJ044/OBJ044_059.jpg,OBJ044,Anime Figurine,object,.jpg,4ca0595449251d65cd2e17e3b8801d45
images_OBJ044/OBJ044_060.jpg,OBJ044,Anime Figurine,object,.jpg,7cf0c2f4715e3b12300b83e5a53e865c
images_OBJ044/OBJ044_061.jpg,OBJ044,Anime Figurine,object,.jpg,2fd1844597944b88d709c6a32648cad5
images_OBJ044/OBJ044_062.jpg,OBJ044,Anime Figurine,object,.jpg,5d8f45f7e36df3cb1e6466f4b8cbf08c
images_OBJ044/OBJ044_063.jpg,OBJ044,Anime Figurine,object,.jpg,f1f5729281d8333b3595aa8fc645df8a
images_OBJ044/OBJ044_064.jpg,OBJ044,Anime Figurine,object,.jpg,d7cfabcd6b82d7caaada3ec539153dda
images_OBJ044/OBJ044_065.jpg,OBJ044,Anime Figurine,object,.jpg,6f71c6f672c9f41376b9a6158ebd3fa9
images_OBJ044/OBJ044_066.jpg,OBJ044,Anime Figurine,object,.jpg,b5e08c1a9acbb76ea9c3f4e5a5d6bf5c
images_OBJ044/OBJ044_067.jpg,OBJ044,Anime Figurine,object,.jpg,03e80e728b2c26647749380da2b9ab85
images_OBJ044/OBJ044_068.jpg,OBJ044,Anime Figurine,object,.jpg,cb429d80042815817054225f1eff5a44
images_OBJ044/OBJ044_069.jpg,OBJ044,Anime Figurine,object,.jpg,dfdd717fc083d916135724cf24224b7b
images_OBJ044/OBJ044_070.jpg,OBJ044,Anime Figurine,object,.jpg,c960f89df68b152aaa06de8a55c8955d
images_OBJ044/OBJ044_071.jpg,OBJ044,Anime Figurine,object,.jpg,995cbe265e9e6261309dc49ba49e24b8
images_OBJ044/OBJ044_072.jpg,OBJ044,Anime Figurine,object,.jpg,2af68c1a26c1c510a112f0e40b294501
images_OBJ044/OBJ044_073.jpg,OBJ044,Anime Figurine,object,.jpg,b270914d850563a029e01f163d1938bf
images_OBJ044/OBJ044_074.jpg,OBJ044,Anime Figurine,object,.jpg,0610691c2f617d7f46c8dd5c1ccb5370
images_OBJ044/OBJ044_075.jpg,OBJ044,Anime Figurine,object,.jpg,e4a6a2b0111046e05990a1b7b975a475
images_OBJ044/OBJ044_076.jpg,OBJ044,Anime Figurine,object,.jpg,5e6abc2ff7ea20ec5b7526b596bb4c85
images_OBJ044/OBJ044_077.jpg,OBJ044,Anime Figurine,object,.jpg,e6e4db94a2bc0fb2f3b5e3bed22f5255
images_OBJ044/OBJ044_078.jpg,OBJ044,Anime Figurine,object,.jpg,fd548c86d3c5b10a15ab3e77240e8447
images_OBJ044/OBJ044_079.jpg,OBJ044,Anime Figurine,object,.jpg,5bd5280c95a229a2fb9ad74cd76fef92
images_OBJ044/OBJ044_080.jpg,OBJ044,Anime Figurine,object,.jpg,d0b38036f77fe131637d44d0035a9e1f
images_OBJ044/OBJ044_081.jpg,OBJ044,Anime Figurine,object,.jpg,2ceb256a1dabc9e223b2270f4a17e795
images_OBJ044/OBJ044_082.jpg,OBJ044,Anime Figurine,object,.jpg,a13a4df79a3f82a8fbe0b803d1484623
images_OBJ044/OBJ044_083.jpg,OBJ044,Anime Figurine,object,.jpg,883df65fba96377ee3570cda62b45eb3
images_OBJ044/OBJ044_084.jpg,OBJ044,Anime Figurine,object,.jpg,76487deb10a06fed087db239b93b2690
images_OBJ044/OBJ044_085.jpg,OBJ044,Anime Figurine,object,.jpg,c00f8a84c695cc6776e813222e152b53
images_OBJ044/OBJ044_086.jpg,OBJ044,Anime Figurine,object,.jpg,c50e0f7cdb22efa9aaa88be55a1f2c41
images_OBJ044/OBJ044_087.jpg,OBJ044,Anime Figurine,object,.jpg,ba20ca5c00c0c81869a0a3b895338a30
images_OBJ044/OBJ044_088.jpg,OBJ044,Anime Figurine,object,.jpg,f77da1053ce4b0d1cb01ba070c4b71d0
images_OBJ044/OBJ044_089.jpg,OBJ044,Anime Figurine,object,.jpg,3e661a5e8d1ddd59af5b484b803d218b
images_OBJ044/OBJ044_090.jpg,OBJ044,Anime Figurine,object,.jpg,b5783fc3e30c76f43039ffd417da2799
images_OBJ044/OBJ044_091.jpg,OBJ044,Anime Figurine,object,.jpg,d3d05402be21026ca43ac3ccc765689e
images_OBJ044/OBJ044_092.jpg,OBJ044,Anime Figurine,object,.jpg,a7c0e024a7b3cbd97ffad0fee2be7cc3
images_OBJ044/OBJ044_093.jpg,OBJ044,Anime Figurine,object,.jpg,3134dfe0abc226feb69ff9263cd7cd21
images_OBJ044/OBJ044_094.jpg,OBJ044,Anime Figurine,object,.jpg,2a6dc32c7cf6427b74f601cc32de29e9
images_OBJ044/OBJ044_095.jpg,OBJ044,Anime Figurine,object,.jpg,264185469b2674dc617dbdab7aeb4944
images_OBJ044/OBJ044_bg_001.jpg,OBJ044,Anime Figurine,background,.jpg,9ba1941d5955c0ee5359607ca68079e6
images_OBJ044/OBJ044_bg_002.jpg,OBJ044,Anime Figurine,background,.jpg,801e0aeb7f0b0925e032fbabbfea6042
images_OBJ044/OBJ044_bg_003.jpg,OBJ044,Anime Figurine,background,.jpg,984fb1de44077314079dc4641de66a5c
images_OBJ044/OBJ044_bg_004.jpg,OBJ044,Anime Figurine,background,.jpg,fb0b3bc89526e67273b4bb04292d1ff8
images_OBJ044/OBJ044_bg_005.jpg,OBJ044,Anime Figurine,background,.jpg,e5eda35975e668faaae16ec61c4e49d6
images_OBJ045/OBJ045_001.jpg,OBJ045,Wayfarer Sunglasses,object,.jpg,c0ef71160875310186625ed1c8426dab
images_OBJ045/OBJ045_002.jpg,OBJ045,Wayfarer Sunglasses,object,.jpg,a863260325041d366dc6e776561bcecf
images_OBJ045/OBJ045_003.jpg,OBJ045,Wayfarer Sunglasses,object,.jpg,228a6cc31efe52fcd16c610bf682ce8e
images_OBJ045/OBJ045_004.jpg,OBJ045,Wayfarer Sunglasses,object,.jpg,a7da6a50a9bf60d9063f253c87187d37
images_OBJ045/OBJ045_005.jpg,OBJ045,Wayfarer Sunglasses,object,.jpg,c3f3ed3d2da2e85fa4a2ab9ba2e8129e
images_OBJ045/OBJ045_006.jpg,OBJ045,Wayfarer Sunglasses,object,.jpg,c4954521eef21edb9fb3cca5003aea67
images_OBJ045/OBJ045_007.jpg,OBJ045,Wayfarer Sunglasses,object,.jpg,b2f32d8cda490661d3aefb134574d253
images_OBJ045/OBJ045_008.jpg,OBJ045,Wayfarer Sunglasses,object,.jpg,d01433b1eb4b00a11e4792380a68cdf0
images_OBJ045/OBJ045_009.jpg,OBJ045,Wayfarer Sunglasses,object,.jpg,d349c98d2fb4d39902a126398b8c5e26
images_OBJ045/OBJ045_010.jpg,OBJ045,Wayfarer Sunglasses,object,.jpg,59f4a7e3ddadbdf798cc40954764e785
images_OBJ045/OBJ045_011.jpg,OBJ045,Wayfarer Sunglasses,object,.jpg,0baac0001e7a5c32c8ae9fbef4a406e3
images_OBJ045/OBJ045_012.jpg,OBJ045,Wayfarer Sunglasses,object,.jpg,532da6d65409118c27173af5dad3775b
images_OBJ045/OBJ045_013.jpg,OBJ045,Wayfarer Sunglasses,object,.jpg,650e5798e67031de9e4117ed28095c80
images_OBJ045/OBJ045_014.jpg,OBJ045,Wayfarer Sunglasses,object,.jpg,eafe100b94b3cfd58792c9d284351249
images_OBJ045/OBJ045_015.jpg,OBJ045,Wayfarer Sunglasses,object,.jpg,56f1fc200447453f8d435624daf8ef82
images_OBJ045/OBJ045_016.jpg,OBJ045,Wayfarer Sunglasses,object,.jpg,8845c9f80fe800e7743a62b8537593ca
images_OBJ045/OBJ045_017.jpg,OBJ045,Wayfarer Sunglasses,object,.jpg,6eff34546f7a35d73e2768e8478bb940
images_OBJ045/OBJ045_018.jpg,OBJ045,Wayfarer Sunglasses,object,.jpg,39b72b200e90a12207d681ee6bdefb65
images_OBJ045/OBJ045_019.jpg,OBJ045,Wayfarer Sunglasses,object,.jpg,601890ae5ea7277222fdea6ad365ae93
images_OBJ045/OBJ045_020.jpg,OBJ045,Wayfarer Sunglasses,object,.jpg,b1c987d1e599c3625ba29e333914c0b4
images_OBJ045/OBJ045_021.jpg,OBJ045,Wayfarer Sunglasses,object,.jpg,5e2e3f392cf085b19956e763eeae96a0
images_OBJ045/OBJ045_022.jpg,OBJ045,Wayfarer Sunglasses,object,.jpg,be27dd4e72ef7b3ec5ae8be7f884b37d
images_OBJ045/OBJ045_023.jpg,OBJ045,Wayfarer Sunglasses,object,.jpg,dac3891559cfad3b617c71bb78555240
images_OBJ045/OBJ045_024.jpg,OBJ045,Wayfarer Sunglasses,object,.jpg,eb9aed5bc8afcafdb8a451cd4b0aa104
images_OBJ045/OBJ045_025.jpg,OBJ045,Wayfarer Sunglasses,object,.jpg,f123884040953ec5e6a770b443fbc4fd
images_OBJ045/OBJ045_026.jpg,OBJ045,Wayfarer Sunglasses,object,.jpg,a046614312205f696065f6c0942dba34
images_OBJ045/OBJ045_027.jpg,OBJ045,Wayfarer Sunglasses,object,.jpg,c6fec5e6df6a754c1f943517596f160c
images_OBJ045/OBJ045_028.jpg,OBJ045,Wayfarer Sunglasses,object,.jpg,83a72a576e17dfdbf0874f12df6526b0
images_OBJ045/OBJ045_029.jpg,OBJ045,Wayfarer Sunglasses,object,.jpg,71d687b3827e3a3e3640a6c4346bd437
images_OBJ045/OBJ045_030.jpg,OBJ045,Wayfarer Sunglasses,object,.jpg,ca6054eb5a9ce643da9ae9bd3fd3055e
images_OBJ045/OBJ045_031.jpg,OBJ045,Wayfarer Sunglasses,object,.jpg,d8789ef086439f0bfaba56a1f62ec438
images_OBJ045/OBJ045_032.jpg,OBJ045,Wayfarer Sunglasses,object,.jpg,15d0301370eeac74b00bb76cd38eaeab
images_OBJ045/OBJ045_033.jpg,OBJ045,Wayfarer Sunglasses,object,.jpg,d0f06af2a55f6f6f39ff1e3e24b38ae3
images_OBJ045/OBJ045_034.jpg,OBJ045,Wayfarer Sunglasses,object,.jpg,d743177f686a31717349dbcd4317e2b0
images_OBJ045/OBJ045_035.jpg,OBJ045,Wayfarer Sunglasses,object,.jpg,6c3e521cd23e3bccebf40bade0a96022
images_OBJ045/OBJ045_036.jpg,OBJ045,Wayfarer Sunglasses,object,.jpg,6521e2fa16518aa0eddef3a64968d811
images_OBJ045/OBJ045_037.jpg,OBJ045,Wayfarer Sunglasses,object,.jpg,680038f34779b8a635f358d6b947e35a
images_OBJ045/OBJ045_038.jpg,OBJ045,Wayfarer Sunglasses,object,.jpg,a8cb431964e6add9a1357ef67993e606
images_OBJ045/OBJ045_039.jpg,OBJ045,Wayfarer Sunglasses,object,.jpg,d9c2764eeab1aa76a25164c96e966706
images_OBJ045/OBJ045_040.jpg,OBJ045,Wayfarer Sunglasses,object,.jpg,765ecab10245c4fd343ca34a54df3caa
images_OBJ045/OBJ045_041.jpg,OBJ045,Wayfarer Sunglasses,object,.jpg,e0f48f059a931ed42aadcfad399abc86
images_OBJ045/OBJ045_042.jpg,OBJ045,Wayfarer Sunglasses,object,.jpg,5a8a5e3e0de63ff47434b4ed770554dc
images_OBJ045/OBJ045_043.jpg,OBJ045,Wayfarer Sunglasses,object,.jpg,f91e734ec54b915461c15657bf49820a
images_OBJ045/OBJ045_044.jpg,OBJ045,Wayfarer Sunglasses,object,.jpg,9f009f642f801096832d86282de9b701
images_OBJ045/OBJ045_045.jpg,OBJ045,Wayfarer Sunglasses,object,.jpg,92e80324c7a828384ed44ba2c29126d2
images_OBJ045/OBJ045_046.jpg,OBJ045,Wayfarer Sunglasses,object,.jpg,634b92f2d1cf118d0680791709d0877c
images_OBJ045/OBJ045_047.jpg,OBJ045,Wayfarer Sunglasses,object,.jpg,1bd99daeb2c67f7e04bfc3c60b664455
images_OBJ045/OBJ045_048.jpg,OBJ045,Wayfarer Sunglasses,object,.jpg,2b9b5585904b3faa227413c6d11a0973
images_OBJ045/OBJ045_049.jpg,OBJ045,Wayfarer Sunglasses,object,.jpg,512d2b3539b9a2662fb83f64d09afbf7
images_OBJ045/OBJ045_050.jpg,OBJ045,Wayfarer Sunglasses,object,.jpg,636438e619fb598bcf2048ac8e3419d7
images_OBJ045/OBJ045_051.jpg,OBJ045,Wayfarer Sunglasses,object,.jpg,b69237ad53320aa5578d373c5bfce0bd
images_OBJ045/OBJ045_052.jpg,OBJ045,Wayfarer Sunglasses,object,.jpg,61a9782e8253f11f654095cc0ac1ead3
images_OBJ045/OBJ045_053.jpg,OBJ045,Wayfarer Sunglasses,object,.jpg,2544f9c477bd5c3b74db6f12a784b492
images_OBJ045/OBJ045_054.jpg,OBJ045,Wayfarer Sunglasses,object,.jpg,0bee468149960d7f960fe16dbe74ddfd
images_OBJ045/OBJ045_055.jpg,OBJ045,Wayfarer Sunglasses,object,.jpg,98b377e6dcdd9776bc8762a1d30dc5a2
images_OBJ045/OBJ045_056.jpg,OBJ045,Wayfarer Sunglasses,object,.jpg,de15299f6cba8c61fa2e5d9ee38e18a6
images_OBJ045/OBJ045_057.jpg,OBJ045,Wayfarer Sunglasses,object,.jpg,42375b04e91941f4755cdf536a3d7482
images_OBJ045/OBJ045_058.jpg,OBJ045,Wayfarer Sunglasses,object,.jpg,581e5081a5e014106e19b4946682ccec
images_OBJ045/OBJ045_059.jpg,OBJ045,Wayfarer Sunglasses,object,.jpg,e2eeca3ddb59cdf6883b9a3e06210221
images_OBJ045/OBJ045_060.jpg,OBJ045,Wayfarer Sunglasses,object,.jpg,fbb05f9a9d4f8a672ebbcd1607c4b8b7
images_OBJ045/OBJ045_061.jpg,OBJ045,Wayfarer Sunglasses,object,.jpg,a2cee9377ddafd7f97ee56e95c254be6
images_OBJ045/OBJ045_062.jpg,OBJ045,Wayfarer Sunglasses,object,.jpg,c49cb53c245665f4335b721c67460d19
images_OBJ045/OBJ045_063.jpg,OBJ045,Wayfarer Sunglasses,object,.jpg,aaabbe90c89f8decb3a1024f10fc62ce
images_OBJ045/OBJ045_064.jpg,OBJ045,Wayfarer Sunglasses,object,.jpg,ea8784b72a01ee50bac02b1ddc15a96b
images_OBJ045/OBJ045_065.jpg,OBJ045,Wayfarer Sunglasses,object,.jpg,fc09afbd5aaf4d11315b6926d97ab28d
images_OBJ045/OBJ045_066.jpg,OBJ045,Wayfarer Sunglasses,object,.jpg,16f4e211a5c5f656bdcc2c9896934ad3
images_OBJ045/OBJ045_067.jpg,OBJ045,Wayfarer Sunglasses,object,.jpg,56792fb5a97e3e64f18d3d3fc5668a18
images_OBJ045/OBJ045_068.jpg,OBJ045,Wayfarer Sunglasses,object,.jpg,1f8d42b850c8136350dadf0620aab361
images_OBJ045/OBJ045_069.jpg,OBJ045,Wayfarer Sunglasses,object,.jpg,a0cf4877d8e0cee87e1cdfbeb3390f98
images_OBJ045/OBJ045_070.jpg,OBJ045,Wayfarer Sunglasses,object,.jpg,73210b094f607c7a51c466f59addaad1
images_OBJ045/OBJ045_071.jpg,OBJ045,Wayfarer Sunglasses,object,.jpg,3202166843c6ec4cdcf21336947bf782
images_OBJ045/OBJ045_072.jpg,OBJ045,Wayfarer Sunglasses,object,.jpg,dae30cf60c052b21e7a6234522fd4e7e
images_OBJ045/OBJ045_073.jpg,OBJ045,Wayfarer Sunglasses,object,.jpg,888f85d914c3dffce8f170680f39baa7
images_OBJ045/OBJ045_074.jpg,OBJ045,Wayfarer Sunglasses,object,.jpg,23a0093fd20bd9cfd4f614cfe880c4df
images_OBJ045/OBJ045_075.jpg,OBJ045,Wayfarer Sunglasses,object,.jpg,07820a843b045b614b1ea83154d8a69d
images_OBJ045/OBJ045_076.jpg,OBJ045,Wayfarer Sunglasses,object,.jpg,bdebf239007bc547cbdd29ac706d02a3
images_OBJ045/OBJ045_077.jpg,OBJ045,Wayfarer Sunglasses,object,.jpg,ad881bb4daf3767204623efbcdcb2b18
images_OBJ045/OBJ045_078.jpg,OBJ045,Wayfarer Sunglasses,object,.jpg,4402aec237d51df335787faa557cdc6c
images_OBJ045/OBJ045_079.jpg,OBJ045,Wayfarer Sunglasses,object,.jpg,1392c044f9ec4f54a3f556661ae69c37
images_OBJ045/OBJ045_080.jpg,OBJ045,Wayfarer Sunglasses,object,.jpg,6269ca4e5bd5e28b785cdcc89b4417a9
images_OBJ045/OBJ045_081.jpg,OBJ045,Wayfarer Sunglasses,object,.jpg,42ea6079e98d789fb3e51e2de1ba078e
images_OBJ045/OBJ045_082.jpg,OBJ045,Wayfarer Sunglasses,object,.jpg,1f332411510b4691938ce7e322327776
images_OBJ045/OBJ045_083.jpg,OBJ045,Wayfarer Sunglasses,object,.jpg,fe73cb6a1a5dd593650184d2223b8946
images_OBJ045/OBJ045_084.jpg,OBJ045,Wayfarer Sunglasses,object,.jpg,e521bf766534136b37e64d13adf4b36f
images_OBJ045/OBJ045_085.jpg,OBJ045,Wayfarer Sunglasses,object,.jpg,1ad70de9e4b14d03950aec62f12175c1
images_OBJ045/OBJ045_086.jpg,OBJ045,Wayfarer Sunglasses,object,.jpg,02a06e33e5640c5d5bba4cde4dbadc7f
images_OBJ045/OBJ045_087.jpg,OBJ045,Wayfarer Sunglasses,object,.jpg,ca6a6d5c49341aa08888205ae3812b65
images_OBJ045/OBJ045_088.jpg,OBJ045,Wayfarer Sunglasses,object,.jpg,5fe4d21ca281dd880b8645578d50ca01
images_OBJ045/OBJ045_089.jpg,OBJ045,Wayfarer Sunglasses,object,.jpg,82afe61229a1d467c5b77859cb0b47b3
images_OBJ045/OBJ045_090.jpg,OBJ045,Wayfarer Sunglasses,object,.jpg,6bfbc274fbcb482c5c5176e64b483f3d
images_OBJ045/OBJ045_091.jpg,OBJ045,Wayfarer Sunglasses,object,.jpg,8d430c6814eb7d25631d9e6c1ed1ad8d
images_OBJ045/OBJ045_092.jpg,OBJ045,Wayfarer Sunglasses,object,.jpg,39cf3c61eb109124b24f63e351f7be7d
images_OBJ045/OBJ045_093.jpg,OBJ045,Wayfarer Sunglasses,object,.jpg,2b1b265297797b2ec8bf008286f701ca
images_OBJ045/OBJ045_094.jpg,OBJ045,Wayfarer Sunglasses,object,.jpg,efc54298710ba2582cdee0c92c525caf
images_OBJ045/OBJ045_095.jpg,OBJ045,Wayfarer Sunglasses,object,.jpg,d5e203b2ad62a6125aa5d5169cbc68cf
images_OBJ045/OBJ045_bg_001.jpg,OBJ045,Wayfarer Sunglasses,background,.jpg,60b4de1973619c177eec51750f034d16
images_OBJ045/OBJ045_bg_002.jpg,OBJ045,Wayfarer Sunglasses,background,.jpg,f2bc0836eebcd0ecfa3d8f781a7a4581
images_OBJ045/OBJ045_bg_003.jpg,OBJ045,Wayfarer Sunglasses,background,.jpg,7f947f553630ea5c782e38f0e78ece5f
images_OBJ045/OBJ045_bg_004.jpg,OBJ045,Wayfarer Sunglasses,background,.jpg,23fc2b584b7f7d1ef7331445ff069346
images_OBJ045/OBJ045_bg_005.jpg,OBJ045,Wayfarer Sunglasses,background,.jpg,f97baee7e375e13bccd201ecb4804464
images_OBJ046/OBJ046_001.jpg,OBJ046,iWatch,object,.jpg,9a3650b90124c4b0e115d0e3321de66d
images_OBJ046/OBJ046_002.jpg,OBJ046,iWatch,object,.jpg,4fd4eb51ae794f9e2c3c2362e94d4063
images_OBJ046/OBJ046_003.jpg,OBJ046,iWatch,object,.jpg,23842af77e153b71881c3ed7a0bed834
images_OBJ046/OBJ046_004.jpg,OBJ046,iWatch,object,.jpg,bd3dc8a6351d834798bde5f967a6cb6a
images_OBJ046/OBJ046_005.jpg,OBJ046,iWatch,object,.jpg,0dcf1aa30966731b2c89763138524774
images_OBJ046/OBJ046_006.jpg,OBJ046,iWatch,object,.jpg,dae2a20e42df35e3968163cbe7987c74
images_OBJ046/OBJ046_007.jpg,OBJ046,iWatch,object,.jpg,261a4503bbf2f3a5179d3c570dcfb883
images_OBJ046/OBJ046_008.jpg,OBJ046,iWatch,object,.jpg,5380ca60c895800f8464fadadce90e65
images_OBJ046/OBJ046_009.jpg,OBJ046,iWatch,object,.jpg,9ef45fb7fe92093823ae2a40aa5ebd3c
images_OBJ046/OBJ046_010.jpg,OBJ046,iWatch,object,.jpg,e4607d78f776263a89126f057ae57b03
images_OBJ046/OBJ046_011.jpg,OBJ046,iWatch,object,.jpg,52dd3317f344ddd0af2cd0c3243f5be1
images_OBJ046/OBJ046_012.jpg,OBJ046,iWatch,object,.jpg,b2bdcb8d8793cf961e9d76f2a3683ac3
images_OBJ046/OBJ046_013.jpg,OBJ046,iWatch,object,.jpg,4fc8dac20162fe09ae01785b1421d577
images_OBJ046/OBJ046_014.jpg,OBJ046,iWatch,object,.jpg,aa706be52ef35aa90df6f7473ff61dd7
images_OBJ046/OBJ046_015.jpg,OBJ046,iWatch,object,.jpg,0ce85c78c6432b7d97128158bad2ab93
images_OBJ046/OBJ046_016.jpg,OBJ046,iWatch,object,.jpg,045b5666efeece796af9397c314b7fb4
images_OBJ046/OBJ046_017.jpg,OBJ046,iWatch,object,.jpg,e9dfd3570a4b666ba16ace85c1045194
images_OBJ046/OBJ046_018.jpg,OBJ046,iWatch,object,.jpg,a0718223d1d6978a70d177122e6f9fec
images_OBJ046/OBJ046_019.jpg,OBJ046,iWatch,object,.jpg,abc46b2f6bd48a8b8a78ee6021543fde
images_OBJ046/OBJ046_020.jpg,OBJ046,iWatch,object,.jpg,8de908308bc319a28731e618576ea3b9
images_OBJ046/OBJ046_021.jpg,OBJ046,iWatch,object,.jpg,4b722b68e95d504a34644ee2329307cb
images_OBJ046/OBJ046_022.jpg,OBJ046,iWatch,object,.jpg,7ba4b3d015bc18b6cefa6c60607e4e72
images_OBJ046/OBJ046_023.jpg,OBJ046,iWatch,object,.jpg,07ace8cc8ca044cf7f8ff79dca78e531
images_OBJ046/OBJ046_024.jpg,OBJ046,iWatch,object,.jpg,657ba22bdc5a495a8b0504504eb0c11d
images_OBJ046/OBJ046_025.jpg,OBJ046,iWatch,object,.jpg,81447768829eaa0aef4a79144745395c
images_OBJ046/OBJ046_026.jpg,OBJ046,iWatch,object,.jpg,924f6e531a9e20b8359e2017dcfb8f67
images_OBJ046/OBJ046_027.jpg,OBJ046,iWatch,object,.jpg,c0ecd5355af413229c721a21f4b1d06a
images_OBJ046/OBJ046_028.jpg,OBJ046,iWatch,object,.jpg,5d3bc9d43f18bdb3299679408160e215
images_OBJ046/OBJ046_029.jpg,OBJ046,iWatch,object,.jpg,2162ed4b906b74380b649859c6d0e4a7
images_OBJ046/OBJ046_030.jpg,OBJ046,iWatch,object,.jpg,d0aa9eb019e1e5cc87aca33bfbbe8bda
images_OBJ046/OBJ046_031.jpg,OBJ046,iWatch,object,.jpg,dc1325bc8973ff89da75322767d59011
images_OBJ046/OBJ046_032.jpg,OBJ046,iWatch,object,.jpg,684291827f8e3902158e9cc1dedabcac
images_OBJ046/OBJ046_033.jpg,OBJ046,iWatch,object,.jpg,350ced4cc4e0ff8f1238aa484d12683e
images_OBJ046/OBJ046_034.jpg,OBJ046,iWatch,object,.jpg,8c5c022e97df00bef1cf51485f2d1c5e
images_OBJ046/OBJ046_035.jpg,OBJ046,iWatch,object,.jpg,027d523b14334fc80e8179ce96b20865
images_OBJ046/OBJ046_036.jpg,OBJ046,iWatch,object,.jpg,7e324dffbf911ef1625e76e77f6d93f3
images_OBJ046/OBJ046_037.jpg,OBJ046,iWatch,object,.jpg,221a8874d59e67e6977e89e793a729a5
images_OBJ046/OBJ046_038.jpg,OBJ046,iWatch,object,.jpg,c6919cd224d52926fc04e512d86f06a0
images_OBJ046/OBJ046_039.jpg,OBJ046,iWatch,object,.jpg,2215473420044998f9590c3442c93dd9
images_OBJ046/OBJ046_040.jpg,OBJ046,iWatch,object,.jpg,cf4922f230744341cb54e18be4182f1a
images_OBJ046/OBJ046_041.jpg,OBJ046,iWatch,object,.jpg,87668f438b785de5510dec7512c6bac7
images_OBJ046/OBJ046_042.jpg,OBJ046,iWatch,object,.jpg,c9b3822f7bc942956005a2d81dac6e3a
images_OBJ046/OBJ046_043.jpg,OBJ046,iWatch,object,.jpg,edff6992dfcfb98d78dee8a069b26a0d
images_OBJ046/OBJ046_044.jpg,OBJ046,iWatch,object,.jpg,7ebe2b8b992fdcda4f013bfdb26c09a0
images_OBJ046/OBJ046_045.jpg,OBJ046,iWatch,object,.jpg,8bc5aae271dc8816de3b6af8ec5f24cf
images_OBJ046/OBJ046_046.jpg,OBJ046,iWatch,object,.jpg,8d1a38af1e9a0608ef3f71ed9a496dde
images_OBJ046/OBJ046_047.jpg,OBJ046,iWatch,object,.jpg,5898f5980c4e8b2f25fc562607002f3d
images_OBJ046/OBJ046_048.jpg,OBJ046,iWatch,object,.jpg,2c656cdd326b1c51d3559b8d29f199e5
images_OBJ046/OBJ046_049.jpg,OBJ046,iWatch,object,.jpg,83bf1d63729c876ddea8cd52c0a4c500
images_OBJ046/OBJ046_050.jpg,OBJ046,iWatch,object,.jpg,1f9daaf2d1a293b4a19b07551e6a68db
images_OBJ046/OBJ046_051.jpg,OBJ046,iWatch,object,.jpg,292239b3cdd3518660f1a0ac0c953ad5
images_OBJ046/OBJ046_052.jpg,OBJ046,iWatch,object,.jpg,46b43d40cd168544c02dca5cf506a128
images_OBJ046/OBJ046_053.jpg,OBJ046,iWatch,object,.jpg,b8d968d1a66e11a81858b8adc62b1a3a
images_OBJ046/OBJ046_054.jpg,OBJ046,iWatch,object,.jpg,f6a6482bca22df9ed5293c3ab78953f7
images_OBJ046/OBJ046_055.jpg,OBJ046,iWatch,object,.jpg,e428a63f706a48b81db1ebb3cb8fd03e
images_OBJ046/OBJ046_056.jpg,OBJ046,iWatch,object,.jpg,fd698cc0098532cf57d243dc9fc290ae
images_OBJ046/OBJ046_057.jpg,OBJ046,iWatch,object,.jpg,f798b8a6fa9dfb28ede9ed3defcfd20e
images_OBJ046/OBJ046_058.jpg,OBJ046,iWatch,object,.jpg,6a989f04fef9e1fc8a31084ebf55bdf0
images_OBJ046/OBJ046_059.jpg,OBJ046,iWatch,object,.jpg,30b6a203c74e5761b2de5abc1318686d
images_OBJ046/OBJ046_060.jpg,OBJ046,iWatch,object,.jpg,200baebffbc1ef257bd7b750ee06d277
images_OBJ046/OBJ046_061.jpg,OBJ046,iWatch,object,.jpg,8d406b496e45a5edce3d2e85f7777dac
images_OBJ046/OBJ046_062.jpg,OBJ046,iWatch,object,.jpg,a88b431ef1f78d316d1d65ec6dcb6657
images_OBJ046/OBJ046_063.jpg,OBJ046,iWatch,object,.jpg,0e8d4f62f0e9dd64f23209f7f75172ca
images_OBJ046/OBJ046_064.jpg,OBJ046,iWatch,object,.jpg,e92b5fd8b65f5abc4ada37638c2536f2
images_OBJ046/OBJ046_065.jpg,OBJ046,iWatch,object,.jpg,468d858a45755eeabef3f1c06aa469ad
images_OBJ046/OBJ046_066.jpg,OBJ046,iWatch,object,.jpg,a0d309cda936b70776647c99611ace40
images_OBJ046/OBJ046_067.jpg,OBJ046,iWatch,object,.jpg,85385e40072106e5d960810400a65406
images_OBJ046/OBJ046_068.jpg,OBJ046,iWatch,object,.jpg,ddc90d66a22269dda7fc595d22c1afb7
images_OBJ046/OBJ046_069.jpg,OBJ046,iWatch,object,.jpg,1c33c50d2ae2383aae04f1e429ea741d
images_OBJ046/OBJ046_070.jpg,OBJ046,iWatch,object,.jpg,f92bb55831bb7f347120719228ecf16e
images_OBJ046/OBJ046_071.jpg,OBJ046,iWatch,object,.jpg,d08e42685edfa3e61184288bfc4f80a1
images_OBJ046/OBJ046_072.jpg,OBJ046,iWatch,object,.jpg,7c7974874bc19dfc2c1fbb894f4bad54
images_OBJ046/OBJ046_073.jpg,OBJ046,iWatch,object,.jpg,a7aa4a16d78e436df2fe0edefe5b0d21
images_OBJ046/OBJ046_074.jpg,OBJ046,iWatch,object,.jpg,5a56cdb5cb83bf71dcb1444f01b510dd
images_OBJ046/OBJ046_075.jpg,OBJ046,iWatch,object,.jpg,44ad38dbf6492972e14dfe5878ee6fc8
images_OBJ046/OBJ046_076.jpg,OBJ046,iWatch,object,.jpg,5356adb26b36ea17ac5ec763af135355
images_OBJ046/OBJ046_077.jpg,OBJ046,iWatch,object,.jpg,4b93742597dd9db5240956870b96d9d9
images_OBJ046/OBJ046_078.jpg,OBJ046,iWatch,object,.jpg,a4e4d4563ef752be221acb3c389f0628
images_OBJ046/OBJ046_079.jpg,OBJ046,iWatch,object,.jpg,45cabfd7c4061f29527a945e4ba45fe7
images_OBJ046/OBJ046_080.jpg,OBJ046,iWatch,object,.jpg,32278412f4fd0494449a2f75938b015d
images_OBJ046/OBJ046_081.jpg,OBJ046,iWatch,object,.jpg,961da86b626b6021bf1387e4e95ff021
images_OBJ046/OBJ046_082.jpg,OBJ046,iWatch,object,.jpg,a63e187bfc178f77e4d60929fd1202ea
images_OBJ046/OBJ046_083.jpg,OBJ046,iWatch,object,.jpg,f2f6ea09e814a9c1b9b73789c843b756
images_OBJ046/OBJ046_084.jpg,OBJ046,iWatch,object,.jpg,a798822048849db185ab9e875ed48a08
images_OBJ046/OBJ046_085.jpg,OBJ046,iWatch,object,.jpg,c22436df3f2b5e10b0facd71729530da
images_OBJ046/OBJ046_086.jpg,OBJ046,iWatch,object,.jpg,e71be4e58e589cb3a62effd6d7c9c27e
images_OBJ046/OBJ046_087.jpg,OBJ046,iWatch,object,.jpg,6d811968077e8ceb54092eec051c85f7
images_OBJ046/OBJ046_088.jpg,OBJ046,iWatch,object,.jpg,e3fd9e8835fa7748556a3d46c2b43967
images_OBJ046/OBJ046_089.jpg,OBJ046,iWatch,object,.jpg,b25aa838b54c7df9ee0d4eefd5c4934e
images_OBJ046/OBJ046_090.jpg,OBJ046,iWatch,object,.jpg,5307184aaa247af7761f41e56972f162
images_OBJ046/OBJ046_091.jpg,OBJ046,iWatch,object,.jpg,2d41eee7db061ae13ebed731dd3192ee
images_OBJ046/OBJ046_092.jpg,OBJ046,iWatch,object,.jpg,90d5052816747de00f7bd69926305991
images_OBJ046/OBJ046_093.jpg,OBJ046,iWatch,object,.jpg,207707a1612590e10ba175683739b4de
images_OBJ046/OBJ046_094.jpg,OBJ046,iWatch,object,.jpg,29fcb6ea7973d9f0a6c65952b919a49f
images_OBJ046/OBJ046_095.jpg,OBJ046,iWatch,object,.jpg,8c9fc1b409a97e1138a816742a8f598f
images_OBJ046/OBJ046_bg_001.jpg,OBJ046,iWatch,background,.jpg,f5fe5e6fedc69e5a97cace029876743c
images_OBJ046/OBJ046_bg_002.jpg,OBJ046,iWatch,background,.jpg,5dc24661cee37edfe7c53c84aca9082a
images_OBJ046/OBJ046_bg_003.jpg,OBJ046,iWatch,background,.jpg,95936828e080c574f6e05a4baaea4592
images_OBJ046/OBJ046_bg_004.jpg,OBJ046,iWatch,background,.jpg,54bcd4112658f91ec473f69b2501360f
images_OBJ046/OBJ046_bg_005.jpg,OBJ046,iWatch,background,.jpg,4ce4ace50af65dfe0213d60891cc1f4b
images_OBJ047/OBJ047_001.jpg,OBJ047,Backpack,object,.jpg,497a1f51c67b17036e6ae6a0cbe7b392
images_OBJ047/OBJ047_002.jpg,OBJ047,Backpack,object,.jpg,784025094b20e7d23a616637a7b61c55
images_OBJ047/OBJ047_003.jpg,OBJ047,Backpack,object,.jpg,fc68325c121c6e62b8e96bda389c174a
images_OBJ047/OBJ047_004.jpg,OBJ047,Backpack,object,.jpg,51d97b12e3005c90f6623992fcd2f3ae
images_OBJ047/OBJ047_005.jpg,OBJ047,Backpack,object,.jpg,0bbaca966b3714e3731933d94f733de5
images_OBJ047/OBJ047_006.jpg,OBJ047,Backpack,object,.jpg,bf94031980b7195cb6e8850020d31cc4
images_OBJ047/OBJ047_007.jpg,OBJ047,Backpack,object,.jpg,424e97ab0256537f69064214dd806c36
images_OBJ047/OBJ047_008.jpg,OBJ047,Backpack,object,.jpg,f38e65a57b40908a6affa6142f25489e
images_OBJ047/OBJ047_009.jpg,OBJ047,Backpack,object,.jpg,c9aee1f33018e31de900ea4ccfeaedc3
images_OBJ047/OBJ047_010.jpg,OBJ047,Backpack,object,.jpg,697d4ae26594ab74868cbd907955253d
images_OBJ047/OBJ047_011.jpg,OBJ047,Backpack,object,.jpg,511e8a66f20795cd35498d5040a806cf
images_OBJ047/OBJ047_012.jpg,OBJ047,Backpack,object,.jpg,da0357f0608567ef35e0a9b5920cc2fa
images_OBJ047/OBJ047_013.jpg,OBJ047,Backpack,object,.jpg,036446ae72a62643c3d12156d0ba921c
images_OBJ047/OBJ047_014.jpg,OBJ047,Backpack,object,.jpg,10de211c83b8385ff7a06455773ede88
images_OBJ047/OBJ047_015.jpg,OBJ047,Backpack,object,.jpg,beb6ce7e1e6386eb398b09478f80b088
images_OBJ047/OBJ047_016.jpg,OBJ047,Backpack,object,.jpg,1945fa5aca2157ff0bfa52c0f9fd7106
images_OBJ047/OBJ047_017.jpg,OBJ047,Backpack,object,.jpg,6fe0bfe8790759ddb789bd7d0eacf89f
images_OBJ047/OBJ047_018.jpg,OBJ047,Backpack,object,.jpg,148ec27bca8f27bf35785478c74ce62b
images_OBJ047/OBJ047_019.jpg,OBJ047,Backpack,object,.jpg,ec53dcc2e3a99833cc99fd5ed92f9c67
images_OBJ047/OBJ047_020.jpg,OBJ047,Backpack,object,.jpg,f1f72240a7333145ac157eb54a26331e
images_OBJ047/OBJ047_021.jpg,OBJ047,Backpack,object,.jpg,1911eddf842e54cff6e550fe98d049db
images_OBJ047/OBJ047_022.jpg,OBJ047,Backpack,object,.jpg,07524320b1dfc0a54318cb160192ccd0
images_OBJ047/OBJ047_023.jpg,OBJ047,Backpack,object,.jpg,e1ea9b3325ac331c371784d317f06504
images_OBJ047/OBJ047_024.jpg,OBJ047,Backpack,object,.jpg,67f288a0aaa873c20d0534d35f654712
images_OBJ047/OBJ047_025.jpg,OBJ047,Backpack,object,.jpg,f72f363b201ad2b1411cea12bd691b9e
images_OBJ047/OBJ047_026.jpg,OBJ047,Backpack,object,.jpg,2a5d561a5b56a9134700eaa283be154f
images_OBJ047/OBJ047_027.jpg,OBJ047,Backpack,object,.jpg,87b52bc8359ceb46d0e5bd2debecb9d4
images_OBJ047/OBJ047_028.jpg,OBJ047,Backpack,object,.jpg,eca3ffd5203f0d83f027ab98de6c67fd
images_OBJ047/OBJ047_029.jpg,OBJ047,Backpack,object,.jpg,f5b603b5d63ad2068d8853b388d9ef5f
images_OBJ047/OBJ047_030.jpg,OBJ047,Backpack,object,.jpg,f9a66828aac5fe276bc06cc52a844114
images_OBJ047/OBJ047_031.jpg,OBJ047,Backpack,object,.jpg,827fb84106c1157697a6b4e34d84d5da
images_OBJ047/OBJ047_032.jpg,OBJ047,Backpack,object,.jpg,0f9b1f1f3279954b2a8328872c83d6d8
images_OBJ047/OBJ047_033.jpg,OBJ047,Backpack,object,.jpg,aa9951679439ad1d237a61780b0ba2be
images_OBJ047/OBJ047_034.jpg,OBJ047,Backpack,object,.jpg,b18f4edc2fec8efc83c3c3a119568cce
images_OBJ047/OBJ047_035.jpg,OBJ047,Backpack,object,.jpg,921dafc23841bed5699f7d906b9977fd
images_OBJ047/OBJ047_036.jpg,OBJ047,Backpack,object,.jpg,cae3b38fbc534165eea0f189feb7cc38
images_OBJ047/OBJ047_037.jpg,OBJ047,Backpack,object,.jpg,238c0b15fe20e500952d51c1eb2df778
images_OBJ047/OBJ047_038.jpg,OBJ047,Backpack,object,.jpg,a8663798f65617c51f36bb8dbbb68b21
images_OBJ047/OBJ047_039.jpg,OBJ047,Backpack,object,.jpg,72da261dc634dcb9bfc6282fb5e794b2
images_OBJ047/OBJ047_040.jpg,OBJ047,Backpack,object,.jpg,73f423de94388390e4b7a2de1d82d50e
images_OBJ047/OBJ047_041.jpg,OBJ047,Backpack,object,.jpg,4cb52b1b8adc151394b877bd00d241c2
images_OBJ047/OBJ047_042.jpg,OBJ047,Backpack,object,.jpg,b2ba4a758c34d3a1fe8c995ec221b019
images_OBJ047/OBJ047_043.jpg,OBJ047,Backpack,object,.jpg,4bdfb441fd68805895dc2ec121140982
images_OBJ047/OBJ047_044.jpg,OBJ047,Backpack,object,.jpg,cb245c9c51247c006a55989554c964a5
images_OBJ047/OBJ047_045.jpg,OBJ047,Backpack,object,.jpg,c0436a375ee4809393d1fbb7a38c117d
images_OBJ047/OBJ047_046.jpg,OBJ047,Backpack,object,.jpg,e1f1e9c124457a75bfb2e4799509d429
images_OBJ047/OBJ047_047.jpg,OBJ047,Backpack,object,.jpg,cbdcf858eef531618e7a32bb5e623d6c
images_OBJ047/OBJ047_048.jpg,OBJ047,Backpack,object,.jpg,4c4d38fcee79fdfae6c664e58c7a2dfb
images_OBJ047/OBJ047_049.jpg,OBJ047,Backpack,object,.jpg,a1ddd8ab24c77b96d932f5b88bb11663
images_OBJ047/OBJ047_050.jpg,OBJ047,Backpack,object,.jpg,1a8fd93b50b86aef9d8b7aa6103f2aad
images_OBJ047/OBJ047_051.jpg,OBJ047,Backpack,object,.jpg,d9b89072084e88b33610736bffa73efd
images_OBJ047/OBJ047_052.jpg,OBJ047,Backpack,object,.jpg,0e595f1bdfcadb81340cb950b7f0cdea
images_OBJ047/OBJ047_053.jpg,OBJ047,Backpack,object,.jpg,6b36b356bdc3d11a517274698e5017f4
images_OBJ047/OBJ047_054.jpg,OBJ047,Backpack,object,.jpg,ef2a29793ab464f26140d2d9cc19d8af
images_OBJ047/OBJ047_055.jpg,OBJ047,Backpack,object,.jpg,4ecd1d76c253e6e462e5117abd5b3db1
images_OBJ047/OBJ047_056.jpg,OBJ047,Backpack,object,.jpg,6488c67270c2118ac5ce6d6c17adaba6
images_OBJ047/OBJ047_057.jpg,OBJ047,Backpack,object,.jpg,08e956849ee34065a4c07d6fa97a7b5e
images_OBJ047/OBJ047_058.jpg,OBJ047,Backpack,object,.jpg,e8439251e4289a34382c32b2592bbdc9
images_OBJ047/OBJ047_059.jpg,OBJ047,Backpack,object,.jpg,e507e4e11077107d46f8525db062956b
images_OBJ047/OBJ047_060.jpg,OBJ047,Backpack,object,.jpg,d808b48d1c0c0750b9d0069f0780818c
images_OBJ047/OBJ047_061.jpg,OBJ047,Backpack,object,.jpg,ddb6222d83bd53ce320c72e15ef0747e
images_OBJ047/OBJ047_062.jpg,OBJ047,Backpack,object,.jpg,398e6be20c91d747582d16b5f1ed0d9c
images_OBJ047/OBJ047_063.jpg,OBJ047,Backpack,object,.jpg,6521ccfa906dcfc9b90327b2c45284d6
images_OBJ047/OBJ047_064.jpg,OBJ047,Backpack,object,.jpg,77307d420a5d854b36a89872bb2c67cd
images_OBJ047/OBJ047_065.jpg,OBJ047,Backpack,object,.jpg,ff2baf457fa9856a9789a4073beb2eae
images_OBJ047/OBJ047_066.jpg,OBJ047,Backpack,object,.jpg,42113336ad101cc77d13ac7a92edf4be
images_OBJ047/OBJ047_067.jpg,OBJ047,Backpack,object,.jpg,93d42a91b31ffedfe0d8b98dc6c67cb5
images_OBJ047/OBJ047_068.jpg,OBJ047,Backpack,object,.jpg,3023fc4853c9624f8bc4a9a3170da2ad
images_OBJ047/OBJ047_069.jpg,OBJ047,Backpack,object,.jpg,acb0b250ebd57751217c3940a29c0ae5
images_OBJ047/OBJ047_070.jpg,OBJ047,Backpack,object,.jpg,b10afe13f266297eaaec20244ce007a1
images_OBJ047/OBJ047_071.jpg,OBJ047,Backpack,object,.jpg,55e9ce67206cba4083d53cfe68ae1665
images_OBJ047/OBJ047_072.jpg,OBJ047,Backpack,object,.jpg,a7e5c3ff0c472625478100d81cf17333
images_OBJ047/OBJ047_073.jpg,OBJ047,Backpack,object,.jpg,c75969e2258572d8afa8928736c96513
images_OBJ047/OBJ047_074.jpg,OBJ047,Backpack,object,.jpg,bdf394a9dd5a77e970c2f54f72e874cc
images_OBJ047/OBJ047_075.jpg,OBJ047,Backpack,object,.jpg,4be6146d87e745cd542ed1e5a1fe0c54
images_OBJ047/OBJ047_076.jpg,OBJ047,Backpack,object,.jpg,5c3abad6d841892b6444c44ea2dfdca2
images_OBJ047/OBJ047_077.jpg,OBJ047,Backpack,object,.jpg,6a5dff3d7355de174970ea64c1614f43
images_OBJ047/OBJ047_078.jpg,OBJ047,Backpack,object,.jpg,6d7c12fe1ee0c3db9bfe683234f27cc7
images_OBJ047/OBJ047_079.jpg,OBJ047,Backpack,object,.jpg,e527bdd8f8bdbc4087b71ebb7f6d08ef
images_OBJ047/OBJ047_080.jpg,OBJ047,Backpack,object,.jpg,16eb59da474bba9190e84ae7369cb7d9
images_OBJ047/OBJ047_081.jpg,OBJ047,Backpack,object,.jpg,e258375acf9de348f54bc242bc8aee72
images_OBJ047/OBJ047_082.jpg,OBJ047,Backpack,object,.jpg,b215f18331c0fece017871a15e8c2659
images_OBJ047/OBJ047_083.jpg,OBJ047,Backpack,object,.jpg,d312cd7ac60e2923b61a680adcc1e381
images_OBJ047/OBJ047_084.jpg,OBJ047,Backpack,object,.jpg,5499ae69d19fcc565ef56f38dceb4045
images_OBJ047/OBJ047_085.jpg,OBJ047,Backpack,object,.jpg,e7f55eb2a7f3220bbd35ef30bd971349
images_OBJ047/OBJ047_086.jpg,OBJ047,Backpack,object,.jpg,a8f6d610b710f57d5c7ca959576dce7d
images_OBJ047/OBJ047_087.jpg,OBJ047,Backpack,object,.jpg,d69bb63a25302ffad4c7846c5e1b74d2
images_OBJ047/OBJ047_088.jpg,OBJ047,Backpack,object,.jpg,370219f45e114502cc4088515b002c56
images_OBJ047/OBJ047_089.jpg,OBJ047,Backpack,object,.jpg,91061d6876a9f3b3fb0d37e5fa04801c
images_OBJ047/OBJ047_090.jpg,OBJ047,Backpack,object,.jpg,3d1be5d8aac446cb6359469dce651fe0
images_OBJ047/OBJ047_091.jpg,OBJ047,Backpack,object,.jpg,fbb88e52e835082234511e36cb5e096f
images_OBJ047/OBJ047_092.jpg,OBJ047,Backpack,object,.jpg,0d553516eb571162d6120469af7d4b2e
images_OBJ047/OBJ047_093.jpg,OBJ047,Backpack,object,.jpg,fe9ec6e279da272ccbb5dd98016d7ce8
images_OBJ047/OBJ047_094.jpg,OBJ047,Backpack,object,.jpg,17f05636b971b5f7ff37393b97c05226
images_OBJ047/OBJ047_095.jpg,OBJ047,Backpack,object,.jpg,85389e8254673fe0bda376de88f62615
images_OBJ047/OBJ047_bg_001.jpg,OBJ047,Backpack,background,.jpg,f2d80e1baf122b72ee8d67be606b2778
images_OBJ047/OBJ047_bg_002.jpg,OBJ047,Backpack,background,.jpg,76ff5629b8ca911bfdf0bbe182ed18c1
images_OBJ047/OBJ047_bg_003.jpg,OBJ047,Backpack,background,.jpg,eb838ad263b8d266ad116ee9731e4db3
images_OBJ047/OBJ047_bg_004.jpg,OBJ047,Backpack,background,.jpg,41abcfbd763da39210a3b4406671ecee
images_OBJ047/OBJ047_bg_005.jpg,OBJ047,Backpack,background,.jpg,db0dc98e6fb44a5c270abc7411b7d31f
images_OBJ048/OBJ048_001.jpg,OBJ048,Wireless powerbank,object,.jpg,072ff12e5d2274d7ca4ce62e6b56fc09
images_OBJ048/OBJ048_002.jpg,OBJ048,Wireless powerbank,object,.jpg,d5755b7cbf741183e40ddb0899a7150c
images_OBJ048/OBJ048_003.jpg,OBJ048,Wireless powerbank,object,.jpg,69fa907ec57bba0f2b14c4d110b52da1
images_OBJ048/OBJ048_004.jpg,OBJ048,Wireless powerbank,object,.jpg,dc17c66ca051c285b9afb7ff0397c3dd
images_OBJ048/OBJ048_005.jpg,OBJ048,Wireless powerbank,object,.jpg,e427dfc9a8437df7bdec307fdc95a67a
images_OBJ048/OBJ048_006.jpg,OBJ048,Wireless powerbank,object,.jpg,5ebfa85f031b1073d4f9051e98d02b68
images_OBJ048/OBJ048_007.jpg,OBJ048,Wireless powerbank,object,.jpg,0b371665b28cd5b6208602cbc6dbdc19
images_OBJ048/OBJ048_008.jpg,OBJ048,Wireless powerbank,object,.jpg,47d1f388aa62fc74a60386f8466f069b
images_OBJ048/OBJ048_009.jpg,OBJ048,Wireless powerbank,object,.jpg,2aa70ae494848a5d8313a70ebaddd0a9
images_OBJ048/OBJ048_010.jpg,OBJ048,Wireless powerbank,object,.jpg,5573e9a4868d2f0dce5f43cf754de6cf
images_OBJ048/OBJ048_011.jpg,OBJ048,Wireless powerbank,object,.jpg,d65bc56b58718768be1d24941557ab53
images_OBJ048/OBJ048_012.jpg,OBJ048,Wireless powerbank,object,.jpg,77226aad8e1c16564fa7bf00323d95e5
images_OBJ048/OBJ048_013.jpg,OBJ048,Wireless powerbank,object,.jpg,91d808b58e623cdf497ee00675e90d1c
images_OBJ048/OBJ048_014.jpg,OBJ048,Wireless powerbank,object,.jpg,f77ebac3ca98400a8ea63ab5c1c5bd43
images_OBJ048/OBJ048_015.jpg,OBJ048,Wireless powerbank,object,.jpg,cdf0255b01186073df5b764d81659f7e
images_OBJ048/OBJ048_016.jpg,OBJ048,Wireless powerbank,object,.jpg,bedc60443dc7d1cbb29a2923b5aec016
images_OBJ048/OBJ048_017.jpg,OBJ048,Wireless powerbank,object,.jpg,994dc4aa98f12686c4b54bd978276c4b
images_OBJ048/OBJ048_018.jpg,OBJ048,Wireless powerbank,object,.jpg,170b5c87e6cd779693c5667c4f715a68
images_OBJ048/OBJ048_019.jpg,OBJ048,Wireless powerbank,object,.jpg,6cd71a6083b450bece4574501b7b3c84
images_OBJ048/OBJ048_020.jpg,OBJ048,Wireless powerbank,object,.jpg,5ce2069656231043a5955513b06d89c4
images_OBJ048/OBJ048_021.jpg,OBJ048,Wireless powerbank,object,.jpg,fe6df086b21b6f810dbfaac9454fa663
images_OBJ048/OBJ048_022.jpg,OBJ048,Wireless powerbank,object,.jpg,dfb2e08db1724db2525aad621722a4c7
images_OBJ048/OBJ048_023.jpg,OBJ048,Wireless powerbank,object,.jpg,1c8dc1269f1bf05af5b3472709224ac8
images_OBJ048/OBJ048_024.jpg,OBJ048,Wireless powerbank,object,.jpg,ac011d0f669e2a63b48bf6adbe27b302
images_OBJ048/OBJ048_025.jpg,OBJ048,Wireless powerbank,object,.jpg,4ac2f968440de93cddc229311303b35e
images_OBJ048/OBJ048_026.jpg,OBJ048,Wireless powerbank,object,.jpg,7cc018f71c537068ff9487685f81b13b
images_OBJ048/OBJ048_027.jpg,OBJ048,Wireless powerbank,object,.jpg,598e604b710661e89239bb41260ed34c
images_OBJ048/OBJ048_028.jpg,OBJ048,Wireless powerbank,object,.jpg,90e1bca44859a2fd183ea51c592f95d0
images_OBJ048/OBJ048_029.jpg,OBJ048,Wireless powerbank,object,.jpg,b5104e61c1c5a4aedb1f8d9152bcac92
images_OBJ048/OBJ048_030.jpg,OBJ048,Wireless powerbank,object,.jpg,235b369500836a54051c85aca0e9467c
images_OBJ048/OBJ048_031.jpg,OBJ048,Wireless powerbank,object,.jpg,17b98ba8794e56068539e1443e402f80
images_OBJ048/OBJ048_032.jpg,OBJ048,Wireless powerbank,object,.jpg,879ce51ee3b81f00b6c93978fd84737f
images_OBJ048/OBJ048_033.jpg,OBJ048,Wireless powerbank,object,.jpg,8151d5c39df54b29d397f11602e3792a
images_OBJ048/OBJ048_034.jpg,OBJ048,Wireless powerbank,object,.jpg,83576a2a8cd723c45df97c3acfdaae45
images_OBJ048/OBJ048_035.jpg,OBJ048,Wireless powerbank,object,.jpg,c4bfa1b8eceab05c9c33de7ba30b9860
images_OBJ048/OBJ048_036.jpg,OBJ048,Wireless powerbank,object,.jpg,4139af4dff72b8058af40fa85c507349
images_OBJ048/OBJ048_037.jpg,OBJ048,Wireless powerbank,object,.jpg,4aa94e5516d9c71c348ca421e442916c
images_OBJ048/OBJ048_038.jpg,OBJ048,Wireless powerbank,object,.jpg,f4093129ac204c22aefc5269319b1e0b
images_OBJ048/OBJ048_039.jpg,OBJ048,Wireless powerbank,object,.jpg,3bf906c67b470b45f42fda79bef92069
images_OBJ048/OBJ048_040.jpg,OBJ048,Wireless powerbank,object,.jpg,edf9108a170c4e0c8a0e97fd441d5971
images_OBJ048/OBJ048_041.jpg,OBJ048,Wireless powerbank,object,.jpg,8d1e7229cf17607b77a2d61679359277
images_OBJ048/OBJ048_042.jpg,OBJ048,Wireless powerbank,object,.jpg,4d7dd56339137f45b846aad7129bdb8f
images_OBJ048/OBJ048_043.jpg,OBJ048,Wireless powerbank,object,.jpg,a0dbd272608ea214107039b3f1cda84a
images_OBJ048/OBJ048_044.jpg,OBJ048,Wireless powerbank,object,.jpg,7acf644d0f4d96956bda0895b1afae69
images_OBJ048/OBJ048_045.jpg,OBJ048,Wireless powerbank,object,.jpg,692fc497b2b7966e25377bfc53a8f79e
images_OBJ048/OBJ048_046.jpg,OBJ048,Wireless powerbank,object,.jpg,0e64467cce1190a074052b6861195c47
images_OBJ048/OBJ048_047.jpg,OBJ048,Wireless powerbank,object,.jpg,43ca7617efb0851cd6751b9d99514c47
images_OBJ048/OBJ048_048.jpg,OBJ048,Wireless powerbank,object,.jpg,38af9b2435700f7cd751f113909f57ef
images_OBJ048/OBJ048_049.jpg,OBJ048,Wireless powerbank,object,.jpg,bf2f9033ffb48d77ccd73c96668d6fe9
images_OBJ048/OBJ048_050.jpg,OBJ048,Wireless powerbank,object,.jpg,d2e4af6df3e6f15cd5627115353f7a6e
images_OBJ048/OBJ048_051.jpg,OBJ048,Wireless powerbank,object,.jpg,c4cf21db06fde105d06029df5c769a30
images_OBJ048/OBJ048_052.jpg,OBJ048,Wireless powerbank,object,.jpg,88fce39bdfa69260faf9c055eca8a52f
images_OBJ048/OBJ048_053.jpg,OBJ048,Wireless powerbank,object,.jpg,6aaa80b4a88f9d5e6bb5174be16495f1
images_OBJ048/OBJ048_054.jpg,OBJ048,Wireless powerbank,object,.jpg,89cd8eae4ce2fde38c3935bbc6d08736
images_OBJ048/OBJ048_055.jpg,OBJ048,Wireless powerbank,object,.jpg,e7ff466f07fc36a29141ca7ac7c9ab89
images_OBJ048/OBJ048_056.jpg,OBJ048,Wireless powerbank,object,.jpg,4b021140a082375be43d01d2a3094486
images_OBJ048/OBJ048_057.jpg,OBJ048,Wireless powerbank,object,.jpg,13e1404e99730e6b9892482b799a192d
images_OBJ048/OBJ048_058.jpg,OBJ048,Wireless powerbank,object,.jpg,a59293264dc1c82166c4502cafc03a1d
images_OBJ048/OBJ048_059.jpg,OBJ048,Wireless powerbank,object,.jpg,dd31be5b0e1666f5ad88dad0fa554551
images_OBJ048/OBJ048_060.jpg,OBJ048,Wireless powerbank,object,.jpg,5c7e46bd4e521eb20517b734862bbd8a
images_OBJ048/OBJ048_061.jpg,OBJ048,Wireless powerbank,object,.jpg,ead3b4461fc708e28aaad49774d967f8
images_OBJ048/OBJ048_062.jpg,OBJ048,Wireless powerbank,object,.jpg,6852775af6b13bb6dadb3279d1bd18f4
images_OBJ048/OBJ048_063.jpg,OBJ048,Wireless powerbank,object,.jpg,ecef137a202fd9710159bd399f676c91
images_OBJ048/OBJ048_064.jpg,OBJ048,Wireless powerbank,object,.jpg,3bc20e2f32ffa06bad209f2b54839166
images_OBJ048/OBJ048_065.jpg,OBJ048,Wireless powerbank,object,.jpg,a8e8948d83fe9955b637f7a529dc2d77
images_OBJ048/OBJ048_066.jpg,OBJ048,Wireless powerbank,object,.jpg,130f8e9ad4b763d0ec603c329e06913f
images_OBJ048/OBJ048_067.jpg,OBJ048,Wireless powerbank,object,.jpg,25b4ce0ed98d2583647d62b8df8cd599
images_OBJ048/OBJ048_068.jpg,OBJ048,Wireless powerbank,object,.jpg,590ea6520caa6d5d2375f89b42dc96cb
images_OBJ048/OBJ048_069.jpg,OBJ048,Wireless powerbank,object,.jpg,39f6a2456d3ad28967731426ddb28728
images_OBJ048/OBJ048_070.jpg,OBJ048,Wireless powerbank,object,.jpg,5bfa59ca5f5a0db81938bad9632a47a6
images_OBJ048/OBJ048_071.jpg,OBJ048,Wireless powerbank,object,.jpg,3b611b3e5846d1d5f28464221808f9e5
images_OBJ048/OBJ048_072.jpg,OBJ048,Wireless powerbank,object,.jpg,3a98f8878d7aa0b86dcdcaf21f18db71
images_OBJ048/OBJ048_073.jpg,OBJ048,Wireless powerbank,object,.jpg,668295e6790a96a3c1c9a764676573c8
images_OBJ048/OBJ048_074.jpg,OBJ048,Wireless powerbank,object,.jpg,dfcefbc1854151755cfba0aa8e08d4ed
images_OBJ048/OBJ048_075.jpg,OBJ048,Wireless powerbank,object,.jpg,74a4f65ab0a60cb906979eba0dc39cd1
images_OBJ048/OBJ048_076.jpg,OBJ048,Wireless powerbank,object,.jpg,be06d05de84d733d09a95baf06e462c3
images_OBJ048/OBJ048_077.jpg,OBJ048,Wireless powerbank,object,.jpg,42ed6ea380498a20b683b8cbc142001b
images_OBJ048/OBJ048_078.jpg,OBJ048,Wireless powerbank,object,.jpg,9bcbaadd34db67b0471311f13dabad27
images_OBJ048/OBJ048_079.jpg,OBJ048,Wireless powerbank,object,.jpg,c92f671e2d2d3cf17df0494bcb0f12ca
images_OBJ048/OBJ048_080.jpg,OBJ048,Wireless powerbank,object,.jpg,5c6516006d210fb8a25901765ec396ef
images_OBJ048/OBJ048_081.jpg,OBJ048,Wireless powerbank,object,.jpg,283bfd11be1f11ac1459fb0a8d7ed41a
images_OBJ048/OBJ048_082.jpg,OBJ048,Wireless powerbank,object,.jpg,2818c465653b5e3f6121c001f06a4cf8
images_OBJ048/OBJ048_083.jpg,OBJ048,Wireless powerbank,object,.jpg,32e22d44687dcc31edd0f0d7da62d644
images_OBJ048/OBJ048_084.jpg,OBJ048,Wireless powerbank,object,.jpg,d75d1cd05a829ed92007ddcaf9cd78df
images_OBJ048/OBJ048_085.jpg,OBJ048,Wireless powerbank,object,.jpg,a41e1eac120407cc28dc9f824a35011e
images_OBJ048/OBJ048_086.jpg,OBJ048,Wireless powerbank,object,.jpg,4cb2af7f57f9dcdf74012b7f1d76ba1d
images_OBJ048/OBJ048_087.jpg,OBJ048,Wireless powerbank,object,.jpg,1ca122fcb1600b02fc233bf89628a5f1
images_OBJ048/OBJ048_088.jpg,OBJ048,Wireless powerbank,object,.jpg,123d2cca84097f4e3a942fe6204bc8ad
images_OBJ048/OBJ048_089.jpg,OBJ048,Wireless powerbank,object,.jpg,3cf1b0fe203f110bf0cd69ae9cd238f5
images_OBJ048/OBJ048_090.jpg,OBJ048,Wireless powerbank,object,.jpg,de3f0b783f8a3681080d9830adcda533
images_OBJ048/OBJ048_091.jpg,OBJ048,Wireless powerbank,object,.jpg,f3af099620e0248b5698714d204efc74
images_OBJ048/OBJ048_092.jpg,OBJ048,Wireless powerbank,object,.jpg,cb9a256f9b34f8afd7222bcd2abb876c
images_OBJ048/OBJ048_093.jpg,OBJ048,Wireless powerbank,object,.jpg,bcc2a78d8cf37e9ab9cf4790a01899eb
images_OBJ048/OBJ048_094.jpg,OBJ048,Wireless powerbank,object,.jpg,799e37d94cc220e1ed2fb679e550ca82
images_OBJ048/OBJ048_095.jpg,OBJ048,Wireless powerbank,object,.jpg,c89c44c3f874e550f93e5aa0cc7ec5f3
images_OBJ048/OBJ048_bg_001.jpg,OBJ048,Wireless powerbank,background,.jpg,d6239f4568f3235027570f917ef431dd
images_OBJ048/OBJ048_bg_002.jpg,OBJ048,Wireless powerbank,background,.jpg,386dc78a0304003edd6978b0205d79cb
images_OBJ048/OBJ048_bg_003.jpg,OBJ048,Wireless powerbank,background,.jpg,c8705ef69ec811d9dc40b381cb38340d
images_OBJ048/OBJ048_bg_004.jpg,OBJ048,Wireless powerbank,background,.jpg,e6d50711e042fd21eaa0a54ac0d89c08
images_OBJ048/OBJ048_bg_005.jpg,OBJ048,Wireless powerbank,background,.jpg,be7b818becedeadba4448832d81562d8
images_OBJ049/OBJ049_001.jpg,OBJ049,Pickleball bat,object,.jpg,4c371f2f54f80ff1fc5e0127974782d0
images_OBJ049/OBJ049_002.jpg,OBJ049,Pickleball bat,object,.jpg,5ae524fb4d2bd884966e442eba6e43eb
images_OBJ049/OBJ049_003.jpg,OBJ049,Pickleball bat,object,.jpg,f364868c194fed5664788a4c9bd5656e
images_OBJ049/OBJ049_004.jpg,OBJ049,Pickleball bat,object,.jpg,52fbdb8ab900451eb7c62423cd7fe51c
images_OBJ049/OBJ049_005.jpg,OBJ049,Pickleball bat,object,.jpg,226fe6c4543b100aea8c9fd89e81da3c
images_OBJ049/OBJ049_006.jpg,OBJ049,Pickleball bat,object,.jpg,cd052e389c5931cb6f0d7c06e0d996b2
images_OBJ049/OBJ049_007.jpg,OBJ049,Pickleball bat,object,.jpg,f3636f82d262feb371e26c2e70747ecc
images_OBJ049/OBJ049_008.jpg,OBJ049,Pickleball bat,object,.jpg,19c8d8ec6e7f21cbd87ac0bc67ed693b
images_OBJ049/OBJ049_009.jpg,OBJ049,Pickleball bat,object,.jpg,f06f2111e988a0d84ee34e9dd9377e29
images_OBJ049/OBJ049_010.jpg,OBJ049,Pickleball bat,object,.jpg,84470cc434c1921c42460ffedcbec7fd
images_OBJ049/OBJ049_011.jpg,OBJ049,Pickleball bat,object,.jpg,c91487442e84dd8993f0c7efc0328a0b
images_OBJ049/OBJ049_012.jpg,OBJ049,Pickleball bat,object,.jpg,c4329c4be36be7cea871d766fd734936
images_OBJ049/OBJ049_013.jpg,OBJ049,Pickleball bat,object,.jpg,b45c5686c92b25f5b6db640361c574aa
images_OBJ049/OBJ049_014.jpg,OBJ049,Pickleball bat,object,.jpg,0403be3171a879568a3856b6f467f646
images_OBJ049/OBJ049_015.jpg,OBJ049,Pickleball bat,object,.jpg,962ae670b9fda59095be14253ef8a20b
images_OBJ049/OBJ049_016.jpg,OBJ049,Pickleball bat,object,.jpg,636497ab24b684434b8248015d6a6b0a
images_OBJ049/OBJ049_017.jpg,OBJ049,Pickleball bat,object,.jpg,4f69cc36a0d05a37c99ee813b223da26
images_OBJ049/OBJ049_018.jpg,OBJ049,Pickleball bat,object,.jpg,af8902199a6a098bab8a361b4cef660e
images_OBJ049/OBJ049_019.jpg,OBJ049,Pickleball bat,object,.jpg,e7911b21d1b82acb0d4071d205aa9e5b
images_OBJ049/OBJ049_020.jpg,OBJ049,Pickleball bat,object,.jpg,06b948c6f66bf7e12feea3beaa564ee0
images_OBJ049/OBJ049_021.jpg,OBJ049,Pickleball bat,object,.jpg,80d6794b0a1f32e478c6487154899764
images_OBJ049/OBJ049_022.jpg,OBJ049,Pickleball bat,object,.jpg,a92da46f9363d3da12727fdad004abc3
images_OBJ049/OBJ049_023.jpg,OBJ049,Pickleball bat,object,.jpg,4460577c2d29a5048fa4f7fc511f142f
images_OBJ049/OBJ049_024.jpg,OBJ049,Pickleball bat,object,.jpg,e44097851ff004c640858e9329dc7946
images_OBJ049/OBJ049_025.jpg,OBJ049,Pickleball bat,object,.jpg,0cff4eca57600b8fe35c87c3e81ee873
images_OBJ049/OBJ049_026.jpg,OBJ049,Pickleball bat,object,.jpg,ebb94ce043c487208c40fe616cae5ab5
images_OBJ049/OBJ049_027.jpg,OBJ049,Pickleball bat,object,.jpg,800f008de122ad3d0fdccff7c96baae4
images_OBJ049/OBJ049_028.jpg,OBJ049,Pickleball bat,object,.jpg,21be5bc0a7ed5394760666df55f54443
images_OBJ049/OBJ049_029.jpg,OBJ049,Pickleball bat,object,.jpg,6cff2a067cfa221ff57bde46e43f9f3f
images_OBJ049/OBJ049_030.jpg,OBJ049,Pickleball bat,object,.jpg,28e09c03748c8300fa489f4edcb13cd5
images_OBJ049/OBJ049_031.jpg,OBJ049,Pickleball bat,object,.jpg,8e9efa877033d1812c17aaaab286ac45
images_OBJ049/OBJ049_032.jpg,OBJ049,Pickleball bat,object,.jpg,85c94d20e11a9d4a5c0f598bc822d517
images_OBJ049/OBJ049_033.jpg,OBJ049,Pickleball bat,object,.jpg,cc38dc07c5d39e0670557fbdf650110a
images_OBJ049/OBJ049_034.jpg,OBJ049,Pickleball bat,object,.jpg,d49a874ec7e7a9b64bb614457b8f6822
images_OBJ049/OBJ049_035.jpg,OBJ049,Pickleball bat,object,.jpg,6325b543fd03cd1617e5e03137f343ba
images_OBJ049/OBJ049_036.jpg,OBJ049,Pickleball bat,object,.jpg,7304255286a2bb9162485816bcd9ca7c
images_OBJ049/OBJ049_037.jpg,OBJ049,Pickleball bat,object,.jpg,8ddbcf7b32836be3ada5aca06fb1e8c7
images_OBJ049/OBJ049_038.jpg,OBJ049,Pickleball bat,object,.jpg,533fbe31dc5b6dadafae5b286323e7b8
images_OBJ049/OBJ049_039.jpg,OBJ049,Pickleball bat,object,.jpg,2c3cd85f199343b79f87ebed41daf81c
images_OBJ049/OBJ049_040.jpg,OBJ049,Pickleball bat,object,.jpg,799b948a6974abb1624599691d26343b
images_OBJ049/OBJ049_041.jpg,OBJ049,Pickleball bat,object,.jpg,01610256e9686f87e470cd2b48210e54
images_OBJ049/OBJ049_042.jpg,OBJ049,Pickleball bat,object,.jpg,2a747c75bf440f9ef342242d1bb2d813
images_OBJ049/OBJ049_043.jpg,OBJ049,Pickleball bat,object,.jpg,55637d56a8dc0e27a469ee4844bfd3f8
images_OBJ049/OBJ049_044.jpg,OBJ049,Pickleball bat,object,.jpg,591e08e3bc243e5703a9e445640c9431
images_OBJ049/OBJ049_045.jpg,OBJ049,Pickleball bat,object,.jpg,7deab7db8eeb1145f230080e350ac94c
images_OBJ049/OBJ049_046.jpg,OBJ049,Pickleball bat,object,.jpg,8e54811a3fcf04d7f4e2b920ade43845
images_OBJ049/OBJ049_047.jpg,OBJ049,Pickleball bat,object,.jpg,523ab39998df5f0223701a70394f3ab7
images_OBJ049/OBJ049_048.jpg,OBJ049,Pickleball bat,object,.jpg,e0e9897b6325456fa87206312cd3efea
images_OBJ049/OBJ049_049.jpg,OBJ049,Pickleball bat,object,.jpg,eac24dbe89ec6aaf00d96c4914c74502
images_OBJ049/OBJ049_050.jpg,OBJ049,Pickleball bat,object,.jpg,5f3c7837b5dc3b3aa1ea35250d2f7508
images_OBJ049/OBJ049_051.jpg,OBJ049,Pickleball bat,object,.jpg,ebcc02102a47ad809670f43f794776a5
images_OBJ049/OBJ049_052.jpg,OBJ049,Pickleball bat,object,.jpg,5a7f34e6b9273d8354ff204221f7ed3a
images_OBJ049/OBJ049_053.jpg,OBJ049,Pickleball bat,object,.jpg,da11c72298c16a72073f486c1f20d59a
images_OBJ049/OBJ049_054.jpg,OBJ049,Pickleball bat,object,.jpg,68aea0b690276425eeaa194503f3ae1c
images_OBJ049/OBJ049_055.jpg,OBJ049,Pickleball bat,object,.jpg,c6b236693808b62581cd2158ee6202bb
images_OBJ049/OBJ049_056.jpg,OBJ049,Pickleball bat,object,.jpg,68822d61ca4ab794d249d918d4da6362
images_OBJ049/OBJ049_057.jpg,OBJ049,Pickleball bat,object,.jpg,3bdceee37a5f6c9a50159c9f260b5feb
images_OBJ049/OBJ049_058.jpg,OBJ049,Pickleball bat,object,.jpg,5c90a91c36bd89e7cf0445541aa0ffb1
images_OBJ049/OBJ049_059.jpg,OBJ049,Pickleball bat,object,.jpg,5d74b3d4ffba112b2b1a0441eb106e5e
images_OBJ049/OBJ049_060.jpg,OBJ049,Pickleball bat,object,.jpg,8c0f082c2231603de23bcf104491fef1
images_OBJ049/OBJ049_061.jpg,OBJ049,Pickleball bat,object,.jpg,728b8db97c4542daa25e0c10275caacd
images_OBJ049/OBJ049_062.jpg,OBJ049,Pickleball bat,object,.jpg,a2162c9d33c48126de079bd5afd1e63d
images_OBJ049/OBJ049_063.jpg,OBJ049,Pickleball bat,object,.jpg,5aab60a789eeaf31dee89d50f436177a
images_OBJ049/OBJ049_064.jpg,OBJ049,Pickleball bat,object,.jpg,aa194bf559d59975ab1a26c762d15ab0
images_OBJ049/OBJ049_065.jpg,OBJ049,Pickleball bat,object,.jpg,e3cf0a1996a77b0deb04f52dee8afe0a
images_OBJ049/OBJ049_066.jpg,OBJ049,Pickleball bat,object,.jpg,867a1055ace6c1a115b509caef7b4767
images_OBJ049/OBJ049_067.jpg,OBJ049,Pickleball bat,object,.jpg,97e7df315b683f7c6fd07cd31e85bdab
images_OBJ049/OBJ049_068.jpg,OBJ049,Pickleball bat,object,.jpg,f80c85f8c8b1f8d2f2af33ad9f1f5490
images_OBJ049/OBJ049_069.jpg,OBJ049,Pickleball bat,object,.jpg,ec85d68c7a30e17a84d52cc5395e0da3
images_OBJ049/OBJ049_070.jpg,OBJ049,Pickleball bat,object,.jpg,daf2460e652019356a527acc0d59cc69
images_OBJ049/OBJ049_071.jpg,OBJ049,Pickleball bat,object,.jpg,2affec480d5d86392638eec4f10f64cd
images_OBJ049/OBJ049_072.jpg,OBJ049,Pickleball bat,object,.jpg,aed892402fcbe4d888505273b4fa43e8
images_OBJ049/OBJ049_073.jpg,OBJ049,Pickleball bat,object,.jpg,74d72299e9779c837901aa2babab54c6
images_OBJ049/OBJ049_074.jpg,OBJ049,Pickleball bat,object,.jpg,97b91126212772ae3cc8cf69e94200e3
images_OBJ049/OBJ049_075.jpg,OBJ049,Pickleball bat,object,.jpg,8dbbbc7fac321a0b5afed0c834fb65ff
images_OBJ049/OBJ049_076.jpg,OBJ049,Pickleball bat,object,.jpg,4b7bb844701e60ff96aa01989ec81f3b
images_OBJ049/OBJ049_077.jpg,OBJ049,Pickleball bat,object,.jpg,49c564a91f9cefbf0d02eb1b73c67472
images_OBJ049/OBJ049_078.jpg,OBJ049,Pickleball bat,object,.jpg,4b9c3d473124de5644c920f7c9f3842a
images_OBJ049/OBJ049_079.jpg,OBJ049,Pickleball bat,object,.jpg,75d0631c4b4dfdc861f47f6d4e33e6be
images_OBJ049/OBJ049_080.jpg,OBJ049,Pickleball bat,object,.jpg,fca8ccf7acc87fbaecc5bd81f7adff15
images_OBJ049/OBJ049_081.jpg,OBJ049,Pickleball bat,object,.jpg,a4cc7d3898b17dcf63fec11b57372092
images_OBJ049/OBJ049_082.jpg,OBJ049,Pickleball bat,object,.jpg,86159c56a92c252abbe30a781640a032
images_OBJ049/OBJ049_083.jpg,OBJ049,Pickleball bat,object,.jpg,25f7c814d36824227198a3cea539235c
images_OBJ049/OBJ049_084.jpg,OBJ049,Pickleball bat,object,.jpg,bb7341ade1e4ee34f61a1949b380b0ae
images_OBJ049/OBJ049_085.jpg,OBJ049,Pickleball bat,object,.jpg,ddb77afb9bab6110c63d62dd4563c7fd
images_OBJ049/OBJ049_086.jpg,OBJ049,Pickleball bat,object,.jpg,88c775fb697dd07892d0cda939c3d270
images_OBJ049/OBJ049_087.jpg,OBJ049,Pickleball bat,object,.jpg,4e04a85f39bd5dfbff2cb04face444cf
images_OBJ049/OBJ049_088.jpg,OBJ049,Pickleball bat,object,.jpg,6c72bd4748629c111847c9aecd265c5f
images_OBJ049/OBJ049_089.jpg,OBJ049,Pickleball bat,object,.jpg,f1822fb95991cd9200099ee7b4e91673
images_OBJ049/OBJ049_090.jpg,OBJ049,Pickleball bat,object,.jpg,07c3cb6036ff0d0484223000ecfce6f4
images_OBJ049/OBJ049_091.jpg,OBJ049,Pickleball bat,object,.jpg,93d2178e25f28f9ec0e3f2097a665a3f
images_OBJ049/OBJ049_092.jpg,OBJ049,Pickleball bat,object,.jpg,c8d82158feeb7287b3a5ffb20123c2a2
images_OBJ049/OBJ049_093.jpg,OBJ049,Pickleball bat,object,.jpg,6bfd02a8b046bec75e5d0907a4d2724d
images_OBJ049/OBJ049_094.jpg,OBJ049,Pickleball bat,object,.jpg,fb56e83da7f71fe976798b68238d1ad0
images_OBJ049/OBJ049_095.jpg,OBJ049,Pickleball bat,object,.jpg,8f356f40da08148409a36d5d356af067
images_OBJ049/OBJ049_096.jpg,OBJ049,Pickleball bat,object,.jpg,c4992b2fdbe555a348e49353c26c949a
images_OBJ049/OBJ049_097.jpg,OBJ049,Pickleball bat,object,.jpg,e88b1564b3cdea2e4df3159b1f527220
images_OBJ049/OBJ049_098.jpg,OBJ049,Pickleball bat,object,.jpg,338bdd56c084571a94de3da9c573b418
images_OBJ049/OBJ049_099.jpg,OBJ049,Pickleball bat,object,.jpg,bc0234cdc227e743190b5036c986bc69
images_OBJ049/OBJ049_bg_001.jpg,OBJ049,Pickleball bat,background,.jpg,b896d792f45a07b92da6d6c72cf6bcab
images_OBJ049/OBJ049_bg_002.jpg,OBJ049,Pickleball bat,background,.jpg,c03f707037ae3684ba7b59cee021867f
images_OBJ049/OBJ049_bg_003.jpg,OBJ049,Pickleball bat,background,.jpg,2c9d41e214d06546227e62d72ef06faf
images_OBJ049/OBJ049_bg_004.jpg,OBJ049,Pickleball bat,background,.jpg,2413a126563ca090e64c3e69ce46c7ab
images_OBJ049/OBJ049_bg_005.jpg,OBJ049,Pickleball bat,background,.jpg,7a96951a6f51023cd68118cf2c22d5eb
images_OBJ049/OBJ049_bg_006.jpg,OBJ049,Pickleball bat,background,.jpg,3b4bad92f27f3907d3ce00deaa40a158
images_OBJ050/OBJ050_001.jpg,OBJ050,Hairbrush,object,.jpg,61bbf6977177d6f2d0ce179d2ef4707d
images_OBJ050/OBJ050_002.jpg,OBJ050,Hairbrush,object,.jpg,ea49818bd1b480a5ff428b38c450ee0c
images_OBJ050/OBJ050_003.jpg,OBJ050,Hairbrush,object,.jpg,3f48191dce8c324227ffd0a0c25397f5
images_OBJ050/OBJ050_004.jpg,OBJ050,Hairbrush,object,.jpg,87c5e62ee13128d04ef6fccaa2e244c1
images_OBJ050/OBJ050_005.jpg,OBJ050,Hairbrush,object,.jpg,0c0b2d9d531133985f913d5476c5dd5d
images_OBJ050/OBJ050_006.jpg,OBJ050,Hairbrush,object,.jpg,fc636fead355e9c0e2003e371881df3e
images_OBJ050/OBJ050_007.jpg,OBJ050,Hairbrush,object,.jpg,2f76aef61c89e835e1713ad53d94c360
images_OBJ050/OBJ050_008.jpg,OBJ050,Hairbrush,object,.jpg,20e7897cd856c22d7133a2b730e4f100
images_OBJ050/OBJ050_009.jpg,OBJ050,Hairbrush,object,.jpg,a995130d0a6e00de930e172c61d1fc85
images_OBJ050/OBJ050_010.jpg,OBJ050,Hairbrush,object,.jpg,81cad879dbc0c879c50b74fca0a86cd3
images_OBJ050/OBJ050_011.jpg,OBJ050,Hairbrush,object,.jpg,b5022fba8ea02122f517a8eaa64c3342
images_OBJ050/OBJ050_012.jpg,OBJ050,Hairbrush,object,.jpg,06670a4f4a4bd7d15eea3331409d3a3f
images_OBJ050/OBJ050_013.jpg,OBJ050,Hairbrush,object,.jpg,fab96d50ffbd1468ce17f6a837ec5b0f
images_OBJ050/OBJ050_014.jpg,OBJ050,Hairbrush,object,.jpg,d4da46d46115079ac1a4fd2bc4b2f1da
images_OBJ050/OBJ050_015.jpg,OBJ050,Hairbrush,object,.jpg,6d71341238fda248e8fb645a29d9478b
images_OBJ050/OBJ050_016.jpg,OBJ050,Hairbrush,object,.jpg,53ca035dc2e0363f971dd93d6d01fdcf
images_OBJ050/OBJ050_017.jpg,OBJ050,Hairbrush,object,.jpg,9e76dc47cbda7577a2c442be9cbf9335
images_OBJ050/OBJ050_018.jpg,OBJ050,Hairbrush,object,.jpg,ac79be0d4491632e211da1cc4643e02a
images_OBJ050/OBJ050_019.jpg,OBJ050,Hairbrush,object,.jpg,1d29f3565fb215a20f2de296124af877
images_OBJ050/OBJ050_020.jpg,OBJ050,Hairbrush,object,.jpg,f40e26c4692e9bddc474ea20c6ef5f5f
images_OBJ050/OBJ050_021.jpg,OBJ050,Hairbrush,object,.jpg,b2cb7972cc0e889d63470ad3d94b793c
images_OBJ050/OBJ050_022.jpg,OBJ050,Hairbrush,object,.jpg,f9ef2c4a7c3de45bd87af8ac0cfc16b2
images_OBJ050/OBJ050_023.jpg,OBJ050,Hairbrush,object,.jpg,65d22718554b74cca3095abc61cd3793
images_OBJ050/OBJ050_024.jpg,OBJ050,Hairbrush,object,.jpg,8a036c97502389f54cc886d53e9582ca
images_OBJ050/OBJ050_025.jpg,OBJ050,Hairbrush,object,.jpg,97f617d0330faaa2672c1267e41ddfef
images_OBJ050/OBJ050_026.jpg,OBJ050,Hairbrush,object,.jpg,69e9a47e6953967bcd5fa5528851835f
images_OBJ050/OBJ050_027.jpg,OBJ050,Hairbrush,object,.jpg,fa8c1ce10a15b10ef47a5f02fad2d91b
images_OBJ050/OBJ050_028.jpg,OBJ050,Hairbrush,object,.jpg,43dfa28f0a11022b7e750ac82148059f
images_OBJ050/OBJ050_029.jpg,OBJ050,Hairbrush,object,.jpg,d9a67138b417f7f2856be828d9cf1083
images_OBJ050/OBJ050_030.jpg,OBJ050,Hairbrush,object,.jpg,f0674abb6a060cdbcc32c6882d2d66b3
images_OBJ050/OBJ050_031.jpg,OBJ050,Hairbrush,object,.jpg,1b4d8f186473d255155ca4a54ed7dcd9
images_OBJ050/OBJ050_032.jpg,OBJ050,Hairbrush,object,.jpg,bc33732d82800faeae53013568a8d4d6
images_OBJ050/OBJ050_033.jpg,OBJ050,Hairbrush,object,.jpg,599a6f802587e1ba2b4208bfeb431434
images_OBJ050/OBJ050_034.jpg,OBJ050,Hairbrush,object,.jpg,8712af0be5092fa92c250775d908ff60
images_OBJ050/OBJ050_035.jpg,OBJ050,Hairbrush,object,.jpg,a08f976333af59c9e256ebe729b1e017
images_OBJ050/OBJ050_036.jpg,OBJ050,Hairbrush,object,.jpg,02acc81bbfcb20ac6a7f960dec1883d6
images_OBJ050/OBJ050_037.jpg,OBJ050,Hairbrush,object,.jpg,036bf619b1d868cd11ee7cbdb2cb1b6f
images_OBJ050/OBJ050_038.jpg,OBJ050,Hairbrush,object,.jpg,bfc26b83afe79165daa06c8e85ba7247
images_OBJ050/OBJ050_039.jpg,OBJ050,Hairbrush,object,.jpg,57c58f113e115054671b46d474e3c676
images_OBJ050/OBJ050_040.jpg,OBJ050,Hairbrush,object,.jpg,ef5441032829cf67299eb7dfc1806ecc
images_OBJ050/OBJ050_041.jpg,OBJ050,Hairbrush,object,.jpg,d80511a95f88713947cc2d0df115eaf9
images_OBJ050/OBJ050_042.jpg,OBJ050,Hairbrush,object,.jpg,6d22abe2eb2f5e03e8322a83c6f7b7c6
images_OBJ050/OBJ050_043.jpg,OBJ050,Hairbrush,object,.jpg,453e23aa85d20661bce8732505dae2a5
images_OBJ050/OBJ050_044.jpg,OBJ050,Hairbrush,object,.jpg,a04d9f8e6478b5218b80d35729177b9d
images_OBJ050/OBJ050_045.jpg,OBJ050,Hairbrush,object,.jpg,b9ac97056dafe1936bf93de61c197500
images_OBJ050/OBJ050_046.jpg,OBJ050,Hairbrush,object,.jpg,1d543d1ed9479d4c8bb288590c8c61e0
images_OBJ050/OBJ050_047.jpg,OBJ050,Hairbrush,object,.jpg,4d9944a720eb8128b623462e0d045ae2
images_OBJ050/OBJ050_048.jpg,OBJ050,Hairbrush,object,.jpg,dc37e3fae276d2f5e24a1c4626cc1618
images_OBJ050/OBJ050_049.jpg,OBJ050,Hairbrush,object,.jpg,ea00d43b37f017f7de46b1087fa18f0c
images_OBJ050/OBJ050_050.jpg,OBJ050,Hairbrush,object,.jpg,d188083f60144a525d97e12c5a5010f8
images_OBJ050/OBJ050_051.jpg,OBJ050,Hairbrush,object,.jpg,6d55212a1a4d81e2bab09dacdf68348d
images_OBJ050/OBJ050_052.jpg,OBJ050,Hairbrush,object,.jpg,2dcbe90a7d95c670e5783b27bfd22639
images_OBJ050/OBJ050_053.jpg,OBJ050,Hairbrush,object,.jpg,971d88b369b6c0d73435bbb41e9871c1
images_OBJ050/OBJ050_054.jpg,OBJ050,Hairbrush,object,.jpg,0c7d0147bd262423effda115af846d09
images_OBJ050/OBJ050_055.jpg,OBJ050,Hairbrush,object,.jpg,23821d2fb99c14d7b0ecb00da3f22d1c
images_OBJ050/OBJ050_056.jpg,OBJ050,Hairbrush,object,.jpg,d4d081cd7ed09c6623b71c56c2f9f0fc
images_OBJ050/OBJ050_057.jpg,OBJ050,Hairbrush,object,.jpg,56bb1df52313e7de218f2d1dec34ef27
images_OBJ050/OBJ050_058.jpg,OBJ050,Hairbrush,object,.jpg,330e0b3724a2c4f8d5053439aabe6905
images_OBJ050/OBJ050_059.jpg,OBJ050,Hairbrush,object,.jpg,d16098406ba87207ba404ecf7f7aa6b3
images_OBJ050/OBJ050_060.jpg,OBJ050,Hairbrush,object,.jpg,1b5a628e6ab819d4276ada48ab6a30db
images_OBJ050/OBJ050_061.jpg,OBJ050,Hairbrush,object,.jpg,4d1330015ca9ae0edd1bb8c5eb00468d
images_OBJ050/OBJ050_062.jpg,OBJ050,Hairbrush,object,.jpg,bef6596afeaa50e7c99582fd461934d3
images_OBJ050/OBJ050_063.jpg,OBJ050,Hairbrush,object,.jpg,e62846670bd15f54ce7c731954d40b76
images_OBJ050/OBJ050_064.jpg,OBJ050,Hairbrush,object,.jpg,00e2d63f846c875d7e99bc5c79676635
images_OBJ050/OBJ050_065.jpg,OBJ050,Hairbrush,object,.jpg,cd09ade99dd1d0a37d084a4d29ac2e50
images_OBJ050/OBJ050_066.jpg,OBJ050,Hairbrush,object,.jpg,71e5305409db90abb55af70c1bea5fe6
images_OBJ050/OBJ050_067.jpg,OBJ050,Hairbrush,object,.jpg,79f66de501c29e3d468bb1b7d47ae1a1
images_OBJ050/OBJ050_068.jpg,OBJ050,Hairbrush,object,.jpg,64a12ea58499e14a8442d6c0942430b1
images_OBJ050/OBJ050_069.jpg,OBJ050,Hairbrush,object,.jpg,a844ea17c5d02361cddb1b612649ec98
images_OBJ050/OBJ050_070.jpg,OBJ050,Hairbrush,object,.jpg,2f02a2994dd93b068f26936dc2f39974
images_OBJ050/OBJ050_071.jpg,OBJ050,Hairbrush,object,.jpg,d7922e69da8d2cfccbd404a1dd225b1a
images_OBJ050/OBJ050_072.jpg,OBJ050,Hairbrush,object,.jpg,a948d74d42b1c26667623df3b4f3cfa7
images_OBJ050/OBJ050_073.jpg,OBJ050,Hairbrush,object,.jpg,99c6b069fe4cf55a4ae26b1c12f6114c
images_OBJ050/OBJ050_074.jpg,OBJ050,Hairbrush,object,.jpg,10fcbc0ccbea27eb49e0220dc286ee0a
images_OBJ050/OBJ050_075.jpg,OBJ050,Hairbrush,object,.jpg,3939900db6cee44213a59c3e59e3b4e6
images_OBJ050/OBJ050_076.jpg,OBJ050,Hairbrush,object,.jpg,f7d8e13a33cd3564ef1402019193ebc9
images_OBJ050/OBJ050_077.jpg,OBJ050,Hairbrush,object,.jpg,77eb44daf393b01737cc7cb2d24de4f9
images_OBJ050/OBJ050_078.jpg,OBJ050,Hairbrush,object,.jpg,d766b0c98bdbf9e244b4fc29d376db92
images_OBJ050/OBJ050_079.jpg,OBJ050,Hairbrush,object,.jpg,4fd1a4d0d04f953c6c1218da3bd4a340
images_OBJ050/OBJ050_080.jpg,OBJ050,Hairbrush,object,.jpg,7b962932e4c1a791e15410ba7546e7bf
images_OBJ050/OBJ050_081.jpg,OBJ050,Hairbrush,object,.jpg,b2a6358120609b84ce764389457f117d
images_OBJ050/OBJ050_082.jpg,OBJ050,Hairbrush,object,.jpg,6fd7ab928ba3185c479e78d51a81e623
images_OBJ050/OBJ050_083.jpg,OBJ050,Hairbrush,object,.jpg,a16b26662f8785e50907200c805cda80
images_OBJ050/OBJ050_084.jpg,OBJ050,Hairbrush,object,.jpg,2a7ca31ba5313178dc7649a84ac27c33
images_OBJ050/OBJ050_085.jpg,OBJ050,Hairbrush,object,.jpg,61425e818d57c301531d81e0fdfa53ab
images_OBJ050/OBJ050_086.jpg,OBJ050,Hairbrush,object,.jpg,867138db984731f209c80cd34ead1cd4
images_OBJ050/OBJ050_087.jpg,OBJ050,Hairbrush,object,.jpg,97d3c00b98ae5d69f2c0f6b2ac7368fe
images_OBJ050/OBJ050_088.jpg,OBJ050,Hairbrush,object,.jpg,069618a8b9ee34eb5dd8f39b76e994f7
images_OBJ050/OBJ050_089.jpg,OBJ050,Hairbrush,object,.jpg,07db168e7b2267b23e39d92cb19d2117
images_OBJ050/OBJ050_090.jpg,OBJ050,Hairbrush,object,.jpg,12c739ab2ff0671c9df6f539e5389dd4
images_OBJ050/OBJ050_091.jpg,OBJ050,Hairbrush,object,.jpg,67cbdeb87995287e3e1ea6837a293f84
images_OBJ050/OBJ050_092.jpg,OBJ050,Hairbrush,object,.jpg,49fa258d3cbf4e46a0ce067a2cdd6fdd
images_OBJ050/OBJ050_093.jpg,OBJ050,Hairbrush,object,.jpg,be815c38721d48eaa91b9db95871ca96
images_OBJ050/OBJ050_094.jpg,OBJ050,Hairbrush,object,.jpg,6ce8eee820c656f617210630cf4839e1
images_OBJ050/OBJ050_095.jpg,OBJ050,Hairbrush,object,.jpg,e4176a44356266ff350d732d549ad6d2
images_OBJ050/OBJ050_bg_001.jpg,OBJ050,Hairbrush,background,.jpg,ac340c8be9b75c5bb84ecb85ffdcebbc
images_OBJ050/OBJ050_bg_002.jpg,OBJ050,Hairbrush,background,.jpg,cb47c0af87853186053f9e63fa382260
images_OBJ050/OBJ050_bg_003.jpg,OBJ050,Hairbrush,background,.jpg,d81b7017982324bebd87bd0171d268ca
images_OBJ050/OBJ050_bg_004.jpg,OBJ050,Hairbrush,background,.jpg,9d0c5ebbe53510e6fa1135dc2019d2b4
images_OBJ050/OBJ050_bg_005.jpg,OBJ050,Hairbrush,background,.jpg,de11ee2ef4f53ce6c253b498ef74f541
images_OBJ051/OBJ051_001.jpg,OBJ051,Tissue,object,.jpg,4c71baf3f3a3bfcec70e0fe60d14d79a
images_OBJ051/OBJ051_002.jpg,OBJ051,Tissue,object,.jpg,e9e8bbe45f81c3d531056f6200f8d63c
images_OBJ051/OBJ051_003.jpg,OBJ051,Tissue,object,.jpg,92556b9032f8ef59475cd0d50fdf00fe
images_OBJ051/OBJ051_004.jpg,OBJ051,Tissue,object,.jpg,3697d95e43be0ce514c57a99d4ba9eb0
images_OBJ051/OBJ051_005.jpg,OBJ051,Tissue,object,.jpg,07d11cdcaa984e5643ad24e9899c036e
images_OBJ051/OBJ051_006.jpg,OBJ051,Tissue,object,.jpg,2dde126221879b0a765055a659636be1
images_OBJ051/OBJ051_007.jpg,OBJ051,Tissue,object,.jpg,68791ab9f212f9f7b2e27e65ac768eec
images_OBJ051/OBJ051_008.jpg,OBJ051,Tissue,object,.jpg,c0c10cf3c4acb08131d6c6306e811576
images_OBJ051/OBJ051_009.jpg,OBJ051,Tissue,object,.jpg,7122c4d37b2944e377e49cd2bc3aab5d
images_OBJ051/OBJ051_010.jpg,OBJ051,Tissue,object,.jpg,ba5bf28f47b2e7248af4c1a1de90e9f3
images_OBJ051/OBJ051_011.jpg,OBJ051,Tissue,object,.jpg,5619500771b78ff09f1a819f7e3b4dbe
images_OBJ051/OBJ051_012.jpg,OBJ051,Tissue,object,.jpg,caa3e6d05d5a42ffcd206507519540ef
images_OBJ051/OBJ051_013.jpg,OBJ051,Tissue,object,.jpg,fa71e8dfaafd9a9a26b4249931ee5ed3
images_OBJ051/OBJ051_014.jpg,OBJ051,Tissue,object,.jpg,3fcf5dc372066f8efe6029a43c59cb17
images_OBJ051/OBJ051_015.jpg,OBJ051,Tissue,object,.jpg,4e2b33223a676ee8c98721a27957f633
images_OBJ051/OBJ051_016.jpg,OBJ051,Tissue,object,.jpg,3855c76c18acbcb21959cdd7919779d5
images_OBJ051/OBJ051_017.jpg,OBJ051,Tissue,object,.jpg,eaac88dcda35fb7159ecea16e0736290
images_OBJ051/OBJ051_018.jpg,OBJ051,Tissue,object,.jpg,db02747c85e6cd609241c38ce0fcd876
images_OBJ051/OBJ051_019.jpg,OBJ051,Tissue,object,.jpg,3a6fd605b105c226b84292efb4547c08
images_OBJ051/OBJ051_020.jpg,OBJ051,Tissue,object,.jpg,c9e4ddbce50639f70a230becbca83bb4
images_OBJ051/OBJ051_021.jpg,OBJ051,Tissue,object,.jpg,bd3dbaca74ea8c8664277c7b123df217
images_OBJ051/OBJ051_022.jpg,OBJ051,Tissue,object,.jpg,1f41c53768904a518ab25360ef570d51
images_OBJ051/OBJ051_023.jpg,OBJ051,Tissue,object,.jpg,9fb30ed41fa866238678fa7f220504cd
images_OBJ051/OBJ051_024.jpg,OBJ051,Tissue,object,.jpg,676ee5cf124af45a8adcde3eb9d8864c
images_OBJ051/OBJ051_025.jpg,OBJ051,Tissue,object,.jpg,e05830997cfe3eba578d985d2e886353
images_OBJ051/OBJ051_026.jpg,OBJ051,Tissue,object,.jpg,f86e3e305f11f36a2984284f0abaec5c
images_OBJ051/OBJ051_027.jpg,OBJ051,Tissue,object,.jpg,a2719c8546604fa72bf86c01ba23b796
images_OBJ051/OBJ051_028.jpg,OBJ051,Tissue,object,.jpg,e44f81818047942bffa35d6e16ff4313
images_OBJ051/OBJ051_029.jpg,OBJ051,Tissue,object,.jpg,d4f8b2e49e8cd68510d7ee0c4c028abd
images_OBJ051/OBJ051_030.jpg,OBJ051,Tissue,object,.jpg,c0e3a89e242775564f6506e4099712b0
images_OBJ051/OBJ051_031.jpg,OBJ051,Tissue,object,.jpg,273fb0f6d47550f2f3712a3e4126b435
images_OBJ051/OBJ051_032.jpg,OBJ051,Tissue,object,.jpg,896c88d991113e4f8fb5b8c3f4920d3f
images_OBJ051/OBJ051_033.jpg,OBJ051,Tissue,object,.jpg,5bd3d06249c5231019d386674ad657ca
images_OBJ051/OBJ051_034.jpg,OBJ051,Tissue,object,.jpg,4ff31953b7468e8edb0aff6447cef4b3
images_OBJ051/OBJ051_035.jpg,OBJ051,Tissue,object,.jpg,1b623c5298664a67f073a72bfbefec45
images_OBJ051/OBJ051_036.jpg,OBJ051,Tissue,object,.jpg,5532c7b306f812502d1ada6b4e365233
images_OBJ051/OBJ051_037.jpg,OBJ051,Tissue,object,.jpg,3d670739511cd130c2187952fac46091
images_OBJ051/OBJ051_038.jpg,OBJ051,Tissue,object,.jpg,e12c2ebfc9ab136ef85a6d432a798fb8
images_OBJ051/OBJ051_039.jpg,OBJ051,Tissue,object,.jpg,18f467cb857a6f76c35c786ddec1fb1e
images_OBJ051/OBJ051_040.jpg,OBJ051,Tissue,object,.jpg,b5dd1a9e26a9573d18a46803cb873104
images_OBJ051/OBJ051_041.jpg,OBJ051,Tissue,object,.jpg,e8455cf2337f75864c25c03d227b9972
images_OBJ051/OBJ051_042.jpg,OBJ051,Tissue,object,.jpg,945922a18315e2ffe74b7af6c1b99881
images_OBJ051/OBJ051_043.jpg,OBJ051,Tissue,object,.jpg,fc499e8b070437ffd77924887dfa27c8
images_OBJ051/OBJ051_044.jpg,OBJ051,Tissue,object,.jpg,ebda1580b6c7590ec0c9c2e5b1a324a3
images_OBJ051/OBJ051_045.jpg,OBJ051,Tissue,object,.jpg,39c707536e934b0816d9366994ff4f1e
images_OBJ051/OBJ051_046.jpg,OBJ051,Tissue,object,.jpg,603b52e12548054deeaab38a9fee776f
images_OBJ051/OBJ051_047.jpg,OBJ051,Tissue,object,.jpg,1fc64c397164d10da634051bfe4d164e
images_OBJ051/OBJ051_048.jpg,OBJ051,Tissue,object,.jpg,145a0562b8fb3801f9356bf1368338dd
images_OBJ051/OBJ051_049.jpg,OBJ051,Tissue,object,.jpg,c3592abecc6ef6fdf1b1883b76ae0aea
images_OBJ051/OBJ051_050.jpg,OBJ051,Tissue,object,.jpg,fb4e0119ec111c0762bddefca65c4a5b
images_OBJ051/OBJ051_051.jpg,OBJ051,Tissue,object,.jpg,70576b5f705e06cb637b0d9a7ef503db
images_OBJ051/OBJ051_052.jpg,OBJ051,Tissue,object,.jpg,ff3b308227ac13455ca48696272131cc
images_OBJ051/OBJ051_053.jpg,OBJ051,Tissue,object,.jpg,b37984f5f512034e0fd3823c0fe658ae
images_OBJ051/OBJ051_054.jpg,OBJ051,Tissue,object,.jpg,390acbc396799f6f9a22c4f5d5c394c7
images_OBJ051/OBJ051_055.jpg,OBJ051,Tissue,object,.jpg,9c658d77e70965e3a263aa98f63798ff
images_OBJ051/OBJ051_056.jpg,OBJ051,Tissue,object,.jpg,1e4fb6be6f53cb563f77a5fb648f1158
images_OBJ051/OBJ051_057.jpg,OBJ051,Tissue,object,.jpg,152ae0dd2ae5e3b18c6464fd7bdbcc46
images_OBJ051/OBJ051_058.jpg,OBJ051,Tissue,object,.jpg,2850d5625a826d26226bbda5547f1ec0
images_OBJ051/OBJ051_059.jpg,OBJ051,Tissue,object,.jpg,3df53d237d52a487fc93478e71d50278
images_OBJ051/OBJ051_060.jpg,OBJ051,Tissue,object,.jpg,7cc66ed24859e3d708ecc317ec3a6d47
images_OBJ051/OBJ051_061.jpg,OBJ051,Tissue,object,.jpg,bd93a3c37bcc00913a1094a121994fe8
images_OBJ051/OBJ051_062.jpg,OBJ051,Tissue,object,.jpg,58efc96955fa741cf702e49ade931f5e
images_OBJ051/OBJ051_063.jpg,OBJ051,Tissue,object,.jpg,2b329818a9bfc9a32a89a9b11d7cf364
images_OBJ051/OBJ051_064.jpg,OBJ051,Tissue,object,.jpg,2146e3b8b8b325d194e92fc4fa4fdde2
images_OBJ051/OBJ051_065.jpg,OBJ051,Tissue,object,.jpg,cae6dbe48d748e5bd4f566428d0f2aa8
images_OBJ051/OBJ051_066.jpg,OBJ051,Tissue,object,.jpg,b1a645aa5a167a37f5caac8b7d737891
images_OBJ051/OBJ051_067.jpg,OBJ051,Tissue,object,.jpg,775c554d1309c6659819562ae26ad8ad
images_OBJ051/OBJ051_068.jpg,OBJ051,Tissue,object,.jpg,7ef26da8c6ee3ce8ce8c4b336b82dfa3
images_OBJ051/OBJ051_069.jpg,OBJ051,Tissue,object,.jpg,da78cfef0aff387ed557887522ba6bf8
images_OBJ051/OBJ051_070.jpg,OBJ051,Tissue,object,.jpg,c0ed94d20dee80f80107fa4461d14d80
images_OBJ051/OBJ051_071.jpg,OBJ051,Tissue,object,.jpg,64137e6a7d2fddde63597068af03e9e1
images_OBJ051/OBJ051_072.jpg,OBJ051,Tissue,object,.jpg,e6303d5c45dcde4f286d06983aaa936d
images_OBJ051/OBJ051_073.jpg,OBJ051,Tissue,object,.jpg,63a90447340cdfb71074a10cb70bbf31
images_OBJ051/OBJ051_074.jpg,OBJ051,Tissue,object,.jpg,40a45fbeb6758c0d366c692b1c0c16ef
images_OBJ051/OBJ051_075.jpg,OBJ051,Tissue,object,.jpg,5d6ff435a4f1f3af4293d8a3e38ad2ce
images_OBJ051/OBJ051_076.jpg,OBJ051,Tissue,object,.jpg,bb49c6ac8a059ffe4fcddd0a680e32a8
images_OBJ051/OBJ051_077.jpg,OBJ051,Tissue,object,.jpg,db1f9114075f70fc9b0d52cfd75a14a3
images_OBJ051/OBJ051_078.jpg,OBJ051,Tissue,object,.jpg,f96719409619ccf9c88df307de7f5a67
images_OBJ051/OBJ051_079.jpg,OBJ051,Tissue,object,.jpg,d578e1bde94a61183c8c3f52ca4f7830
images_OBJ051/OBJ051_080.jpg,OBJ051,Tissue,object,.jpg,a39ef21abea4ce2e40358cdff3e25076
images_OBJ051/OBJ051_081.jpg,OBJ051,Tissue,object,.jpg,1a2297fcb918fc208200f78c96ad3a0f
images_OBJ051/OBJ051_082.jpg,OBJ051,Tissue,object,.jpg,901464fc0606c14f147842bba683c967
images_OBJ051/OBJ051_083.jpg,OBJ051,Tissue,object,.jpg,163a4fcd4057e05df5fa46bee40920e2
images_OBJ051/OBJ051_084.jpg,OBJ051,Tissue,object,.jpg,d8c9cd22683d27a3b93449b0de82c8f4
images_OBJ051/OBJ051_085.jpg,OBJ051,Tissue,object,.jpg,083ada9c975442d7c869778690b3ba98
images_OBJ051/OBJ051_086.jpg,OBJ051,Tissue,object,.jpg,838937f91486425d98f1af0393d5d145
images_OBJ051/OBJ051_087.jpg,OBJ051,Tissue,object,.jpg,3269572a035d6c1c9806b516fe572939
images_OBJ051/OBJ051_088.jpg,OBJ051,Tissue,object,.jpg,642264b970a6b5a5ec140743b4cd5e3b
images_OBJ051/OBJ051_089.jpg,OBJ051,Tissue,object,.jpg,5b21f41cb71a153c9ae4764906e7b634
images_OBJ051/OBJ051_090.jpg,OBJ051,Tissue,object,.jpg,8d1b2f41c3ec97359f61a808edbf2f8b
images_OBJ051/OBJ051_091.jpg,OBJ051,Tissue,object,.jpg,0af85bed858452ef32e5f955899a2270
images_OBJ051/OBJ051_092.jpg,OBJ051,Tissue,object,.jpg,caf1ff64a13c6898d7ed1f2e948d0ce3
images_OBJ051/OBJ051_093.jpg,OBJ051,Tissue,object,.jpg,36a4a6987961359b4e3e23897d8fd4c2
images_OBJ051/OBJ051_094.jpg,OBJ051,Tissue,object,.jpg,8c68c5eeae9de0fa4e6c5a0ad418263d
images_OBJ051/OBJ051_095.jpg,OBJ051,Tissue,object,.jpg,47a061e96957be48cbc5a7034c80d9a7
images_OBJ051/OBJ051_096.jpg,OBJ051,Tissue,object,.jpg,179caf314b0bfc154f962342251c545e
images_OBJ051/OBJ051_097.jpg,OBJ051,Tissue,object,.jpg,b6117c6a0833eeb6bd46aa4e2f0be48b
images_OBJ051/OBJ051_098.jpg,OBJ051,Tissue,object,.jpg,f839b0b4369b23f7a2355ba98104a76e
images_OBJ051/OBJ051_099.jpg,OBJ051,Tissue,object,.jpg,c33b00db13424057291ca56913490d29
images_OBJ051/OBJ051_100.jpg,OBJ051,Tissue,object,.jpg,0c251f2ff6a803a6de5c8e0ab39c686c
images_OBJ051/OBJ051_101.jpg,OBJ051,Tissue,object,.jpg,5b37f81ef2d62c44c8a0d6f3e1c02c20
images_OBJ051/OBJ051_102.jpg,OBJ051,Tissue,object,.jpg,dbe84351aa2408a7506152d391a2ec18
images_OBJ051/OBJ051_103.jpg,OBJ051,Tissue,object,.jpg,4c26a63a32aaef9fa2e23a9e8af0d562
images_OBJ051/OBJ051_104.jpg,OBJ051,Tissue,object,.jpg,5ef63b8b4921b7ae7361e72fa6884c4a
images_OBJ051/OBJ051_105.jpg,OBJ051,Tissue,object,.jpg,fdb08c78dd59e98e90a13aace752e4e8
images_OBJ051/OBJ051_bg_001.jpg,OBJ051,Tissue,background,.jpg,0d46053723621939eb400ccf3ab9dbd6
images_OBJ051/OBJ051_bg_002.jpg,OBJ051,Tissue,background,.jpg,92c953de84f74aac954b208aa8999b9b
images_OBJ051/OBJ051_bg_003.jpg,OBJ051,Tissue,background,.jpg,f4cf6a9924400c99bb77b47c9e1e5a3b
images_OBJ051/OBJ051_bg_004.jpg,OBJ051,Tissue,background,.jpg,21a4b4cfa997dbbfa00953a795689d53
images_OBJ051/OBJ051_bg_005.jpg,OBJ051,Tissue,background,.jpg,94b088a22d97cedefba091535af1ffb7
images_OBJ052/OBJ052_001.jpg,OBJ052,Spoon,object,.jpg,e604a1cc1816f778afcdb6e4c8f43f08
images_OBJ052/OBJ052_002.jpg,OBJ052,Spoon,object,.jpg,a2491bd0eabe2ee326bef9a741d47390
images_OBJ052/OBJ052_003.jpg,OBJ052,Spoon,object,.jpg,5317998077ae00b7119e8047a1de75dd
images_OBJ052/OBJ052_004.jpg,OBJ052,Spoon,object,.jpg,1bee1fb4623ae7e2508403f799a555f7
images_OBJ052/OBJ052_005.jpg,OBJ052,Spoon,object,.jpg,0ffe389fc97846b641d8c92a0ff16c1b
images_OBJ052/OBJ052_006.jpg,OBJ052,Spoon,object,.jpg,4ee6cd6fabfd8a6cafe2928f786459b8
images_OBJ052/OBJ052_007.jpg,OBJ052,Spoon,object,.jpg,a4bdc3344307d320f6cd86f8d0aea466
images_OBJ052/OBJ052_008.jpg,OBJ052,Spoon,object,.jpg,111ef4a1b89a4fbbd845bc0ce8c56dc2
images_OBJ052/OBJ052_009.jpg,OBJ052,Spoon,object,.jpg,ebd252fee0dbafe463caaf99bd4061d1
images_OBJ052/OBJ052_010.jpg,OBJ052,Spoon,object,.jpg,9f6f0088532ce7e3e4deb8ef303d4a44
images_OBJ052/OBJ052_011.jpg,OBJ052,Spoon,object,.jpg,2fc9cb456f9afbd62efdd712c7fb258c
images_OBJ052/OBJ052_012.jpg,OBJ052,Spoon,object,.jpg,b98afc1d97c3f6027eda20404452b3e2
images_OBJ052/OBJ052_013.jpg,OBJ052,Spoon,object,.jpg,3eb67de53380035c8ec6010f74972f52
images_OBJ052/OBJ052_014.jpg,OBJ052,Spoon,object,.jpg,9aaef712a7aeef090a0baace54aa900c
images_OBJ052/OBJ052_015.jpg,OBJ052,Spoon,object,.jpg,5d111e73e27dac38d2528414e59c7ac4
images_OBJ052/OBJ052_016.jpg,OBJ052,Spoon,object,.jpg,427f053fd5863faf37ff939df6a6257a
images_OBJ052/OBJ052_017.jpg,OBJ052,Spoon,object,.jpg,c6b05f07feb79d17c013679d392da39a
images_OBJ052/OBJ052_018.jpg,OBJ052,Spoon,object,.jpg,b0fb113fd3216beb750cc45004702e03
images_OBJ052/OBJ052_019.jpg,OBJ052,Spoon,object,.jpg,dbad8a5e3a69377750a0c5b8c43935dd
images_OBJ052/OBJ052_020.jpg,OBJ052,Spoon,object,.jpg,132df9c25e8063157cfc29898168d4e6
images_OBJ052/OBJ052_021.jpg,OBJ052,Spoon,object,.jpg,bd81b649190174be91646da7950f52b2
images_OBJ052/OBJ052_022.jpg,OBJ052,Spoon,object,.jpg,191b39f937e58ea16d51faebe9bf555b
images_OBJ052/OBJ052_023.jpg,OBJ052,Spoon,object,.jpg,c17b5ecac01da13b0aaf5b45f82e5808
images_OBJ052/OBJ052_024.jpg,OBJ052,Spoon,object,.jpg,91239f30fba3a957cf72aefe19986176
images_OBJ052/OBJ052_025.jpg,OBJ052,Spoon,object,.jpg,6195de6db9b608c3cbb570800310fcce
images_OBJ052/OBJ052_026.jpg,OBJ052,Spoon,object,.jpg,c2272ec36e06e12c295387768bbbc09e
images_OBJ052/OBJ052_027.jpg,OBJ052,Spoon,object,.jpg,527005e143d0c070b61d270bc1a70192
images_OBJ052/OBJ052_028.jpg,OBJ052,Spoon,object,.jpg,6c81c719c5d28ea912d81f540e129dcc
images_OBJ052/OBJ052_029.jpg,OBJ052,Spoon,object,.jpg,f7a82b880d7bfe25aeda1b4db1bcf10c
images_OBJ052/OBJ052_030.jpg,OBJ052,Spoon,object,.jpg,77f1a1d3f8470b33183961077676af9f
images_OBJ052/OBJ052_031.jpg,OBJ052,Spoon,object,.jpg,6ec41f6d2c86103bdc21e85d9e7a0d33
images_OBJ052/OBJ052_032.jpg,OBJ052,Spoon,object,.jpg,94d95b8f76b5d81a8cc280a92dd5db6d
images_OBJ052/OBJ052_033.jpg,OBJ052,Spoon,object,.jpg,a43ec7bd10465442d60f9b59f30dc6a8
images_OBJ052/OBJ052_034.jpg,OBJ052,Spoon,object,.jpg,dcc50db0049fd70caf86d254ae72dae0
images_OBJ052/OBJ052_035.jpg,OBJ052,Spoon,object,.jpg,9091e214e74f5ab740d7ce885d493461
images_OBJ052/OBJ052_036.jpg,OBJ052,Spoon,object,.jpg,3600cf60c37c50ab8cc659be1d282028
images_OBJ052/OBJ052_037.jpg,OBJ052,Spoon,object,.jpg,cd210563dad429dd7814bec7b39a7822
images_OBJ052/OBJ052_038.jpg,OBJ052,Spoon,object,.jpg,69dac5a5c60613fc614bed72039605e1
images_OBJ052/OBJ052_039.jpg,OBJ052,Spoon,object,.jpg,1ab1a466c12b206f83add6b0489bb6bc
images_OBJ052/OBJ052_040.jpg,OBJ052,Spoon,object,.jpg,91579851880d548db82f030afb713020
images_OBJ052/OBJ052_041.jpg,OBJ052,Spoon,object,.jpg,f274e2456a40b31ef0f872112400d095
images_OBJ052/OBJ052_042.jpg,OBJ052,Spoon,object,.jpg,fde11fc6cac9e77c0e628ed9fd62647f
images_OBJ052/OBJ052_043.jpg,OBJ052,Spoon,object,.jpg,0529afff19e31bd452d8424dd782c567
images_OBJ052/OBJ052_044.jpg,OBJ052,Spoon,object,.jpg,185e35acdb208fc1b0aa3adfb4ecbb41
images_OBJ052/OBJ052_045.jpg,OBJ052,Spoon,object,.jpg,74403689170fa5eaef533312cb13e92d
images_OBJ052/OBJ052_046.jpg,OBJ052,Spoon,object,.jpg,3d532a5e3dee68714ed96959afe8a4c3
images_OBJ052/OBJ052_047.jpg,OBJ052,Spoon,object,.jpg,8286e31478d88732692ff20cc11dbca6
images_OBJ052/OBJ052_048.jpg,OBJ052,Spoon,object,.jpg,fa882e387936658c318a7d2555406bbe
images_OBJ052/OBJ052_049.jpg,OBJ052,Spoon,object,.jpg,b7efc321f2fad21a164b21074eb391d1
images_OBJ052/OBJ052_050.jpg,OBJ052,Spoon,object,.jpg,eab6e7dc43ae7317e0e2234e9a3c13a6
images_OBJ052/OBJ052_051.jpg,OBJ052,Spoon,object,.jpg,333bea9a2010474bc320a2ea2b7719c0
images_OBJ052/OBJ052_052.jpg,OBJ052,Spoon,object,.jpg,19834c1838c85fc1ab918c941c296596
images_OBJ052/OBJ052_053.jpg,OBJ052,Spoon,object,.jpg,8405be516ece579410f2cbd3004d1f11
images_OBJ052/OBJ052_054.jpg,OBJ052,Spoon,object,.jpg,c843c7cb6ae6663e316825051bb52c41
images_OBJ052/OBJ052_055.jpg,OBJ052,Spoon,object,.jpg,b7874fb85bdc5ffe0638b8ff24d2646a
images_OBJ052/OBJ052_056.jpg,OBJ052,Spoon,object,.jpg,12c2f0c610d5d925a16508aa782a32b6
images_OBJ052/OBJ052_057.jpg,OBJ052,Spoon,object,.jpg,2a7f817b75f6013673677ffa142a0cdb
images_OBJ052/OBJ052_058.jpg,OBJ052,Spoon,object,.jpg,1bd43367f40cc4090dfd72ea2afb39cc
images_OBJ052/OBJ052_059.jpg,OBJ052,Spoon,object,.jpg,5fcfa99ca163c3b8a41ef503254b61b5
images_OBJ052/OBJ052_060.jpg,OBJ052,Spoon,object,.jpg,69807db932264d255a53739b3a0aa1d5
images_OBJ052/OBJ052_061.jpg,OBJ052,Spoon,object,.jpg,ef7806a1324925cb2fe0c849b5929ba1
images_OBJ052/OBJ052_062.jpg,OBJ052,Spoon,object,.jpg,5ee4f52b1a036097dbb60e372a260641
images_OBJ052/OBJ052_063.jpg,OBJ052,Spoon,object,.jpg,eaa9fb11cc3e4b1466cc4a9f50db2797
images_OBJ052/OBJ052_064.jpg,OBJ052,Spoon,object,.jpg,6121b0b9ec1ca6786b7a83b8c6659b19
images_OBJ052/OBJ052_065.jpg,OBJ052,Spoon,object,.jpg,0babf2c850843f363a8e1d464d39b774
images_OBJ052/OBJ052_066.jpg,OBJ052,Spoon,object,.jpg,93ca8e1992eceae212b11ca4ffe35ce9
images_OBJ052/OBJ052_067.jpg,OBJ052,Spoon,object,.jpg,fd0cd42750a93e605c22ca7e0b18311b
images_OBJ052/OBJ052_068.jpg,OBJ052,Spoon,object,.jpg,dcad4f5898f30bef6c482126191fe1d8
images_OBJ052/OBJ052_069.jpg,OBJ052,Spoon,object,.jpg,88a628e6f506ddf6bc5e83cf4c45d6f8
images_OBJ052/OBJ052_070.jpg,OBJ052,Spoon,object,.jpg,a34711ff4beb6bfcfa95d391197cca2c
images_OBJ052/OBJ052_071.jpg,OBJ052,Spoon,object,.jpg,3cbb217a1751a042b705d866273f1f9e
images_OBJ052/OBJ052_072.jpg,OBJ052,Spoon,object,.jpg,e90b9d1bff0cbe8c451a11bc333c2c5b
images_OBJ052/OBJ052_073.jpg,OBJ052,Spoon,object,.jpg,133627fbc200d470a490c082ff3b8c1e
images_OBJ052/OBJ052_074.jpg,OBJ052,Spoon,object,.jpg,726328b5225ddcea36fe79b3c23999ae
images_OBJ052/OBJ052_075.jpg,OBJ052,Spoon,object,.jpg,73fb2b308bb4174ea2272f4bffc8fe60
images_OBJ052/OBJ052_076.jpg,OBJ052,Spoon,object,.jpg,48c7e9c8179fd928345828f3e8baf045
images_OBJ052/OBJ052_077.jpg,OBJ052,Spoon,object,.jpg,c02f042e9dfc45e67afbeaf13d3978bc
images_OBJ052/OBJ052_078.jpg,OBJ052,Spoon,object,.jpg,ccd23b17eb43f9c111d6fb84ea67fc45
images_OBJ052/OBJ052_079.jpg,OBJ052,Spoon,object,.jpg,f293b6f0825c4a568324a1394f18f7a2
images_OBJ052/OBJ052_080.jpg,OBJ052,Spoon,object,.jpg,9ebd5043015d66c4b0f4e45498a7aa5b
images_OBJ052/OBJ052_081.jpg,OBJ052,Spoon,object,.jpg,4b3f20ba2e277ca22a689e0867dc0647
images_OBJ052/OBJ052_082.jpg,OBJ052,Spoon,object,.jpg,e662170973555fae8a3e4ff0730050b0
images_OBJ052/OBJ052_083.jpg,OBJ052,Spoon,object,.jpg,2292c6d5f8b2cd24977ec46033bcbeb6
images_OBJ052/OBJ052_084.jpg,OBJ052,Spoon,object,.jpg,6e547a4179e063357984cba010299039
images_OBJ052/OBJ052_085.jpg,OBJ052,Spoon,object,.jpg,e6ee1d2ae8a29f038647b4813900fa84
images_OBJ052/OBJ052_086.jpg,OBJ052,Spoon,object,.jpg,63419cf457153f64841fbcc7fe8612a9
images_OBJ052/OBJ052_087.jpg,OBJ052,Spoon,object,.jpg,16b0a81b8215dbd14acb99f514577cd7
images_OBJ052/OBJ052_088.jpg,OBJ052,Spoon,object,.jpg,796f183da4b1af6882fb43fc4c5cd734
images_OBJ052/OBJ052_089.jpg,OBJ052,Spoon,object,.jpg,a80c69390d6f909bcdc28ccfffbaceb4
images_OBJ052/OBJ052_090.jpg,OBJ052,Spoon,object,.jpg,a94d78e067551b57b0fa399130ef1727
images_OBJ052/OBJ052_091.jpg,OBJ052,Spoon,object,.jpg,2568da1996b32eccd20feaa2f0b28191
images_OBJ052/OBJ052_092.jpg,OBJ052,Spoon,object,.jpg,2a6ca43204ba19737c5058abb8bedadb
images_OBJ052/OBJ052_093.jpg,OBJ052,Spoon,object,.jpg,055360b01867a465a1c6b6fc8b1b4459
images_OBJ052/OBJ052_094.jpg,OBJ052,Spoon,object,.jpg,fd6115fc72af72953cff02fe005bfae4
images_OBJ052/OBJ052_095.jpg,OBJ052,Spoon,object,.jpg,d4d4c61688f8f96a770f1f6980cda455
images_OBJ052/OBJ052_bg_001.jpg,OBJ052,Spoon,background,.jpg,3cff4cdf9c7c790a75db199d5d6f3a51
images_OBJ052/OBJ052_bg_002.jpg,OBJ052,Spoon,background,.jpg,ffd3a8d080964ba622eed9533dfdf475
images_OBJ052/OBJ052_bg_003.jpg,OBJ052,Spoon,background,.jpg,ab6191917e38be227fee05746d659837
images_OBJ052/OBJ052_bg_004.jpg,OBJ052,Spoon,background,.jpg,0a1cb03c97d48f5deac3caf8e4326063
images_OBJ052/OBJ052_bg_005.jpg,OBJ052,Spoon,background,.jpg,9157964a0c84abdb6bf47bc5a728c5a6
images_OBJ053/OBJ053_001.jpg,OBJ053,Moisturizer,object,.jpg,e4a98bd66d30814ca0704479aa3ae2ee
images_OBJ053/OBJ053_002.jpg,OBJ053,Moisturizer,object,.jpg,7662bc9ecf018adfeb4aadcc7a55c1c6
images_OBJ053/OBJ053_003.jpg,OBJ053,Moisturizer,object,.jpg,48d9f104c3f7ca1b88d1213f5036b5d3
images_OBJ053/OBJ053_004.jpg,OBJ053,Moisturizer,object,.jpg,cfd043b27accfe0ef6afd63e60d7a4b7
images_OBJ053/OBJ053_005.jpg,OBJ053,Moisturizer,object,.jpg,34c9b1827201eaad1e91fe7d238ba8f4
images_OBJ053/OBJ053_006.jpg,OBJ053,Moisturizer,object,.jpg,35d9c5e5be60d1fab34bec2258663af6
images_OBJ053/OBJ053_007.jpg,OBJ053,Moisturizer,object,.jpg,64a0b17f2a3a8f337c1aafbf1950a53e
images_OBJ053/OBJ053_008.jpg,OBJ053,Moisturizer,object,.jpg,e13db81e3436da7beba38e10cf983986
images_OBJ053/OBJ053_009.jpg,OBJ053,Moisturizer,object,.jpg,f3a69d26b9ca6c953a82f9f09b9b284a
images_OBJ053/OBJ053_010.jpg,OBJ053,Moisturizer,object,.jpg,e67ec29ce3224c9c025b90afa1a6954a
images_OBJ053/OBJ053_011.jpg,OBJ053,Moisturizer,object,.jpg,6e24775e85efcd46e84d7908ccef7685
images_OBJ053/OBJ053_012.jpg,OBJ053,Moisturizer,object,.jpg,90611bf2922f65bdad162d8357436a07
images_OBJ053/OBJ053_013.jpg,OBJ053,Moisturizer,object,.jpg,39b5fe7c9f5609f44d03b70b03a4c65d
images_OBJ053/OBJ053_014.jpg,OBJ053,Moisturizer,object,.jpg,ba5a1ca17a4c2390785082ec5e9f4492
images_OBJ053/OBJ053_015.jpg,OBJ053,Moisturizer,object,.jpg,ea01f004e6c192f9fe6afab8ea426f13
images_OBJ053/OBJ053_016.jpg,OBJ053,Moisturizer,object,.jpg,0e1c289d166b013a7e8fe8e3a7e581c8
images_OBJ053/OBJ053_017.jpg,OBJ053,Moisturizer,object,.jpg,eede24520bf22a8aec092cf9db128e4d
images_OBJ053/OBJ053_018.jpg,OBJ053,Moisturizer,object,.jpg,672a26ea16946d329486796cc8f478dc
images_OBJ053/OBJ053_019.jpg,OBJ053,Moisturizer,object,.jpg,5d808801f0f63a6d0b5ce44028d684d3
images_OBJ053/OBJ053_020.jpg,OBJ053,Moisturizer,object,.jpg,39c943ebded5c7fc98314261ef0083ae
images_OBJ053/OBJ053_021.jpg,OBJ053,Moisturizer,object,.jpg,5e772323cd8d42065ff760aa8e8b6154
images_OBJ053/OBJ053_022.jpg,OBJ053,Moisturizer,object,.jpg,0b25bdb8b6a590e09d231840780072bf
images_OBJ053/OBJ053_023.jpg,OBJ053,Moisturizer,object,.jpg,196fa1e2e3d14a9335ee413cfcc0b55f
images_OBJ053/OBJ053_024.jpg,OBJ053,Moisturizer,object,.jpg,a369ea4eaff19fa5e062cc423499b2ea
images_OBJ053/OBJ053_025.jpg,OBJ053,Moisturizer,object,.jpg,7a2a5622f79596c63fac8063408bd907
images_OBJ053/OBJ053_026.jpg,OBJ053,Moisturizer,object,.jpg,9d5d7ac6b02098aeaa26099c0d7713dc
images_OBJ053/OBJ053_027.jpg,OBJ053,Moisturizer,object,.jpg,20310eb7503ae706d70e6e0c0efa75ae
images_OBJ053/OBJ053_028.jpg,OBJ053,Moisturizer,object,.jpg,d5c1375b74a47c342778e9fedb4770d7
images_OBJ053/OBJ053_029.jpg,OBJ053,Moisturizer,object,.jpg,bdcf41c90c32ec4c35a8413de2777874
images_OBJ053/OBJ053_030.jpg,OBJ053,Moisturizer,object,.jpg,be271f9634888001d8fe7f6c7ce5c104
images_OBJ053/OBJ053_031.jpg,OBJ053,Moisturizer,object,.jpg,402997b628c52efdcab52cbbb6be7a1b
images_OBJ053/OBJ053_032.jpg,OBJ053,Moisturizer,object,.jpg,a6ec4b3dec3371b5db358c3d6f8a8513
images_OBJ053/OBJ053_033.jpg,OBJ053,Moisturizer,object,.jpg,733ebea893b5d3b81f8f6d0af36c5f09
images_OBJ053/OBJ053_034.jpg,OBJ053,Moisturizer,object,.jpg,ed57c1eab02d49a53fbf3d5c10b1ae35
images_OBJ053/OBJ053_035.jpg,OBJ053,Moisturizer,object,.jpg,4438a748f4b6ef1d6133151653aadc6d
images_OBJ053/OBJ053_036.jpg,OBJ053,Moisturizer,object,.jpg,4adc67a8cbfd3769db2ceb5b809081c8
images_OBJ053/OBJ053_037.jpg,OBJ053,Moisturizer,object,.jpg,f7e8b869de89dcbb3270e7b8b8ac6a7b
images_OBJ053/OBJ053_038.jpg,OBJ053,Moisturizer,object,.jpg,24d857648c7b57e953d373540f4f8f6e
images_OBJ053/OBJ053_039.jpg,OBJ053,Moisturizer,object,.jpg,5b8632e1272fd6d789d51d158602d58f
images_OBJ053/OBJ053_040.jpg,OBJ053,Moisturizer,object,.jpg,1540684b2bde5b30fe6bdc9821a91ffb
images_OBJ053/OBJ053_041.jpg,OBJ053,Moisturizer,object,.jpg,10dd636b0eec8144ea027cdf46b55dd4
images_OBJ053/OBJ053_042.jpg,OBJ053,Moisturizer,object,.jpg,e74403b72aba024f5431e2d2d5a753ee
images_OBJ053/OBJ053_043.jpg,OBJ053,Moisturizer,object,.jpg,066bffece28b3db1e9443b65f041854a
images_OBJ053/OBJ053_044.jpg,OBJ053,Moisturizer,object,.jpg,23c39abc34ef89ecc68ac6985b38d935
images_OBJ053/OBJ053_045.jpg,OBJ053,Moisturizer,object,.jpg,301832c1ce155bf0fe1fdd457059bbb6
images_OBJ053/OBJ053_046.jpg,OBJ053,Moisturizer,object,.jpg,ded0507190fa9385a9800d9daf3f0c3e
images_OBJ053/OBJ053_047.jpg,OBJ053,Moisturizer,object,.jpg,7f8e77182a43f2473ab6d1c7b04d228b
images_OBJ053/OBJ053_048.jpg,OBJ053,Moisturizer,object,.jpg,2f9b265bdd5201a3932a21ac9eb6f4ef
images_OBJ053/OBJ053_049.jpg,OBJ053,Moisturizer,object,.jpg,ee228ee1d0f601925ca811c34b4958e6
images_OBJ053/OBJ053_050.jpg,OBJ053,Moisturizer,object,.jpg,83ba657f02475a6a5a16b4b7ab1ce426
images_OBJ053/OBJ053_051.jpg,OBJ053,Moisturizer,object,.jpg,3ed5b5cac2681431fcc237204e7bde89
images_OBJ053/OBJ053_052.jpg,OBJ053,Moisturizer,object,.jpg,a0cbb792304121c457600e1b2d902fcf
images_OBJ053/OBJ053_053.jpg,OBJ053,Moisturizer,object,.jpg,29d0e92be024332b5e69d9ad2fc85313
images_OBJ053/OBJ053_054.jpg,OBJ053,Moisturizer,object,.jpg,70802ab14d598e9b889d8c4423bd3736
images_OBJ053/OBJ053_055.jpg,OBJ053,Moisturizer,object,.jpg,823163bf4ba5ef23ca82aa8fa84545ad
images_OBJ053/OBJ053_056.jpg,OBJ053,Moisturizer,object,.jpg,141e65a3a207ef2fe93f27d9a00bd412
images_OBJ053/OBJ053_057.jpg,OBJ053,Moisturizer,object,.jpg,5aa58f7be04504a8212d8ebb6a9bfe3f
images_OBJ053/OBJ053_058.jpg,OBJ053,Moisturizer,object,.jpg,19a3e836254690e0052bbed57a62a7b3
images_OBJ053/OBJ053_059.jpg,OBJ053,Moisturizer,object,.jpg,d9d5643dbad4bc6d6bdb08949cba0af1
images_OBJ053/OBJ053_060.jpg,OBJ053,Moisturizer,object,.jpg,63c6def82be4969fe34f86387a8ec488
images_OBJ053/OBJ053_061.jpg,OBJ053,Moisturizer,object,.jpg,e6566d631ed0c596af3b91fe881f9f07
images_OBJ053/OBJ053_062.jpg,OBJ053,Moisturizer,object,.jpg,2170e468fdc9fc5b36dc6cd9be51e630
images_OBJ053/OBJ053_063.jpg,OBJ053,Moisturizer,object,.jpg,77163f343823ebd9b82ecd0d35315235
images_OBJ053/OBJ053_064.jpg,OBJ053,Moisturizer,object,.jpg,04d5f01a50bfa1a13d3efb0c13064b72
images_OBJ053/OBJ053_065.jpg,OBJ053,Moisturizer,object,.jpg,b6c09bc4bf2e3dd9c529d542e9f295a1
images_OBJ053/OBJ053_066.jpg,OBJ053,Moisturizer,object,.jpg,cd9c35b7abd1af373f7fc28e87115620
images_OBJ053/OBJ053_067.jpg,OBJ053,Moisturizer,object,.jpg,70a26cff53c1b7033ff52084daf9bbaf
images_OBJ053/OBJ053_068.jpg,OBJ053,Moisturizer,object,.jpg,3e7d62fe8bd7b89074e134402030fb9c
images_OBJ053/OBJ053_069.jpg,OBJ053,Moisturizer,object,.jpg,08d3eedbb84b1f2638a7db15bcf01ddf
images_OBJ053/OBJ053_070.jpg,OBJ053,Moisturizer,object,.jpg,db02308074c8dfe0589c5dae26375a24
images_OBJ053/OBJ053_071.jpg,OBJ053,Moisturizer,object,.jpg,0920d492624e10646f78170cf010f844
images_OBJ053/OBJ053_072.jpg,OBJ053,Moisturizer,object,.jpg,f4b30bff8d0843afc636b708a4362238
images_OBJ053/OBJ053_073.jpg,OBJ053,Moisturizer,object,.jpg,196349b56c44ff5abd4598161c712648
images_OBJ053/OBJ053_074.jpg,OBJ053,Moisturizer,object,.jpg,57a82ad00983c523e09afd2bab5b7d56
images_OBJ053/OBJ053_075.jpg,OBJ053,Moisturizer,object,.jpg,8ff2b6522de5d240179db0d6f012b640
images_OBJ053/OBJ053_076.jpg,OBJ053,Moisturizer,object,.jpg,16953b89fcad970de2987615edc66186
images_OBJ053/OBJ053_077.jpg,OBJ053,Moisturizer,object,.jpg,fa7d2df5db1e52d776b7289d21e6332f
images_OBJ053/OBJ053_078.jpg,OBJ053,Moisturizer,object,.jpg,431c8d72e9fdd3cd547aab7d82799f46
images_OBJ053/OBJ053_079.jpg,OBJ053,Moisturizer,object,.jpg,89c33cc08e3e1dcf8b0b401edde169e4
images_OBJ053/OBJ053_080.jpg,OBJ053,Moisturizer,object,.jpg,f48386abe670fd94a4dd36c217cd2bb3
images_OBJ053/OBJ053_081.jpg,OBJ053,Moisturizer,object,.jpg,db0831636c144eb4597230d72aecf5fd
images_OBJ053/OBJ053_082.jpg,OBJ053,Moisturizer,object,.jpg,a9d137dfadbf3946e3f597080ca62401
images_OBJ053/OBJ053_083.jpg,OBJ053,Moisturizer,object,.jpg,d945c2d828cb73c8b6aa9467d7e7ff75
images_OBJ053/OBJ053_084.jpg,OBJ053,Moisturizer,object,.jpg,4bb4d1677af0ce82c9d025d54a8a6f79
images_OBJ053/OBJ053_085.jpg,OBJ053,Moisturizer,object,.jpg,974600fa28a463bb4dc7ed1dd6515fda
images_OBJ053/OBJ053_086.jpg,OBJ053,Moisturizer,object,.jpg,e02d24bd01ca00184f8b3c3a4c281917
images_OBJ053/OBJ053_087.jpg,OBJ053,Moisturizer,object,.jpg,948fd8b99e0cccbbc27d6576baadd376
images_OBJ053/OBJ053_088.jpg,OBJ053,Moisturizer,object,.jpg,144d038d10d8c36e8eb4b97d5ba565de
images_OBJ053/OBJ053_089.jpg,OBJ053,Moisturizer,object,.jpg,6e3b1f5ad787ac7d100c024ac356bd4f
images_OBJ053/OBJ053_090.jpg,OBJ053,Moisturizer,object,.jpg,3f221ed47819cc4650982eb69a346585
images_OBJ053/OBJ053_bg_001.jpg,OBJ053,Moisturizer,background,.jpg,bc06d750a7765137fdbfe7f523275695
images_OBJ053/OBJ053_bg_002.jpg,OBJ053,Moisturizer,background,.jpg,6bddec30dcaed02b23abc29623c29d6a
images_OBJ053/OBJ053_bg_003.jpg,OBJ053,Moisturizer,background,.jpg,2f940ebe54df902d083ce1bb06f9383f
images_OBJ053/OBJ053_bg_004.jpg,OBJ053,Moisturizer,background,.jpg,e8a67fa7a5ff13b6f8a80ebadb9aac4e
images_OBJ053/OBJ053_bg_005.jpg,OBJ053,Moisturizer,background,.jpg,a62eba5f9326a141c9abf8be115e1737
images_OBJ053/OBJ053_bg_006.jpg,OBJ053,Moisturizer,background,.jpg,bc06d750a7765137fdbfe7f523275695
images_OBJ053/OBJ053_bg_007.jpg,OBJ053,Moisturizer,background,.jpg,6bddec30dcaed02b23abc29623c29d6a
images_OBJ053/OBJ053_bg_008.jpg,OBJ053,Moisturizer,background,.jpg,2f940ebe54df902d083ce1bb06f9383f
images_OBJ053/OBJ053_bg_009.jpg,OBJ053,Moisturizer,background,.jpg,e8a67fa7a5ff13b6f8a80ebadb9aac4e
images_OBJ053/OBJ053_bg_010.jpg,OBJ053,Moisturizer,background,.jpg,a62eba5f9326a141c9abf8be115e1737
images_OBJ054/OBJ054_001.jpg,OBJ054,Purse,object,.jpg,673542e94bffeef55708990358ebaa0b
images_OBJ054/OBJ054_002.jpg,OBJ054,Purse,object,.jpg,dc38d38c8d68f742c23edebbf5cc9ab2
images_OBJ054/OBJ054_003.jpg,OBJ054,Purse,object,.jpg,3e3bacd2befdf47d1fd1bae70d178b07
images_OBJ054/OBJ054_004.jpg,OBJ054,Purse,object,.jpg,51bf82c4384eb00fd0839b58f77a4c71
images_OBJ054/OBJ054_005.jpg,OBJ054,Purse,object,.jpg,fde72af4a6d272d140c6e7b9cca16bb3
images_OBJ054/OBJ054_006.jpg,OBJ054,Purse,object,.jpg,13d538e8e4c970936516c28ef973b1e9
images_OBJ054/OBJ054_007.jpg,OBJ054,Purse,object,.jpg,3a7a165d450932609a7cfe1866bc7717
images_OBJ054/OBJ054_008.jpg,OBJ054,Purse,object,.jpg,3f61c9e9b85e32f1dcc7c63ee09bfd49
images_OBJ054/OBJ054_009.jpg,OBJ054,Purse,object,.jpg,ac57781dcd5af2e0476780270c084539
images_OBJ054/OBJ054_010.jpg,OBJ054,Purse,object,.jpg,a622f16cb2337ff3e4b70c9e93eeaf43
images_OBJ054/OBJ054_011.jpg,OBJ054,Purse,object,.jpg,d3c826d43feff76e3d1036d799759541
images_OBJ054/OBJ054_012.jpg,OBJ054,Purse,object,.jpg,a1f7440c2d29f36940fd149eb7711141
images_OBJ054/OBJ054_013.jpg,OBJ054,Purse,object,.jpg,c61a062fbdbf6aeb32eb31f064f43dd0
images_OBJ054/OBJ054_014.jpg,OBJ054,Purse,object,.jpg,a9a1f8ba22231139266def0c14779684
images_OBJ054/OBJ054_015.jpg,OBJ054,Purse,object,.jpg,c01e71c3fbccb630d39d74468c578879
images_OBJ054/OBJ054_016.jpg,OBJ054,Purse,object,.jpg,04bc78f5f52d85ff216e19bd0f9b55f2
images_OBJ054/OBJ054_017.jpg,OBJ054,Purse,object,.jpg,8eb205901450b3ad47acf757df6facd8
images_OBJ054/OBJ054_018.jpg,OBJ054,Purse,object,.jpg,48067ab9a2f823f0b2b90f4c8d522b74
images_OBJ054/OBJ054_019.jpg,OBJ054,Purse,object,.jpg,3662882079bec6ca471a28dd0c81eac4
images_OBJ054/OBJ054_020.jpg,OBJ054,Purse,object,.jpg,684c3cfc9a263401314f62fe25ddc6cf
images_OBJ054/OBJ054_021.jpg,OBJ054,Purse,object,.jpg,b079b4aff27ab8b5d6e0a5c554f252d0
images_OBJ054/OBJ054_022.jpg,OBJ054,Purse,object,.jpg,b60217825667689e16344750b444d23f
images_OBJ054/OBJ054_023.jpg,OBJ054,Purse,object,.jpg,1d068f45e49248e54a904a9ceed3ad69
images_OBJ054/OBJ054_024.jpg,OBJ054,Purse,object,.jpg,31a86663672d4361cd4db2775924aab1
images_OBJ054/OBJ054_025.jpg,OBJ054,Purse,object,.jpg,dbdf306c9f9e3957dc2c92426739db20
images_OBJ054/OBJ054_026.jpg,OBJ054,Purse,object,.jpg,252399dce8a1dee3dac0a52928ad16b6
images_OBJ054/OBJ054_027.jpg,OBJ054,Purse,object,.jpg,54240938fcd9dd63b9de0742982eeda6
images_OBJ054/OBJ054_028.jpg,OBJ054,Purse,object,.jpg,cc86b40246287218c7319bc4f5914d8e
images_OBJ054/OBJ054_029.jpg,OBJ054,Purse,object,.jpg,2c26e937838fa50256dbe1ca541d4836
images_OBJ054/OBJ054_030.jpg,OBJ054,Purse,object,.jpg,04e82e3eb5f6d03ebdb03eaf9cbb72ef
images_OBJ054/OBJ054_031.jpg,OBJ054,Purse,object,.jpg,fb594a8918b509b6d7b2e27d8cae443f
images_OBJ054/OBJ054_032.jpg,OBJ054,Purse,object,.jpg,a072bbd526852893a18fbbcc441718e0
images_OBJ054/OBJ054_033.jpg,OBJ054,Purse,object,.jpg,675089851e34fbd02ee74e5a31eaa80f
images_OBJ054/OBJ054_034.jpg,OBJ054,Purse,object,.jpg,9a9e7707ccacb849f949b40810e2cd5a
images_OBJ054/OBJ054_035.jpg,OBJ054,Purse,object,.jpg,427df6ebbe39df92a99a824732dc1e27
images_OBJ054/OBJ054_036.jpg,OBJ054,Purse,object,.jpg,33654a21979ad743f42ed8df2fcb9776
images_OBJ054/OBJ054_037.jpg,OBJ054,Purse,object,.jpg,567e08ac199f84fe197a108f0a7ed04c
images_OBJ054/OBJ054_038.jpg,OBJ054,Purse,object,.jpg,0df9553be165601beecdca702270a5c9
images_OBJ054/OBJ054_039.jpg,OBJ054,Purse,object,.jpg,adabb1b68f0ba95c85db03d0dc927e27
images_OBJ054/OBJ054_040.jpg,OBJ054,Purse,object,.jpg,b58b982a1c468c7d3c43905c376309b2
images_OBJ054/OBJ054_041.jpg,OBJ054,Purse,object,.jpg,4e48b8c92863787c95dbd0117d1cd971
images_OBJ054/OBJ054_042.jpg,OBJ054,Purse,object,.jpg,faa4ca33259f7d056bb6253e4d0e4887
images_OBJ054/OBJ054_043.jpg,OBJ054,Purse,object,.jpg,d9cafb8d55aa1475761c4d3df490c4a9
images_OBJ054/OBJ054_044.jpg,OBJ054,Purse,object,.jpg,d8ed27f11846fabaff024419229c146d
images_OBJ054/OBJ054_045.jpg,OBJ054,Purse,object,.jpg,eaf657dfbb22a729f8a770541a9dc6c5
images_OBJ054/OBJ054_046.jpg,OBJ054,Purse,object,.jpg,3ba9ac437f254b970c2e5c72fee3354d
images_OBJ054/OBJ054_047.jpg,OBJ054,Purse,object,.jpg,188b94d84e8b37da59ebfd30224b1fd3
images_OBJ054/OBJ054_048.jpg,OBJ054,Purse,object,.jpg,b39661151e90124909a35dd4e4391399
images_OBJ054/OBJ054_049.jpg,OBJ054,Purse,object,.jpg,d631a76d2b84ed578ae629ac1456f616
images_OBJ054/OBJ054_050.jpg,OBJ054,Purse,object,.jpg,e8ee4feee4d1641ea0e4986223524b2f
images_OBJ054/OBJ054_051.jpg,OBJ054,Purse,object,.jpg,4ac5afb25480c19ab205e4309320a593
images_OBJ054/OBJ054_052.jpg,OBJ054,Purse,object,.jpg,2ab52b9dba4749f5d7d26304ea0af9bd
images_OBJ054/OBJ054_053.jpg,OBJ054,Purse,object,.jpg,87799dd445323e7a59b188120b26ec41
images_OBJ054/OBJ054_054.jpg,OBJ054,Purse,object,.jpg,c16548c732efe132949e5887a3d54670
images_OBJ054/OBJ054_055.jpg,OBJ054,Purse,object,.jpg,6fd4e0934f60aaf3142bf1e15f8a1b2e
images_OBJ054/OBJ054_056.jpg,OBJ054,Purse,object,.jpg,5f2d843fedce1c326c8784ce05175d3c
images_OBJ054/OBJ054_057.jpg,OBJ054,Purse,object,.jpg,8990871741f6f66f9a658b9ba85aa761
images_OBJ054/OBJ054_058.jpg,OBJ054,Purse,object,.jpg,0cfdf683b2976888f9d0ea8502329bba
images_OBJ054/OBJ054_059.jpg,OBJ054,Purse,object,.jpg,80b3e4b67e41a8906df4f062f3f84fa5
images_OBJ054/OBJ054_060.jpg,OBJ054,Purse,object,.jpg,71d2e9fb66e4ef02a2d30f5337d1cf5d
images_OBJ054/OBJ054_061.jpg,OBJ054,Purse,object,.jpg,29cbb34dc4e5704b236dccdd1c428c02
images_OBJ054/OBJ054_062.jpg,OBJ054,Purse,object,.jpg,fda9cb781db7e8efb45c0b7699c40a14
images_OBJ054/OBJ054_063.jpg,OBJ054,Purse,object,.jpg,7d03e397f1bff06077f11457a3703a88
images_OBJ054/OBJ054_064.jpg,OBJ054,Purse,object,.jpg,5d4263edf2a638a5e9ac1ce2cdb5d63e
images_OBJ054/OBJ054_065.jpg,OBJ054,Purse,object,.jpg,3936a1e6f179c2f7edad9c03934a5f12
images_OBJ054/OBJ054_066.jpg,OBJ054,Purse,object,.jpg,08f31d526f46ebddae51f0345d0b3f5a
images_OBJ054/OBJ054_067.jpg,OBJ054,Purse,object,.jpg,f9532a3bb1de38629d145d6d66b025d3
images_OBJ054/OBJ054_068.jpg,OBJ054,Purse,object,.jpg,58cbdb537627df4d8e91e254a18ca74d
images_OBJ054/OBJ054_069.jpg,OBJ054,Purse,object,.jpg,ad1a7e07983d55893badedec84548284
images_OBJ054/OBJ054_070.jpg,OBJ054,Purse,object,.jpg,2cf161371f4970ba50a1143610da5285
images_OBJ054/OBJ054_071.jpg,OBJ054,Purse,object,.jpg,99e0b4c001b7d1d4e08917f5a7841e8b
images_OBJ054/OBJ054_072.jpg,OBJ054,Purse,object,.jpg,513fc16268433fa937d8c3b7e1d187e6
images_OBJ054/OBJ054_073.jpg,OBJ054,Purse,object,.jpg,d89d8c1605364f61cf27f426e749e971
images_OBJ054/OBJ054_074.jpg,OBJ054,Purse,object,.jpg,ae7909895768d7fb3e558dee6b4471d0
images_OBJ054/OBJ054_075.jpg,OBJ054,Purse,object,.jpg,af33e4fd3dfe2650f4dadf0a22bb70a6
images_OBJ054/OBJ054_076.jpg,OBJ054,Purse,object,.jpg,46a96849bb3e1b69e6c096e13152d430
images_OBJ054/OBJ054_077.jpg,OBJ054,Purse,object,.jpg,7cce6bd350f17bfb709ae5e69e5e4e39
images_OBJ054/OBJ054_078.jpg,OBJ054,Purse,object,.jpg,d4c9405cc7624e1dfdfad132b742e5e1
images_OBJ054/OBJ054_079.jpg,OBJ054,Purse,object,.jpg,6057667d096916d7fbf397e422a661f8
images_OBJ054/OBJ054_080.jpg,OBJ054,Purse,object,.jpg,0f113a8dc4222dae7ffed9613c17daee
images_OBJ054/OBJ054_081.jpg,OBJ054,Purse,object,.jpg,f1b95053e9d7366b2c618dedeebe46d7
images_OBJ054/OBJ054_082.jpg,OBJ054,Purse,object,.jpg,996b3969e06dcfc2cced265a09b275fc
images_OBJ054/OBJ054_083.jpg,OBJ054,Purse,object,.jpg,ef2e3824a081658d3422b0ceff11aa0c
images_OBJ054/OBJ054_084.jpg,OBJ054,Purse,object,.jpg,0d1fb16c2f94a894e27e55e54ae9ac39
images_OBJ054/OBJ054_085.jpg,OBJ054,Purse,object,.jpg,6dcaaf75f39e57c8e3cc789efe0ffcc1
images_OBJ054/OBJ054_086.jpg,OBJ054,Purse,object,.jpg,82008892597619edb902fe53cdbabc10
images_OBJ054/OBJ054_087.jpg,OBJ054,Purse,object,.jpg,b67b5d58a34ba2eec651760d6b8db986
images_OBJ054/OBJ054_088.jpg,OBJ054,Purse,object,.jpg,573b1de52b3fe46edce0ad1aa0bac585
images_OBJ054/OBJ054_089.jpg,OBJ054,Purse,object,.jpg,85e150f48d7e383e22042e96f359345c
images_OBJ054/OBJ054_090.jpg,OBJ054,Purse,object,.jpg,612fbad1bd111815ca3daeaf0bb64571
images_OBJ054/OBJ054_091.jpg,OBJ054,Purse,object,.jpg,686d19833277c73c47904f93d838d8b9
images_OBJ054/OBJ054_092.jpg,OBJ054,Purse,object,.jpg,81698b767fe5a37172160bc0587c0805
images_OBJ054/OBJ054_093.jpg,OBJ054,Purse,object,.jpg,547bf0341577339e60041509092f383e
images_OBJ054/OBJ054_094.jpg,OBJ054,Purse,object,.jpg,15fe6f6b2617c21d13c8a1973e9e9abb
images_OBJ054/OBJ054_095.jpg,OBJ054,Purse,object,.jpg,a571949a5842cc12ba0653dd597b0b70
images_OBJ054/OBJ054_bg_001.jpg,OBJ054,Purse,background,.jpg,654426e3a94c1d1f66dcde1ef096a185
images_OBJ054/OBJ054_bg_002.jpg,OBJ054,Purse,background,.jpg,9a12fab08adc4b6e23166af9580390f1
images_OBJ054/OBJ054_bg_003.jpg,OBJ054,Purse,background,.jpg,308fe12f5fb0ad813c2cb062a927951f
images_OBJ054/OBJ054_bg_004.jpg,OBJ054,Purse,background,.jpg,280e37ecddb15f80174a9ba27ee60576
images_OBJ054/OBJ054_bg_005.jpg,OBJ054,Purse,background,.jpg,8dbf6dfc516796e4276e57a3a04cf9d8
images_OBJ055/OBJ055_001.jpg,OBJ055,Scientific Calculator,object,.jpg,beb6ca8fcbcec7cf5df9057478fdd4a9
images_OBJ055/OBJ055_002.jpg,OBJ055,Scientific Calculator,object,.jpg,cc7a403ec5d6bda71e6eb477bfb0154a
images_OBJ055/OBJ055_003.jpg,OBJ055,Scientific Calculator,object,.jpg,41e8e26c01e0d95d9782da4534ee44a2
images_OBJ055/OBJ055_004.jpg,OBJ055,Scientific Calculator,object,.jpg,b40816664660a8a5deb9f972d0c19b8c
images_OBJ055/OBJ055_005.jpg,OBJ055,Scientific Calculator,object,.jpg,5b254f522eda84c97f48d2f6b7a31041
images_OBJ055/OBJ055_006.jpg,OBJ055,Scientific Calculator,object,.jpg,7732ef2c7e46b08067cf20e7913cfb9c
images_OBJ055/OBJ055_007.jpg,OBJ055,Scientific Calculator,object,.jpg,035d46386f61cd2b621c11ea2845601f
images_OBJ055/OBJ055_008.jpg,OBJ055,Scientific Calculator,object,.jpg,30984a1d111b607fba5506739c4829a5
images_OBJ055/OBJ055_009.jpg,OBJ055,Scientific Calculator,object,.jpg,c5ca8f4c4d988544c4cdf362a98fd520
images_OBJ055/OBJ055_010.jpg,OBJ055,Scientific Calculator,object,.jpg,cf3c0dcf3ba18b84e9f6231528bd01c3
images_OBJ055/OBJ055_011.jpg,OBJ055,Scientific Calculator,object,.jpg,e5e4dcb18a35c1dc91856fd3e08ba783
images_OBJ055/OBJ055_012.jpg,OBJ055,Scientific Calculator,object,.jpg,b09e684bfdd3e82e72614b1d247ce15c
images_OBJ055/OBJ055_013.jpg,OBJ055,Scientific Calculator,object,.jpg,e84c94b25c1f81785e8115d49cf06f53
images_OBJ055/OBJ055_014.jpg,OBJ055,Scientific Calculator,object,.jpg,37fb3a1b3a92bcc7513cab0d7040f440
images_OBJ055/OBJ055_015.jpg,OBJ055,Scientific Calculator,object,.jpg,0003a1b3317a61acfa5acd27436f6f73
images_OBJ055/OBJ055_016.jpg,OBJ055,Scientific Calculator,object,.jpg,7d4add81036dcdce21740b317289d929
images_OBJ055/OBJ055_017.jpg,OBJ055,Scientific Calculator,object,.jpg,8f09bf68e08e705bdb92c218c13fd274
images_OBJ055/OBJ055_018.jpg,OBJ055,Scientific Calculator,object,.jpg,b90e98846f622b093c012f17a2978d94
images_OBJ055/OBJ055_019.jpg,OBJ055,Scientific Calculator,object,.jpg,fad2ea920ebbc9fc168caafdb0ad104e
images_OBJ055/OBJ055_020.jpg,OBJ055,Scientific Calculator,object,.jpg,85a9192b01170d9973034afd95aa2dcb
images_OBJ055/OBJ055_021.jpg,OBJ055,Scientific Calculator,object,.jpg,d2ab06218a44884f94be5830d940ab32
images_OBJ055/OBJ055_022.jpg,OBJ055,Scientific Calculator,object,.jpg,1c09c7b56d264a107df504342e1316f1
images_OBJ055/OBJ055_023.jpg,OBJ055,Scientific Calculator,object,.jpg,ff542ae15767b25459dc33b6d743ead3
images_OBJ055/OBJ055_024.jpg,OBJ055,Scientific Calculator,object,.jpg,4c27298ca029aff08825bf9d380c25b5
images_OBJ055/OBJ055_025.jpg,OBJ055,Scientific Calculator,object,.jpg,4ba19166f5f26bb430be356e5dcaaf19
images_OBJ055/OBJ055_026.jpg,OBJ055,Scientific Calculator,object,.jpg,ddb01f27f51fa16730806acd728bab60
images_OBJ055/OBJ055_027.jpg,OBJ055,Scientific Calculator,object,.jpg,cd4d1376f11d15d0f9aceeeab5f7a611
images_OBJ055/OBJ055_028.jpg,OBJ055,Scientific Calculator,object,.jpg,4028a90d3320268d3b22db911ef79d07
images_OBJ055/OBJ055_029.jpg,OBJ055,Scientific Calculator,object,.jpg,0df9080c7df339485628e2c59460fa08
images_OBJ055/OBJ055_030.jpg,OBJ055,Scientific Calculator,object,.jpg,72dfcc5428fec06d5d751eb7fc3fc3e5
images_OBJ055/OBJ055_031.jpg,OBJ055,Scientific Calculator,object,.jpg,e0ee632945fd653fa58ebd562c527693
images_OBJ055/OBJ055_032.jpg,OBJ055,Scientific Calculator,object,.jpg,dcd1b19d9fc81ae23700c35d14bc8392
images_OBJ055/OBJ055_033.jpg,OBJ055,Scientific Calculator,object,.jpg,8cd2d89444fef3d3d96765bd80785b76
images_OBJ055/OBJ055_034.jpg,OBJ055,Scientific Calculator,object,.jpg,20b3033738a35f59a461080950252ab3
images_OBJ055/OBJ055_035.jpg,OBJ055,Scientific Calculator,object,.jpg,fde9384b3f8f149a7abc7bc7fe3d4cb7
images_OBJ055/OBJ055_036.jpg,OBJ055,Scientific Calculator,object,.jpg,65d23390cab91b37b266db8e6777dd18
images_OBJ055/OBJ055_037.jpg,OBJ055,Scientific Calculator,object,.jpg,902a2630a121894f7711c80ef5779dc3
images_OBJ055/OBJ055_038.jpg,OBJ055,Scientific Calculator,object,.jpg,f2aad855a78928a7c4814496f86c39e0
images_OBJ055/OBJ055_039.jpg,OBJ055,Scientific Calculator,object,.jpg,3f7955f9d6c88e8ded89ad80f2f80ec7
images_OBJ055/OBJ055_040.jpg,OBJ055,Scientific Calculator,object,.jpg,b4ae02f7ffc0b900dc32ddd1b5517edb
images_OBJ055/OBJ055_041.jpg,OBJ055,Scientific Calculator,object,.jpg,4edc41d91ed5c611a57d38b5c6f0240a
images_OBJ055/OBJ055_042.jpg,OBJ055,Scientific Calculator,object,.jpg,e57e62d40183277fb4a6e218b0719c3a
images_OBJ055/OBJ055_043.jpg,OBJ055,Scientific Calculator,object,.jpg,2a076d8218d78d25c17f9c82f0bd813a
images_OBJ055/OBJ055_044.jpg,OBJ055,Scientific Calculator,object,.jpg,e501303c21ca73c409071b638899f306
images_OBJ055/OBJ055_045.jpg,OBJ055,Scientific Calculator,object,.jpg,70ec4f8b3705814c5715733f93572995
images_OBJ055/OBJ055_046.jpg,OBJ055,Scientific Calculator,object,.jpg,27a91f08a956d99bdc9ef83cd6504ab0
images_OBJ055/OBJ055_047.jpg,OBJ055,Scientific Calculator,object,.jpg,ec470b1578bbdb9beabe2703f9ef2291
images_OBJ055/OBJ055_048.jpg,OBJ055,Scientific Calculator,object,.jpg,9315d1e251c7ec3e59936798d9ab2756
images_OBJ055/OBJ055_049.jpg,OBJ055,Scientific Calculator,object,.jpg,2d193453327608e39dfd90fcb38bca6b
images_OBJ055/OBJ055_050.jpg,OBJ055,Scientific Calculator,object,.jpg,caf102ba636dde48aa932518c1622132
images_OBJ055/OBJ055_051.jpg,OBJ055,Scientific Calculator,object,.jpg,c3040b7af765e26cabb1e6300f07341f
images_OBJ055/OBJ055_052.jpg,OBJ055,Scientific Calculator,object,.jpg,8f7d4a5c130d7d61081f18971e5b2414
images_OBJ055/OBJ055_053.jpg,OBJ055,Scientific Calculator,object,.jpg,681f8d9d8266f819b2ac3d25e5e57685
images_OBJ055/OBJ055_054.jpg,OBJ055,Scientific Calculator,object,.jpg,1b63e47b59992fc136a8d6dc6479566e
images_OBJ055/OBJ055_055.jpg,OBJ055,Scientific Calculator,object,.jpg,198fe31f143ddc6f16c80016acec2a1e
images_OBJ055/OBJ055_056.jpg,OBJ055,Scientific Calculator,object,.jpg,6457cd750c0e9486d09ef1923ad3b882
images_OBJ055/OBJ055_057.jpg,OBJ055,Scientific Calculator,object,.jpg,99f562346af763289a3ec835e7ab8c42
images_OBJ055/OBJ055_058.jpg,OBJ055,Scientific Calculator,object,.jpg,e0794c52b123c4294eceabd893d6bbad
images_OBJ055/OBJ055_059.jpg,OBJ055,Scientific Calculator,object,.jpg,4b8d00a5ced5f86c715e753af465e2b3
images_OBJ055/OBJ055_060.jpg,OBJ055,Scientific Calculator,object,.jpg,98caa7cdc11f2b7dd108ad5f97f9f6be
images_OBJ055/OBJ055_061.jpg,OBJ055,Scientific Calculator,object,.jpg,c2ecd8b1ee4ec365f91c08607f31ffbd
images_OBJ055/OBJ055_062.jpg,OBJ055,Scientific Calculator,object,.jpg,01d4b345160c99599dbf43a41f89f69d
images_OBJ055/OBJ055_063.jpg,OBJ055,Scientific Calculator,object,.jpg,d5b7e7784861c88b48c3a0e6703c2f7d
images_OBJ055/OBJ055_064.jpg,OBJ055,Scientific Calculator,object,.jpg,52a372f233103e66537270879f68d9df
images_OBJ055/OBJ055_065.jpg,OBJ055,Scientific Calculator,object,.jpg,4fa5970d9d07828ba61f87f8e2c850ef
images_OBJ055/OBJ055_066.jpg,OBJ055,Scientific Calculator,object,.jpg,1ef02e8204ab3e58e0fe1a0879395cb7
images_OBJ055/OBJ055_067.jpg,OBJ055,Scientific Calculator,object,.jpg,e107de18c5f2b609f6357f5281193072
images_OBJ055/OBJ055_068.jpg,OBJ055,Scientific Calculator,object,.jpg,3c8ca590b5fb90d745e6cb9c66100b31
images_OBJ055/OBJ055_069.jpg,OBJ055,Scientific Calculator,object,.jpg,9aa1eeeba30cece9ee9b90479005eac8
images_OBJ055/OBJ055_070.jpg,OBJ055,Scientific Calculator,object,.jpg,c26f830b501eddd31d348f06eac0d576
images_OBJ055/OBJ055_071.jpg,OBJ055,Scientific Calculator,object,.jpg,f532166e99cc54f41314e00c0ebc7b3c
images_OBJ055/OBJ055_072.jpg,OBJ055,Scientific Calculator,object,.jpg,fe5ca7bad0af9471cb5fff7784c9ca43
images_OBJ055/OBJ055_073.jpg,OBJ055,Scientific Calculator,object,.jpg,f773b1559969f850d7f1d4ef1f48da5d
images_OBJ055/OBJ055_074.jpg,OBJ055,Scientific Calculator,object,.jpg,5b3bebdffc8086f1d28f1f5c42d37ee1
images_OBJ055/OBJ055_075.jpg,OBJ055,Scientific Calculator,object,.jpg,a97f72ac74a7cb66c26f22ba8504a472
images_OBJ055/OBJ055_076.jpg,OBJ055,Scientific Calculator,object,.jpg,e0f7bcc68484385ab5830ccd1cfa901f
images_OBJ055/OBJ055_077.jpg,OBJ055,Scientific Calculator,object,.jpg,cb7413b008bd429b89c7333b74d2c4ca
images_OBJ055/OBJ055_078.jpg,OBJ055,Scientific Calculator,object,.jpg,4a0dc323ec56d235b688f073f08d63f8
images_OBJ055/OBJ055_079.jpg,OBJ055,Scientific Calculator,object,.jpg,0b45df1e9c2b0359ca82278e514eacef
images_OBJ055/OBJ055_080.jpg,OBJ055,Scientific Calculator,object,.jpg,8afb40ba2e2b87b0130e7dc847d40486
images_OBJ055/OBJ055_081.jpg,OBJ055,Scientific Calculator,object,.jpg,c8097d3ec4717f6b7dffafd1bfa99698
images_OBJ055/OBJ055_082.jpg,OBJ055,Scientific Calculator,object,.jpg,3cda9c3265bee34ab669f9f658dc3999
images_OBJ055/OBJ055_083.jpg,OBJ055,Scientific Calculator,object,.jpg,ba77261d8062bd7ccad5dc9072e1b679
images_OBJ055/OBJ055_084.jpg,OBJ055,Scientific Calculator,object,.jpg,6c2b6e3cbc072f4ab22c8e0076dfb724
images_OBJ055/OBJ055_085.jpg,OBJ055,Scientific Calculator,object,.jpg,afdfb90b942a2b0672e9e54eb4d2e1a1
images_OBJ055/OBJ055_086.jpg,OBJ055,Scientific Calculator,object,.jpg,9526750cd62a6520e2f2ca447d24fd53
images_OBJ055/OBJ055_087.jpg,OBJ055,Scientific Calculator,object,.jpg,3b673961139a062c52325cb64a709fce
images_OBJ055/OBJ055_088.jpg,OBJ055,Scientific Calculator,object,.jpg,ef3ab3655accbd57f14b5788c8d35666
images_OBJ055/OBJ055_089.jpg,OBJ055,Scientific Calculator,object,.jpg,34f79a5484fc0d8f2ea83f25a25b8fca
images_OBJ055/OBJ055_090.jpg,OBJ055,Scientific Calculator,object,.jpg,0eae1210b8d789c220caa469df5f0fb3
images_OBJ055/OBJ055_091.jpg,OBJ055,Scientific Calculator,object,.jpg,098b939550f7b214a165480a19d304e8
images_OBJ055/OBJ055_092.jpg,OBJ055,Scientific Calculator,object,.jpg,821bd377153b4553fe4b75d5081d2dfa
images_OBJ055/OBJ055_093.jpg,OBJ055,Scientific Calculator,object,.jpg,b578d68b5b524e4a72ed6dd3c7493c6d
images_OBJ055/OBJ055_094.jpg,OBJ055,Scientific Calculator,object,.jpg,e87545ce6c574d9bcfe308ef2606109f
images_OBJ055/OBJ055_095.jpg,OBJ055,Scientific Calculator,object,.jpg,cfdd1bf0c929305863fa46d2c02887e9
images_OBJ055/OBJ055_bg_001.jpg,OBJ055,Scientific Calculator,background,.jpg,e57f26b76863139a9ff6a180dc25bf26
images_OBJ055/OBJ055_bg_002.jpg,OBJ055,Scientific Calculator,background,.jpg,d2dabe9a805cb2f30875ba2f964bab07
images_OBJ055/OBJ055_bg_003.jpg,OBJ055,Scientific Calculator,background,.jpg,8eed48f5f8e4a6f702355975d870aa6a
images_OBJ055/OBJ055_bg_004.jpg,OBJ055,Scientific Calculator,background,.jpg,bad6eceeed60630fece6d9c4ac8b85d2
images_OBJ055/OBJ055_bg_005.jpg,OBJ055,Scientific Calculator,background,.jpg,542562705dd31b6945ee5b0385b1bb16
images_OBJ056/OBJ056_001.jpg,OBJ056,Trader Joe's Bag,object,.jpg,a29e13567f395ce056887973d331a1bd
images_OBJ056/OBJ056_002.jpg,OBJ056,Trader Joe's Bag,object,.jpg,250ca083b977c87699037f1b0fb02c26
images_OBJ056/OBJ056_003.jpg,OBJ056,Trader Joe's Bag,object,.jpg,f40ccc1c60dda38a8108aa87a79507de
images_OBJ056/OBJ056_004.jpg,OBJ056,Trader Joe's Bag,object,.jpg,4b4b6a183cfbbda9dffd8d1fe519203d
images_OBJ056/OBJ056_005.jpg,OBJ056,Trader Joe's Bag,object,.jpg,c621a051b07e0d35b4f62c2fb297d6fc
images_OBJ056/OBJ056_006.jpg,OBJ056,Trader Joe's Bag,object,.jpg,c67735bd43059f8769e53b7c51f92611
images_OBJ056/OBJ056_007.jpg,OBJ056,Trader Joe's Bag,object,.jpg,bf7bfb1f63f95ed6d8ddacc87f8dd91f
images_OBJ056/OBJ056_008.jpg,OBJ056,Trader Joe's Bag,object,.jpg,f507b3ad464fbb4d61a0e4802fcf9dba
images_OBJ056/OBJ056_009.jpg,OBJ056,Trader Joe's Bag,object,.jpg,02d9fbc3dccbb5e053f0b6fae2988efd
images_OBJ056/OBJ056_010.jpg,OBJ056,Trader Joe's Bag,object,.jpg,c2158a8bbbb7cf2a161b41a0bb2087cf
images_OBJ056/OBJ056_011.jpg,OBJ056,Trader Joe's Bag,object,.jpg,c8a5ad59eaf73279dcdfa585aa579580
images_OBJ056/OBJ056_012.jpg,OBJ056,Trader Joe's Bag,object,.jpg,4844159614b176d7a918fa7170d1f05e
images_OBJ056/OBJ056_013.jpg,OBJ056,Trader Joe's Bag,object,.jpg,98e0a80d449513dc19ee1b193307fbbb
images_OBJ056/OBJ056_014.jpg,OBJ056,Trader Joe's Bag,object,.jpg,7557c10bb8690318b19eade19ac53f34
images_OBJ056/OBJ056_015.jpg,OBJ056,Trader Joe's Bag,object,.jpg,5533112a74bd328069d1897d20803a5d
images_OBJ056/OBJ056_016.jpg,OBJ056,Trader Joe's Bag,object,.jpg,4429a506033091ac984ee97bdb8e450a
images_OBJ056/OBJ056_017.jpg,OBJ056,Trader Joe's Bag,object,.jpg,b5c899c1f24ebb2e98604c8abfdaf19b
images_OBJ056/OBJ056_018.jpg,OBJ056,Trader Joe's Bag,object,.jpg,73f74b45a07d91d6cb9977a588c9f127
images_OBJ056/OBJ056_019.jpg,OBJ056,Trader Joe's Bag,object,.jpg,6043cdd1afa2a9c4ef4a28acee2043b1
images_OBJ056/OBJ056_020.jpg,OBJ056,Trader Joe's Bag,object,.jpg,2655855f6af1c66c52a1a335dc0163c2
images_OBJ056/OBJ056_021.jpg,OBJ056,Trader Joe's Bag,object,.jpg,56208dcf7c2575987be1c21703c7d6a3
images_OBJ056/OBJ056_022.jpg,OBJ056,Trader Joe's Bag,object,.jpg,f0153117c3d6d889f050d8d6de873d3a
images_OBJ056/OBJ056_023.jpg,OBJ056,Trader Joe's Bag,object,.jpg,598df021349c511c9fb8db4ebbff4c9e
images_OBJ056/OBJ056_024.jpg,OBJ056,Trader Joe's Bag,object,.jpg,8f65c092318d450e9bf8344edff9558a
images_OBJ056/OBJ056_025.jpg,OBJ056,Trader Joe's Bag,object,.jpg,f76b34f1a78e55574f6409b4697c4434
images_OBJ056/OBJ056_026.jpg,OBJ056,Trader Joe's Bag,object,.jpg,736f2fbc85566b4ea5764cdb692f481c
images_OBJ056/OBJ056_027.jpg,OBJ056,Trader Joe's Bag,object,.jpg,1ed21e9e5c5912e1d62673541fe549ce
images_OBJ056/OBJ056_028.jpg,OBJ056,Trader Joe's Bag,object,.jpg,af7f27ffedbed797d8a2e29467e1daf6
images_OBJ056/OBJ056_029.jpg,OBJ056,Trader Joe's Bag,object,.jpg,91a4865f7ed28db4886038bd6e65229e
images_OBJ056/OBJ056_030.jpg,OBJ056,Trader Joe's Bag,object,.jpg,9785e225eb12c5e1ac65bdaca50aa314
images_OBJ056/OBJ056_031.jpg,OBJ056,Trader Joe's Bag,object,.jpg,dec285c28c5db202560aea457016c1f7
images_OBJ056/OBJ056_032.jpg,OBJ056,Trader Joe's Bag,object,.jpg,d47d04a846a347799fa4f740cdca3a5e
images_OBJ056/OBJ056_033.jpg,OBJ056,Trader Joe's Bag,object,.jpg,73bcd914476d5ee637c1ed670afb9bbe
images_OBJ056/OBJ056_034.jpg,OBJ056,Trader Joe's Bag,object,.jpg,d3203893e66a67eeb26315b89354df0e
images_OBJ056/OBJ056_035.jpg,OBJ056,Trader Joe's Bag,object,.jpg,ae049ccf53b4a5377692836a32818270
images_OBJ056/OBJ056_036.jpg,OBJ056,Trader Joe's Bag,object,.jpg,7341d6532fcb714755f8c1e5970e8f32
images_OBJ056/OBJ056_037.jpg,OBJ056,Trader Joe's Bag,object,.jpg,cdf5f1427b0e7e987769e5c3ab698f5c
images_OBJ056/OBJ056_038.jpg,OBJ056,Trader Joe's Bag,object,.jpg,f3b815db026d4052aa1e78e3c497b2ac
images_OBJ056/OBJ056_039.jpg,OBJ056,Trader Joe's Bag,object,.jpg,e4fce5b4dfc0d224028bdf33e0267447
images_OBJ056/OBJ056_040.jpg,OBJ056,Trader Joe's Bag,object,.jpg,555765108045a25c9511b6cf7e60e357
images_OBJ056/OBJ056_041.jpg,OBJ056,Trader Joe's Bag,object,.jpg,cceb1f36c3f108bb6863d5ef0dbf50e0
images_OBJ056/OBJ056_042.jpg,OBJ056,Trader Joe's Bag,object,.jpg,c16565241f5d7ae164b3d99ec1cb237d
images_OBJ056/OBJ056_043.jpg,OBJ056,Trader Joe's Bag,object,.jpg,341253b4f5f235103008a8ae701aa882
images_OBJ056/OBJ056_044.jpg,OBJ056,Trader Joe's Bag,object,.jpg,7b99f938b6e44b589c72dc02c51077cb
images_OBJ056/OBJ056_045.jpg,OBJ056,Trader Joe's Bag,object,.jpg,b31cfa38b6aa4385bf0d86c791b9c63b
images_OBJ056/OBJ056_046.jpg,OBJ056,Trader Joe's Bag,object,.jpg,5515dcecf47790ea4b11951d5cef7b5a
images_OBJ056/OBJ056_047.jpg,OBJ056,Trader Joe's Bag,object,.jpg,6b05c187fba8f3c3082afd3c0e71c191
images_OBJ056/OBJ056_048.jpg,OBJ056,Trader Joe's Bag,object,.jpg,9198ea1180266ef15384352987ed03ff
images_OBJ056/OBJ056_049.jpg,OBJ056,Trader Joe's Bag,object,.jpg,7132b9afc79bd9c19a13373fa1175a92
images_OBJ056/OBJ056_050.jpg,OBJ056,Trader Joe's Bag,object,.jpg,b06ff2b3ed13be022bd797a2bb2378a9
images_OBJ056/OBJ056_051.jpg,OBJ056,Trader Joe's Bag,object,.jpg,8e87bb1de6b6d8e0072837bf583e2962
images_OBJ056/OBJ056_052.jpg,OBJ056,Trader Joe's Bag,object,.jpg,765e0c85ed8e348ca034e1403675660e
images_OBJ056/OBJ056_053.jpg,OBJ056,Trader Joe's Bag,object,.jpg,773c5c62ca3bb20a3ff508257f4312d5
images_OBJ056/OBJ056_054.jpg,OBJ056,Trader Joe's Bag,object,.jpg,29b7a384ede3da62aab7f194df27e566
images_OBJ056/OBJ056_055.jpg,OBJ056,Trader Joe's Bag,object,.jpg,11f8308bd617a72dd62a1c1da5660cf2
images_OBJ056/OBJ056_056.jpg,OBJ056,Trader Joe's Bag,object,.jpg,158ee662b63a45942573c68d199de632
images_OBJ056/OBJ056_057.jpg,OBJ056,Trader Joe's Bag,object,.jpg,ae934cfb62c89e35d6a8a1fdeb2f62af
images_OBJ056/OBJ056_058.jpg,OBJ056,Trader Joe's Bag,object,.jpg,16225ff2b00a09f5c7252661dd6617cf
images_OBJ056/OBJ056_059.jpg,OBJ056,Trader Joe's Bag,object,.jpg,aefe81fd3d137e42327f5bde209e5dfd
images_OBJ056/OBJ056_060.jpg,OBJ056,Trader Joe's Bag,object,.jpg,ae0904f7d266cf30cad8ff7cdd0ed75c
images_OBJ056/OBJ056_061.jpg,OBJ056,Trader Joe's Bag,object,.jpg,42ded0b6e2d884f59a8618bdc974faf0
images_OBJ056/OBJ056_062.jpg,OBJ056,Trader Joe's Bag,object,.jpg,6856c17128c861cf8ad3fce60aac1785
images_OBJ056/OBJ056_063.jpg,OBJ056,Trader Joe's Bag,object,.jpg,edde7bb7292abf8f4e8880c6e078c66e
images_OBJ056/OBJ056_064.jpg,OBJ056,Trader Joe's Bag,object,.jpg,a5046402afb93b09b7efc03048186228
images_OBJ056/OBJ056_065.jpg,OBJ056,Trader Joe's Bag,object,.jpg,dec141ceaa351b776d372d675113e89e
images_OBJ056/OBJ056_066.jpg,OBJ056,Trader Joe's Bag,object,.jpg,5c802775b13f31a4c07fb57af2607c9b
images_OBJ056/OBJ056_067.jpg,OBJ056,Trader Joe's Bag,object,.jpg,d825b1d66cc63e499e740a2ddeb218d7
images_OBJ056/OBJ056_068.jpg,OBJ056,Trader Joe's Bag,object,.jpg,1d9fc6f965e859e8ba19a86acddd860e
images_OBJ056/OBJ056_069.jpg,OBJ056,Trader Joe's Bag,object,.jpg,51eac698f6cb53217a55b33a7afa55c9
images_OBJ056/OBJ056_070.jpg,OBJ056,Trader Joe's Bag,object,.jpg,504cba6e033ab4477a86a25d3515c531
images_OBJ056/OBJ056_071.jpg,OBJ056,Trader Joe's Bag,object,.jpg,a9470be14957a5a2858c680f85f2ea8c
images_OBJ056/OBJ056_072.jpg,OBJ056,Trader Joe's Bag,object,.jpg,2ebe662d07923b5c3ee0380bbe5385e3
images_OBJ056/OBJ056_073.jpg,OBJ056,Trader Joe's Bag,object,.jpg,fa9c5598cc9b2b0822b472640dcae92e
images_OBJ056/OBJ056_074.jpg,OBJ056,Trader Joe's Bag,object,.jpg,02e2acc5f3bea8ead7dd333ec4c8f59b
images_OBJ056/OBJ056_075.jpg,OBJ056,Trader Joe's Bag,object,.jpg,325af7b131631c5f010dbdfe59f34e31
images_OBJ056/OBJ056_076.jpg,OBJ056,Trader Joe's Bag,object,.jpg,28ed991f7c44ae886fcaa68ee53c54cb
images_OBJ056/OBJ056_077.jpg,OBJ056,Trader Joe's Bag,object,.jpg,5012aeb65620c915e1f0d2f4bbdbc643
images_OBJ056/OBJ056_078.jpg,OBJ056,Trader Joe's Bag,object,.jpg,0f0f7c61225c22b15a8361fcf627745d
images_OBJ056/OBJ056_079.jpg,OBJ056,Trader Joe's Bag,object,.jpg,18e720f9d2abfb6cff9a1c1771cc5c16
images_OBJ056/OBJ056_080.jpg,OBJ056,Trader Joe's Bag,object,.jpg,532fa1543991fcd7bb8b7492138cd29d
images_OBJ056/OBJ056_081.jpg,OBJ056,Trader Joe's Bag,object,.jpg,0458991ad54f8d3442b1561a44c333c7
images_OBJ056/OBJ056_082.jpg,OBJ056,Trader Joe's Bag,object,.jpg,a9973ec443e6c63191ff5773552ba737
images_OBJ056/OBJ056_083.jpg,OBJ056,Trader Joe's Bag,object,.jpg,fa94638a1337c01271e3741d8ea4d96e
images_OBJ056/OBJ056_084.jpg,OBJ056,Trader Joe's Bag,object,.jpg,4f3cbf7b8fc91ccb1b59feea0580fe88
images_OBJ056/OBJ056_085.jpg,OBJ056,Trader Joe's Bag,object,.jpg,27fb1622c8218cd90c87086321b6efac
images_OBJ056/OBJ056_086.jpg,OBJ056,Trader Joe's Bag,object,.jpg,4c2562c19ea89e793bcc463a2b5f0b2a
images_OBJ056/OBJ056_087.jpg,OBJ056,Trader Joe's Bag,object,.jpg,660ec6c4f7f4af48e0f8728f137b468a
images_OBJ056/OBJ056_088.jpg,OBJ056,Trader Joe's Bag,object,.jpg,fe56979f1f5961a29b8a465347b74946
images_OBJ056/OBJ056_089.jpg,OBJ056,Trader Joe's Bag,object,.jpg,7f84139b9d92856e8fcfb41ef16ac7d8
images_OBJ056/OBJ056_090.jpg,OBJ056,Trader Joe's Bag,object,.jpg,6d0acd2c6d596c09dd266b05966ac591
images_OBJ056/OBJ056_091.jpg,OBJ056,Trader Joe's Bag,object,.jpg,845a45f16c7ff2c62a637c18a6e9d458
images_OBJ056/OBJ056_092.jpg,OBJ056,Trader Joe's Bag,object,.jpg,ee877115272f4d528853b93a4f9670e6
images_OBJ056/OBJ056_093.jpg,OBJ056,Trader Joe's Bag,object,.jpg,c82845d8eca8258a00b5b5fe1fce9d76
images_OBJ056/OBJ056_094.jpg,OBJ056,Trader Joe's Bag,object,.jpg,c3831c2d91a3bb241cca9ef6c30c986f
images_OBJ056/OBJ056_095.jpg,OBJ056,Trader Joe's Bag,object,.jpg,4c994ab31a6c8c912de58e7fa73f112c
images_OBJ056/OBJ056_bg_001.jpg,OBJ056,Trader Joe's Bag,background,.jpg,dbc7df7ddf758498bb5de861aee970f6
images_OBJ056/OBJ056_bg_002.jpg,OBJ056,Trader Joe's Bag,background,.jpg,1470dbea27a09048d50a4cc03c00a10f
images_OBJ056/OBJ056_bg_003.jpg,OBJ056,Trader Joe's Bag,background,.jpg,187f27c8f7ef111f42e95ebad7e01614
images_OBJ056/OBJ056_bg_004.jpg,OBJ056,Trader Joe's Bag,background,.jpg,7436e34bfa4f04d1a6e4c394b19c690d
images_OBJ056/OBJ056_bg_005.jpg,OBJ056,Trader Joe's Bag,background,.jpg,8de0948bfa6253dd09bf2dbe93f08144
images_OBJ057/OBJ057_001.jpg,OBJ057,Power Bank,object,.jpg,9819ba49bac21e7811b4c3ded21636ae
images_OBJ057/OBJ057_002.jpg,OBJ057,Power Bank,object,.jpg,8548abd84d033b4bc030885b96987f5e
images_OBJ057/OBJ057_003.jpg,OBJ057,Power Bank,object,.jpg,6921925ece0bf657733044349fd6ada5
images_OBJ057/OBJ057_004.jpg,OBJ057,Power Bank,object,.jpg,0d0440366feddc860ca8bcc93979867b
images_OBJ057/OBJ057_005.jpg,OBJ057,Power Bank,object,.jpg,9c7967b3705cf0bfc2f61c46a9c5eddb
images_OBJ057/OBJ057_006.jpg,OBJ057,Power Bank,object,.jpg,e203df99d53eff91a412d820e0787f95
images_OBJ057/OBJ057_007.jpg,OBJ057,Power Bank,object,.jpg,71bc423ecae2ac1707afcad0db450ec0
images_OBJ057/OBJ057_008.jpg,OBJ057,Power Bank,object,.jpg,e32a2f69f90d64a7504b1107eb9a73bb
images_OBJ057/OBJ057_009.jpg,OBJ057,Power Bank,object,.jpg,b0d2a1a412c244f763936131daebff57
images_OBJ057/OBJ057_010.jpg,OBJ057,Power Bank,object,.jpg,8e1ba5a4979066026a0e839f53c99718
images_OBJ057/OBJ057_011.jpg,OBJ057,Power Bank,object,.jpg,5a779b2e8152817096b46b9efb3d5a28
images_OBJ057/OBJ057_012.jpg,OBJ057,Power Bank,object,.jpg,9a4246c0b9b8c6b92c120a0175006467
images_OBJ057/OBJ057_013.jpg,OBJ057,Power Bank,object,.jpg,d860e380b49d55f2e298c88a14fcb207
images_OBJ057/OBJ057_014.jpg,OBJ057,Power Bank,object,.jpg,9ed749d93abcfe33a127ad806a4f94f8
images_OBJ057/OBJ057_015.jpg,OBJ057,Power Bank,object,.jpg,d37a705820ca297f8ee3fccae76ae5f0
images_OBJ057/OBJ057_016.jpg,OBJ057,Power Bank,object,.jpg,f9bb73d271ececcdf0b0e734d854bf9c
images_OBJ057/OBJ057_017.jpg,OBJ057,Power Bank,object,.jpg,33443fb8fa80074a572747cd86443226
images_OBJ057/OBJ057_018.jpg,OBJ057,Power Bank,object,.jpg,f5b98754b22ca44b6be1089f2723da28
images_OBJ057/OBJ057_019.jpg,OBJ057,Power Bank,object,.jpg,e787da31942f6fed591d3af0facb7608
images_OBJ057/OBJ057_020.jpg,OBJ057,Power Bank,object,.jpg,9bf41f67f7f8f95663617e2aa1f6f616
images_OBJ057/OBJ057_021.jpg,OBJ057,Power Bank,object,.jpg,c9c2660a25f1a0d7d2fc498539db27c4
images_OBJ057/OBJ057_022.jpg,OBJ057,Power Bank,object,.jpg,6770cf457ae24370b6c410124c5d41ff
images_OBJ057/OBJ057_023.jpg,OBJ057,Power Bank,object,.jpg,ce4b58034bcf0dc27b6a9c69d26f0ee7
images_OBJ057/OBJ057_024.jpg,OBJ057,Power Bank,object,.jpg,415e6b871cb82a7e5576d4b591d8def1
images_OBJ057/OBJ057_025.jpg,OBJ057,Power Bank,object,.jpg,da6693dd4e1576acaef7128716e56365
images_OBJ057/OBJ057_026.jpg,OBJ057,Power Bank,object,.jpg,53fa40005fa5a7b3b895fa78babb4043
images_OBJ057/OBJ057_027.jpg,OBJ057,Power Bank,object,.jpg,a07445930919e2d1d4f49081181cb2e1
images_OBJ057/OBJ057_028.jpg,OBJ057,Power Bank,object,.jpg,51f3de800c53f2059ee49f21ef59f544
images_OBJ057/OBJ057_029.jpg,OBJ057,Power Bank,object,.jpg,a5469a545ef394df6c2ad6ec749bfba2
images_OBJ057/OBJ057_030.jpg,OBJ057,Power Bank,object,.jpg,c30708cec7e7f2a5faff970cc072cdaa
images_OBJ057/OBJ057_031.jpg,OBJ057,Power Bank,object,.jpg,27707a6821985929f95551a832ed113e
images_OBJ057/OBJ057_032.jpg,OBJ057,Power Bank,object,.jpg,614031af7600253042ff9466a54c04df
images_OBJ057/OBJ057_033.jpg,OBJ057,Power Bank,object,.jpg,a8aee3e4862e7abb609b54ad79bbb80b
images_OBJ057/OBJ057_034.jpg,OBJ057,Power Bank,object,.jpg,6993dc012edfbdb959d3ed4eb60f527c
images_OBJ057/OBJ057_035.jpg,OBJ057,Power Bank,object,.jpg,09f34c05f49667411bf2845614887260
images_OBJ057/OBJ057_036.jpg,OBJ057,Power Bank,object,.jpg,cc9a67df73c39d7f716130faf61c0b9e
images_OBJ057/OBJ057_037.jpg,OBJ057,Power Bank,object,.jpg,8efa7d431c50c7fa6b7552dc64c1cb5f
images_OBJ057/OBJ057_038.jpg,OBJ057,Power Bank,object,.jpg,73bb0779c63a19ff17fa0e7eb9714a84
images_OBJ057/OBJ057_039.jpg,OBJ057,Power Bank,object,.jpg,090747c463cd27a51ec1cf6258301789
images_OBJ057/OBJ057_040.jpg,OBJ057,Power Bank,object,.jpg,5fdb141cc3e1a06a552c37d27fd1fd55
images_OBJ057/OBJ057_041.jpg,OBJ057,Power Bank,object,.jpg,501fc7dfb97ca03a92eb9f4dfd0bd3a6
images_OBJ057/OBJ057_042.jpg,OBJ057,Power Bank,object,.jpg,17e217683c7db49a733cdd6cc150148c
images_OBJ057/OBJ057_043.jpg,OBJ057,Power Bank,object,.jpg,21ce1898a9744d30f7682b739cd91ce6
images_OBJ057/OBJ057_044.jpg,OBJ057,Power Bank,object,.jpg,ef18f696b64e1b6b100ca0b59be52c3e
images_OBJ057/OBJ057_045.jpg,OBJ057,Power Bank,object,.jpg,7d818acb41271b8f45ef3fafcbe94a36
images_OBJ057/OBJ057_046.jpg,OBJ057,Power Bank,object,.jpg,469d4f641ee4f12b918a65f32bae50ea
images_OBJ057/OBJ057_047.jpg,OBJ057,Power Bank,object,.jpg,f7a2ec214019b9b4390057feca0a2961
images_OBJ057/OBJ057_048.jpg,OBJ057,Power Bank,object,.jpg,790e55382f061825bb125e8a279aea5e
images_OBJ057/OBJ057_049.jpg,OBJ057,Power Bank,object,.jpg,8cbf465ba8ff526818388432ecee3538
images_OBJ057/OBJ057_050.jpg,OBJ057,Power Bank,object,.jpg,4df8196e562e99f7e1c9c108a56541a2
images_OBJ057/OBJ057_051.jpg,OBJ057,Power Bank,object,.jpg,0bd04e7abf9e85d8c089d86d70dca5e7
images_OBJ057/OBJ057_052.jpg,OBJ057,Power Bank,object,.jpg,1eb52257cfea8c84a94b4cde195d1e6f
images_OBJ057/OBJ057_053.jpg,OBJ057,Power Bank,object,.jpg,0d36749c94168977530021315ec11b20
images_OBJ057/OBJ057_054.jpg,OBJ057,Power Bank,object,.jpg,deff8d778f483cf5a06626b7e01a1eb2
images_OBJ057/OBJ057_055.jpg,OBJ057,Power Bank,object,.jpg,93671209fb5091056a342503458765eb
images_OBJ057/OBJ057_056.jpg,OBJ057,Power Bank,object,.jpg,da239dce4d9baceb397f6ac5f8fea290
images_OBJ057/OBJ057_057.jpg,OBJ057,Power Bank,object,.jpg,d10b9b69e7a986e055a0faf798726697
images_OBJ057/OBJ057_058.jpg,OBJ057,Power Bank,object,.jpg,f2bfe2d02a8ec32fb81edfd42bc6f218
images_OBJ057/OBJ057_059.jpg,OBJ057,Power Bank,object,.jpg,a5ba823b4048dafb05870944b576eea3
images_OBJ057/OBJ057_060.jpg,OBJ057,Power Bank,object,.jpg,bc6716584929c235e06ebe7f617be79b
images_OBJ057/OBJ057_061.jpg,OBJ057,Power Bank,object,.jpg,54ec0588c5c47e9318a0e4df8058a29b
images_OBJ057/OBJ057_062.jpg,OBJ057,Power Bank,object,.jpg,b6e2cca828192b6946ce7d5a51b138e5
images_OBJ057/OBJ057_063.jpg,OBJ057,Power Bank,object,.jpg,7ba53ee860af95bb50283675fdde30fa
images_OBJ057/OBJ057_064.jpg,OBJ057,Power Bank,object,.jpg,940ea6a1a1967250b0996984b0a8c724
images_OBJ057/OBJ057_065.jpg,OBJ057,Power Bank,object,.jpg,c073896a5657ae0968a75ac1dfd4c17c
images_OBJ057/OBJ057_066.jpg,OBJ057,Power Bank,object,.jpg,06328b0f39fe03ffaf743cb04d403513
images_OBJ057/OBJ057_067.jpg,OBJ057,Power Bank,object,.jpg,1c9ace1376bbbd51fc76f86c60f5de9d
images_OBJ057/OBJ057_068.jpg,OBJ057,Power Bank,object,.jpg,48ff5adbcbbe54cab65530592f82cbc2
images_OBJ057/OBJ057_069.jpg,OBJ057,Power Bank,object,.jpg,ae02136a8078448fed135664cbff782f
images_OBJ057/OBJ057_070.jpg,OBJ057,Power Bank,object,.jpg,f1073b771ad18220f14bfd7e7e2d02e3
images_OBJ057/OBJ057_071.jpg,OBJ057,Power Bank,object,.jpg,74cac621d088baa5b055aa938a125e8c
images_OBJ057/OBJ057_072.jpg,OBJ057,Power Bank,object,.jpg,a08df1068d903cf75d47b2cae3045de4
images_OBJ057/OBJ057_073.jpg,OBJ057,Power Bank,object,.jpg,c6d75157a50dd4b5370f7080337f70fc
images_OBJ057/OBJ057_074.jpg,OBJ057,Power Bank,object,.jpg,c13b4c2f8c4e8ff725fb5d58a7f724b4
images_OBJ057/OBJ057_075.jpg,OBJ057,Power Bank,object,.jpg,6c37c448635f417c4ab1b5eb798fe893
images_OBJ057/OBJ057_076.jpg,OBJ057,Power Bank,object,.jpg,33773274c59bcc4498231bf4a3278597
images_OBJ057/OBJ057_077.jpg,OBJ057,Power Bank,object,.jpg,6fd1a2cf02a88ab59d5483b6edd50264
images_OBJ057/OBJ057_078.jpg,OBJ057,Power Bank,object,.jpg,0d0500e43be9b797eab88e85adb4b52e
images_OBJ057/OBJ057_079.jpg,OBJ057,Power Bank,object,.jpg,ed106d353cc031048b985e49d6ae0cd0
images_OBJ057/OBJ057_080.jpg,OBJ057,Power Bank,object,.jpg,3ab094ada56c759d81ef6beb740da50c
images_OBJ057/OBJ057_081.jpg,OBJ057,Power Bank,object,.jpg,717e73d7c453181e32fea4fb7c0b3c05
images_OBJ057/OBJ057_082.jpg,OBJ057,Power Bank,object,.jpg,a7269cc5a89807450a0b3146070a018b
images_OBJ057/OBJ057_083.jpg,OBJ057,Power Bank,object,.jpg,c76727876a489f6f1f80c99be3b994f5
images_OBJ057/OBJ057_084.jpg,OBJ057,Power Bank,object,.jpg,a6e47276326c399baf4ca2e5ae8705b9
images_OBJ057/OBJ057_085.jpg,OBJ057,Power Bank,object,.jpg,5eac28bef42139be8d344351a1632a54
images_OBJ057/OBJ057_086.jpg,OBJ057,Power Bank,object,.jpg,3151d69e6f45ac4771024262a0acc5c7
images_OBJ057/OBJ057_087.jpg,OBJ057,Power Bank,object,.jpg,bd81b6123c9949e1d4aee5e95bcf157a
images_OBJ057/OBJ057_088.jpg,OBJ057,Power Bank,object,.jpg,e5909a83ecb5636bc0b0fbaefcc966bc
images_OBJ057/OBJ057_089.jpg,OBJ057,Power Bank,object,.jpg,55e81c5238124a51d997cf10d531f255
images_OBJ057/OBJ057_090.jpg,OBJ057,Power Bank,object,.jpg,238031d18b94ff0a07e15c0091dddeba
images_OBJ057/OBJ057_091.jpg,OBJ057,Power Bank,object,.jpg,8f6be3966b37ce62f5983a6032c6be4d
images_OBJ057/OBJ057_092.jpg,OBJ057,Power Bank,object,.jpg,db945783377e22944e02ee62206b5c20
images_OBJ057/OBJ057_093.jpg,OBJ057,Power Bank,object,.jpg,5a218a2230d72613e0bf764c9698a85d
images_OBJ057/OBJ057_094.jpg,OBJ057,Power Bank,object,.jpg,f3b5dc6755ae2b3fef26a1e1b0d769ef
images_OBJ057/OBJ057_095.jpg,OBJ057,Power Bank,object,.jpg,a555d52ed9904a35feb0ab01d506733b
images_OBJ057/OBJ057_bg_001.jpg,OBJ057,Power Bank,background,.jpg,81ae7f0b4e68f70465c08f672848d36d
images_OBJ057/OBJ057_bg_002.jpg,OBJ057,Power Bank,background,.jpg,bcc3058c654da3a9a71738f9c7f69e4b
images_OBJ057/OBJ057_bg_003.jpg,OBJ057,Power Bank,background,.jpg,7fb9108d2ba9bb63fb3680a8fe1ed45a
images_OBJ057/OBJ057_bg_004.jpg,OBJ057,Power Bank,background,.jpg,f76463fcf276d6cbe75c83997e21821a
images_OBJ057/OBJ057_bg_005.jpg,OBJ057,Power Bank,background,.jpg,dc021410ab5baabd636ad33d67f61309
images_OBJ058/OBJ058_001.jpg,OBJ058,Footstool,object,.jpg,b8acd5e3db2437ebce1209100fd5b711
images_OBJ058/OBJ058_002.jpg,OBJ058,Footstool,object,.jpg,37e0f74eb13b13ae531cb804b9a2e439
images_OBJ058/OBJ058_003.jpg,OBJ058,Footstool,object,.jpg,0e9a6eb0fc999d43560a05246f6f6383
images_OBJ058/OBJ058_004.jpg,OBJ058,Footstool,object,.jpg,b84388b2e70749c64a7503fe68c3e802
images_OBJ058/OBJ058_005.jpg,OBJ058,Footstool,object,.jpg,1bd9455f7a91f4eee15fb18cd285c89a
images_OBJ058/OBJ058_006.jpg,OBJ058,Footstool,object,.jpg,6e28a8f8f291a82307bd31733474a0a6
images_OBJ058/OBJ058_007.jpg,OBJ058,Footstool,object,.jpg,715b407e2a2a6411dd2cff5fad73dc21
images_OBJ058/OBJ058_008.jpg,OBJ058,Footstool,object,.jpg,12a7c0c59d0381e6cf87075f62b8a69b
images_OBJ058/OBJ058_009.jpg,OBJ058,Footstool,object,.jpg,67aa7d77bed68f6b9d95e4368f7cef76
images_OBJ058/OBJ058_010.jpg,OBJ058,Footstool,object,.jpg,f11d64c2bc62f18d2b2e651bd586199d
images_OBJ058/OBJ058_011.jpg,OBJ058,Footstool,object,.jpg,78b3082659b2f45a46033436470bf95a
images_OBJ058/OBJ058_012.jpg,OBJ058,Footstool,object,.jpg,68bf0b6f72b7e5a7ec7f114c9779b7e4
images_OBJ058/OBJ058_013.jpg,OBJ058,Footstool,object,.jpg,867e5009bb42321affe99b2965edf2ba
images_OBJ058/OBJ058_014.jpg,OBJ058,Footstool,object,.jpg,5580b1e8c6bf8cb92a64acd296d1f4b9
images_OBJ058/OBJ058_015.jpg,OBJ058,Footstool,object,.jpg,dbe91cf084d276c411cb344baf7390de
images_OBJ058/OBJ058_016.jpg,OBJ058,Footstool,object,.jpg,983b4e5bb01977ca19ce1a860477f27b
images_OBJ058/OBJ058_017.jpg,OBJ058,Footstool,object,.jpg,23d871127fe66b7474d3c5c437573467
images_OBJ058/OBJ058_018.jpg,OBJ058,Footstool,object,.jpg,6c7b29791f407969db726d0846da313a
images_OBJ058/OBJ058_019.jpg,OBJ058,Footstool,object,.jpg,c487dc6556db56e2faaa2109897e5fe4
images_OBJ058/OBJ058_020.jpg,OBJ058,Footstool,object,.jpg,4e1fc09920ad1abb4a616ef74d7dd808
images_OBJ058/OBJ058_021.jpg,OBJ058,Footstool,object,.jpg,5fee12e8140755b97821dc3a21f251e4
images_OBJ058/OBJ058_022.jpg,OBJ058,Footstool,object,.jpg,c620b79e0468d3843d241b5ac19a5a10
images_OBJ058/OBJ058_023.jpg,OBJ058,Footstool,object,.jpg,8aee5eef7133b8d3658cac119e64373c
images_OBJ058/OBJ058_024.jpg,OBJ058,Footstool,object,.jpg,e4f389c0e1cb65e354ff0ffd5a4fabd9
images_OBJ058/OBJ058_025.jpg,OBJ058,Footstool,object,.jpg,bd455281f460beb8a5b70a70f4f7192e
images_OBJ058/OBJ058_026.jpg,OBJ058,Footstool,object,.jpg,49b9871ca3ca0efceaef4b22055eb5d0
images_OBJ058/OBJ058_027.jpg,OBJ058,Footstool,object,.jpg,d6c6abffd05a932b7fe68d93f6bcee8c
images_OBJ058/OBJ058_028.jpg,OBJ058,Footstool,object,.jpg,36a46827f9c5b1a9a6b61da29bd00403
images_OBJ058/OBJ058_029.jpg,OBJ058,Footstool,object,.jpg,62358e744a25f9789b3eaf91e37092c0
images_OBJ058/OBJ058_030.jpg,OBJ058,Footstool,object,.jpg,1a644ec49409dc7d9658e9c25affd383
images_OBJ058/OBJ058_031.jpg,OBJ058,Footstool,object,.jpg,54ee400f16ab45cd695df622dbb2e2d2
images_OBJ058/OBJ058_032.jpg,OBJ058,Footstool,object,.jpg,30ca454a361a16b58e1752501b05a85c
images_OBJ058/OBJ058_033.jpg,OBJ058,Footstool,object,.jpg,c0e3c3db4125cf7cbff8f6072c17b232
images_OBJ058/OBJ058_034.jpg,OBJ058,Footstool,object,.jpg,d29615e8ebcbe94eefa8faace46c2ba7
images_OBJ058/OBJ058_035.jpg,OBJ058,Footstool,object,.jpg,37e68a8d0ad75244e3ed42dfbd7b023a
images_OBJ058/OBJ058_036.jpg,OBJ058,Footstool,object,.jpg,6d749268aa01343f988e4c956ea5be71
images_OBJ058/OBJ058_037.jpg,OBJ058,Footstool,object,.jpg,ac9607cb8d24c912875751b425f6d33f
images_OBJ058/OBJ058_038.jpg,OBJ058,Footstool,object,.jpg,1eedd0800deecb241c9ae84d08ca923f
images_OBJ058/OBJ058_039.jpg,OBJ058,Footstool,object,.jpg,6b80129c0e83b7f917dd1ab88a800cee
images_OBJ058/OBJ058_040.jpg,OBJ058,Footstool,object,.jpg,d16772aa220619b9cad471a34d1ce6bf
images_OBJ058/OBJ058_041.jpg,OBJ058,Footstool,object,.jpg,3c1969c39263d5a31631b7b076674d01
images_OBJ058/OBJ058_042.jpg,OBJ058,Footstool,object,.jpg,e6e3f9113188f920fa75cb92860231c2
images_OBJ058/OBJ058_043.jpg,OBJ058,Footstool,object,.jpg,f4ac5c98bf6437226cbd162b8d670922
images_OBJ058/OBJ058_044.jpg,OBJ058,Footstool,object,.jpg,bc6b0d8e9aaa1b38ef455d4d4ecfad4e
images_OBJ058/OBJ058_045.jpg,OBJ058,Footstool,object,.jpg,6b9c124a2d676af1fddcaa118590c3f6
images_OBJ058/OBJ058_046.jpg,OBJ058,Footstool,object,.jpg,8d5af75c22829d095dfef83ef0dfd80a
images_OBJ058/OBJ058_047.jpg,OBJ058,Footstool,object,.jpg,38cb0b8312a3855f9a1183dfb12687c2
images_OBJ058/OBJ058_048.jpg,OBJ058,Footstool,object,.jpg,53575be3b509f1d930dc9bcb49e6cace
images_OBJ058/OBJ058_049.jpg,OBJ058,Footstool,object,.jpg,caef3665d506912797d389c1c953e7ab
images_OBJ058/OBJ058_050.jpg,OBJ058,Footstool,object,.jpg,148647462a31b36ee59a74b4603e3439
images_OBJ058/OBJ058_051.jpg,OBJ058,Footstool,object,.jpg,62e157a8307edcd1cf5c514a33970c04
images_OBJ058/OBJ058_052.jpg,OBJ058,Footstool,object,.jpg,dc10f4f9a8617ea009b36af84a417aac
images_OBJ058/OBJ058_053.jpg,OBJ058,Footstool,object,.jpg,a183c4acca279a5e601fff44c519b571
images_OBJ058/OBJ058_054.jpg,OBJ058,Footstool,object,.jpg,a6c8ccbb5c7a08dc06489312b6214809
images_OBJ058/OBJ058_055.jpg,OBJ058,Footstool,object,.jpg,58756bc7f04bedf3272ffd67db458e19
images_OBJ058/OBJ058_056.jpg,OBJ058,Footstool,object,.jpg,6d56e40183bdabebf03f365f49def8ad
images_OBJ058/OBJ058_057.jpg,OBJ058,Footstool,object,.jpg,04a8c43445e932bf6dffe87f08098f80
images_OBJ058/OBJ058_058.jpg,OBJ058,Footstool,object,.jpg,fd4abc76b6915c01cf29194bf0775561
images_OBJ058/OBJ058_059.jpg,OBJ058,Footstool,object,.jpg,9e78d0fbd702fff09b3b73c71c364e61
images_OBJ058/OBJ058_060.jpg,OBJ058,Footstool,object,.jpg,77f6d2429e4dbf0afd2fd9286479f675
images_OBJ058/OBJ058_061.jpg,OBJ058,Footstool,object,.jpg,fb60785ddc0544c34a2ce2f0472e04e5
images_OBJ058/OBJ058_062.jpg,OBJ058,Footstool,object,.jpg,f2399d4bd6f24bdc83e5d9c7fab60f08
images_OBJ058/OBJ058_063.jpg,OBJ058,Footstool,object,.jpg,8c27bc3fc981a3c0a1e6372e5ec4a35a
images_OBJ058/OBJ058_064.jpg,OBJ058,Footstool,object,.jpg,a44e30f8461c187680dd5aea0808be79
images_OBJ058/OBJ058_065.jpg,OBJ058,Footstool,object,.jpg,53cba9adfca88fa1c74caed15eeb20d7
images_OBJ058/OBJ058_066.jpg,OBJ058,Footstool,object,.jpg,a17cf88b38f9b2e74ae111b2a21a1a4b
images_OBJ058/OBJ058_067.jpg,OBJ058,Footstool,object,.jpg,7e84f77d15c4d445b8d4307276142773
images_OBJ058/OBJ058_068.jpg,OBJ058,Footstool,object,.jpg,530e8396dbf8c6a501f0edfc72c8ab6a
images_OBJ058/OBJ058_069.jpg,OBJ058,Footstool,object,.jpg,b86ab08026d0ba08b234f6fd52c88298
images_OBJ058/OBJ058_070.jpg,OBJ058,Footstool,object,.jpg,71e95583ebf49e0fc8c759d6ae0857b2
images_OBJ058/OBJ058_071.jpg,OBJ058,Footstool,object,.jpg,53b1cb08b801650930a89268093afa0c
images_OBJ058/OBJ058_072.jpg,OBJ058,Footstool,object,.jpg,82fa22669d5b0b9b749dc0e52d464bb5
images_OBJ058/OBJ058_073.jpg,OBJ058,Footstool,object,.jpg,4f46920f9bf8166b7d64c805eec50bca
images_OBJ058/OBJ058_074.jpg,OBJ058,Footstool,object,.jpg,0885f7c16200cf7fe073f1ee0bd7f1d7
images_OBJ058/OBJ058_075.jpg,OBJ058,Footstool,object,.jpg,d1b8aeb0a25d2918080cb544f7569fa4
images_OBJ058/OBJ058_076.jpg,OBJ058,Footstool,object,.jpg,3765bb0e6074d2bccb4162f1e99adeae
images_OBJ058/OBJ058_077.jpg,OBJ058,Footstool,object,.jpg,db96c3caa42b49e4bc219e3b7e96a8d6
images_OBJ058/OBJ058_078.jpg,OBJ058,Footstool,object,.jpg,22fea437fd27576d8118f9bceaf7c45e
images_OBJ058/OBJ058_079.jpg,OBJ058,Footstool,object,.jpg,f9ff305633d60a75ebec62a23d86f115
images_OBJ058/OBJ058_080.jpg,OBJ058,Footstool,object,.jpg,639fda3a88b258f4a1f03178b12238f0
images_OBJ058/OBJ058_081.jpg,OBJ058,Footstool,object,.jpg,f9c54d5febb52008b923813eb399419d
images_OBJ058/OBJ058_082.jpg,OBJ058,Footstool,object,.jpg,27c2adee903850fd01ff27fa7a79b3bd
images_OBJ058/OBJ058_083.jpg,OBJ058,Footstool,object,.jpg,f49c1b3b90fadce8c452c6d1c227c603
images_OBJ058/OBJ058_084.jpg,OBJ058,Footstool,object,.jpg,713c1684294066658de5eeb98c27fc57
images_OBJ058/OBJ058_085.jpg,OBJ058,Footstool,object,.jpg,9a4665234f97c7f222925b3af00e0ca7
images_OBJ058/OBJ058_086.jpg,OBJ058,Footstool,object,.jpg,e2181bfaf6ec0994df8aaf26a3b9038b
images_OBJ058/OBJ058_087.jpg,OBJ058,Footstool,object,.jpg,ba948c8a82d772dd4ebdf9a6066e5b4f
images_OBJ058/OBJ058_088.jpg,OBJ058,Footstool,object,.jpg,467908806471a4ab3b63f4f0238a68ea
images_OBJ058/OBJ058_089.jpg,OBJ058,Footstool,object,.jpg,e7c9557c48ac3adc5cdb5e01aca50563
images_OBJ058/OBJ058_090.jpg,OBJ058,Footstool,object,.jpg,4b6b06d50b89197f1a9ebc3df919a947
images_OBJ058/OBJ058_091.jpg,OBJ058,Footstool,object,.jpg,898dc9492a96e438ad5d94d19e731f3e
images_OBJ058/OBJ058_092.jpg,OBJ058,Footstool,object,.jpg,e92d94e862455f9d94326bf24a75a609
images_OBJ058/OBJ058_093.jpg,OBJ058,Footstool,object,.jpg,8b9e625e1cf5228ad2b02bda8c44a91c
images_OBJ058/OBJ058_094.jpg,OBJ058,Footstool,object,.jpg,65fd7851c21a1ad1e89620f7e2881137
images_OBJ058/OBJ058_095.jpg,OBJ058,Footstool,object,.jpg,53963f8c2b83d45ea60366052a782d59
images_OBJ058/OBJ058_bg_001.jpg,OBJ058,Footstool,background,.jpg,f6a73c071e5f962863b50da1d4cd6e99
images_OBJ058/OBJ058_bg_002.jpg,OBJ058,Footstool,background,.jpg,e2b6d605d684aa22dda41e687dd9c66b
images_OBJ058/OBJ058_bg_003.jpg,OBJ058,Footstool,background,.jpg,f824d752676f1e3cb0ccd8a8e9243cd7
images_OBJ058/OBJ058_bg_004.jpg,OBJ058,Footstool,background,.jpg,da9198dcc6b082e41cd8c4f611f60f27
images_OBJ058/OBJ058_bg_005.jpg,OBJ058,Footstool,background,.jpg,5de4c60702de84bd25945fcec9daf6c8
images_OBJ059/OBJ059_001.jpg,OBJ059,Comb,object,.jpg,78f17eec4a93deb43adb9063e00a7369
images_OBJ059/OBJ059_002.jpg,OBJ059,Comb,object,.jpg,c7673d561e39ed85f41f6756f1e1aed2
images_OBJ059/OBJ059_003.jpg,OBJ059,Comb,object,.jpg,31a17bd3f0422af2f3bcb9b5f4a3c6e8
images_OBJ059/OBJ059_004.jpg,OBJ059,Comb,object,.jpg,7400cbbeed62356ccebd305e62e6fd20
images_OBJ059/OBJ059_005.jpg,OBJ059,Comb,object,.jpg,2b9e34623ea5354ab80302f717b86027
images_OBJ059/OBJ059_006.jpg,OBJ059,Comb,object,.jpg,c7a13ca67c1d2019621481818d944fa0
images_OBJ059/OBJ059_007.jpg,OBJ059,Comb,object,.jpg,545d85d3dfc13d3629a299e57387b9ea
images_OBJ059/OBJ059_008.jpg,OBJ059,Comb,object,.jpg,74e79267545d6c42ffa46a31ac875330
images_OBJ059/OBJ059_009.jpg,OBJ059,Comb,object,.jpg,f2cfcfd729193fc30e93de6748d507e5
images_OBJ059/OBJ059_010.jpg,OBJ059,Comb,object,.jpg,9fd20e922b4736cd31103efa8bed08eb
images_OBJ059/OBJ059_011.jpg,OBJ059,Comb,object,.jpg,be6a2e522b8cf5ed62b00e77b81ea54e
images_OBJ059/OBJ059_012.jpg,OBJ059,Comb,object,.jpg,590c70baa90dc83a9b680e6e91c384a7
images_OBJ059/OBJ059_013.jpg,OBJ059,Comb,object,.jpg,a2367bc923c55dc032f9cc055eaeba1b
images_OBJ059/OBJ059_014.jpg,OBJ059,Comb,object,.jpg,da5339c9ac355c8800dca9d4dd05e832
images_OBJ059/OBJ059_015.jpg,OBJ059,Comb,object,.jpg,9494b43df7e81b0016ae550a69635c8a
images_OBJ059/OBJ059_016.jpg,OBJ059,Comb,object,.jpg,c3bf4824c72d45d3fd1986933192cc30
images_OBJ059/OBJ059_017.jpg,OBJ059,Comb,object,.jpg,e5c4aafe6f2fbbdbfdd3109549fb344f
images_OBJ059/OBJ059_018.jpg,OBJ059,Comb,object,.jpg,a23354d6d5a715d2b1831fed20d5ef77
images_OBJ059/OBJ059_019.jpg,OBJ059,Comb,object,.jpg,7324e0cddfddc63adb0fe6053541a186
images_OBJ059/OBJ059_020.jpg,OBJ059,Comb,object,.jpg,183eee86b3e1c9b180b89fe50be48896
images_OBJ059/OBJ059_021.jpg,OBJ059,Comb,object,.jpg,1b4f2a21fa62f0c4387888ff4768e9c4
images_OBJ059/OBJ059_022.jpg,OBJ059,Comb,object,.jpg,85a1d6fecd9d5593477583bffde4d58c
images_OBJ059/OBJ059_023.jpg,OBJ059,Comb,object,.jpg,a6a92550d364f6d1fb9a16b44b095a0b
images_OBJ059/OBJ059_024.jpg,OBJ059,Comb,object,.jpg,c7b09f4942f08ea0fe53b5aa5c6e1f54
images_OBJ059/OBJ059_025.jpg,OBJ059,Comb,object,.jpg,8ce08036273cca7d56c5676ebf89e8a8
images_OBJ059/OBJ059_026.jpg,OBJ059,Comb,object,.jpg,b564299a907917a1d042bdf57927e3ff
images_OBJ059/OBJ059_027.jpg,OBJ059,Comb,object,.jpg,bcc34468663ccc7277f287e653609a93
images_OBJ059/OBJ059_028.jpg,OBJ059,Comb,object,.jpg,71131f34827fbc4b0e911e344d686677
images_OBJ059/OBJ059_029.jpg,OBJ059,Comb,object,.jpg,30370fe8f6b152cecdae4b1ac7d655cb
images_OBJ059/OBJ059_030.jpg,OBJ059,Comb,object,.jpg,5208fd28234e7b78f561647948e9b5c9
images_OBJ059/OBJ059_031.jpg,OBJ059,Comb,object,.jpg,285fa780a717e0a43435906cb2aa0f00
images_OBJ059/OBJ059_032.jpg,OBJ059,Comb,object,.jpg,99c9d7b7b049da7c345dc7499bdae392
images_OBJ059/OBJ059_033.jpg,OBJ059,Comb,object,.jpg,416513a2500721517a1adb53f787820a
images_OBJ059/OBJ059_034.jpg,OBJ059,Comb,object,.jpg,5a733d0298838e87502b2ea740d67fd1
images_OBJ059/OBJ059_035.jpg,OBJ059,Comb,object,.jpg,b8fd64dc3cfe527351052f475b3b2c9d
images_OBJ059/OBJ059_036.jpg,OBJ059,Comb,object,.jpg,105b699fcbcab291585833a8b3afabd1
images_OBJ059/OBJ059_037.jpg,OBJ059,Comb,object,.jpg,1d0bacd9de44e62d28e6661992d4a91e
images_OBJ059/OBJ059_038.jpg,OBJ059,Comb,object,.jpg,2880d798699f3ade3a1762556ecbcd8d
images_OBJ059/OBJ059_039.jpg,OBJ059,Comb,object,.jpg,b7ad5dbbb8687cc2aea3db4792025b9f
images_OBJ059/OBJ059_040.jpg,OBJ059,Comb,object,.jpg,a0266b774a96449c102f5520651f92bb
images_OBJ059/OBJ059_041.jpg,OBJ059,Comb,object,.jpg,e710fc08c8c47cb5e09c935eab022212
images_OBJ059/OBJ059_042.jpg,OBJ059,Comb,object,.jpg,c7e037e74124bf353c31a08e50eff412
images_OBJ059/OBJ059_043.jpg,OBJ059,Comb,object,.jpg,b5835456a8f7a28d89949eaa74146e84
images_OBJ059/OBJ059_044.jpg,OBJ059,Comb,object,.jpg,54e96cab9b06f90a2fd3da79cd3670c5
images_OBJ059/OBJ059_045.jpg,OBJ059,Comb,object,.jpg,5112489fdf0f49860b5cdde886c28cb8
images_OBJ059/OBJ059_046.jpg,OBJ059,Comb,object,.jpg,59ec9b13f3d8f1e7432c3e9892469421
images_OBJ059/OBJ059_047.jpg,OBJ059,Comb,object,.jpg,fc9ed7a4fd12f9d5604c49726750714c
images_OBJ059/OBJ059_048.jpg,OBJ059,Comb,object,.jpg,2cc842f3da99facff9d17373ed935013
images_OBJ059/OBJ059_049.jpg,OBJ059,Comb,object,.jpg,6199d553bfb77f2820fc4092b468399d
images_OBJ059/OBJ059_050.jpg,OBJ059,Comb,object,.jpg,4e83fc0a499d05029c92d846866b3d46
images_OBJ059/OBJ059_051.jpg,OBJ059,Comb,object,.jpg,ed554c0199e51282b5614ea651922516
images_OBJ059/OBJ059_052.jpg,OBJ059,Comb,object,.jpg,0886189e7471750770bbd01f8551c677
images_OBJ059/OBJ059_053.jpg,OBJ059,Comb,object,.jpg,320c833038fecec5fb4fc26121aee9a2
images_OBJ059/OBJ059_054.jpg,OBJ059,Comb,object,.jpg,7cd7bece447102591b199349dd00a20b
images_OBJ059/OBJ059_055.jpg,OBJ059,Comb,object,.jpg,7a2cef11451c1751808081d072174256
images_OBJ059/OBJ059_056.jpg,OBJ059,Comb,object,.jpg,50c901c1f43305d598d40e457c357d4d
images_OBJ059/OBJ059_057.jpg,OBJ059,Comb,object,.jpg,79a894d1a41a34f8383f19ff8985d62c
images_OBJ059/OBJ059_058.jpg,OBJ059,Comb,object,.jpg,4b8a57ccd52c2d4fb24f2e7036a90be0
images_OBJ059/OBJ059_059.jpg,OBJ059,Comb,object,.jpg,6c01c73bfd0786f67600f5f60a2c396a
images_OBJ059/OBJ059_060.jpg,OBJ059,Comb,object,.jpg,10903efe72e8bf0451daef4d2239ce21
images_OBJ059/OBJ059_061.jpg,OBJ059,Comb,object,.jpg,b2fded4e443f4b884925ae2b0d8f9fcf
images_OBJ059/OBJ059_062.jpg,OBJ059,Comb,object,.jpg,e6882c6e1325a7785bdbae695408d075
images_OBJ059/OBJ059_063.jpg,OBJ059,Comb,object,.jpg,b2021c415383d9919d7ecf52ead05e0e
images_OBJ059/OBJ059_064.jpg,OBJ059,Comb,object,.jpg,305cc77b19841f96d1c983b9b5ab76e3
images_OBJ059/OBJ059_065.jpg,OBJ059,Comb,object,.jpg,72d13cbe36a45eafad056b1cf9352cdf
images_OBJ059/OBJ059_066.jpg,OBJ059,Comb,object,.jpg,f9dd9583b206b51e507aaf099c9e8513
images_OBJ059/OBJ059_067.jpg,OBJ059,Comb,object,.jpg,2ea24f9196cff6b641a8aa2767449726
images_OBJ059/OBJ059_068.jpg,OBJ059,Comb,object,.jpg,0f450b21a1045f622fa41797c41b5cff
images_OBJ059/OBJ059_069.jpg,OBJ059,Comb,object,.jpg,ad82d239c391cfd8076886fd0ecefec5
images_OBJ059/OBJ059_070.jpg,OBJ059,Comb,object,.jpg,e5eafb68451e6364955c154a37112cbb
images_OBJ059/OBJ059_071.jpg,OBJ059,Comb,object,.jpg,273e1b719b2eb4fb50f80576356b5287
images_OBJ059/OBJ059_072.jpg,OBJ059,Comb,object,.jpg,5a61e3697cf522228b57e14696f23a15
images_OBJ059/OBJ059_073.jpg,OBJ059,Comb,object,.jpg,60624ad5ff597495a3fc0c79b77c305f
images_OBJ059/OBJ059_074.jpg,OBJ059,Comb,object,.jpg,ea4d95823ae6fc4b3912a29f81635074
images_OBJ059/OBJ059_075.jpg,OBJ059,Comb,object,.jpg,2a4f68113063e7da16de6305241da2c7
images_OBJ059/OBJ059_076.jpg,OBJ059,Comb,object,.jpg,bf3621772e65999db983b2daa4d9ccb9
images_OBJ059/OBJ059_077.jpg,OBJ059,Comb,object,.jpg,8709424a9348138f147de0060384b29e
images_OBJ059/OBJ059_078.jpg,OBJ059,Comb,object,.jpg,92ae92a2e3208d97973d16b0e8789670
images_OBJ059/OBJ059_079.jpg,OBJ059,Comb,object,.jpg,a9ec109fb25a80503506dc6981c53585
images_OBJ059/OBJ059_080.jpg,OBJ059,Comb,object,.jpg,9c094c3c2abe78f8d247108f5ecfe16c
images_OBJ059/OBJ059_081.jpg,OBJ059,Comb,object,.jpg,d0193fed83c74dfc6bf6a299da4fff9e
images_OBJ059/OBJ059_082.jpg,OBJ059,Comb,object,.jpg,37abe5902691db47da27c0fd039259ad
images_OBJ059/OBJ059_083.jpg,OBJ059,Comb,object,.jpg,9a9f5dc5f7d502750b604bacd5b2d6d4
images_OBJ059/OBJ059_084.jpg,OBJ059,Comb,object,.jpg,c8e688641cd4f48cc47a26a62b790d92
images_OBJ059/OBJ059_085.jpg,OBJ059,Comb,object,.jpg,ce6d5c1f52c02b9c73b90f393a928ee8
images_OBJ059/OBJ059_086.jpg,OBJ059,Comb,object,.jpg,0f392e2a025c6766e26fdf8950936ff4
images_OBJ059/OBJ059_087.jpg,OBJ059,Comb,object,.jpg,3523a824bba8d7aa6ab4550f2640ddba
images_OBJ059/OBJ059_088.jpg,OBJ059,Comb,object,.jpg,a646ae8d76359e5c4031ba0d6bd9939e
images_OBJ059/OBJ059_089.jpg,OBJ059,Comb,object,.jpg,91788042d418b7184c0b80d4c4a84576
images_OBJ059/OBJ059_090.jpg,OBJ059,Comb,object,.jpg,5c04b82f20368d99dc60a228508ea51a
images_OBJ059/OBJ059_091.jpg,OBJ059,Comb,object,.jpg,34778d1d870b6fddcd3d2fa45f925da1
images_OBJ059/OBJ059_092.jpg,OBJ059,Comb,object,.jpg,8d83b3356a53e9b4de7b42ca775f4cd3
images_OBJ059/OBJ059_093.jpg,OBJ059,Comb,object,.jpg,44955cb8c64c3d2a0a5e80c59c4d3a56
images_OBJ059/OBJ059_094.jpg,OBJ059,Comb,object,.jpg,2dbc0119b38dc608d6fee9c7d7eeb6e4
images_OBJ059/OBJ059_095.jpg,OBJ059,Comb,object,.jpg,b09e08eb2fe3ebc4caf572e7f0856e4b
images_OBJ059/OBJ059_bg_001.jpg,OBJ059,Comb,background,.jpg,9d83e4c699afee81f9fe3e6e6ce9ff9a
images_OBJ059/OBJ059_bg_002.jpg,OBJ059,Comb,background,.jpg,f41661afe6f50fcac54cd2ba73d82dec
images_OBJ059/OBJ059_bg_003.jpg,OBJ059,Comb,background,.jpg,8e09429be81607b8fcaa7945ee623b83
images_OBJ059/OBJ059_bg_004.jpg,OBJ059,Comb,background,.jpg,aed4742980b33466bb317219decd4059
images_OBJ059/OBJ059_bg_005.jpg,OBJ059,Comb,background,.jpg,093011757eae2857c66e8758de55ee08
images_OBJ060/OBJ060_1.JPG,OBJ060,Sleep Mask,object,.jpg,67dece05028045d78e9b1e4943698bfd
images_OBJ060/OBJ060_10.JPG,OBJ060,Sleep Mask,object,.jpg,bf106ecede6c3ccbd26624c392b24a7f
images_OBJ060/OBJ060_11.JPG,OBJ060,Sleep Mask,object,.jpg,d2d0e9cad0b4f843f1fc60fdd7c36cdd
images_OBJ060/OBJ060_12.JPG,OBJ060,Sleep Mask,object,.jpg,89bfba5e5bcf42317426fc56278b41b2
images_OBJ060/OBJ060_13.JPG,OBJ060,Sleep Mask,object,.jpg,ecd1caad04f51fa1ac2a74f8d0e5ace1
images_OBJ060/OBJ060_14.JPG,OBJ060,Sleep Mask,object,.jpg,75a63c6af03a4328ac671a7cfd95907a
images_OBJ060/OBJ060_15.JPG,OBJ060,Sleep Mask,object,.jpg,3eb6c8caf6e2e80cea457e38389eec91
images_OBJ060/OBJ060_16.JPG,OBJ060,Sleep Mask,object,.jpg,20d4842fe07efdb594268255310e23a9
images_OBJ060/OBJ060_17.JPG,OBJ060,Sleep Mask,object,.jpg,edc65ac82f2ca72237132f24ab0a114d
images_OBJ060/OBJ060_18.JPG,OBJ060,Sleep Mask,object,.jpg,7168fb112a2dbca22db92f4119e06fe5
images_OBJ060/OBJ060_19.JPG,OBJ060,Sleep Mask,object,.jpg,0eff1a4d5ead87be681afc8c1f0e2a6c
images_OBJ060/OBJ060_2.JPG,OBJ060,Sleep Mask,object,.jpg,57559f05ff2194a1af401d30f312f992
images_OBJ060/OBJ060_20.JPG,OBJ060,Sleep Mask,object,.jpg,62dc5f4d666289655af9dea949e571a8
images_OBJ060/OBJ060_21.JPG,OBJ060,Sleep Mask,object,.jpg,4e7747a9bd21c8e0a6f287363b6438ab
images_OBJ060/OBJ060_22.JPG,OBJ060,Sleep Mask,object,.jpg,ed4cb2c1a8b9be553622a4e1dd1a7086
images_OBJ060/OBJ060_23.JPG,OBJ060,Sleep Mask,object,.jpg,45e8976dd5ab314150c3e1d09d658988
images_OBJ060/OBJ060_24.JPG,OBJ060,Sleep Mask,object,.jpg,2b4de77b8f1778c4adbcb5e4e2c812c4
images_OBJ060/OBJ060_25.JPG,OBJ060,Sleep Mask,object,.jpg,8eefdaf4d1f292be650842c329088d6a
images_OBJ060/OBJ060_26.JPG,OBJ060,Sleep Mask,object,.jpg,5d0c92337068c64bef00e2a16eac6b0e
images_OBJ060/OBJ060_27.JPG,OBJ060,Sleep Mask,object,.jpg,a7ed7a8926fced573e3679e28175aa1b
images_OBJ060/OBJ060_28.JPG,OBJ060,Sleep Mask,object,.jpg,7188b61a6935c54b5da8134dc99c497d
images_OBJ060/OBJ060_29.JPG,OBJ060,Sleep Mask,object,.jpg,6a5cdf8328a50846a98e04c769da11c1
images_OBJ060/OBJ060_3.JPG,OBJ060,Sleep Mask,object,.jpg,8701128c78471f6ef224bbe444844348
images_OBJ060/OBJ060_30.JPG,OBJ060,Sleep Mask,object,.jpg,29825954d76537081d118369b9257b56
images_OBJ060/OBJ060_31.JPG,OBJ060,Sleep Mask,object,.jpg,bc2266a1daee7ddc457dd54ea8da3990
images_OBJ060/OBJ060_32.JPG,OBJ060,Sleep Mask,object,.jpg,4ee81e249933bbdd818c557d8c2c626e
images_OBJ060/OBJ060_33.JPG,OBJ060,Sleep Mask,object,.jpg,c594e7c4888b93b8ae15f035b10513c1
images_OBJ060/OBJ060_34.JPG,OBJ060,Sleep Mask,object,.jpg,2a804f70424cf4eb09764a957b3eaa63
images_OBJ060/OBJ060_35.JPG,OBJ060,Sleep Mask,object,.jpg,17a60daa79651938a394a3a739a797a7
images_OBJ060/OBJ060_36.JPG,OBJ060,Sleep Mask,object,.jpg,3498a72a551ee60bc59c2d302c273f20
images_OBJ060/OBJ060_37.JPG,OBJ060,Sleep Mask,object,.jpg,7d2421cf898b140ad76f2e6196826ccf
images_OBJ060/OBJ060_38.JPG,OBJ060,Sleep Mask,object,.jpg,4ad0cc4fc3acaeb52b988f91605d37c5
images_OBJ060/OBJ060_39.JPG,OBJ060,Sleep Mask,object,.jpg,cd21b925f4ee50f555e07bd84a450946
images_OBJ060/OBJ060_4.JPG,OBJ060,Sleep Mask,object,.jpg,5dd0623a4539ab5bc38f42cd1f799c90
images_OBJ060/OBJ060_40.JPG,OBJ060,Sleep Mask,object,.jpg,1786edcf69cd39b28c661c817587e067
images_OBJ060/OBJ060_41.JPG,OBJ060,Sleep Mask,object,.jpg,5619db2478466ccb562526bc03c65862
images_OBJ060/OBJ060_42.JPG,OBJ060,Sleep Mask,object,.jpg,adf262d8687d753d8e00e70cf890b567
images_OBJ060/OBJ060_43.JPG,OBJ060,Sleep Mask,object,.jpg,a9f245c1d42c50031cc9afc6938428c6
images_OBJ060/OBJ060_44.JPG,OBJ060,Sleep Mask,object,.jpg,57fbcb9c009c68e3353b55340e931738
images_OBJ060/OBJ060_45.JPG,OBJ060,Sleep Mask,object,.jpg,5d71675141ab8d14b333b0eb130e51ac
images_OBJ060/OBJ060_46.JPG,OBJ060,Sleep Mask,object,.jpg,a19d43fe21b0dfc6445505597a112659
images_OBJ060/OBJ060_47.JPG,OBJ060,Sleep Mask,object,.jpg,83ac9652ff6a7c4c180c90b4e6589bc1
images_OBJ060/OBJ060_48.JPG,OBJ060,Sleep Mask,object,.jpg,df1a0aefd7430dc24541f2b5fdd08c3d
images_OBJ060/OBJ060_49.JPG,OBJ060,Sleep Mask,object,.jpg,e89e7974c5512b56fd17d5533b2f8155
images_OBJ060/OBJ060_5.JPG,OBJ060,Sleep Mask,object,.jpg,f9b97db90693d10d0954ab743d72cf32
images_OBJ060/OBJ060_50.JPG,OBJ060,Sleep Mask,object,.jpg,3c34c8f6e9b53f8ecb6a25939c14bd66
images_OBJ060/OBJ060_51.JPG,OBJ060,Sleep Mask,object,.jpg,63ff9d6be713a4f52773ffffccbc8615
images_OBJ060/OBJ060_52.JPG,OBJ060,Sleep Mask,object,.jpg,154d57bacc9218e576bb6bb73792eb26
images_OBJ060/OBJ060_53.JPG,OBJ060,Sleep Mask,object,.jpg,fcbb786ea076c0deeccd4dcd5308d5bb
images_OBJ060/OBJ060_54.JPG,OBJ060,Sleep Mask,object,.jpg,5ebad43a8cbb2559116aeb8d378421ab
images_OBJ060/OBJ060_55.JPG,OBJ060,Sleep Mask,object,.jpg,0fab145a4a0c4aa74efac36386aa97f3
images_OBJ060/OBJ060_56.JPG,OBJ060,Sleep Mask,object,.jpg,b7252136e30f5bce65094943ade61895
images_OBJ060/OBJ060_57.JPG,OBJ060,Sleep Mask,object,.jpg,2d14f97349614e411d2b0ab610c4098a
images_OBJ060/OBJ060_58.JPG,OBJ060,Sleep Mask,object,.jpg,8dfc991ef6087c080c5a683ecad4c7a6
images_OBJ060/OBJ060_59.JPG,OBJ060,Sleep Mask,object,.jpg,babd4c98b456d1843fbe98d518d5b2c9
images_OBJ060/OBJ060_6.JPG,OBJ060,Sleep Mask,object,.jpg,e1a244d0ae33ce551c93846dba7ea13a
images_OBJ060/OBJ060_60.JPG,OBJ060,Sleep Mask,object,.jpg,9f119789c1561d40c3cf7c5994788149
images_OBJ060/OBJ060_61.JPG,OBJ060,Sleep Mask,object,.jpg,1e9b0b5e33cd2a5c27d055c0ae217356
images_OBJ060/OBJ060_62.JPG,OBJ060,Sleep Mask,object,.jpg,b4cb0b0013d1256b2904b0f68d2324eb
images_OBJ060/OBJ060_63.JPG,OBJ060,Sleep Mask,object,.jpg,9f8d1aed6bc43ca2097fdcdca7a8a34b
images_OBJ060/OBJ060_64.JPG,OBJ060,Sleep Mask,object,.jpg,30306420e3930972c25f5bc20f1dedc7
images_OBJ060/OBJ060_65.JPG,OBJ060,Sleep Mask,object,.jpg,705a0f74b71842df1d5d069c0aa88885
images_OBJ060/OBJ060_66.JPG,OBJ060,Sleep Mask,object,.jpg,52ba58542bf48b80def384d759f089fc
images_OBJ060/OBJ060_67.JPG,OBJ060,Sleep Mask,object,.jpg,f8c6023c952759160a18a3fa01d216ad
images_OBJ060/OBJ060_68.JPG,OBJ060,Sleep Mask,object,.jpg,dbdd704b8c25ffcaa7de76eb1dd08232
images_OBJ060/OBJ060_69.JPG,OBJ060,Sleep Mask,object,.jpg,7c2a4c7308696a6f93aa235bae4bfae0
images_OBJ060/OBJ060_7.JPG,OBJ060,Sleep Mask,object,.jpg,c76988b551c0a4f607cef54a7ce6a105
images_OBJ060/OBJ060_70.JPG,OBJ060,Sleep Mask,object,.jpg,4ee63d4a0ec523f28817e267a4aa1478
images_OBJ060/OBJ060_71.JPG,OBJ060,Sleep Mask,object,.jpg,e4aefe4ffc225f2c648dbe6075e18493
images_OBJ060/OBJ060_72.JPG,OBJ060,Sleep Mask,object,.jpg,dddbcf55640c9b2a7e5bbaaade1a20d0
images_OBJ060/OBJ060_73.JPG,OBJ060,Sleep Mask,object,.jpg,2a316813af26014910d7c7405f6ce7b2
images_OBJ060/OBJ060_74.JPG,OBJ060,Sleep Mask,object,.jpg,1c9b79fd9a7da07b231a773e2bcfe050
images_OBJ060/OBJ060_75.JPG,OBJ060,Sleep Mask,object,.jpg,b8764266110a79b78c846f07c6d1f33e
images_OBJ060/OBJ060_76.JPG,OBJ060,Sleep Mask,object,.jpg,c62ccab5597997ee409b7f468dbf8be3
images_OBJ060/OBJ060_77.JPG,OBJ060,Sleep Mask,object,.jpg,b7cb199337a0ade59a2ee6e50afb0e93
images_OBJ060/OBJ060_78.JPG,OBJ060,Sleep Mask,object,.jpg,0f35c79a3894f489dfe52c06a479876e
images_OBJ060/OBJ060_79.JPG,OBJ060,Sleep Mask,object,.jpg,a5ffb419f0936e4ef0eee8da9bccb2ce
images_OBJ060/OBJ060_8.JPG,OBJ060,Sleep Mask,object,.jpg,803146ca14d35401ba2635d7459038d2
images_OBJ060/OBJ060_80.JPG,OBJ060,Sleep Mask,object,.jpg,efe0fc1b3f8203f3caf89410415d62ae
images_OBJ060/OBJ060_81.JPG,OBJ060,Sleep Mask,object,.jpg,822796a29db7abf57544267200a53127
images_OBJ060/OBJ060_82.JPG,OBJ060,Sleep Mask,object,.jpg,277db60ed91167ce64bee73e0f55ba78
images_OBJ060/OBJ060_83.JPG,OBJ060,Sleep Mask,object,.jpg,a4caabae00584aa94ab378ebfe6cd8f0
images_OBJ060/OBJ060_84.JPG,OBJ060,Sleep Mask,object,.jpg,abdcdeed74b55353dc1ab5eaf5e18b7e
images_OBJ060/OBJ060_85.JPG,OBJ060,Sleep Mask,object,.jpg,65db9edb08a1d59dec05ab3f2fc37b88
images_OBJ060/OBJ060_86.JPG,OBJ060,Sleep Mask,object,.jpg,feb90a55d314e82f37827f28efaacd9b
images_OBJ060/OBJ060_87.JPG,OBJ060,Sleep Mask,object,.jpg,1d1f2d3ef061ae24e26a97e9c62a10bc
images_OBJ060/OBJ060_88.JPG,OBJ060,Sleep Mask,object,.jpg,d0a4c4ba36bb77c35b60b4ac96dc5cb6
images_OBJ060/OBJ060_89.JPG,OBJ060,Sleep Mask,object,.jpg,992e19a22ed97807b796a1981c0f0129
images_OBJ060/OBJ060_9.JPG,OBJ060,Sleep Mask,object,.jpg,ba21c952dd679b04a8392aaac7b879a2
images_OBJ060/OBJ060_90.JPG,OBJ060,Sleep Mask,object,.jpg,b7e6f27d49885568c9e7e36a4729bd2d
images_OBJ060/OBJ060_91.JPG,OBJ060,Sleep Mask,object,.jpg,73e9fab518a82d5e48ddfc04421038a5
images_OBJ060/OBJ060_92.JPG,OBJ060,Sleep Mask,object,.jpg,afb2ea3e4ad09fb1ed2a8f46c5058f96
images_OBJ060/OBJ060_93.JPG,OBJ060,Sleep Mask,object,.jpg,17a3f1f2ea56fc68412498f59b27f317
images_OBJ060/OBJ060_94.JPG,OBJ060,Sleep Mask,object,.jpg,4ea317aa8cd55838269e6c9fe436aa67
images_OBJ060/OBJ060_95.JPG,OBJ060,Sleep Mask,object,.jpg,b88dc598363366b20ebe4f7a709b6ab2
images_OBJ060/OBJ060_bg_001.JPG,OBJ060,Sleep Mask,background,.jpg,77f91bc9685e0e3cf35fb9ba0efcae0f
images_OBJ060/OBJ060_bg_2.JPG,OBJ060,Sleep Mask,background,.jpg,5ddea7c64937759c91137ac25dffab21
images_OBJ060/OBJ060_bg_3.JPG,OBJ060,Sleep Mask,background,.jpg,868583de2cd19dcf6407b7e84a2950c7
images_OBJ060/OBJ060_bg_4.JPG,OBJ060,Sleep Mask,background,.jpg,c68748d3d1bc73d9beb373641a9c3ddd
images_OBJ060/OBJ060_bg_5.JPG,OBJ060,Sleep Mask,background,.jpg,d7f2e182812aa2822641182b7dfd6568
images_OBJ061/OBJ061_001.jpg,OBJ061,Card wallet,object,.jpg,14b28cbce81371f3b59628ae1aa9828c
images_OBJ061/OBJ061_002.jpg,OBJ061,Card wallet,object,.jpg,f8605f00245fe848ae9be0baae622b92
images_OBJ061/OBJ061_003.jpg,OBJ061,Card wallet,object,.jpg,7b4cc3552d52c37ad3bae345c18ebed3
images_OBJ061/OBJ061_004.jpg,OBJ061,Card wallet,object,.jpg,8d7f00a2f531b88d38f13c2a047cdbdd
images_OBJ061/OBJ061_005.jpg,OBJ061,Card wallet,object,.jpg,28c831b1315c07fe64d234707318d18a
images_OBJ061/OBJ061_006.jpg,OBJ061,Card wallet,object,.jpg,8ab078b79b1862aed4ce627edced91fd
images_OBJ061/OBJ061_007.jpg,OBJ061,Card wallet,object,.jpg,d848d7f60c2a4d3c3fa1425d70d15e6c
images_OBJ061/OBJ061_008.jpg,OBJ061,Card wallet,object,.jpg,8070b75c85de2d6f18e26e900c965226
images_OBJ061/OBJ061_009.jpg,OBJ061,Card wallet,object,.jpg,aa0d590d0c7999f70925bb0db2992515
images_OBJ061/OBJ061_010.jpg,OBJ061,Card wallet,object,.jpg,7a6ca152a0da52ba752c40cd31e998df
images_OBJ061/OBJ061_011.jpg,OBJ061,Card wallet,object,.jpg,8351b400632a30e9354a13c88d88a273
images_OBJ061/OBJ061_012.jpg,OBJ061,Card wallet,object,.jpg,b8e2fb90441ba692ccc255c72761634b
images_OBJ061/OBJ061_013.jpg,OBJ061,Card wallet,object,.jpg,36ef899f6455c81c4aa7fd10bdf692ea
images_OBJ061/OBJ061_014.jpg,OBJ061,Card wallet,object,.jpg,23ec5ba1e6ff7050d1ba92861cab4cf5
images_OBJ061/OBJ061_015.jpg,OBJ061,Card wallet,object,.jpg,b7418446c7c4603872bb9ab2fc55ab7c
images_OBJ061/OBJ061_016.jpg,OBJ061,Card wallet,object,.jpg,328ecdcd1ef90cfdc6c9902a4f6b545d
images_OBJ061/OBJ061_017.jpg,OBJ061,Card wallet,object,.jpg,45bf97e55e01387884aeb14cadd690bd
images_OBJ061/OBJ061_018.jpg,OBJ061,Card wallet,object,.jpg,f07552b37df325c454a027c0981fd873
images_OBJ061/OBJ061_019.jpg,OBJ061,Card wallet,object,.jpg,49bc6586d4fbbae43ab9336653426bb1
images_OBJ061/OBJ061_020.jpg,OBJ061,Card wallet,object,.jpg,457c07bf0edb2e61c4e50d959711e470
images_OBJ061/OBJ061_021.jpg,OBJ061,Card wallet,object,.jpg,56994b0c97128ecd934a3e1af7bc665c
images_OBJ061/OBJ061_022.jpg,OBJ061,Card wallet,object,.jpg,40d2350f8d34782d5378ea09d0d341bc
images_OBJ061/OBJ061_023.jpg,OBJ061,Card wallet,object,.jpg,02d5f950ae8105970a47734a686825ae
images_OBJ061/OBJ061_024.jpg,OBJ061,Card wallet,object,.jpg,d82c5691f501a3e9a5386297f9122c8b
images_OBJ061/OBJ061_025.jpg,OBJ061,Card wallet,object,.jpg,b5d641d940f151938062c6e484c99cb5
images_OBJ061/OBJ061_026.jpg,OBJ061,Card wallet,object,.jpg,4e45dad595d801c0ba8f4702ba61b0d2
images_OBJ061/OBJ061_027.jpg,OBJ061,Card wallet,object,.jpg,8161097b4b9c0db9429838bfd0bd4271
images_OBJ061/OBJ061_028.jpg,OBJ061,Card wallet,object,.jpg,b63fae53a2af98e5c119d3dcea980ea2
images_OBJ061/OBJ061_029.jpg,OBJ061,Card wallet,object,.jpg,a40d0e31e908a7622410a47e48497eca
images_OBJ061/OBJ061_030.jpg,OBJ061,Card wallet,object,.jpg,3b112caec4434c6ed515aa5d2ecf20cd
images_OBJ061/OBJ061_031.jpg,OBJ061,Card wallet,object,.jpg,038cabb8538853b18e9f65ca77dffd84
images_OBJ061/OBJ061_032.jpg,OBJ061,Card wallet,object,.jpg,7a4b39cb46574ebcc4f9e80cf40cec56
images_OBJ061/OBJ061_033.jpg,OBJ061,Card wallet,object,.jpg,51ac69a943316df8cc281158792f9839
images_OBJ061/OBJ061_034.jpg,OBJ061,Card wallet,object,.jpg,f946ea6cd67f880f2f3d4e6f4fd962d8
images_OBJ061/OBJ061_035.jpg,OBJ061,Card wallet,object,.jpg,f4f817b72d3baec47b5746ed85902c6c
images_OBJ061/OBJ061_036.jpg,OBJ061,Card wallet,object,.jpg,89e0e4f7bbd44a297091c4637e9c47b3
images_OBJ061/OBJ061_037.jpg,OBJ061,Card wallet,object,.jpg,e419afcaaa7407b5ca82ba01de7ab51a
images_OBJ061/OBJ061_038.jpg,OBJ061,Card wallet,object,.jpg,f960222e9134add8eb0593ec5c4b0551
images_OBJ061/OBJ061_039.jpg,OBJ061,Card wallet,object,.jpg,803d38cbd5785225fc9073df469b0be4
images_OBJ061/OBJ061_040.jpg,OBJ061,Card wallet,object,.jpg,cf4f7024589f5795e746b5b33bda5355
images_OBJ061/OBJ061_041.jpg,OBJ061,Card wallet,object,.jpg,6fea749f68ae38fa8d35b793c7f4b7ff
images_OBJ061/OBJ061_042.jpg,OBJ061,Card wallet,object,.jpg,3ad286603d619d0e31c31ff6989b33ce
images_OBJ061/OBJ061_043.jpg,OBJ061,Card wallet,object,.jpg,2c979a7d630c422ec9be251418745e6d
images_OBJ061/OBJ061_044.jpg,OBJ061,Card wallet,object,.jpg,15295b0ceabfd561ba9c4bb5e05c1f72
images_OBJ061/OBJ061_045.jpg,OBJ061,Card wallet,object,.jpg,1e931ed33b637f2047baad930a37a665
images_OBJ061/OBJ061_046.jpg,OBJ061,Card wallet,object,.jpg,fe92a4702ce55ac6147e5746dc9cd52f
images_OBJ061/OBJ061_047.jpg,OBJ061,Card wallet,object,.jpg,452a54c96b8189005620beb7c1ce1821
images_OBJ061/OBJ061_048.jpg,OBJ061,Card wallet,object,.jpg,f7448fe26c1975009ae65d9e3c4e10fe
images_OBJ061/OBJ061_049.jpg,OBJ061,Card wallet,object,.jpg,3822f360a1a1d011424165f35507adfd
images_OBJ061/OBJ061_050.jpg,OBJ061,Card wallet,object,.jpg,88b0baa9a01b1d0fc96fd92107455ac0
images_OBJ061/OBJ061_051.jpg,OBJ061,Card wallet,object,.jpg,26b847b7e813881566f64309041468bf
images_OBJ061/OBJ061_052.jpg,OBJ061,Card wallet,object,.jpg,a61e030f8b21b79dbdb2323d11aa6dbd
images_OBJ061/OBJ061_053.jpg,OBJ061,Card wallet,object,.jpg,81bbb617549d275bce29ff23987f00a8
images_OBJ061/OBJ061_054.jpg,OBJ061,Card wallet,object,.jpg,f89045c8b90b492f15a98abcce67e784
images_OBJ061/OBJ061_055.jpg,OBJ061,Card wallet,object,.jpg,b1df909589cd2fe96921dc80c4bfce85
images_OBJ061/OBJ061_056.jpg,OBJ061,Card wallet,object,.jpg,af81e414c0235e206a9a61c1f0eaca63
images_OBJ061/OBJ061_057.jpg,OBJ061,Card wallet,object,.jpg,060d02e51b93b80efa1283cdd4fe5d1b
images_OBJ061/OBJ061_058.jpg,OBJ061,Card wallet,object,.jpg,d474e9cb5d98cf1befbbdc2ef768fbd0
images_OBJ061/OBJ061_059.jpg,OBJ061,Card wallet,object,.jpg,49fcc335af3266b044c875696270533e
images_OBJ061/OBJ061_060.jpg,OBJ061,Card wallet,object,.jpg,f281a8e2afeaf6b84d4725b76db2064d
images_OBJ061/OBJ061_061.jpg,OBJ061,Card wallet,object,.jpg,f5d48f427754c1fe1e628ba18df6c81e
images_OBJ061/OBJ061_062.jpg,OBJ061,Card wallet,object,.jpg,e96c16b0e9c1231f8a164c985d918f8b
images_OBJ061/OBJ061_063.jpg,OBJ061,Card wallet,object,.jpg,c5337677737f27f66eff3a6b8239ecf2
images_OBJ061/OBJ061_064.jpg,OBJ061,Card wallet,object,.jpg,f78e9cdbb57711d0ec28594dbbf461c1
images_OBJ061/OBJ061_065.jpg,OBJ061,Card wallet,object,.jpg,279236e3d57d58ca4b7f449e71bb4447
images_OBJ061/OBJ061_066.jpg,OBJ061,Card wallet,object,.jpg,641d554f44bc76e8b6c6d438d66b9438
images_OBJ061/OBJ061_067.jpg,OBJ061,Card wallet,object,.jpg,bd65b085b94ec93b4ae755d61cce9413
images_OBJ061/OBJ061_068.jpg,OBJ061,Card wallet,object,.jpg,a48d1f9bb64d3bce5fb3db11a3385242
images_OBJ061/OBJ061_069.jpg,OBJ061,Card wallet,object,.jpg,198d009767b318ead0031e4940137c01
images_OBJ061/OBJ061_070.jpg,OBJ061,Card wallet,object,.jpg,2f0207ad526ab960dc4b518a688171bc
images_OBJ061/OBJ061_071.jpg,OBJ061,Card wallet,object,.jpg,25689c6434f9cec8171377ab834cd8bc
images_OBJ061/OBJ061_072.jpg,OBJ061,Card wallet,object,.jpg,da52fd43e46637a57cfe0b5ac22c30e5
images_OBJ061/OBJ061_073.jpg,OBJ061,Card wallet,object,.jpg,ee466033dea061659235bbe6ea7e4e5b
images_OBJ061/OBJ061_074.jpg,OBJ061,Card wallet,object,.jpg,39a86275f3581d6096f3ef87c9ec4608
images_OBJ061/OBJ061_075.jpg,OBJ061,Card wallet,object,.jpg,964e4b69735eb9fbf85f2c2a9ac9a19b
images_OBJ061/OBJ061_076.jpg,OBJ061,Card wallet,object,.jpg,bf771996d81199ff91da8ec2565819f9
images_OBJ061/OBJ061_077.jpg,OBJ061,Card wallet,object,.jpg,b02c2c65a13d8f8e6fd32682337609c7
images_OBJ061/OBJ061_078.jpg,OBJ061,Card wallet,object,.jpg,c64cd71c38e159e269ebfeb5cc767928
images_OBJ061/OBJ061_079.jpg,OBJ061,Card wallet,object,.jpg,9bca44673f113f215f7d8ef665e98894
images_OBJ061/OBJ061_080.jpg,OBJ061,Card wallet,object,.jpg,1d69e7bdcc67ce1ee2d7b2ff0d472009
images_OBJ061/OBJ061_081.jpg,OBJ061,Card wallet,object,.jpg,3d3a6515d71a66e4b8b19b85c85ac880
images_OBJ061/OBJ061_082.jpg,OBJ061,Card wallet,object,.jpg,c0af0589d1ce264670b4fea8d2695161
images_OBJ061/OBJ061_083.jpg,OBJ061,Card wallet,object,.jpg,bed4e094b7e962807603ea6803b096dd
images_OBJ061/OBJ061_084.jpg,OBJ061,Card wallet,object,.jpg,7141890ed6932a3da580444e8f9e2db5
images_OBJ061/OBJ061_085.jpg,OBJ061,Card wallet,object,.jpg,1dbde2669c0e99a77c9159e10468cc73
images_OBJ061/OBJ061_086.jpg,OBJ061,Card wallet,object,.jpg,4d197b78a26293643cb652f8634f41b4
images_OBJ061/OBJ061_087.jpg,OBJ061,Card wallet,object,.jpg,3345ccff59cf59209cb2cdb504d25c91
images_OBJ061/OBJ061_088.jpg,OBJ061,Card wallet,object,.jpg,a6c3f746b6216a09555b24972e735a15
images_OBJ061/OBJ061_089.jpg,OBJ061,Card wallet,object,.jpg,08346b95b1ad68a7b331d39f63631351
images_OBJ061/OBJ061_090.jpg,OBJ061,Card wallet,object,.jpg,bba155419275f0443bbe81f7b5e87ef4
images_OBJ061/OBJ061_091.jpg,OBJ061,Card wallet,object,.jpg,eea8ea2265dee50609d1e3f7bfd6f2e3
images_OBJ061/OBJ061_092.jpg,OBJ061,Card wallet,object,.jpg,bbd9a66c227b7d43ad0c5d679bae82db
images_OBJ061/OBJ061_093.jpg,OBJ061,Card wallet,object,.jpg,556b283ef50393fa8063bdba92a6d2e3
images_OBJ061/OBJ061_094.jpg,OBJ061,Card wallet,object,.jpg,febc4bd05ea4bcaa16777f0548a104fb
images_OBJ061/OBJ061_095.jpg,OBJ061,Card wallet,object,.jpg,9e189e4c389d88660acb33cc95ec76af
images_OBJ061/OBJ061_bg_001.jpg,OBJ061,Card wallet,background,.jpg,2abac61ff2b2706d680e4d66c22c3225
images_OBJ061/OBJ061_bg_002.jpg,OBJ061,Card wallet,background,.jpg,e1f538ca60dab13b14e18bfb60ce389e
images_OBJ061/OBJ061_bg_003.jpg,OBJ061,Card wallet,background,.jpg,325ae4f22b134af679a84fac23aa6c3e
images_OBJ061/OBJ061_bg_004.jpg,OBJ061,Card wallet,background,.jpg,59223f50b5e2453029d1fa52c949f2bf
images_OBJ061/OBJ061_bg_005.jpg,OBJ061,Card wallet,background,.jpg,9bc1f57dde21b4c6e555d4102fc19011
images_OBJ062/OBJ062_001.jpg,OBJ062,Headphones,object,.jpg,af38ef0e0c00ea95a429f21ab4342b20
images_OBJ062/OBJ062_002.jpg,OBJ062,Headphones,object,.jpg,ff72818f42eb79eaac4c014a38c6c9d6
images_OBJ062/OBJ062_003.jpg,OBJ062,Headphones,object,.jpg,ad80ad3c913930343df4e631521370d6
images_OBJ062/OBJ062_004.jpg,OBJ062,Headphones,object,.jpg,57709b8a3a2df00c3c795f911ad9f5ec
images_OBJ062/OBJ062_005.jpg,OBJ062,Headphones,object,.jpg,48366aeae1fda971edf5504143dfde70
images_OBJ062/OBJ062_006.jpg,OBJ062,Headphones,object,.jpg,97a1fa7a5e1494f8eea8a3e6c2aeb8e8
images_OBJ062/OBJ062_007.jpg,OBJ062,Headphones,object,.jpg,cf6d9541ab9dd1a73e965193b752def0
images_OBJ062/OBJ062_008.jpg,OBJ062,Headphones,object,.jpg,2138f60b925cc3f18bbac0bada22670e
images_OBJ062/OBJ062_009.jpg,OBJ062,Headphones,object,.jpg,2ac524115372d086a12863e5f7ac9d9a
images_OBJ062/OBJ062_010.jpg,OBJ062,Headphones,object,.jpg,5d4ff831ed731eeab8d6805fb1716481
images_OBJ062/OBJ062_011.jpg,OBJ062,Headphones,object,.jpg,1ca9ef2112350dfb955f20804ca9cc60
images_OBJ062/OBJ062_012.jpg,OBJ062,Headphones,object,.jpg,8d638575da52ec04b3a130fc4edaac68
images_OBJ062/OBJ062_013.jpg,OBJ062,Headphones,object,.jpg,0b6132eb5865b4ab0cdc5d42061e71ab
images_OBJ062/OBJ062_014.jpg,OBJ062,Headphones,object,.jpg,7b67bdc370802b87ae4d372b08c715dd
images_OBJ062/OBJ062_015.jpg,OBJ062,Headphones,object,.jpg,f530545c789d74b6ca7d69dd2c3f6629
images_OBJ062/OBJ062_016.jpg,OBJ062,Headphones,object,.jpg,6dbe969a8527ac4d63f886e3ee7e86bd
images_OBJ062/OBJ062_017.jpg,OBJ062,Headphones,object,.jpg,ee4cafbc075102393452e4b664e86928
images_OBJ062/OBJ062_018.jpg,OBJ062,Headphones,object,.jpg,a730225b5e4b4bd7efa5e394c1abd152
images_OBJ062/OBJ062_019.jpg,OBJ062,Headphones,object,.jpg,dcc7270a5f1637dfe6054cff5f856b9c
images_OBJ062/OBJ062_020.jpg,OBJ062,Headphones,object,.jpg,e95c59268f6afc6a100f8e6131eab9df
images_OBJ062/OBJ062_021.jpg,OBJ062,Headphones,object,.jpg,c08d2e8ab3b7a826503dbee4839bf04e
images_OBJ062/OBJ062_022.jpg,OBJ062,Headphones,object,.jpg,b9a37e525f04169933e6ba64184c993a
images_OBJ062/OBJ062_023.jpg,OBJ062,Headphones,object,.jpg,7bca24422b154308322e43c01611bdc1
images_OBJ062/OBJ062_024.jpg,OBJ062,Headphones,object,.jpg,bd45235729dc435e1a8be970e481ca83
images_OBJ062/OBJ062_025.jpg,OBJ062,Headphones,object,.jpg,445c08f40258371a9a3b3b9168b04896
images_OBJ062/OBJ062_026.jpg,OBJ062,Headphones,object,.jpg,6e1b7f91c1466719a3b50115417602f5
images_OBJ062/OBJ062_027.jpg,OBJ062,Headphones,object,.jpg,da18450780facbb42db9d3a9ea1da6c8
images_OBJ062/OBJ062_028.jpg,OBJ062,Headphones,object,.jpg,4c46117b3dae53cfb8a38178b9ec6ed8
images_OBJ062/OBJ062_029.jpg,OBJ062,Headphones,object,.jpg,dc65cab8d2092c5b92fc99beadc281af
images_OBJ062/OBJ062_030.jpg,OBJ062,Headphones,object,.jpg,56a1444c78bd3382510e8197a017840b
images_OBJ062/OBJ062_031.jpg,OBJ062,Headphones,object,.jpg,ea8efae697e381ce0ad8329133038d98
images_OBJ062/OBJ062_032.jpg,OBJ062,Headphones,object,.jpg,88dd466504486e290e52a267d29b28e2
images_OBJ062/OBJ062_033.jpg,OBJ062,Headphones,object,.jpg,99db9d22412c9a587483ff8a2f500b05
images_OBJ062/OBJ062_034.jpg,OBJ062,Headphones,object,.jpg,3b56d5d319d51f1d4eb76ff29e91e3cf
images_OBJ062/OBJ062_035.jpg,OBJ062,Headphones,object,.jpg,967fe3aafc332698a5afbd6356537e0d
images_OBJ062/OBJ062_036.jpg,OBJ062,Headphones,object,.jpg,b9b7ba86108de6ccc6f9b5489a0de3c2
images_OBJ062/OBJ062_037.jpg,OBJ062,Headphones,object,.jpg,2ac524115372d086a12863e5f7ac9d9a
images_OBJ062/OBJ062_038.jpg,OBJ062,Headphones,object,.jpg,5d4ff831ed731eeab8d6805fb1716481
images_OBJ062/OBJ062_039.jpg,OBJ062,Headphones,object,.jpg,d8891de230031547c4983540cf8d905e
images_OBJ062/OBJ062_040.jpg,OBJ062,Headphones,object,.jpg,7566ffdee28ff7f9a59f5fc2147ae348
images_OBJ062/OBJ062_041.jpg,OBJ062,Headphones,object,.jpg,381fc506fa4293274329019a4d3ade4b
images_OBJ062/OBJ062_042.jpg,OBJ062,Headphones,object,.jpg,44ec3b0b94fd10024c01c7085b82b9bd
images_OBJ062/OBJ062_043.jpg,OBJ062,Headphones,object,.jpg,2389529ab4080ad8047788531232e188
images_OBJ062/OBJ062_044.jpg,OBJ062,Headphones,object,.jpg,658e361b407a1565e9e7fbe9d21baae2
images_OBJ062/OBJ062_045.jpg,OBJ062,Headphones,object,.jpg,060ce994b9a8969bdb028df1d56b7739
images_OBJ062/OBJ062_046.jpg,OBJ062,Headphones,object,.jpg,f1da8e1611953ee8c5e552a26c6425fe
images_OBJ062/OBJ062_047.jpg,OBJ062,Headphones,object,.jpg,64576b5a0b6f81a56e5ea0e842104078
images_OBJ062/OBJ062_048.jpg,OBJ062,Headphones,object,.jpg,c950f6e38152be86bf6f808ef529b55c
images_OBJ062/OBJ062_049.jpg,OBJ062,Headphones,object,.jpg,a6418d3a2b3233d048ebcee6256ef727
images_OBJ062/OBJ062_050.jpg,OBJ062,Headphones,object,.jpg,6446e753714d00e9ba551529d35961b6
images_OBJ062/OBJ062_051.jpg,OBJ062,Headphones,object,.jpg,fab30c3abb160b13e10d662423fde17c
images_OBJ062/OBJ062_052.jpg,OBJ062,Headphones,object,.jpg,b9a37e525f04169933e6ba64184c993a
images_OBJ062/OBJ062_053.jpg,OBJ062,Headphones,object,.jpg,c2df698a14634fa066fd2137bf3caa4b
images_OBJ062/OBJ062_054.jpg,OBJ062,Headphones,object,.jpg,769df0a18f7592284966d5a18aaa76c4
images_OBJ062/OBJ062_055.jpg,OBJ062,Headphones,object,.jpg,cb1a56a5230720da9e52d43d48dc356d
images_OBJ062/OBJ062_056.jpg,OBJ062,Headphones,object,.jpg,1e48a6f4035aee711e4ccb5f2bb71fb1
images_OBJ062/OBJ062_057.jpg,OBJ062,Headphones,object,.jpg,3b588a15094570e449b5aadd90a32148
images_OBJ062/OBJ062_058.jpg,OBJ062,Headphones,object,.jpg,453a63615beb0f7b83c8747833601501
images_OBJ062/OBJ062_059.jpg,OBJ062,Headphones,object,.jpg,4aec92e44e7c3cd95919be3a4120ef11
images_OBJ062/OBJ062_060.jpg,OBJ062,Headphones,object,.jpg,1bb02dab1773fb9f9f415d9694ba99b2
images_OBJ062/OBJ062_061.jpg,OBJ062,Headphones,object,.jpg,3a9fd493e628b61baba12027759b1b7d
images_OBJ062/OBJ062_062.jpg,OBJ062,Headphones,object,.jpg,7f226e020a599b6a3d30f52799caca53
images_OBJ062/OBJ062_063.jpg,OBJ062,Headphones,object,.jpg,797fd5bb5b67077d1ac9086814bc8368
images_OBJ062/OBJ062_064.jpg,OBJ062,Headphones,object,.jpg,9f4477274b40227f8a597db45d78b150
images_OBJ062/OBJ062_065.jpg,OBJ062,Headphones,object,.jpg,2f43a470161ef4ca06268fcda6011455
images_OBJ062/OBJ062_066.jpg,OBJ062,Headphones,object,.jpg,883ee7bb4a4610df73a7bd86056aa621
images_OBJ062/OBJ062_067.jpg,OBJ062,Headphones,object,.jpg,254fc89c0f968296920009bfa2719d17
images_OBJ062/OBJ062_068.jpg,OBJ062,Headphones,object,.jpg,060bba9bd3aa2907bd1f02dcbecde3f3
images_OBJ062/OBJ062_069.jpg,OBJ062,Headphones,object,.jpg,060223f5fc2f90384f71647e545993f0
images_OBJ062/OBJ062_070.jpg,OBJ062,Headphones,object,.jpg,558a293a7068350af4428e7d39b05473
images_OBJ062/OBJ062_071.jpg,OBJ062,Headphones,object,.jpg,7e381a67d8443077fb475c66bc73ec95
images_OBJ062/OBJ062_072.jpg,OBJ062,Headphones,object,.jpg,db81448c8b58145dbbfb9f1c82ed49ea
images_OBJ062/OBJ062_073.jpg,OBJ062,Headphones,object,.jpg,0d12fc69b1c01c8c320773289bff17e3
images_OBJ062/OBJ062_074.jpg,OBJ062,Headphones,object,.jpg,b18d2fee767a7409d97b3c9f14d06444
images_OBJ062/OBJ062_075.jpg,OBJ062,Headphones,object,.jpg,107f4229e03d3d4769daa4e859462707
images_OBJ062/OBJ062_076.jpg,OBJ062,Headphones,object,.jpg,dc64a188bc51b89fef975a5776dc711e
images_OBJ062/OBJ062_077.jpg,OBJ062,Headphones,object,.jpg,5b6ae2214bfbb5ea2ae8babf372ea363
images_OBJ062/OBJ062_078.jpg,OBJ062,Headphones,object,.jpg,0061f9ab7b29ad59cdf8dce974240e35
images_OBJ062/OBJ062_079.jpg,OBJ062,Headphones,object,.jpg,58ca6d96cffafbb2add7357b2ec50102
images_OBJ062/OBJ062_080.jpg,OBJ062,Headphones,object,.jpg,46fce2725f0ec7e6ddd7148cde2534aa
images_OBJ062/OBJ062_081.jpg,OBJ062,Headphones,object,.jpg,cd97a5e83c6245789ff3c3232fc87bb3
images_OBJ062/OBJ062_082.jpg,OBJ062,Headphones,object,.jpg,a2a3fd265b7e89aa7daad84095d48b46
images_OBJ062/OBJ062_083.jpg,OBJ062,Headphones,object,.jpg,1c564281ac44b9c431173c34ce784592
images_OBJ062/OBJ062_084.jpg,OBJ062,Headphones,object,.jpg,aed8dae438d43854dc8a22f64720c0e6
images_OBJ062/OBJ062_085.jpg,OBJ062,Headphones,object,.jpg,971fb9de67e9bd213e0c5f8ef0dee83d
images_OBJ062/OBJ062_086.jpg,OBJ062,Headphones,object,.jpg,9b4d53d5e33cdfec2d2c45789e2a2cef
images_OBJ062/OBJ062_087.jpg,OBJ062,Headphones,object,.jpg,b85c2f56688610da04a0848eac01591c
images_OBJ062/OBJ062_088.jpg,OBJ062,Headphones,object,.jpg,2e6b16c33613e1b2afdc880e130362ab
images_OBJ062/OBJ062_089.jpg,OBJ062,Headphones,object,.jpg,1f015d7867812023030d2344c2a3f863
images_OBJ062/OBJ062_090.jpg,OBJ062,Headphones,object,.jpg,c5b0680caef0d603bf5f91a484407d7e
images_OBJ062/OBJ062_091.jpg,OBJ062,Headphones,object,.jpg,7a4dc3185c903cff5717cfcbdf2bc473
images_OBJ062/OBJ062_092.jpg,OBJ062,Headphones,object,.jpg,0ca02ea128802390f5297d2310fe3e2c
images_OBJ062/OBJ062_093.jpg,OBJ062,Headphones,object,.jpg,8334ba62013baf4e50d1a15f4bc20b0f
images_OBJ062/OBJ062_094.jpg,OBJ062,Headphones,object,.jpg,a9eff330364c32d7158bfcfc3fa4544b
images_OBJ062/OBJ062_095.jpg,OBJ062,Headphones,object,.jpg,d8891de230031547c4983540cf8d905e
images_OBJ062/OBJ062_bg_001.jpg,OBJ062,Headphones,background,.jpg,e52fa3b3b6b2b4e0768cb106f2e4a1d7
images_OBJ062/OBJ062_bg_002.jpg,OBJ062,Headphones,background,.jpg,4570b4140ae9d1778e20777c5c99b10b
images_OBJ062/OBJ062_bg_003.jpg,OBJ062,Headphones,background,.jpg,69891382a5b5edc17b792c7a27f38f33
images_OBJ062/OBJ062_bg_004.jpg,OBJ062,Headphones,background,.jpg,59f87f67eb650710954a0f5af679dd14
images_OBJ062/OBJ062_bg_005.jpg,OBJ062,Headphones,background,.jpg,b269f0ce193e80d7d16cc1c6243371e2
images_OBJ063/OBJ063_001.jpg,OBJ063,Measuring Bottle,object,.jpg,ed93fff1c6875e369f49868ee24efd2b
images_OBJ063/OBJ063_002.jpg,OBJ063,Measuring Bottle,object,.jpg,4daaebb84ba3bfa41499463844a9a867
images_OBJ063/OBJ063_003.jpg,OBJ063,Measuring Bottle,object,.jpg,7bf1f977c60b501203b63687cadb32e3
images_OBJ063/OBJ063_004.jpg,OBJ063,Measuring Bottle,object,.jpg,e4af9ec5604b3cd2959edbf294a71b27
images_OBJ063/OBJ063_005.jpg,OBJ063,Measuring Bottle,object,.jpg,06198638b3337348b1f72dfc15e2e97a
images_OBJ063/OBJ063_006.jpg,OBJ063,Measuring Bottle,object,.jpg,5ff8ed5258b2960ca724c46f99edb02f
images_OBJ063/OBJ063_007.jpg,OBJ063,Measuring Bottle,object,.jpg,1831dbb966e7d029e27ad9bf0791006a
images_OBJ063/OBJ063_008.jpg,OBJ063,Measuring Bottle,object,.jpg,ac60933112315efc4211f6e797b19463
images_OBJ063/OBJ063_009.jpg,OBJ063,Measuring Bottle,object,.jpg,cea80639dbae40bcae3450bd4abf5aed
images_OBJ063/OBJ063_010.jpg,OBJ063,Measuring Bottle,object,.jpg,7fc22acbe93bc476496c7a6a325a251b
images_OBJ063/OBJ063_011.jpg,OBJ063,Measuring Bottle,object,.jpg,84d6de941b8f3e7aab801ffc244bf78f
images_OBJ063/OBJ063_012.jpg,OBJ063,Measuring Bottle,object,.jpg,6c07e5ddcf2b0dad5a628186136c891f
images_OBJ063/OBJ063_013.jpg,OBJ063,Measuring Bottle,object,.jpg,8a641fab47cc517c69d46441febd78de
images_OBJ063/OBJ063_014.jpg,OBJ063,Measuring Bottle,object,.jpg,3060da95857d7e2b5a306d552321fd30
images_OBJ063/OBJ063_015.jpg,OBJ063,Measuring Bottle,object,.jpg,64fbfe4f8c11a684b293e41c4e73ace6
images_OBJ063/OBJ063_016.jpg,OBJ063,Measuring Bottle,object,.jpg,2ec98837ea228c211443537516a37d5a
images_OBJ063/OBJ063_017.jpg,OBJ063,Measuring Bottle,object,.jpg,2069623e899b89f221a07fe40772c5f3
images_OBJ063/OBJ063_018.jpg,OBJ063,Measuring Bottle,object,.jpg,7a20335975f3e971d64409ba94de9b36
images_OBJ063/OBJ063_019.jpg,OBJ063,Measuring Bottle,object,.jpg,2d3133ad8371dd525763b7b89fce7e55
images_OBJ063/OBJ063_020.jpg,OBJ063,Measuring Bottle,object,.jpg,b054bc9518644a168fbe0e146fb6a1c2
images_OBJ063/OBJ063_021.jpg,OBJ063,Measuring Bottle,object,.jpg,0a5bee2afbf97f76eae8d06c20ecd7e6
images_OBJ063/OBJ063_022.jpg,OBJ063,Measuring Bottle,object,.jpg,538797117d9c1762272164e09865f486
images_OBJ063/OBJ063_023.jpg,OBJ063,Measuring Bottle,object,.jpg,fbf552693c6926b3e3c2c6b40302f583
images_OBJ063/OBJ063_024.jpg,OBJ063,Measuring Bottle,object,.jpg,4ea500ff37c0e6239d651b37a59192ed
images_OBJ063/OBJ063_025.jpg,OBJ063,Measuring Bottle,object,.jpg,0f7225ed0d08509b576104563e244566
images_OBJ063/OBJ063_026.jpg,OBJ063,Measuring Bottle,object,.jpg,635e2a8b0a8cbb52053789eb5fdd8560
images_OBJ063/OBJ063_027.jpg,OBJ063,Measuring Bottle,object,.jpg,cc6cec4cc01fc71be5e6c51892358ad3
images_OBJ063/OBJ063_028.jpg,OBJ063,Measuring Bottle,object,.jpg,49523b3665672e7e17a0155d03980a4e
images_OBJ063/OBJ063_029.jpg,OBJ063,Measuring Bottle,object,.jpg,c85707b09bd52ed8bfedf64972d9df40
images_OBJ063/OBJ063_030.jpg,OBJ063,Measuring Bottle,object,.jpg,01f6b4a3a9b6b6b85bb93aa8d56c9a3c
images_OBJ063/OBJ063_031.jpg,OBJ063,Measuring Bottle,object,.jpg,9c21b9fe5e2a821133fc4e8b7b437326
images_OBJ063/OBJ063_032.jpg,OBJ063,Measuring Bottle,object,.jpg,7cb9d9cf932a5fd69a3fcfa6603c5ebf
images_OBJ063/OBJ063_033.jpg,OBJ063,Measuring Bottle,object,.jpg,14d28159f30ab0ddab8cd26651324ca6
images_OBJ063/OBJ063_034.jpg,OBJ063,Measuring Bottle,object,.jpg,2c8678785d0d42918d1b95b032adbd2b
images_OBJ063/OBJ063_035.jpg,OBJ063,Measuring Bottle,object,.jpg,c83a4770e315991a6157ae6dc05587f4
images_OBJ063/OBJ063_036.jpg,OBJ063,Measuring Bottle,object,.jpg,5af5b0d60f9ec27fbbdceb1502bfb27e
images_OBJ063/OBJ063_037.jpg,OBJ063,Measuring Bottle,object,.jpg,dcb45835169e635d92c29a11bbcdc3fa
images_OBJ063/OBJ063_038.jpg,OBJ063,Measuring Bottle,object,.jpg,0c360b8c028c3a8e3acb367b68c7e09e
images_OBJ063/OBJ063_039.jpg,OBJ063,Measuring Bottle,object,.jpg,5a64d5fdddfb9d0dc25359a235e35a39
images_OBJ063/OBJ063_040.jpg,OBJ063,Measuring Bottle,object,.jpg,80f1e57ad25d3efc220812292c54f0c0
images_OBJ063/OBJ063_041.jpg,OBJ063,Measuring Bottle,object,.jpg,c2e2cde0a579e37920daac1887e376bb
images_OBJ063/OBJ063_042.jpg,OBJ063,Measuring Bottle,object,.jpg,be149ebfaaca97a5bba0f800c633f5bb
images_OBJ063/OBJ063_043.jpg,OBJ063,Measuring Bottle,object,.jpg,a386f1734b6d4ceac29860c2f7b5dd0a
images_OBJ063/OBJ063_044.jpg,OBJ063,Measuring Bottle,object,.jpg,8198dfeb6cc30f1e976a070240580f98
images_OBJ063/OBJ063_045.jpg,OBJ063,Measuring Bottle,object,.jpg,91e5f6279f9722e747c2af4f4ca3467e
images_OBJ063/OBJ063_046.jpg,OBJ063,Measuring Bottle,object,.jpg,2a107d34d88bcb4780cd145ee13b49bd
images_OBJ063/OBJ063_047.jpg,OBJ063,Measuring Bottle,object,.jpg,b7870cdb6f04cdfb17b001362ea23bd0
images_OBJ063/OBJ063_048.jpg,OBJ063,Measuring Bottle,object,.jpg,9027d6df70f3283844e2e0398746a710
images_OBJ063/OBJ063_049.jpg,OBJ063,Measuring Bottle,object,.jpg,ab986582b88a3dfee27c874dff73ee51
images_OBJ063/OBJ063_050.jpg,OBJ063,Measuring Bottle,object,.jpg,701ac4f54603d001ecde4665c6ca7a11
images_OBJ063/OBJ063_051.jpg,OBJ063,Measuring Bottle,object,.jpg,946df2f52542146cc5e341f2b332c18d
images_OBJ063/OBJ063_052.jpg,OBJ063,Measuring Bottle,object,.jpg,f1648acf70b467129622a9e5f47c0104
images_OBJ063/OBJ063_053.jpg,OBJ063,Measuring Bottle,object,.jpg,54415a6361b3a240317c6f38d7a4d200
images_OBJ063/OBJ063_054.jpg,OBJ063,Measuring Bottle,object,.jpg,7cd46774303f2dd95b8dbcdb14f5c9cb
images_OBJ063/OBJ063_055.jpg,OBJ063,Measuring Bottle,object,.jpg,bdb0f0d4a478708763826a029894acf0
images_OBJ063/OBJ063_056.jpg,OBJ063,Measuring Bottle,object,.jpg,309bbdccaf89a6e4442e84e5f0abaf2d
images_OBJ063/OBJ063_057.jpg,OBJ063,Measuring Bottle,object,.jpg,9e572902b9bb7149d0d91649edeb4e9f
images_OBJ063/OBJ063_058.jpg,OBJ063,Measuring Bottle,object,.jpg,84449fc7c2d10d803d72d0b663f92f31
images_OBJ063/OBJ063_059.jpg,OBJ063,Measuring Bottle,object,.jpg,5a454f300d7754e000825e2b826c8072
images_OBJ063/OBJ063_060.jpg,OBJ063,Measuring Bottle,object,.jpg,05f72368bec2a44c18976405f27d7fb2
images_OBJ063/OBJ063_061.jpg,OBJ063,Measuring Bottle,object,.jpg,fad73de7f26d334fc176560cb6e11c3d
images_OBJ063/OBJ063_062.jpg,OBJ063,Measuring Bottle,object,.jpg,8b9cf84996c97a17a59886919e55bcfc
images_OBJ063/OBJ063_063.jpg,OBJ063,Measuring Bottle,object,.jpg,cee7a2004a69114ac1ffafc145f2e6a0
images_OBJ063/OBJ063_064.jpg,OBJ063,Measuring Bottle,object,.jpg,ad66ac6ee70f7aff0ae268a43f6758ee
images_OBJ063/OBJ063_065.jpg,OBJ063,Measuring Bottle,object,.jpg,2e546826cadf0942ff15d718f506933b
images_OBJ063/OBJ063_066.jpg,OBJ063,Measuring Bottle,object,.jpg,d579e2cdda2295ad92faa5048ad0f2ad
images_OBJ063/OBJ063_067.jpg,OBJ063,Measuring Bottle,object,.jpg,a0050704730ffe96e974c772a3a4c09d
images_OBJ063/OBJ063_068.jpg,OBJ063,Measuring Bottle,object,.jpg,c570158fd63972f43337125e59c4c7cc
images_OBJ063/OBJ063_069.jpg,OBJ063,Measuring Bottle,object,.jpg,18375c297d8fc41d73edfd5713d46313
images_OBJ063/OBJ063_070.jpg,OBJ063,Measuring Bottle,object,.jpg,35db13bfdeb35338a87a327a6a0c1d6e
images_OBJ063/OBJ063_071.jpg,OBJ063,Measuring Bottle,object,.jpg,485b509f2b19302f36472d27163c8069
images_OBJ063/OBJ063_072.jpg,OBJ063,Measuring Bottle,object,.jpg,a2db9ac3c6eb7d4cfb21d1d6684daf41
images_OBJ063/OBJ063_073.jpg,OBJ063,Measuring Bottle,object,.jpg,e33e4d7521b84891f2d03b650e195579
images_OBJ063/OBJ063_074.jpg,OBJ063,Measuring Bottle,object,.jpg,9dc1be8098e709f21095b72f8ef0e7d2
images_OBJ063/OBJ063_075.jpg,OBJ063,Measuring Bottle,object,.jpg,2e1b275942fa0ea00253a40b2641f3d9
images_OBJ063/OBJ063_076.jpg,OBJ063,Measuring Bottle,object,.jpg,31d6ff6d5ddd03eb4e30824adbf7f3c8
images_OBJ063/OBJ063_077.jpg,OBJ063,Measuring Bottle,object,.jpg,4812bb344db458e2bdb22ef64f81a6c8
images_OBJ063/OBJ063_078.jpg,OBJ063,Measuring Bottle,object,.jpg,abb1fd4e87cffd280c2df786313e1572
images_OBJ063/OBJ063_079.jpg,OBJ063,Measuring Bottle,object,.jpg,302c6ef4fd9929048450c0a0251b12ea
images_OBJ063/OBJ063_080.jpg,OBJ063,Measuring Bottle,object,.jpg,23711d1d1236e87630f5cdaeeee4c062
images_OBJ063/OBJ063_081.jpg,OBJ063,Measuring Bottle,object,.jpg,6e90992594eee9bd0c95d86dd7b0749f
images_OBJ063/OBJ063_082.jpg,OBJ063,Measuring Bottle,object,.jpg,63f3d60dc802e14b207ff546e3218b35
images_OBJ063/OBJ063_083.jpg,OBJ063,Measuring Bottle,object,.jpg,4cbfd524f812fc3e0b3e44f29b82dd1e
images_OBJ063/OBJ063_084.jpg,OBJ063,Measuring Bottle,object,.jpg,4e38e11a42956fde282bb09e176ac840
images_OBJ063/OBJ063_085.jpg,OBJ063,Measuring Bottle,object,.jpg,81b5baefb38f44c45282c2bd57b26045
images_OBJ063/OBJ063_086.jpg,OBJ063,Measuring Bottle,object,.jpg,6121b42409e4bc9b75e6a486923e63ef
images_OBJ063/OBJ063_087.jpg,OBJ063,Measuring Bottle,object,.jpg,39ebf70551fd19cede5b99094e8e44f5
images_OBJ063/OBJ063_088.jpg,OBJ063,Measuring Bottle,object,.jpg,f7640876b2450e5712e658fa5f98022f
images_OBJ063/OBJ063_089.jpg,OBJ063,Measuring Bottle,object,.jpg,9fac18a3c70aed375804a4a842e2a273
images_OBJ063/OBJ063_090.jpg,OBJ063,Measuring Bottle,object,.jpg,ba0577efb5dc1ab95c697c0181542e02
images_OBJ063/OBJ063_091.jpg,OBJ063,Measuring Bottle,object,.jpg,0af9610a9e405a78e364d813d74298a4
images_OBJ063/OBJ063_092.jpg,OBJ063,Measuring Bottle,object,.jpg,9c2a752b6c4f3d8220e4281fc5629776
images_OBJ063/OBJ063_093.jpg,OBJ063,Measuring Bottle,object,.jpg,9b22a34f9cc1c2ef83068b18522d7fec
images_OBJ063/OBJ063_094.jpg,OBJ063,Measuring Bottle,object,.jpg,f9740e20a2a054d3d74e160177bc78bf
images_OBJ063/OBJ063_bg_001.jpg,OBJ063,Measuring Bottle,background,.jpg,e0dbb3138349a7159f1d0c552f4fb232
images_OBJ063/OBJ063_bg_002.jpg,OBJ063,Measuring Bottle,background,.jpg,2547012e9b8069db29082b0d0aa0ec78
images_OBJ063/OBJ063_bg_003.jpg,OBJ063,Measuring Bottle,background,.jpg,1c1386803fd66d6e0cf858e3e69351a3
images_OBJ063/OBJ063_bg_004.jpg,OBJ063,Measuring Bottle,background,.jpg,b154423a642c7431e28fa696e8e018d0
images_OBJ063/OBJ063_bg_005.jpg,OBJ063,Measuring Bottle,background,.jpg,6b6899bca7d3ad25fa245cb90120bb5b
images_OBJ063/OBJ063_bg_006.jpg,OBJ063,Measuring Bottle,background,.jpg,c9b5dac5b5d9a1f3b9a0b87173d2ebca
images_OBJ064/OBJ064_001.jpg,OBJ064,RGB Projector,object,.jpg,2643ea4578303e21288de9354a8dfce4
images_OBJ064/OBJ064_002.jpg,OBJ064,RGB Projector,object,.jpg,a1996de011dc12823ecf50a8d94614db
images_OBJ064/OBJ064_003.jpg,OBJ064,RGB Projector,object,.jpg,33816abb8ebb6f1030db8c3251e612bd
images_OBJ064/OBJ064_004.jpg,OBJ064,RGB Projector,object,.jpg,1a8fede78bce3b42496732601e6e349e
images_OBJ064/OBJ064_005.jpg,OBJ064,RGB Projector,object,.jpg,9f19f352052f84c215b8bef7d2ebbf8e
images_OBJ064/OBJ064_006.jpg,OBJ064,RGB Projector,object,.jpg,ecd2439ae9b5e20dafdcef3b71a12e97
images_OBJ064/OBJ064_007.jpg,OBJ064,RGB Projector,object,.jpg,b52033f1cbea42f6429f38de7685762c
images_OBJ064/OBJ064_008.jpg,OBJ064,RGB Projector,object,.jpg,bdf236ce8dfc83c6c1ed7b43b61d136c
images_OBJ064/OBJ064_009.jpg,OBJ064,RGB Projector,object,.jpg,840cc870b1ee6ec125d106ab8c7a23f6
images_OBJ064/OBJ064_010.jpg,OBJ064,RGB Projector,object,.jpg,106e70cec4a9d5d90e98cf7aebe28fbb
images_OBJ064/OBJ064_011.jpg,OBJ064,RGB Projector,object,.jpg,a1277a10369741b0eca6af850231a622
images_OBJ064/OBJ064_012.jpg,OBJ064,RGB Projector,object,.jpg,14ac9a7d9ac3ea5974e2683529fe1310
images_OBJ064/OBJ064_013.jpg,OBJ064,RGB Projector,object,.jpg,92df2829c0285b9dd0385dc9f82954eb
images_OBJ064/OBJ064_014.jpg,OBJ064,RGB Projector,object,.jpg,bcc64385c2a3f2e47bfaf3375e4a97d2
images_OBJ064/OBJ064_015.jpg,OBJ064,RGB Projector,object,.jpg,077a172cf15bde675c0e040414159876
images_OBJ064/OBJ064_016.jpg,OBJ064,RGB Projector,object,.jpg,90a0bc1c2837b7333acb1c0b3de3dfb7
images_OBJ064/OBJ064_017.jpg,OBJ064,RGB Projector,object,.jpg,b1c3fa3a1116b316567af0e3904527a4
images_OBJ064/OBJ064_018.jpg,OBJ064,RGB Projector,object,.jpg,bd69943e082a4d41b9616a9e30f747f4
images_OBJ064/OBJ064_019.jpg,OBJ064,RGB Projector,object,.jpg,2740a20ab07e6e9a7db7151fb8fae71b
images_OBJ064/OBJ064_020.jpg,OBJ064,RGB Projector,object,.jpg,d97fa75c4c4501450d8050ff7f3f12bc
images_OBJ064/OBJ064_021.jpg,OBJ064,RGB Projector,object,.jpg,5b687166bdea5b573ace36707b0e72b5
images_OBJ064/OBJ064_022.jpg,OBJ064,RGB Projector,object,.jpg,74b6e8741c8bdcf08d04d49d52e27a5e
images_OBJ064/OBJ064_023.jpg,OBJ064,RGB Projector,object,.jpg,2c001351bc34042ab759305d75ce9c49
images_OBJ064/OBJ064_024.jpg,OBJ064,RGB Projector,object,.jpg,c074d109119667274b0d73f3450bfa44
images_OBJ064/OBJ064_025.jpg,OBJ064,RGB Projector,object,.jpg,8221809fc2b63c9e4690e07a0cde1b49
images_OBJ064/OBJ064_026.jpg,OBJ064,RGB Projector,object,.jpg,b91919327a9436e053666c75943df356
images_OBJ064/OBJ064_027.jpg,OBJ064,RGB Projector,object,.jpg,ef52ffd1c20567a94713e1d84c98999d
images_OBJ064/OBJ064_028.jpg,OBJ064,RGB Projector,object,.jpg,0b3b116e5cb5920a2f1013c42690013d
images_OBJ064/OBJ064_029.jpg,OBJ064,RGB Projector,object,.jpg,7e614b3bce70e573beee5be7fba23f59
images_OBJ064/OBJ064_030.jpg,OBJ064,RGB Projector,object,.jpg,9cd767d19f4608131128e16cb2f890c2
images_OBJ064/OBJ064_031.jpg,OBJ064,RGB Projector,object,.jpg,1172e9858d2d43771743392cb5647c13
images_OBJ064/OBJ064_032.jpg,OBJ064,RGB Projector,object,.jpg,27daefdb1123dc3c3ab8b931b46a5815
images_OBJ064/OBJ064_033.jpg,OBJ064,RGB Projector,object,.jpg,a3cc6d47a37d798c49fef4a0ec7faa01
images_OBJ064/OBJ064_034.jpg,OBJ064,RGB Projector,object,.jpg,d23281375532a99d9384a9bf0e5ce8e0
images_OBJ064/OBJ064_035.jpg,OBJ064,RGB Projector,object,.jpg,2f7e313c04f5cae47d2b534bbd437ae4
images_OBJ064/OBJ064_036.jpg,OBJ064,RGB Projector,object,.jpg,1cfc47ec3a03d289e2c92b52b0a7ab56
images_OBJ064/OBJ064_037.jpg,OBJ064,RGB Projector,object,.jpg,73b16defa87926bfd7661df7670faee4
images_OBJ064/OBJ064_038.jpg,OBJ064,RGB Projector,object,.jpg,77b82430dd3e1e3cf64c911ad3a76838
images_OBJ064/OBJ064_039.jpg,OBJ064,RGB Projector,object,.jpg,8dfd71777b4040983a70c341c5a4fa5c
images_OBJ064/OBJ064_040.jpg,OBJ064,RGB Projector,object,.jpg,50d9b321dd3e09b927f9571c290fe7c3
images_OBJ064/OBJ064_041.jpg,OBJ064,RGB Projector,object,.jpg,d5edd37e63cdc21d2f60cf87bcceb27c
images_OBJ064/OBJ064_042.jpg,OBJ064,RGB Projector,object,.jpg,86ec1507856f03f58c3f918aa214e893
images_OBJ064/OBJ064_043.jpg,OBJ064,RGB Projector,object,.jpg,3f5036eb43a4b16a8877fea5b04cda36
images_OBJ064/OBJ064_044.jpg,OBJ064,RGB Projector,object,.jpg,682189797ed81fa7492ab22365f87292
images_OBJ064/OBJ064_045.jpg,OBJ064,RGB Projector,object,.jpg,97394d94c88e4d3e1a16a63e33d1d7bb
images_OBJ064/OBJ064_046.jpg,OBJ064,RGB Projector,object,.jpg,334f8901716aebac06c4de87d53fb5a0
images_OBJ064/OBJ064_047.jpg,OBJ064,RGB Projector,object,.jpg,72b31c13e2ea250cbdff44ceaf8bccfc
images_OBJ064/OBJ064_048.jpg,OBJ064,RGB Projector,object,.jpg,d9ce7c8861bbbe6220013bfc68a1e993
images_OBJ064/OBJ064_049.jpg,OBJ064,RGB Projector,object,.jpg,eccf45a37f228f9b22d8c4cef51ed5cd
images_OBJ064/OBJ064_050.jpg,OBJ064,RGB Projector,object,.jpg,d963c80f29171162aab488553b76ccaa
images_OBJ064/OBJ064_051.jpg,OBJ064,RGB Projector,object,.jpg,95755bca3153685ba3befa7d2379c82a
images_OBJ064/OBJ064_052.jpg,OBJ064,RGB Projector,object,.jpg,f37491c29db1c16d534f9a2295fee454
images_OBJ064/OBJ064_053.jpg,OBJ064,RGB Projector,object,.jpg,520f0e94f5ab96076d789d2a26caf5dc
images_OBJ064/OBJ064_054.jpg,OBJ064,RGB Projector,object,.jpg,52ab0b57c9062cea6d276e47b165fc3f
images_OBJ064/OBJ064_055.jpg,OBJ064,RGB Projector,object,.jpg,9e2893696bd5df7c34cb51e05db48a3a
images_OBJ064/OBJ064_056.jpg,OBJ064,RGB Projector,object,.jpg,d4fe053753db544dd3d12df7e46a4444
images_OBJ064/OBJ064_057.jpg,OBJ064,RGB Projector,object,.jpg,0b4eba1e411c21d4de1832888c6f1042
images_OBJ064/OBJ064_058.jpg,OBJ064,RGB Projector,object,.jpg,1d0c493c696b720d00e72eafc32aabe1
images_OBJ064/OBJ064_059.jpg,OBJ064,RGB Projector,object,.jpg,883689e6184b149baf90c625cf7967d5
images_OBJ064/OBJ064_060.jpg,OBJ064,RGB Projector,object,.jpg,59a05028cc96896102b9d420a2a444c9
images_OBJ064/OBJ064_061.jpg,OBJ064,RGB Projector,object,.jpg,4f7eb39eee07e7c54f64605b73eaf681
images_OBJ064/OBJ064_062.jpg,OBJ064,RGB Projector,object,.jpg,0603b34c0e4a70177d73e7627a720242
images_OBJ064/OBJ064_063.jpg,OBJ064,RGB Projector,object,.jpg,b636b4eabe6588799f9598dd3665deff
images_OBJ064/OBJ064_064.jpg,OBJ064,RGB Projector,object,.jpg,6d1124da3fe93dd7ff7ccc7b4422bf49
images_OBJ064/OBJ064_065.jpg,OBJ064,RGB Projector,object,.jpg,677af7a889ef1a221548053e367e64db
images_OBJ064/OBJ064_066.jpg,OBJ064,RGB Projector,object,.jpg,897b767ddad7de75f185b2531751e55c
images_OBJ064/OBJ064_067.jpg,OBJ064,RGB Projector,object,.jpg,cb852803a17237053b36e072a567c6ba
images_OBJ064/OBJ064_068.jpg,OBJ064,RGB Projector,object,.jpg,fc8011872a5693e224c2aecc1de42e49
images_OBJ064/OBJ064_069.jpg,OBJ064,RGB Projector,object,.jpg,aa946b1b89ad84f4036354c9ded2f027
images_OBJ064/OBJ064_070.jpg,OBJ064,RGB Projector,object,.jpg,3356faee02dff72a1ecdb51f282a840a
images_OBJ064/OBJ064_071.jpg,OBJ064,RGB Projector,object,.jpg,48edd88d32ac589da8207c954fc5c2e7
images_OBJ064/OBJ064_072.jpg,OBJ064,RGB Projector,object,.jpg,e6718f85d787e1955c3a2c7050b478b0
images_OBJ064/OBJ064_073.jpg,OBJ064,RGB Projector,object,.jpg,b0108c9c150f2d124374b2e8433209f8
images_OBJ064/OBJ064_074.jpg,OBJ064,RGB Projector,object,.jpg,0108b6d24b1d23554dbcdaf4fd270890
images_OBJ064/OBJ064_075.jpg,OBJ064,RGB Projector,object,.jpg,cc58baa594706428c9d537d9dfc8bec4
images_OBJ064/OBJ064_076.jpg,OBJ064,RGB Projector,object,.jpg,d78bab55941eed9c1373a3966ce1956a
images_OBJ064/OBJ064_077.jpg,OBJ064,RGB Projector,object,.jpg,3caa03bd77c32e45e3c7571ffc34bfe3
images_OBJ064/OBJ064_078.jpg,OBJ064,RGB Projector,object,.jpg,01597e510a6d1ea866a0db1e2e1a1fb5
images_OBJ064/OBJ064_079.jpg,OBJ064,RGB Projector,object,.jpg,8fef678372a87c4974eb10b4b86012b1
images_OBJ064/OBJ064_080.jpg,OBJ064,RGB Projector,object,.jpg,29cf285644d09e7e64b3e2d1f98bbd8c
images_OBJ064/OBJ064_081.jpg,OBJ064,RGB Projector,object,.jpg,d47fdfee899f3aa829a5d87eef47baee
images_OBJ064/OBJ064_082.jpg,OBJ064,RGB Projector,object,.jpg,d66c117dba7f98ed389fca632ab238a3
images_OBJ064/OBJ064_083.jpg,OBJ064,RGB Projector,object,.jpg,f033f1c22f0a859273bdc9ff459bb1f9
images_OBJ064/OBJ064_084.jpg,OBJ064,RGB Projector,object,.jpg,a5f8231707d4d9230992ad783975b7d2
images_OBJ064/OBJ064_085.jpg,OBJ064,RGB Projector,object,.jpg,4175349186d5e1313ea73d92ee935e71
images_OBJ064/OBJ064_086.jpg,OBJ064,RGB Projector,object,.jpg,96f5f8f74189b2fbb19fd5f07014180c
images_OBJ064/OBJ064_087.jpg,OBJ064,RGB Projector,object,.jpg,c0203fa8344e949a8b7f2840aa982b6d
images_OBJ064/OBJ064_088.jpg,OBJ064,RGB Projector,object,.jpg,24aa3013562022cc29c55835b3445368
images_OBJ064/OBJ064_089.jpg,OBJ064,RGB Projector,object,.jpg,e8961c7a994c6d41e19355f6a5c7cf0d
images_OBJ064/OBJ064_090.jpg,OBJ064,RGB Projector,object,.jpg,b7761d2fcedf9c3df85c945963cbd8da
images_OBJ064/OBJ064_091.jpg,OBJ064,RGB Projector,object,.jpg,722939de66cafaac81efa1c7769c2376
images_OBJ064/OBJ064_092.jpg,OBJ064,RGB Projector,object,.jpg,adef1ccca8efc42bf839167b9794d764
images_OBJ064/OBJ064_093.jpg,OBJ064,RGB Projector,object,.jpg,3bb86b1999a3620f05b496b990bed878
images_OBJ064/OBJ064_094.jpg,OBJ064,RGB Projector,object,.jpg,18f02207089e7ba052a77e118a17a1b1
images_OBJ064/OBJ064_095.jpg,OBJ064,RGB Projector,object,.jpg,f83dddb449a80e6fcafeddbc0254e5ab
images_OBJ064/OBJ064_bg_001.jpg,OBJ064,RGB Projector,background,.jpg,9ee89c3e46fa20b58ab1ac7758f8c5d7
images_OBJ064/OBJ064_bg_002.jpg,OBJ064,RGB Projector,background,.jpg,2cf79ace01e428a373e3396c01498246
images_OBJ064/OBJ064_bg_003.jpg,OBJ064,RGB Projector,background,.jpg,33948cbb519abbf9d64ff4bf63a0dcf5
images_OBJ064/OBJ064_bg_004.jpg,OBJ064,RGB Projector,background,.jpg,93f155085f839c3241d5d5a1498c388a
images_OBJ064/OBJ064_bg_005.jpg,OBJ064,RGB Projector,background,.jpg,a2e456d65fcea3f5f3f1e2e1d939e632
images_OBJ065/OBJ065_001.jpg,OBJ065,Analog watch,object,.jpg,6d43b123fd30f7c89f63705d030e2495
images_OBJ065/OBJ065_002.jpg,OBJ065,Analog watch,object,.jpg,db75494542328949ef1ade1240a479bf
images_OBJ065/OBJ065_003.jpg,OBJ065,Analog watch,object,.jpg,3b2224bf2b7515b30f4f53dd78bf908d
images_OBJ065/OBJ065_004.jpg,OBJ065,Analog watch,object,.jpg,b6216fed3fa5f36451df65721ed193dc
images_OBJ065/OBJ065_005.jpg,OBJ065,Analog watch,object,.jpg,8c17b0af63dd09767effd6630c747e30
images_OBJ065/OBJ065_006.jpg,OBJ065,Analog watch,object,.jpg,065ea4364b6ccfb1536b36446ee1de76
images_OBJ065/OBJ065_007.jpg,OBJ065,Analog watch,object,.jpg,ccad48ce51bacdfe451cef28b9699b2b
images_OBJ065/OBJ065_008.jpg,OBJ065,Analog watch,object,.jpg,7bc16ed681fe38b5d5ff8f9c37dad82f
images_OBJ065/OBJ065_009.jpg,OBJ065,Analog watch,object,.jpg,345f84adaa85d97102b551c6f90fc9b8
images_OBJ065/OBJ065_010.jpg,OBJ065,Analog watch,object,.jpg,3d95a1d2e306133227a11ce1ea24d279
images_OBJ065/OBJ065_011.jpg,OBJ065,Analog watch,object,.jpg,aeef9e68c469378bd7959a3adb695d99
images_OBJ065/OBJ065_012.jpg,OBJ065,Analog watch,object,.jpg,9cfc30edabaa5522c11bdd4949bba263
images_OBJ065/OBJ065_013.jpg,OBJ065,Analog watch,object,.jpg,e25a757f11f40d8264182d22d4d91463
images_OBJ065/OBJ065_014.jpg,OBJ065,Analog watch,object,.jpg,46806d51255e8ad0d74c16303afdbfae
images_OBJ065/OBJ065_015.jpg,OBJ065,Analog watch,object,.jpg,6e54fa46c0dd0968d918d2a19f6db942
images_OBJ065/OBJ065_016.jpg,OBJ065,Analog watch,object,.jpg,dc407e8a2ac372f7e096c129362543b4
images_OBJ065/OBJ065_017.jpg,OBJ065,Analog watch,object,.jpg,c9d6d905577005076426047902b54de2
images_OBJ065/OBJ065_018.jpg,OBJ065,Analog watch,object,.jpg,ea9e18f19791b45fc6726aab517dd99a
images_OBJ065/OBJ065_019.jpg,OBJ065,Analog watch,object,.jpg,4b7ed28fc830b62e4b7ff20044ae88e0
images_OBJ065/OBJ065_020.jpg,OBJ065,Analog watch,object,.jpg,8e7ac2ac035462ddf57b179740fc8930
images_OBJ065/OBJ065_021.jpg,OBJ065,Analog watch,object,.jpg,1c74e0631ca4ee13eaee997aab4b86d0
images_OBJ065/OBJ065_022.jpg,OBJ065,Analog watch,object,.jpg,81936aa3dbcbf158b4d685d781ba038a
images_OBJ065/OBJ065_023.jpg,OBJ065,Analog watch,object,.jpg,1510841791bc6d07fd284666fde571d1
images_OBJ065/OBJ065_024.jpg,OBJ065,Analog watch,object,.jpg,4530e05270cd34ea2e3514ee84506f74
images_OBJ065/OBJ065_025.jpg,OBJ065,Analog watch,object,.jpg,d66d0becbb0169f398660e3eddf225f6
images_OBJ065/OBJ065_026.jpg,OBJ065,Analog watch,object,.jpg,5097c57ee2d2949d13c221d44fb02c9e
images_OBJ065/OBJ065_027.jpg,OBJ065,Analog watch,object,.jpg,2ccd8bdae554eb8a108c3870c55bd46c
images_OBJ065/OBJ065_028.jpg,OBJ065,Analog watch,object,.jpg,61297abb3cca1ee7203cd194f3306c9d
images_OBJ065/OBJ065_029.jpg,OBJ065,Analog watch,object,.jpg,5f951a7e8ed04767ccedc9c7d35bebbe
images_OBJ065/OBJ065_030.jpg,OBJ065,Analog watch,object,.jpg,a97049108336a8b0e525fd2aa6533a72
images_OBJ065/OBJ065_031.jpg,OBJ065,Analog watch,object,.jpg,a7be368be87529cf4785e3032c6e2023
images_OBJ065/OBJ065_032.jpg,OBJ065,Analog watch,object,.jpg,93f4cd7f921459eb74bd05489c391f3a
images_OBJ065/OBJ065_033.jpg,OBJ065,Analog watch,object,.jpg,6b505567daa65732d0c96a4f00d88389
images_OBJ065/OBJ065_034.jpg,OBJ065,Analog watch,object,.jpg,d9f501aeb8af6b4705060a7db613618b
images_OBJ065/OBJ065_035.jpg,OBJ065,Analog watch,object,.jpg,fa86bdd6cd6dc7c4a85c2459e0919645
images_OBJ065/OBJ065_036.jpg,OBJ065,Analog watch,object,.jpg,3efa6a0dc87e44caff1b41123e9e5bdb
images_OBJ065/OBJ065_037.jpg,OBJ065,Analog watch,object,.jpg,ccf69d790a98e6fc70e68bc0b3b477d4
images_OBJ065/OBJ065_038.jpg,OBJ065,Analog watch,object,.jpg,5ba8b358babafc8299b6c8421c8137e7
images_OBJ065/OBJ065_039.jpg,OBJ065,Analog watch,object,.jpg,9b6c6de641f7e7f091c5a5d721e59add
images_OBJ065/OBJ065_040.jpg,OBJ065,Analog watch,object,.jpg,a890c4d77b8ec6b50c8579b98c39e6e2
images_OBJ065/OBJ065_041.jpg,OBJ065,Analog watch,object,.jpg,b30cf3ea8bd1e169288da28ab97b9d86
images_OBJ065/OBJ065_042.jpg,OBJ065,Analog watch,object,.jpg,221a238eefd3e1af97436692014c7384
images_OBJ065/OBJ065_043.jpg,OBJ065,Analog watch,object,.jpg,8f9858bc554c3e06a505618ff8723451
images_OBJ065/OBJ065_044.jpg,OBJ065,Analog watch,object,.jpg,255986502eb31c8eb94c49cd4a5b9471
images_OBJ065/OBJ065_045.jpg,OBJ065,Analog watch,object,.jpg,058363b0ea9277e21c7b74d2b4740961
images_OBJ065/OBJ065_046.jpg,OBJ065,Analog watch,object,.jpg,06a35e2763e1464df83dc02c8b9d55f9
images_OBJ065/OBJ065_047.jpg,OBJ065,Analog watch,object,.jpg,b1541779175488cc7928f2190a563911
images_OBJ065/OBJ065_048.jpg,OBJ065,Analog watch,object,.jpg,7328b552a58dd96d8a50039f8332e338
images_OBJ065/OBJ065_049.jpg,OBJ065,Analog watch,object,.jpg,7a342c3f680330dcfd96744064d5c295
images_OBJ065/OBJ065_050.jpg,OBJ065,Analog watch,object,.jpg,3a3c8aef65e861567299618f520ac72f
images_OBJ065/OBJ065_051.jpg,OBJ065,Analog watch,object,.jpg,d7853a9f1829c92d77190936c3bc547c
images_OBJ065/OBJ065_052.jpg,OBJ065,Analog watch,object,.jpg,d854583f6f23220bcb333755692bf639
images_OBJ065/OBJ065_053.jpg,OBJ065,Analog watch,object,.jpg,b59a41033a40776c6522f1d9f68cee3f
images_OBJ065/OBJ065_054.jpg,OBJ065,Analog watch,object,.jpg,1224f4f9391982f0ac37a78510427117
images_OBJ065/OBJ065_055.jpg,OBJ065,Analog watch,object,.jpg,75f6a89d6b92ef89b55a349aad7b0d87
images_OBJ065/OBJ065_056.jpg,OBJ065,Analog watch,object,.jpg,21cc7bc271c02c0c3446112d025d1f4c
images_OBJ065/OBJ065_057.jpg,OBJ065,Analog watch,object,.jpg,45cf5c1adb83443d4704ce038d1e2d3a
images_OBJ065/OBJ065_058.jpg,OBJ065,Analog watch,object,.jpg,9015aab3e4b4b980f1aff8366f22b35f
images_OBJ065/OBJ065_059.jpg,OBJ065,Analog watch,object,.jpg,080892aef10e22d1a059250526d60d19
images_OBJ065/OBJ065_060.jpg,OBJ065,Analog watch,object,.jpg,67bc9dcad2ad582be9ef69f21c069e24
images_OBJ065/OBJ065_061.jpg,OBJ065,Analog watch,object,.jpg,8e0dc95bce54e2b67e1fcad543c5f2cf
images_OBJ065/OBJ065_062.jpg,OBJ065,Analog watch,object,.jpg,522dd5b0304f8e9ab0b2729da015e82d
images_OBJ065/OBJ065_063.jpg,OBJ065,Analog watch,object,.jpg,13fd4e53d9ba33c831aa01c06c0005dc
images_OBJ065/OBJ065_064.jpg,OBJ065,Analog watch,object,.jpg,8ed8d2b88ea85d764d906c1af5365b1c
images_OBJ065/OBJ065_065.jpg,OBJ065,Analog watch,object,.jpg,da4b779d62d5e72ecf2a9956519e3d9f
images_OBJ065/OBJ065_066.jpg,OBJ065,Analog watch,object,.jpg,784ad8327b4e0e495d7366b71c69cd51
images_OBJ065/OBJ065_067.jpg,OBJ065,Analog watch,object,.jpg,183fd6593267c028b69195e3508a44af
images_OBJ065/OBJ065_068.jpg,OBJ065,Analog watch,object,.jpg,0ea81a4260aaa9612e25d5e70a3df8cf
images_OBJ065/OBJ065_069.jpg,OBJ065,Analog watch,object,.jpg,bced95669fbf4d61c940d56b3aeb7851
images_OBJ065/OBJ065_070.jpg,OBJ065,Analog watch,object,.jpg,1f91a8baddd8af718b9a3ea742c650a4
images_OBJ065/OBJ065_071.jpg,OBJ065,Analog watch,object,.jpg,8022fed3c56934c97a040ee805443ed9
images_OBJ065/OBJ065_072.jpg,OBJ065,Analog watch,object,.jpg,4147856f8ef8df5167a073791039d94d
images_OBJ065/OBJ065_073.jpg,OBJ065,Analog watch,object,.jpg,12f0785d8f4cef4b4878443844d2af23
images_OBJ065/OBJ065_074.jpg,OBJ065,Analog watch,object,.jpg,27899261d90cac27481c898945be55d4
images_OBJ065/OBJ065_075.jpg,OBJ065,Analog watch,object,.jpg,96cc5de1c30ff539110e65ee433b95f1
images_OBJ065/OBJ065_076.jpg,OBJ065,Analog watch,object,.jpg,90a2cc32470d0715ce7f4d9e484d96f5
images_OBJ065/OBJ065_077.jpg,OBJ065,Analog watch,object,.jpg,a45e9b05a25c1108e3e0f8c3e58f4a2f
images_OBJ065/OBJ065_078.jpg,OBJ065,Analog watch,object,.jpg,a1669aa737066a4797c47d7ecd8c7853
images_OBJ065/OBJ065_079.jpg,OBJ065,Analog watch,object,.jpg,b71f661fa76484c1763b14152ce5c068
images_OBJ065/OBJ065_080.jpg,OBJ065,Analog watch,object,.jpg,00497e0bdfaea7a662b5f25528c17657
images_OBJ065/OBJ065_081.jpg,OBJ065,Analog watch,object,.jpg,fa99a980641d370214b15bc17c61e377
images_OBJ065/OBJ065_082.jpg,OBJ065,Analog watch,object,.jpg,f8e15892ee8107fc35c47b28ab9a62ca
images_OBJ065/OBJ065_083.jpg,OBJ065,Analog watch,object,.jpg,04422977343fc7f64c7be6d4c21ba0de
images_OBJ065/OBJ065_084.jpg,OBJ065,Analog watch,object,.jpg,4842ab23c46d7cfcb9a69b4daf5b9232
images_OBJ065/OBJ065_085.jpg,OBJ065,Analog watch,object,.jpg,2e020e86c42041319534824fea4346d4
images_OBJ065/OBJ065_086.jpg,OBJ065,Analog watch,object,.jpg,f3079df2f0dadffff92f4937ee53847c
images_OBJ065/OBJ065_087.jpg,OBJ065,Analog watch,object,.jpg,bb5316f792d9dc91b6cf40a604d4674f
images_OBJ065/OBJ065_088.jpg,OBJ065,Analog watch,object,.jpg,f5fe99da8bf81ff898c88eac59ca5d95
images_OBJ065/OBJ065_089.jpg,OBJ065,Analog watch,object,.jpg,98242a093eb7385103f17fb653759d5d
images_OBJ065/OBJ065_090.jpg,OBJ065,Analog watch,object,.jpg,f8aa675333333b6fefd1578d1a1d3288
images_OBJ065/OBJ065_091.jpg,OBJ065,Analog watch,object,.jpg,d3823a49fb0b87e5c7aa140e335e56a3
images_OBJ065/OBJ065_092.jpg,OBJ065,Analog watch,object,.jpg,3af78cf67926a25446f377060e02e501
images_OBJ065/OBJ065_093.jpg,OBJ065,Analog watch,object,.jpg,339a42615e67ba8467ec2ea023b32992
images_OBJ065/OBJ065_094.jpg,OBJ065,Analog watch,object,.jpg,320dd44ca696cf37c4c7f4e7049683a2
images_OBJ065/OBJ065_095.jpg,OBJ065,Analog watch,object,.jpg,0542f60567bdfe938358d8b318415b82
images_OBJ065/OBJ065_bg_001.jpg,OBJ065,Analog watch,background,.jpg,6d43b123fd30f7c89f63705d030e2495
images_OBJ065/OBJ065_bg_002.jpg,OBJ065,Analog watch,background,.jpg,3b2224bf2b7515b30f4f53dd78bf908d
images_OBJ065/OBJ065_bg_003.jpg,OBJ065,Analog watch,background,.jpg,5097c57ee2d2949d13c221d44fb02c9e
images_OBJ065/OBJ065_bg_004.jpg,OBJ065,Analog watch,background,.jpg,d854583f6f23220bcb333755692bf639
images_OBJ065/OBJ065_bg_005.jpg,OBJ065,Analog watch,background,.jpg,96cc5de1c30ff539110e65ee433b95f1
images_OBJ066/OBJ066_001.jpg,OBJ066,Hair oil,object,.jpg,489d0f31cf7a4d5848d5718cb7cb743e
images_OBJ066/OBJ066_002.jpg,OBJ066,Hair oil,object,.jpg,cb8f052c80fe6f91e50c06587d175981
images_OBJ066/OBJ066_003.jpg,OBJ066,Hair oil,object,.jpg,c4b8e77d5260853c78872ab865133db5
images_OBJ066/OBJ066_004.jpg,OBJ066,Hair oil,object,.jpg,4b8db272289b9727458fe6a141e8da93
images_OBJ066/OBJ066_005.jpg,OBJ066,Hair oil,object,.jpg,284fc63f76941b9a50fed5fb118ad395
images_OBJ066/OBJ066_006.jpg,OBJ066,Hair oil,object,.jpg,7361b4ca60f3fa70d229f4a9585386a9
images_OBJ066/OBJ066_007.jpg,OBJ066,Hair oil,object,.jpg,1cfc8b1b3d7df8f1bc9a1360831b9059
images_OBJ066/OBJ066_008.jpg,OBJ066,Hair oil,object,.jpg,d63cdd9f9a53588f35a23d724e241849
images_OBJ066/OBJ066_009.jpg,OBJ066,Hair oil,object,.jpg,5625d44c0662fb71cc2bffb329eb68c4
images_OBJ066/OBJ066_010.jpg,OBJ066,Hair oil,object,.jpg,e6afcb644f9762191e8b62aed445de58
images_OBJ066/OBJ066_011.jpg,OBJ066,Hair oil,object,.jpg,b773057b3babbdec79a64d27c47ef1ce
images_OBJ066/OBJ066_012.jpg,OBJ066,Hair oil,object,.jpg,d6159144bc18027872325f87e61d2adc
images_OBJ066/OBJ066_013.jpg,OBJ066,Hair oil,object,.jpg,16b2dcba14456852ecb58ffca68ef68d
images_OBJ066/OBJ066_014.jpg,OBJ066,Hair oil,object,.jpg,576fc70a3c10b1d53aabb90611d6828e
images_OBJ066/OBJ066_015.jpg,OBJ066,Hair oil,object,.jpg,9bda8b6d6c2ec8aeaa1aa545fdff9601
images_OBJ066/OBJ066_016.jpg,OBJ066,Hair oil,object,.jpg,e0d25f47e6a3dc5bcc513b39f089b6db
images_OBJ066/OBJ066_017.jpg,OBJ066,Hair oil,object,.jpg,5d8877d3e7934f6aaef18eaedf893e7a
images_OBJ066/OBJ066_018.jpg,OBJ066,Hair oil,object,.jpg,e5599c5409a8e65b215a7b4035464494
images_OBJ066/OBJ066_019.jpg,OBJ066,Hair oil,object,.jpg,81fa2a804b89436e6cc489e73e94e897
images_OBJ066/OBJ066_020.jpg,OBJ066,Hair oil,object,.jpg,5dfbef8bef620dd0e0364017905ba452
images_OBJ066/OBJ066_021.jpg,OBJ066,Hair oil,object,.jpg,e376890499bd67bf6bf0d03d60d2f709
images_OBJ066/OBJ066_022.jpg,OBJ066,Hair oil,object,.jpg,c59ba13347eb78ca772b6897ba527657
images_OBJ066/OBJ066_023.jpg,OBJ066,Hair oil,object,.jpg,92544ec59af8add5512c1339579590d0
images_OBJ066/OBJ066_024.jpg,OBJ066,Hair oil,object,.jpg,fbeeec921ba92a97fae8ec9f0c1256b5
images_OBJ066/OBJ066_025.jpg,OBJ066,Hair oil,object,.jpg,14e4f246fa6b3256905e598903fd80bd
images_OBJ066/OBJ066_026.jpg,OBJ066,Hair oil,object,.jpg,cfc4cba45e945f89f23c020659ccee05
images_OBJ066/OBJ066_027.jpg,OBJ066,Hair oil,object,.jpg,b2494910bb68145a27a17b7eb3beccf1
images_OBJ066/OBJ066_028.jpg,OBJ066,Hair oil,object,.jpg,f884b8c07b58a9a0475599701a6b8f0a
images_OBJ066/OBJ066_029.jpg,OBJ066,Hair oil,object,.jpg,cad11bc85092b57defd2f5490ff04fcb
images_OBJ066/OBJ066_030.jpg,OBJ066,Hair oil,object,.jpg,3eb04c511eddb7f0a95782b79e41ae2f
images_OBJ066/OBJ066_031.jpg,OBJ066,Hair oil,object,.jpg,5ba277ddfdafca3beb049c819aa720ef
images_OBJ066/OBJ066_032.jpg,OBJ066,Hair oil,object,.jpg,adaf31a5c18ba608c018569eb714625d
images_OBJ066/OBJ066_033.jpg,OBJ066,Hair oil,object,.jpg,f4443731161942b403f4d79d9a0b414e
images_OBJ066/OBJ066_034.jpg,OBJ066,Hair oil,object,.jpg,9a7fdef9fe0669e55e15ef353d5256b1
images_OBJ066/OBJ066_035.jpg,OBJ066,Hair oil,object,.jpg,d34e3c8d663d34f52d86aa8d99a788b4
images_OBJ066/OBJ066_036.jpg,OBJ066,Hair oil,object,.jpg,fc93b9027959ebb6ab622e6bc0e88985
images_OBJ066/OBJ066_037.jpg,OBJ066,Hair oil,object,.jpg,e71bd9f8889df02427d3303880abf62f
images_OBJ066/OBJ066_038.jpg,OBJ066,Hair oil,object,.jpg,4125151331f97b0597fbff8f211115fb
images_OBJ066/OBJ066_039.jpg,OBJ066,Hair oil,object,.jpg,23c1a3dd4295fb51f903842f05584a24
images_OBJ066/OBJ066_040.jpg,OBJ066,Hair oil,object,.jpg,1d83ec57645b59f092696f99a8fe3212
images_OBJ066/OBJ066_041.jpg,OBJ066,Hair oil,object,.jpg,bdf919a2a37255775741a5eff7626521
images_OBJ066/OBJ066_042.jpg,OBJ066,Hair oil,object,.jpg,4cf5084c2150a86967c7d035aaf8a7ed
images_OBJ066/OBJ066_043.jpg,OBJ066,Hair oil,object,.jpg,6368c2881e1f0e82ad73ec4cd071007e
images_OBJ066/OBJ066_044.jpg,OBJ066,Hair oil,object,.jpg,9b0bd144b3bf3e159756acc6bc752c08
images_OBJ066/OBJ066_045.jpg,OBJ066,Hair oil,object,.jpg,269720ce6fc1c7122953d2437f6c1841
images_OBJ066/OBJ066_046.jpg,OBJ066,Hair oil,object,.jpg,2f2229bc10081c751738dea0fd8054b1
images_OBJ066/OBJ066_047.jpg,OBJ066,Hair oil,object,.jpg,1f446dfe8418c7921040aca6e455c6ba
images_OBJ066/OBJ066_048.jpg,OBJ066,Hair oil,object,.jpg,a212c3da8d4f0c541007796a62a63ac6
images_OBJ066/OBJ066_049.jpg,OBJ066,Hair oil,object,.jpg,2f9841a2c18c86b3bddea4d19a9ad2e3
images_OBJ066/OBJ066_050.jpg,OBJ066,Hair oil,object,.jpg,6c448e6d2290a6b71451d73ccc2dfa16
images_OBJ066/OBJ066_051.jpg,OBJ066,Hair oil,object,.jpg,1312fe276160294f96d8b46c5920692a
images_OBJ066/OBJ066_052.jpg,OBJ066,Hair oil,object,.jpg,4ba4dc7ebe8628acb4a713a83077d5d0
images_OBJ066/OBJ066_053.jpg,OBJ066,Hair oil,object,.jpg,580d5652500566327849f28e6fc783ec
images_OBJ066/OBJ066_054.jpg,OBJ066,Hair oil,object,.jpg,dfcd94deb78f93c7ad92592a8cea5532
images_OBJ066/OBJ066_055.jpg,OBJ066,Hair oil,object,.jpg,a3ab80606548c7bce8082b7e05fa27fd
images_OBJ066/OBJ066_056.jpg,OBJ066,Hair oil,object,.jpg,b01b3f66a6278729a5d44e73f3469972
images_OBJ066/OBJ066_057.jpg,OBJ066,Hair oil,object,.jpg,a10ace89fbe1200f2c1c23d97d213304
images_OBJ066/OBJ066_058.jpg,OBJ066,Hair oil,object,.jpg,8eed8790bec34476bbd2c131065f1877
images_OBJ066/OBJ066_059.jpg,OBJ066,Hair oil,object,.jpg,eb23c496698b29684a0e290092521b85
images_OBJ066/OBJ066_060.jpg,OBJ066,Hair oil,object,.jpg,0fdd32a45dadf10635de8440030dc9c1
images_OBJ066/OBJ066_061.jpg,OBJ066,Hair oil,object,.jpg,31c26b28e2c80f981dd32229f91e5912
images_OBJ066/OBJ066_062.jpg,OBJ066,Hair oil,object,.jpg,cb51a81fa403dea84cc4bfa161dae438
images_OBJ066/OBJ066_063.jpg,OBJ066,Hair oil,object,.jpg,175ce4a75d32a595d2579e2a047e0dd8
images_OBJ066/OBJ066_064.jpg,OBJ066,Hair oil,object,.jpg,036fe9a371bed41e434fc1c762daaa89
images_OBJ066/OBJ066_065.jpg,OBJ066,Hair oil,object,.jpg,616ac7a235a2bce78e8e24e35ce0f5c2
images_OBJ066/OBJ066_066.jpg,OBJ066,Hair oil,object,.jpg,e62c1e3ed9f49ff437d759d069510398
images_OBJ066/OBJ066_067.jpg,OBJ066,Hair oil,object,.jpg,8c5a0fbbb6df455f3bb7024f1880daf0
images_OBJ066/OBJ066_068.jpg,OBJ066,Hair oil,object,.jpg,9aecf072ff2f68730c795d77aa5de576
images_OBJ066/OBJ066_069.jpg,OBJ066,Hair oil,object,.jpg,b6bbb08eed5671a83c5153ef75aa3013
images_OBJ066/OBJ066_070.jpg,OBJ066,Hair oil,object,.jpg,3ba6ac3ecd9c02866c7ecfde4e79638a
images_OBJ066/OBJ066_071.jpg,OBJ066,Hair oil,object,.jpg,c356ac841a422276894288936100409d
images_OBJ066/OBJ066_072.jpg,OBJ066,Hair oil,object,.jpg,0edfe555e74d66a31bc09a0e3805fdef
images_OBJ066/OBJ066_073.jpg,OBJ066,Hair oil,object,.jpg,ac9b9c09ae9955ebe2b112c2a0d4b96e
images_OBJ066/OBJ066_074.jpg,OBJ066,Hair oil,object,.jpg,4265e468154f40ca84cc0d84f3b48ffc
images_OBJ066/OBJ066_075.jpg,OBJ066,Hair oil,object,.jpg,63142b09ae0633e103bfe5a9900a3a36
images_OBJ066/OBJ066_076.jpg,OBJ066,Hair oil,object,.jpg,71a1f5543d9f5631474bc9be408b7914
images_OBJ066/OBJ066_077.jpg,OBJ066,Hair oil,object,.jpg,76646a0885e79a0f945e625bc1444d0d
images_OBJ066/OBJ066_078.jpg,OBJ066,Hair oil,object,.jpg,ea652601d2e1cfd1a5ed9145aea3953f
images_OBJ066/OBJ066_079.jpg,OBJ066,Hair oil,object,.jpg,d1bb0e18a20057a6a1e487e8e8030b6e
images_OBJ066/OBJ066_080.jpg,OBJ066,Hair oil,object,.jpg,9046afab5e0c5b1e059e2f3e4b6c1b7d
images_OBJ066/OBJ066_081.jpg,OBJ066,Hair oil,object,.jpg,5ab16864f8bda556ac4d755038067321
images_OBJ066/OBJ066_082.jpg,OBJ066,Hair oil,object,.jpg,5ab16864f8bda556ac4d755038067321
images_OBJ066/OBJ066_083.jpg,OBJ066,Hair oil,object,.jpg,f1a7c9052de0e76841945c2c291d7dcd
images_OBJ066/OBJ066_084.jpg,OBJ066,Hair oil,object,.jpg,4dbf6be4224831294cde93ed48aba37b
images_OBJ066/OBJ066_085.jpg,OBJ066,Hair oil,object,.jpg,a41ba6953010d3676b814a122e764361
images_OBJ066/OBJ066_086.jpg,OBJ066,Hair oil,object,.jpg,fb2f362135881c18247a831439c6f3fc
images_OBJ066/OBJ066_087.jpg,OBJ066,Hair oil,object,.jpg,ef849100136e7f456c673880d075b004
images_OBJ066/OBJ066_088.jpg,OBJ066,Hair oil,object,.jpg,17ee82ddaa54bac8e2f4b11d350ecc9f
images_OBJ066/OBJ066_089.jpg,OBJ066,Hair oil,object,.jpg,aba2f3a1c82f67ca6c97c0c5d85f093b
images_OBJ066/OBJ066_090.jpg,OBJ066,Hair oil,object,.jpg,f925f8c90fb21b9e3844d6e63854ac83
images_OBJ066/OBJ066_091.jpg,OBJ066,Hair oil,object,.jpg,2f569ee0ff67aa574f445ddb945e79d4
images_OBJ066/OBJ066_092.jpg,OBJ066,Hair oil,object,.jpg,01c7e0eff64e707749e9bf9142b4744c
images_OBJ066/OBJ066_093.jpg,OBJ066,Hair oil,object,.jpg,dc5c4f39036c5626336e2bea13ba7c87
images_OBJ066/OBJ066_094.jpg,OBJ066,Hair oil,object,.jpg,139b90a7aac5455102c602a8bcbc44b9
images_OBJ066/OBJ066_095.jpg,OBJ066,Hair oil,object,.jpg,02f2c643b8914b9aec9980d17958453f
images_OBJ066/OBJ066_bg_001.jpg,OBJ066,Hair oil,background,.jpg,ffd9ad42b9654a2ee9cb4f4ca6c31725
images_OBJ066/OBJ066_bg_002.jpg,OBJ066,Hair oil,background,.jpg,45ced5523220f81ca24a7b209ad97277
images_OBJ066/OBJ066_bg_003.jpg,OBJ066,Hair oil,background,.jpg,3144885e7ab634f2f8d507e683ad0c63
images_OBJ066/OBJ066_bg_004.jpg,OBJ066,Hair oil,background,.jpg,0dba806f7e4878467d4bf674ee7b0aa6
images_OBJ066/OBJ066_bg_005.jpg,OBJ066,Hair oil,background,.jpg,19205255fd90c1b5f966e2a559160839
images_OBJ067/OBJ067_0001.jpg,OBJ067,Men's Wallet,object,.jpg,d6207e5883c8b5f70b5ba740127fb562
images_OBJ067/OBJ067_0002.jpg,OBJ067,Men's Wallet,object,.jpg,c2c4d22904d8f60d1fc72e438e848af7
images_OBJ067/OBJ067_0003.jpg,OBJ067,Men's Wallet,object,.jpg,0202b20c05b6e7af4a594503f00cfc70
images_OBJ067/OBJ067_0004.jpg,OBJ067,Men's Wallet,object,.jpg,3d022e4d35101a539d3ece155aa0dc89
images_OBJ067/OBJ067_0005.jpg,OBJ067,Men's Wallet,object,.jpg,cf388f4618940b16744bdac58cc917e2
images_OBJ067/OBJ067_0006.jpg,OBJ067,Men's Wallet,object,.jpg,c42d69d53e244d192106279539a0ed8d
images_OBJ067/OBJ067_0007.jpg,OBJ067,Men's Wallet,object,.jpg,9407b95ffc15edd5c6add3d421360b3f
images_OBJ067/OBJ067_0008.jpg,OBJ067,Men's Wallet,object,.jpg,797a8852bb0e575ae0961ee3deebf1ec
images_OBJ067/OBJ067_0009.jpg,OBJ067,Men's Wallet,object,.jpg,242d0ddac46ddebe198c582dc5001179
images_OBJ067/OBJ067_0010.jpg,OBJ067,Men's Wallet,object,.jpg,fce8a7da759eae31da9c19a70837a187
images_OBJ067/OBJ067_0011.jpg,OBJ067,Men's Wallet,object,.jpg,4a25722aca39e894b20788e7d2cefd14
images_OBJ067/OBJ067_0012.jpg,OBJ067,Men's Wallet,object,.jpg,d7af908b64243d8162c6ac52261dde0a
images_OBJ067/OBJ067_0013.jpg,OBJ067,Men's Wallet,object,.jpg,78faca1fd51a52b8c6f3507038d92880
images_OBJ067/OBJ067_0014.jpg,OBJ067,Men's Wallet,object,.jpg,d9a89fab3a3c1af841c34865cf689d5b
images_OBJ067/OBJ067_0015.jpg,OBJ067,Men's Wallet,object,.jpg,c155c7814d628974910218c573aacea2
images_OBJ067/OBJ067_0016.jpg,OBJ067,Men's Wallet,object,.jpg,a5ce1b6142107f8b00d55f106f75700e
images_OBJ067/OBJ067_0017.jpg,OBJ067,Men's Wallet,object,.jpg,536b30caaea1501c5496e1cb9ebb01d0
images_OBJ067/OBJ067_0018.jpg,OBJ067,Men's Wallet,object,.jpg,63d7bc0ea5b8c5c4da3caaf0f5c2730d
images_OBJ067/OBJ067_0019.jpg,OBJ067,Men's Wallet,object,.jpg,e3c3cfa1d52a213540939e6d05dcd55f
images_OBJ067/OBJ067_0020.jpg,OBJ067,Men's Wallet,object,.jpg,9b08c826d7298c5f7695d12abcc85197
images_OBJ067/OBJ067_0021.jpg,OBJ067,Men's Wallet,object,.jpg,acf1937c063d21a250abcaf629edf1b0
images_OBJ067/OBJ067_0022.jpg,OBJ067,Men's Wallet,object,.jpg,81cd69c482bb8140047148f3edaf6986
images_OBJ067/OBJ067_0023.jpg,OBJ067,Men's Wallet,object,.jpg,b0e1c6cf55f30a7d768fadce890e4d7c
images_OBJ067/OBJ067_0024.jpg,OBJ067,Men's Wallet,object,.jpg,986a78073ec19bd34dc639cedfdcdcf6
images_OBJ067/OBJ067_0025.jpg,OBJ067,Men's Wallet,object,.jpg,d3b0ce7d24b50e7f344a44e9d1ec7b50
images_OBJ067/OBJ067_0026.jpg,OBJ067,Men's Wallet,object,.jpg,7fc35a5375b28d0b0364e141d147dd30
images_OBJ067/OBJ067_0027.jpg,OBJ067,Men's Wallet,object,.jpg,747280f33fbd3868b73458d0f7fa1923
images_OBJ067/OBJ067_0028.jpg,OBJ067,Men's Wallet,object,.jpg,9df848fdcf6565e79c5b770914ae1436
images_OBJ067/OBJ067_0029.jpg,OBJ067,Men's Wallet,object,.jpg,ecad27caaef2a4decd914a937d9ffc20
images_OBJ067/OBJ067_0030.jpg,OBJ067,Men's Wallet,object,.jpg,b43e7423ee6e3c21da171dba419bc2a1
images_OBJ067/OBJ067_0031.jpg,OBJ067,Men's Wallet,object,.jpg,60f6a238c1c742048604681ba92b0ccf
images_OBJ067/OBJ067_0032.jpg,OBJ067,Men's Wallet,object,.jpg,1b0f2923203c1a0cce2d0b9c2122833e
images_OBJ067/OBJ067_0033.jpg,OBJ067,Men's Wallet,object,.jpg,6ac6516d5e96fd0641a97cbeabd52a3b
images_OBJ067/OBJ067_0034.jpg,OBJ067,Men's Wallet,object,.jpg,371b70cb58bc810e78356e8560e55938
images_OBJ067/OBJ067_0035.jpg,OBJ067,Men's Wallet,object,.jpg,d8a2da7da11a7b6c56fab7d0ace392b9
images_OBJ067/OBJ067_0036.jpg,OBJ067,Men's Wallet,object,.jpg,f93aa1e4315609659b0937faefc00895
images_OBJ067/OBJ067_0037.jpg,OBJ067,Men's Wallet,object,.jpg,86f5ad1ebc70fc8f0faf36683f0921f5
images_OBJ067/OBJ067_0038.jpg,OBJ067,Men's Wallet,object,.jpg,efe132b2391cb95ed521153c6be7bebe
images_OBJ067/OBJ067_0039.jpg,OBJ067,Men's Wallet,object,.jpg,a3e2ee88fc72b6dc6a4ace351eb85039
images_OBJ067/OBJ067_0040.jpg,OBJ067,Men's Wallet,object,.jpg,0f3141f57715771a65c2309a1d80120c
images_OBJ067/OBJ067_0041.jpg,OBJ067,Men's Wallet,object,.jpg,91e6ea55358aed2689ae3ee1b4f8d18d
images_OBJ067/OBJ067_0042.jpg,OBJ067,Men's Wallet,object,.jpg,d9a78b2afe51b8eed3e51fa496774395
images_OBJ067/OBJ067_0043.jpg,OBJ067,Men's Wallet,object,.jpg,796ff1b583c7141ce31a7c195ff7ff9b
images_OBJ067/OBJ067_0044.jpg,OBJ067,Men's Wallet,object,.jpg,2cbf47b03526d36a4a39fd385ba332a2
images_OBJ067/OBJ067_0045.jpg,OBJ067,Men's Wallet,object,.jpg,062bad6b7e71d9a79368a605d42e33ab
images_OBJ067/OBJ067_0046.jpg,OBJ067,Men's Wallet,object,.jpg,f7550796a485aad6c0d91e21f6d14ff3
images_OBJ067/OBJ067_0047.jpg,OBJ067,Men's Wallet,object,.jpg,dfa89a229146e81677edb3262986e1bf
images_OBJ067/OBJ067_0048.jpg,OBJ067,Men's Wallet,object,.jpg,25f9bdf4f490d847ea60644b6ac71330
images_OBJ067/OBJ067_0049.jpg,OBJ067,Men's Wallet,object,.jpg,fb8ae81cfcc9bd1416d7b5cfb05acb2d
images_OBJ067/OBJ067_0050.jpg,OBJ067,Men's Wallet,object,.jpg,2333003777823411143ff42851f291ae
images_OBJ067/OBJ067_0051.jpg,OBJ067,Men's Wallet,object,.jpg,9a7a589f06f1fe12d996427f9e77c1bf
images_OBJ067/OBJ067_0052.jpg,OBJ067,Men's Wallet,object,.jpg,da26924a8e279b6f2c994b1a98b2060a
images_OBJ067/OBJ067_0053.jpg,OBJ067,Men's Wallet,object,.jpg,dfe76b4d3d50335270317d0cbfc1e4b9
images_OBJ067/OBJ067_0054.jpg,OBJ067,Men's Wallet,object,.jpg,e9ff92e6d0819e4ac8aa3d02445bb15c
images_OBJ067/OBJ067_0055.jpg,OBJ067,Men's Wallet,object,.jpg,b8ea1959f762e44f9b5969b795ee73d6
images_OBJ067/OBJ067_0056.jpg,OBJ067,Men's Wallet,object,.jpg,fabec2a5aafb574e4f6669508b00f030
images_OBJ067/OBJ067_0057.jpg,OBJ067,Men's Wallet,object,.jpg,88c4914280174ed01d49c752ca50b182
images_OBJ067/OBJ067_0058.jpg,OBJ067,Men's Wallet,object,.jpg,d7c68835686515150d74e892216c4133
images_OBJ067/OBJ067_0059.jpg,OBJ067,Men's Wallet,object,.jpg,9dc366b9fbdf272212d9b16cb356ef3d
images_OBJ067/OBJ067_0060.jpg,OBJ067,Men's Wallet,object,.jpg,521f4bb4b55a5df7d0ccdf8fdda37f3f
images_OBJ067/OBJ067_0061.jpg,OBJ067,Men's Wallet,object,.jpg,31922535540fa2f698d2c3eb9c4cefb9
images_OBJ067/OBJ067_0062.jpg,OBJ067,Men's Wallet,object,.jpg,dbcc89b458dc46104ca9955276845120
images_OBJ067/OBJ067_0063.jpg,OBJ067,Men's Wallet,object,.jpg,e765b6107844790910e9ec6355bd7b16
images_OBJ067/OBJ067_0064.jpg,OBJ067,Men's Wallet,object,.jpg,d57c26db986745f061cee0be268198a9
images_OBJ067/OBJ067_0065.jpg,OBJ067,Men's Wallet,object,.jpg,06ad83d89d67e1fb79229fa034ab8e89
images_OBJ067/OBJ067_0066.jpg,OBJ067,Men's Wallet,object,.jpg,ecdcd950c89a063948d4210aa3b0c9c1
images_OBJ067/OBJ067_0067.jpg,OBJ067,Men's Wallet,object,.jpg,38690442b2f3da6b824bdc8593b2b4f0
images_OBJ067/OBJ067_0068.jpg,OBJ067,Men's Wallet,object,.jpg,0f861e46093dd16fc7423e1c8493b47b
images_OBJ067/OBJ067_0069.jpg,OBJ067,Men's Wallet,object,.jpg,ed43ef547e96d3d76b5e2f77835197ef
images_OBJ067/OBJ067_0070.jpg,OBJ067,Men's Wallet,object,.jpg,cdd6fb3ea6add473feb4101e2fdbfaf5
images_OBJ067/OBJ067_0071.jpg,OBJ067,Men's Wallet,object,.jpg,57fe49ac65d03dfa24c8ba121c3972b4
images_OBJ067/OBJ067_0072.jpg,OBJ067,Men's Wallet,object,.jpg,f943f75e6977518ea45d93de916e01d3
images_OBJ067/OBJ067_0073.jpg,OBJ067,Men's Wallet,object,.jpg,658e499409299cbf113d2a193f4f7180
images_OBJ067/OBJ067_0074.jpg,OBJ067,Men's Wallet,object,.jpg,a5d3d001867698475901bbd935bf0f36
images_OBJ067/OBJ067_0075.jpg,OBJ067,Men's Wallet,object,.jpg,a5ee8429a1799a11c523dc934c7cb669
images_OBJ067/OBJ067_0076.jpg,OBJ067,Men's Wallet,object,.jpg,3f285ee432364a00a228f41651982eb8
images_OBJ067/OBJ067_0077.jpg,OBJ067,Men's Wallet,object,.jpg,e2c812014fc6f218fa82a54778ce63d0
images_OBJ067/OBJ067_0078.jpg,OBJ067,Men's Wallet,object,.jpg,42fe352d9f20981a6685068e75f9801d
images_OBJ067/OBJ067_0079.jpg,OBJ067,Men's Wallet,object,.jpg,7a4929d3771836be41bcc38f1531302b
images_OBJ067/OBJ067_0080.jpg,OBJ067,Men's Wallet,object,.jpg,b5dafae4494f0066821a00e29e148a39
images_OBJ067/OBJ067_0081.jpg,OBJ067,Men's Wallet,object,.jpg,eaaa980394263afcac16c539ceb7e062
images_OBJ067/OBJ067_0082.jpg,OBJ067,Men's Wallet,object,.jpg,8e19313d95e69664b61c4a844a19c9e8
images_OBJ067/OBJ067_0083.jpg,OBJ067,Men's Wallet,object,.jpg,f6111081d89885948fe85a8e7d642be5
images_OBJ067/OBJ067_0084.jpg,OBJ067,Men's Wallet,object,.jpg,5600ee2bd04fb309238e23739d156b59
images_OBJ067/OBJ067_0085.jpg,OBJ067,Men's Wallet,object,.jpg,c341e95a1c2e77657593ce327ef4b30b
images_OBJ067/OBJ067_0086.jpg,OBJ067,Men's Wallet,object,.jpg,52048dc712b06427dd608c4878979a60
images_OBJ067/OBJ067_0087.jpg,OBJ067,Men's Wallet,object,.jpg,39d8c600f06b74836c6a6f1cee6d2d4b
images_OBJ067/OBJ067_0088.jpg,OBJ067,Men's Wallet,object,.jpg,02e280fd084ca92c87b670dfd1f97922
images_OBJ067/OBJ067_0089.jpg,OBJ067,Men's Wallet,object,.jpg,48b467d56793e41bffaca293a5600e05
images_OBJ067/OBJ067_0090.jpg,OBJ067,Men's Wallet,object,.jpg,fcfd4a2e811b8a50d0370be5b0445c2f
images_OBJ067/OBJ067_0091.jpg,OBJ067,Men's Wallet,object,.jpg,1a784b6441883d9b2548b2d7d9415ede
images_OBJ067/OBJ067_0092.jpg,OBJ067,Men's Wallet,object,.jpg,61d258edac9a3833d0dfdd7a43e3e201
images_OBJ067/OBJ067_0093.jpg,OBJ067,Men's Wallet,object,.jpg,5b02957c18d6158dba8ae79f870330be
images_OBJ067/OBJ067_0094.jpg,OBJ067,Men's Wallet,object,.jpg,bb8055e87f84eaeefa2590c90ca41105
images_OBJ067/OBJ067_0095.jpg,OBJ067,Men's Wallet,object,.jpg,5b06dd838789af532b4ec79b5601f086
images_OBJ067/OBJ067_bg_001.jpeg,OBJ067,Men's Wallet,background,.jpeg,327f9bccb5cc3c8b877abd8baa1a9e57
images_OBJ067/OBJ067_bg_002.jpeg,OBJ067,Men's Wallet,background,.jpeg,327f9bccb5cc3c8b877abd8baa1a9e57
images_OBJ067/OBJ067_bg_003.jpeg,OBJ067,Men's Wallet,background,.jpeg,98fba9da8f98c7f9e8b000c78c4421bb
images_OBJ067/OBJ067_bg_004.jpeg,OBJ067,Men's Wallet,background,.jpeg,85a861434fb151910308667bbf938c7f
images_OBJ067/OBJ067_bg_005.jpeg,OBJ067,Men's Wallet,background,.jpeg,995a1a15d38fddc468a7e88a544a0c22
images_OBJ068/OBJ068_001.jpg,OBJ068,Neck Pillow,object,.jpg,32bc420cef4394a43cd510304bbcd250
images_OBJ068/OBJ068_002.jpg,OBJ068,Neck Pillow,object,.jpg,bc0034a8d47ec3c699e16d5b88d24e57
images_OBJ068/OBJ068_003.jpg,OBJ068,Neck Pillow,object,.jpg,5aee46cd6a085659449beae161ad6cbf
images_OBJ068/OBJ068_004.jpg,OBJ068,Neck Pillow,object,.jpg,ed8faa045f8a6cf8c5eeb799153c44b0
images_OBJ068/OBJ068_005.jpg,OBJ068,Neck Pillow,object,.jpg,893051f7269a1602244101c69d509c7b
images_OBJ068/OBJ068_006.jpg,OBJ068,Neck Pillow,object,.jpg,64e08895bfda89dcf2fc05c27532d0ed
images_OBJ068/OBJ068_007.jpg,OBJ068,Neck Pillow,object,.jpg,5e3f4161e19b0b700456b0c7a1dc4f9c
images_OBJ068/OBJ068_008.jpg,OBJ068,Neck Pillow,object,.jpg,7b6f8d126d6bd9661b1cdecd3c3e9fac
images_OBJ068/OBJ068_009.jpg,OBJ068,Neck Pillow,object,.jpg,bfb03680bc0d413decf366c78d89b110
images_OBJ068/OBJ068_010.jpg,OBJ068,Neck Pillow,object,.jpg,7cf05026dcca031d2809053a29089f00
images_OBJ068/OBJ068_011.jpg,OBJ068,Neck Pillow,object,.jpg,009de50e0737d56586b04633bb7082b4
images_OBJ068/OBJ068_012.jpg,OBJ068,Neck Pillow,object,.jpg,92801319f60e92540a213b27dcd020d3
images_OBJ068/OBJ068_013.jpg,OBJ068,Neck Pillow,object,.jpg,23f0551ee9a75f53c7b985dea1620e26
images_OBJ068/OBJ068_014.jpg,OBJ068,Neck Pillow,object,.jpg,ccf7353139ca80ec938441d096e2fa5b
images_OBJ068/OBJ068_015.jpg,OBJ068,Neck Pillow,object,.jpg,e4fe2d86a694a1da8057b7643dd74880
images_OBJ068/OBJ068_016.jpg,OBJ068,Neck Pillow,object,.jpg,4ffd930db78dafc3fa8d004b136b2cf6
images_OBJ068/OBJ068_017.jpg,OBJ068,Neck Pillow,object,.jpg,59e8364f9ba25f6a63f83fe0abe6fe03
images_OBJ068/OBJ068_018.jpg,OBJ068,Neck Pillow,object,.jpg,fc5aa634c52f4b5503f952b803e03e66
images_OBJ068/OBJ068_019.jpg,OBJ068,Neck Pillow,object,.jpg,6f90bc8e423b226a909c60696fa74999
images_OBJ068/OBJ068_020.jpg,OBJ068,Neck Pillow,object,.jpg,e83bb1d4b06e67efc6201530d5a099e0
images_OBJ068/OBJ068_021.jpg,OBJ068,Neck Pillow,object,.jpg,5b73a748429ff3196dcc6500f21f7f80
images_OBJ068/OBJ068_022.jpg,OBJ068,Neck Pillow,object,.jpg,9213febccad1da4b1a3a2762aef0af46
images_OBJ068/OBJ068_023.jpg,OBJ068,Neck Pillow,object,.jpg,e7ceda78cd11f16e50960c21e08fe1cd
images_OBJ068/OBJ068_024.jpg,OBJ068,Neck Pillow,object,.jpg,dc26923086721014eabd8e352f5cf6ef
images_OBJ068/OBJ068_025.jpg,OBJ068,Neck Pillow,object,.jpg,14f42d0cbde4b991b6ef63794d658141
images_OBJ068/OBJ068_026.jpg,OBJ068,Neck Pillow,object,.jpg,6bb9d0dbb1bb974c2dae7bf6f3d8cdd2
images_OBJ068/OBJ068_027.jpg,OBJ068,Neck Pillow,object,.jpg,6b314bf87f206c8ef63dc932e66ca0c8
images_OBJ068/OBJ068_028.jpg,OBJ068,Neck Pillow,object,.jpg,fcb56ed2777668edb2fca0b36e1dce2c
images_OBJ068/OBJ068_029.jpg,OBJ068,Neck Pillow,object,.jpg,1c80aac8556555f7fcffe608f7e77f80
images_OBJ068/OBJ068_030.jpg,OBJ068,Neck Pillow,object,.jpg,dc44c2b2a1c2b515879abaf11394419a
images_OBJ068/OBJ068_031.jpg,OBJ068,Neck Pillow,object,.jpg,631466f462d760b693f6d2b243cd410c
images_OBJ068/OBJ068_032.jpg,OBJ068,Neck Pillow,object,.jpg,4f2f6e36a5464c1fb1ac494ce1e3f8a9
images_OBJ068/OBJ068_033.jpg,OBJ068,Neck Pillow,object,.jpg,21e0f6965893641de0a2302146165bed
images_OBJ068/OBJ068_034.jpg,OBJ068,Neck Pillow,object,.jpg,a037fd6d124ed74976e61baad141d9a1
images_OBJ068/OBJ068_035.jpg,OBJ068,Neck Pillow,object,.jpg,8d46fedadfd082a5e131d12b8789a001
images_OBJ068/OBJ068_036.jpg,OBJ068,Neck Pillow,object,.jpg,2b4ab1a12571f62302ecc54e3aacdd47
images_OBJ068/OBJ068_037.jpg,OBJ068,Neck Pillow,object,.jpg,56b8d4ec7545d5ebac82cefe8207f1e5
images_OBJ068/OBJ068_038.jpg,OBJ068,Neck Pillow,object,.jpg,d15eeb0c9816d5649121a49bd5c50e35
images_OBJ068/OBJ068_039.jpg,OBJ068,Neck Pillow,object,.jpg,6551e9bae489d39cee464cf55cd6a969
images_OBJ068/OBJ068_040.jpg,OBJ068,Neck Pillow,object,.jpg,2cc7e77b25c4f4cd4b3aadfd09af0fcf
images_OBJ068/OBJ068_041.jpg,OBJ068,Neck Pillow,object,.jpg,b608862ac3cf890cb882b6a7a5517dbb
images_OBJ068/OBJ068_042.jpg,OBJ068,Neck Pillow,object,.jpg,df25dae1e0ca3f4b5eae121edd46544e
images_OBJ068/OBJ068_043.jpg,OBJ068,Neck Pillow,object,.jpg,a0ea886b6cb5b5f533a791e0cd096e9b
images_OBJ068/OBJ068_044.jpg,OBJ068,Neck Pillow,object,.jpg,30de5bb7f2dd13221a41a6034d36986e
images_OBJ068/OBJ068_045.jpg,OBJ068,Neck Pillow,object,.jpg,0b792e7e1ee2ac47bbcf6657f3212c43
images_OBJ068/OBJ068_046.jpg,OBJ068,Neck Pillow,object,.jpg,e1651df55ba1cc530c824fdafee6b38b
images_OBJ068/OBJ068_047.jpg,OBJ068,Neck Pillow,object,.jpg,aa22222dc08b70e5ddff2eb20775afb5
images_OBJ068/OBJ068_048.jpg,OBJ068,Neck Pillow,object,.jpg,86d6428cbdb93007f19c9d19c04edd81
images_OBJ068/OBJ068_049.jpg,OBJ068,Neck Pillow,object,.jpg,e05b92e47dacba18b145230245b633da
images_OBJ068/OBJ068_050.jpg,OBJ068,Neck Pillow,object,.jpg,6fa5e5c34afe549ad4bde7d74433f5de
images_OBJ068/OBJ068_051.jpg,OBJ068,Neck Pillow,object,.jpg,b5690e5d2cc67fefb91522a30106abdc
images_OBJ068/OBJ068_052.jpg,OBJ068,Neck Pillow,object,.jpg,d9376f0feb47a3c11b3958f7734323f6
images_OBJ068/OBJ068_053.jpg,OBJ068,Neck Pillow,object,.jpg,5bb22b6219c369eae678aee921d2c0d1
images_OBJ068/OBJ068_054.jpg,OBJ068,Neck Pillow,object,.jpg,0c525984148e419939b34e21d5dba8ac
images_OBJ068/OBJ068_055.jpg,OBJ068,Neck Pillow,object,.jpg,929fc428be98cf9bc980b8e8962b24db
images_OBJ068/OBJ068_056.jpg,OBJ068,Neck Pillow,object,.jpg,53526385235d710b0fbc68f16d0fdcb4
images_OBJ068/OBJ068_057.jpg,OBJ068,Neck Pillow,object,.jpg,b3c0be186a2336f1dad6fdae89d1b815
images_OBJ068/OBJ068_058.jpg,OBJ068,Neck Pillow,object,.jpg,aaa9bc117bbceb8985b012191adab32c
images_OBJ068/OBJ068_059.jpg,OBJ068,Neck Pillow,object,.jpg,edece31963104bb36fd3ae2990ca72f5
images_OBJ068/OBJ068_060.jpg,OBJ068,Neck Pillow,object,.jpg,6cb0d0748c6da40e4c2b14be49cbe8af
images_OBJ068/OBJ068_061.jpg,OBJ068,Neck Pillow,object,.jpg,df91006a824a94e62ace48e22eaeebb5
images_OBJ068/OBJ068_062.jpg,OBJ068,Neck Pillow,object,.jpg,1c583b97e22c52dc5ff2c23569bf0858
images_OBJ068/OBJ068_063.jpg,OBJ068,Neck Pillow,object,.jpg,d86f2d7f17c217aca3fd4826bef3eee4
images_OBJ068/OBJ068_064.jpg,OBJ068,Neck Pillow,object,.jpg,5bac702dfcb61fef597620a368207278
images_OBJ068/OBJ068_065.jpg,OBJ068,Neck Pillow,object,.jpg,d0d3c8aaaba6534ffa72a9d1ccb7ecfc
images_OBJ068/OBJ068_066.jpg,OBJ068,Neck Pillow,object,.jpg,f55be3b0e9c813ac46f039359cf32d21
images_OBJ068/OBJ068_067.jpg,OBJ068,Neck Pillow,object,.jpg,608e3880808716fb7cec8c589a78b13d
images_OBJ068/OBJ068_068.jpg,OBJ068,Neck Pillow,object,.jpg,9a05180fb48e18ec9ed8975f3a3db01a
images_OBJ068/OBJ068_069.jpg,OBJ068,Neck Pillow,object,.jpg,b3efdddc756dc097e273e707c65ae0b4
images_OBJ068/OBJ068_070.jpg,OBJ068,Neck Pillow,object,.jpg,7d5579b56b5441bfbe5883e2bd2e725b
images_OBJ068/OBJ068_071.jpg,OBJ068,Neck Pillow,object,.jpg,fe24311369a89f0f7ffe3a8cebc39e79
images_OBJ068/OBJ068_072.jpg,OBJ068,Neck Pillow,object,.jpg,5722acc9a154d991641b1c8c560258e5
images_OBJ068/OBJ068_073.jpg,OBJ068,Neck Pillow,object,.jpg,9bf828b41421854cf7e08d0ba8b2b103
images_OBJ068/OBJ068_074.jpg,OBJ068,Neck Pillow,object,.jpg,f352188e132fb9c63c2befe58eecdf12
images_OBJ068/OBJ068_075.jpg,OBJ068,Neck Pillow,object,.jpg,dc78b00d2fe64e2035bf41c140ad477c
images_OBJ068/OBJ068_076.jpg,OBJ068,Neck Pillow,object,.jpg,8990e215d478c572a4d973b27f8db2f9
images_OBJ068/OBJ068_077.jpg,OBJ068,Neck Pillow,object,.jpg,bbd11471958a32f29801d1120064e92f
images_OBJ068/OBJ068_078.jpg,OBJ068,Neck Pillow,object,.jpg,664059da8a3cd495978b576ee29dba4e
images_OBJ068/OBJ068_079.jpg,OBJ068,Neck Pillow,object,.jpg,5ee29c9200593114faeae32a40f2e0cf
images_OBJ068/OBJ068_080.jpg,OBJ068,Neck Pillow,object,.jpg,05d0a8dc50ac37c35c7d9a0eb141a47f
images_OBJ068/OBJ068_081.jpg,OBJ068,Neck Pillow,object,.jpg,94552e834a8522a24c161093032cf1b3
images_OBJ068/OBJ068_082.jpg,OBJ068,Neck Pillow,object,.jpg,0af63a6074f6d1acde7ed77f57a8e7be
images_OBJ068/OBJ068_083.jpg,OBJ068,Neck Pillow,object,.jpg,87b676582e98d1a25e2c57aecdb8dffe
images_OBJ068/OBJ068_084.jpg,OBJ068,Neck Pillow,object,.jpg,f16e5fbdb1dbae3d50ff36c2918b965f
images_OBJ068/OBJ068_085.jpg,OBJ068,Neck Pillow,object,.jpg,51f5e086d3fdbb4b3be276d219e65eb0
images_OBJ068/OBJ068_086.jpg,OBJ068,Neck Pillow,object,.jpg,4f764c9987de1be8c1c866cf8b180485
images_OBJ068/OBJ068_087.jpg,OBJ068,Neck Pillow,object,.jpg,8db402e54d486bb128aaa395aa82d98d
images_OBJ068/OBJ068_088.jpg,OBJ068,Neck Pillow,object,.jpg,a2cfa6130a86095063b79bcff6a6b7ff
images_OBJ068/OBJ068_089.jpg,OBJ068,Neck Pillow,object,.jpg,8bcc23f211f844bde7e4d722331dc125
images_OBJ068/OBJ068_090.jpg,OBJ068,Neck Pillow,object,.jpg,6f463eac1c6b0d98d8f707f1cf4455b7
images_OBJ068/OBJ068_091.jpg,OBJ068,Neck Pillow,object,.jpg,00709f5d24c7ea746356ba36232092bc
images_OBJ068/OBJ068_092.jpg,OBJ068,Neck Pillow,object,.jpg,d593ec4618f73c610eacb2265cb39ff3
images_OBJ068/OBJ068_093.jpg,OBJ068,Neck Pillow,object,.jpg,72d6e6b160ca7d237aa2db6179b666e5
images_OBJ068/OBJ068_094.jpg,OBJ068,Neck Pillow,object,.jpg,0d6f6c57745b4e2788abd61d9d6f86d7
images_OBJ068/OBJ068_095.jpg,OBJ068,Neck Pillow,object,.jpg,31265d0c83c0f6e14f1adad3285cded8
images_OBJ068/OBJ068_bg_001.jpg,OBJ068,Neck Pillow,background,.jpg,83abed650fd68d13262656136ce9d21f
images_OBJ068/OBJ068_bg_002.jpg,OBJ068,Neck Pillow,background,.jpg,a1fc3de44dd584b852323f32831cf28f
images_OBJ068/OBJ068_bg_003.jpg,OBJ068,Neck Pillow,background,.jpg,612fcbcdbbdc0d9ca08be3f04eb6e95b
images_OBJ068/OBJ068_bg_004.jpg,OBJ068,Neck Pillow,background,.jpg,d2aa99fb6e79e3cd2c200f0e4637bb25
images_OBJ068/OBJ068_bg_005.jpg,OBJ068,Neck Pillow,background,.jpg,1f734be0698f59ba16a8b24838beb808
images_OBJ069/OBJ069_001.jpg,OBJ069,Knife,object,.jpg,cccbf54e07c5df7180f65cf2313c1449
images_OBJ069/OBJ069_002.jpg,OBJ069,Knife,object,.jpg,d35bf16c3519722d09498eb1ebb4d7e5
images_OBJ069/OBJ069_003.jpg,OBJ069,Knife,object,.jpg,11b21240a6a2cefdbad7b8e7c7b3710d
images_OBJ069/OBJ069_004.jpg,OBJ069,Knife,object,.jpg,8378c22032ee1c8430e34303c73badd1
images_OBJ069/OBJ069_005.jpg,OBJ069,Knife,object,.jpg,4468fe684e669488bb12738636b8ea1c
images_OBJ069/OBJ069_006.jpg,OBJ069,Knife,object,.jpg,b0f8253809915cc97820e36ea926913a
images_OBJ069/OBJ069_007.jpg,OBJ069,Knife,object,.jpg,4630ca3477dc6fd18e642c0f187c5331
images_OBJ069/OBJ069_008.jpg,OBJ069,Knife,object,.jpg,d5bd97f57f936105f53433c0b3e3aa9b
images_OBJ069/OBJ069_009.jpg,OBJ069,Knife,object,.jpg,8f7a36b13e68780479206dd29381ac7b
images_OBJ069/OBJ069_010.jpg,OBJ069,Knife,object,.jpg,c211a03b1a527603b05393b03e4f2c34
images_OBJ069/OBJ069_011.jpg,OBJ069,Knife,object,.jpg,ef1f7df463a13a58d620c464fd06292e
images_OBJ069/OBJ069_012.jpg,OBJ069,Knife,object,.jpg,343adc918a90bb33b13ea7b0aa49f545
images_OBJ069/OBJ069_013.jpg,OBJ069,Knife,object,.jpg,54181ba53bfc381283529e6ca38b1235
images_OBJ069/OBJ069_014.jpg,OBJ069,Knife,object,.jpg,0305a81ef6b0aa2ca28b926349d1e3c9
images_OBJ069/OBJ069_015.jpg,OBJ069,Knife,object,.jpg,d604b6eae99e2a9c8843d76de78ea541
images_OBJ069/OBJ069_016.jpg,OBJ069,Knife,object,.jpg,9f50954cd988344d184320de55501352
images_OBJ069/OBJ069_017.jpg,OBJ069,Knife,object,.jpg,809d7935426db802717ec0a9482b840a
images_OBJ069/OBJ069_018.jpg,OBJ069,Knife,object,.jpg,0b48ab134a0a3e7a56d11154285068cd
images_OBJ069/OBJ069_019.jpg,OBJ069,Knife,object,.jpg,81e5645dfe5877d66f1628ddf7a66ee8
images_OBJ069/OBJ069_020.jpg,OBJ069,Knife,object,.jpg,5184bc769d5ad82c31f05aa972e1a84e
images_OBJ069/OBJ069_021.jpg,OBJ069,Knife,object,.jpg,a4c31898ba0730d3ff4af84ec2faf735
images_OBJ069/OBJ069_022.jpg,OBJ069,Knife,object,.jpg,4123ae79f806a0f3bffbd100e589ead3
images_OBJ069/OBJ069_023.jpg,OBJ069,Knife,object,.jpg,2eaee78d7a998f260c913004bcd5190b
images_OBJ069/OBJ069_024.jpg,OBJ069,Knife,object,.jpg,6d221502d89f0eafa6815bfce43f632f
images_OBJ069/OBJ069_025.jpg,OBJ069,Knife,object,.jpg,d32f32db4e4e65f98b47045cc47c0b95
images_OBJ069/OBJ069_026.jpg,OBJ069,Knife,object,.jpg,0cb118f533ab61740678081524148bb6
images_OBJ069/OBJ069_027.jpg,OBJ069,Knife,object,.jpg,e99848712bad2d47c8b3a8ac1807df83
images_OBJ069/OBJ069_028.jpg,OBJ069,Knife,object,.jpg,73b599bcc7568a6772ef5cfc2513acea
images_OBJ069/OBJ069_029.jpg,OBJ069,Knife,object,.jpg,1991dbfd5af5a09ccbbb2ef9e715e32d
images_OBJ069/OBJ069_030.jpg,OBJ069,Knife,object,.jpg,d4e24412201751c98b16da362950027d
images_OBJ069/OBJ069_031.jpg,OBJ069,Knife,object,.jpg,14c13c6549778acea2021e1ef597c0fc
images_OBJ069/OBJ069_032.jpg,OBJ069,Knife,object,.jpg,6b0b6dfa629a7e229e9a82a34e1bfc76
images_OBJ069/OBJ069_033.jpg,OBJ069,Knife,object,.jpg,34277bbbabf80b586a554dd75bf4c000
images_OBJ069/OBJ069_034.jpg,OBJ069,Knife,object,.jpg,5143855349998edc447afb0853d367b8
images_OBJ069/OBJ069_035.jpg,OBJ069,Knife,object,.jpg,ca0eeec5f4f706f927ca0a3a4172d137
images_OBJ069/OBJ069_036.jpg,OBJ069,Knife,object,.jpg,58300d4084471ce6bd7b95788723a041
images_OBJ069/OBJ069_037.jpg,OBJ069,Knife,object,.jpg,85f79e71533eade5fab723822f339085
images_OBJ069/OBJ069_038.jpg,OBJ069,Knife,object,.jpg,3fc0a3b61190e9d244ff9f6108f39ac2
images_OBJ069/OBJ069_039.jpg,OBJ069,Knife,object,.jpg,1d5bbd9f42d0b8551a0cf741bcb87441
images_OBJ069/OBJ069_040.jpg,OBJ069,Knife,object,.jpg,a532fe0a3d1d8143983b55fdd4e2065d
images_OBJ069/OBJ069_041.jpg,OBJ069,Knife,object,.jpg,e6725d594663b5953c6d6513c3080f59
images_OBJ069/OBJ069_042.jpg,OBJ069,Knife,object,.jpg,d91e27290a981c4abf21a7a5754f333b
images_OBJ069/OBJ069_043.jpg,OBJ069,Knife,object,.jpg,8d96035dec7764e609301f0b8f3fda97
images_OBJ069/OBJ069_044.jpg,OBJ069,Knife,object,.jpg,abc996a82bce512b5a9a48d1fba94fba
images_OBJ069/OBJ069_045.jpg,OBJ069,Knife,object,.jpg,8239b56adc9e952164c525b61b317e14
images_OBJ069/OBJ069_046.jpg,OBJ069,Knife,object,.jpg,8f414c1896546e90e57c7131af8d2349
images_OBJ069/OBJ069_047.jpg,OBJ069,Knife,object,.jpg,5387971415ce868bccd511325c0dc1bb
images_OBJ069/OBJ069_048.jpg,OBJ069,Knife,object,.jpg,9f1057ea9f54c6d3e2a07031d14cfb33
images_OBJ069/OBJ069_049.jpg,OBJ069,Knife,object,.jpg,caf90237f7e6754f1bcc521e647df517
images_OBJ069/OBJ069_050.jpg,OBJ069,Knife,object,.jpg,5e506b51048ec0aa5244e3ad7f9799ab
images_OBJ069/OBJ069_051.jpg,OBJ069,Knife,object,.jpg,d6e150d4a2d4a8575c75cd36b335e0a3
images_OBJ069/OBJ069_052.jpg,OBJ069,Knife,object,.jpg,811d0155fdeb771c0511093a43200720
images_OBJ069/OBJ069_053.jpg,OBJ069,Knife,object,.jpg,8757c1f9a940599aff4cd41ca98fae40
images_OBJ069/OBJ069_054.jpg,OBJ069,Knife,object,.jpg,eafe9e76776fcb32c895d11c95ded721
images_OBJ069/OBJ069_055.jpg,OBJ069,Knife,object,.jpg,2ea8fd726d5363aa6364f4abcb89c3f9
images_OBJ069/OBJ069_056.jpg,OBJ069,Knife,object,.jpg,d3992f4b7634edbbaaf46a5b1ed524c7
images_OBJ069/OBJ069_057.jpg,OBJ069,Knife,object,.jpg,9c7dd70683467f5f4a2d214224255d78
images_OBJ069/OBJ069_058.jpg,OBJ069,Knife,object,.jpg,a6f3bb17e3873c941f748b6f485e09db
images_OBJ069/OBJ069_059.jpg,OBJ069,Knife,object,.jpg,8ed2f434f3702b785f756fa247d29542
images_OBJ069/OBJ069_060.jpg,OBJ069,Knife,object,.jpg,bf705d67b7d72a551b79e3d37b40f653
images_OBJ069/OBJ069_061.jpg,OBJ069,Knife,object,.jpg,8cccb96b572a3053a1b66ce2bb37be6c
images_OBJ069/OBJ069_062.jpg,OBJ069,Knife,object,.jpg,7810c711b994dd384edbd938549b5b3b
images_OBJ069/OBJ069_063.jpg,OBJ069,Knife,object,.jpg,288d0d160ce7652467e1bbcc1ee52a3a
images_OBJ069/OBJ069_064.jpg,OBJ069,Knife,object,.jpg,1a0daa1cc47d90891723f14840f86543
images_OBJ069/OBJ069_065.jpg,OBJ069,Knife,object,.jpg,16a6ca06726322fb9f9d7c4cb1fdf50b
images_OBJ069/OBJ069_066.jpg,OBJ069,Knife,object,.jpg,a9547c30bb74d5c58fbcc333b6141191
images_OBJ069/OBJ069_067.jpg,OBJ069,Knife,object,.jpg,d547e454fef25492bb24586cfa5ef637
images_OBJ069/OBJ069_068.jpg,OBJ069,Knife,object,.jpg,7319e62808a71de4dd57f771def92bf4
images_OBJ069/OBJ069_069.jpg,OBJ069,Knife,object,.jpg,5c752882f94bbd2b74e65f741a170b8b
images_OBJ069/OBJ069_070.jpg,OBJ069,Knife,object,.jpg,9be23955a9ae43d517fcba01e391c562
images_OBJ069/OBJ069_071.jpg,OBJ069,Knife,object,.jpg,4f910ec4b6531882e28116673ce886fc
images_OBJ069/OBJ069_072.jpg,OBJ069,Knife,object,.jpg,1dbdeeadd666f7e05d25ecafc534d3bc
images_OBJ069/OBJ069_073.jpg,OBJ069,Knife,object,.jpg,c857a63158b3f642a64b97c1750b4fe8
images_OBJ069/OBJ069_074.jpg,OBJ069,Knife,object,.jpg,9b7b941987839a1bb9cac0c3e866a1d8
images_OBJ069/OBJ069_075.jpg,OBJ069,Knife,object,.jpg,475a256b3780715264203182f5965c11
images_OBJ069/OBJ069_076.jpg,OBJ069,Knife,object,.jpg,9cf7639d6696bd27cf40c55c1b9e6d7b
images_OBJ069/OBJ069_077.jpg,OBJ069,Knife,object,.jpg,13f2f4c7664c87183f4643e88cb8e8c7
images_OBJ069/OBJ069_078.jpg,OBJ069,Knife,object,.jpg,b666dd3ae22ccedb7c4afd4970c61cca
images_OBJ069/OBJ069_079.jpg,OBJ069,Knife,object,.jpg,93b8a5244540881414465d9df35aad85
images_OBJ069/OBJ069_080.jpg,OBJ069,Knife,object,.jpg,571609ef960855d3e86bfeccca1965e3
images_OBJ069/OBJ069_081.jpg,OBJ069,Knife,object,.jpg,b87fe77e6b94877b135f42bf248e910a
images_OBJ069/OBJ069_082.jpg,OBJ069,Knife,object,.jpg,1ac63890f117e7e67a20070e064561db
images_OBJ069/OBJ069_083.jpg,OBJ069,Knife,object,.jpg,d1a1b9ed3a0c8534cdfb86bf4020c1fb
images_OBJ069/OBJ069_084.jpg,OBJ069,Knife,object,.jpg,1b7e8d712bbc58f49171f3890d7c0e49
images_OBJ069/OBJ069_085.jpg,OBJ069,Knife,object,.jpg,80f052cdfd87cf2ab41cfe8683ceeed8
images_OBJ069/OBJ069_086.jpg,OBJ069,Knife,object,.jpg,ab463147574ba23e7f45f4245221c1bc
images_OBJ069/OBJ069_087.jpg,OBJ069,Knife,object,.jpg,50d51674619d17c619638fe836780c51
images_OBJ069/OBJ069_088.jpg,OBJ069,Knife,object,.jpg,e25881ef8fcbdb92e994f319b2b25e0b
images_OBJ069/OBJ069_089.jpg,OBJ069,Knife,object,.jpg,01d9cb8d551fd527ff32eaa22e41e90e
images_OBJ069/OBJ069_090.jpg,OBJ069,Knife,object,.jpg,41aa62bc3826f81581ea452adbdf1f9f
images_OBJ069/OBJ069_091.jpg,OBJ069,Knife,object,.jpg,11e560c5365c0dc015c89387ed47bb91
images_OBJ069/OBJ069_092.jpg,OBJ069,Knife,object,.jpg,db829dfb9df31c7589226106853b0ea4
images_OBJ069/OBJ069_093.jpg,OBJ069,Knife,object,.jpg,70146302ea5762669d01bf0765b3929a
images_OBJ069/OBJ069_bg_001.jpg,OBJ069,Knife,background,.jpg,07988f79a55a1701ab2d57ecae757761
images_OBJ069/OBJ069_bg_002.jpg,OBJ069,Knife,background,.jpg,49d7fff6674e365bd04a39576964448f
images_OBJ069/OBJ069_bg_003.jpg,OBJ069,Knife,background,.jpg,5d047118830fe603a3af0d0f145ea792
images_OBJ069/OBJ069_bg_004.jpg,OBJ069,Knife,background,.jpg,533511127e3acf6c98914bfeb620f9c0
images_OBJ069/OBJ069_bg_005.jpg,OBJ069,Knife,background,.jpg,1922611162d81de7789d80ee2744e687
images_OBJ069/OBJ069_bg_006.jpg,OBJ069,Knife,background,.jpg,4831ba4085a79e5c4157218221697ab4
images_OBJ069/OBJ069_bg_007.jpg,OBJ069,Knife,background,.jpg,b5c474f0c0e9aeb0f9c76b21653527eb
images_OBJ070/OBJ070_001.jpg,OBJ070,Astronaut projector,object,.jpg,b2a751876e8e9b3ccbe094357cf22897
images_OBJ070/OBJ070_002.jpg,OBJ070,Astronaut projector,object,.jpg,ff52c23c5f0cdb00fa905e70d8010b7b
images_OBJ070/OBJ070_003.jpg,OBJ070,Astronaut projector,object,.jpg,b91dd1f8ea2a8b884c45dfbc48741f01
images_OBJ070/OBJ070_004.jpg,OBJ070,Astronaut projector,object,.jpg,b121b68e7a2bd62039d84a2639c9ac90
images_OBJ070/OBJ070_005.jpg,OBJ070,Astronaut projector,object,.jpg,484f9d268b161b7c1214c59656b3d4a8
images_OBJ070/OBJ070_006.jpg,OBJ070,Astronaut projector,object,.jpg,73be21c25877d2b1d009a72a08dc38b1
images_OBJ070/OBJ070_007.jpg,OBJ070,Astronaut projector,object,.jpg,81f4523f1acbe9c90ac4ee0ea1b90595
images_OBJ070/OBJ070_008.jpg,OBJ070,Astronaut projector,object,.jpg,6af339fbb9971572e53b51dc06b29ca3
images_OBJ070/OBJ070_009.jpg,OBJ070,Astronaut projector,object,.jpg,c75232b3d35e3c3c884827da97e9b7ed
images_OBJ070/OBJ070_010.jpg,OBJ070,Astronaut projector,object,.jpg,c28e977ddd865f508d1e8f7699425e13
images_OBJ070/OBJ070_011.jpg,OBJ070,Astronaut projector,object,.jpg,23cabbf9034d1a2a042f76e5e12972bb
images_OBJ070/OBJ070_012.jpg,OBJ070,Astronaut projector,object,.jpg,62492f6a9a863fb904ffc75472818520
images_OBJ070/OBJ070_013.jpg,OBJ070,Astronaut projector,object,.jpg,0dadb93b3116c187931f274916e6aacf
images_OBJ070/OBJ070_014.jpg,OBJ070,Astronaut projector,object,.jpg,2e12805694637d3c8364f9f0fcd08c45
images_OBJ070/OBJ070_015.jpg,OBJ070,Astronaut projector,object,.jpg,aa92491a4628419db73ad7cc3929428a
images_OBJ070/OBJ070_016.jpg,OBJ070,Astronaut projector,object,.jpg,4ba714fa46ddab59b87ccd8eadc7a921
images_OBJ070/OBJ070_017.jpg,OBJ070,Astronaut projector,object,.jpg,26bb31c20faab3d9363c3fae94c5cbc3
images_OBJ070/OBJ070_018.jpg,OBJ070,Astronaut projector,object,.jpg,468e361b6d1ed1051e538fc3e7688910
images_OBJ070/OBJ070_019.jpg,OBJ070,Astronaut projector,object,.jpg,be67cb0405e4690cde9179dd51722af7
images_OBJ070/OBJ070_020.jpg,OBJ070,Astronaut projector,object,.jpg,be00fe54508d9fb195a1d0f51cf09c2c
images_OBJ070/OBJ070_021.jpg,OBJ070,Astronaut projector,object,.jpg,bbde40b2c7f0e2842a1437bf9f048ffd
images_OBJ070/OBJ070_022.jpg,OBJ070,Astronaut projector,object,.jpg,d9c618e7e704f456e207dd3ecce6f4b1
images_OBJ070/OBJ070_023.jpg,OBJ070,Astronaut projector,object,.jpg,7265885e95601b6ba8aa16acbddd4e69
images_OBJ070/OBJ070_024.jpg,OBJ070,Astronaut projector,object,.jpg,4d1f9ae097f3c68829282083da01c1a9
images_OBJ070/OBJ070_025.jpg,OBJ070,Astronaut projector,object,.jpg,8c4a722efa41e56cf40041106a72970d
images_OBJ070/OBJ070_026.jpg,OBJ070,Astronaut projector,object,.jpg,d82fbc5b3f6ae206796a3b134c04e135
images_OBJ070/OBJ070_027.jpg,OBJ070,Astronaut projector,object,.jpg,632ae51178d8b0d2c9c4f123eabae69c
images_OBJ070/OBJ070_028.jpg,OBJ070,Astronaut projector,object,.jpg,a38461b3e665eaf92cae9d724fdd2101
images_OBJ070/OBJ070_029.jpg,OBJ070,Astronaut projector,object,.jpg,efc4e3bf4e061fd52ad63bd67c0e822d
images_OBJ070/OBJ070_030.jpg,OBJ070,Astronaut projector,object,.jpg,c571190fd7951d0818c29f00d68a1fb1
images_OBJ070/OBJ070_031.jpg,OBJ070,Astronaut projector,object,.jpg,ea88b111f70a9ce3fa22f20d9fc0422c
images_OBJ070/OBJ070_032.jpg,OBJ070,Astronaut projector,object,.jpg,4205b6f24cdcc6a25f8f3ed439b3185e
images_OBJ070/OBJ070_033.jpg,OBJ070,Astronaut projector,object,.jpg,db6b54b6d8391201ad0c63091323e57f
images_OBJ070/OBJ070_034.jpg,OBJ070,Astronaut projector,object,.jpg,87b21042198813b8e59e1e1cdd417147
images_OBJ070/OBJ070_035.jpg,OBJ070,Astronaut projector,object,.jpg,6fa2186e4fd973ad46c83ec20bb48f38
images_OBJ070/OBJ070_036.jpg,OBJ070,Astronaut projector,object,.jpg,f419fe7a94339179a1a6526ecedc514f
images_OBJ070/OBJ070_037.jpg,OBJ070,Astronaut projector,object,.jpg,930ee9351c60236b76ec65de814b21f6
images_OBJ070/OBJ070_038.jpg,OBJ070,Astronaut projector,object,.jpg,b4a19d2485601b048fb1473ba9afae2d
images_OBJ070/OBJ070_039.jpg,OBJ070,Astronaut projector,object,.jpg,6657e3db53f3fe7cb7cb1542ba4a275d
images_OBJ070/OBJ070_040.jpg,OBJ070,Astronaut projector,object,.jpg,1edc3ce79720991cf87de90e0a7eb963
images_OBJ070/OBJ070_041.jpg,OBJ070,Astronaut projector,object,.jpg,48b176d67c4847a396edb6036d6f9ddc
images_OBJ070/OBJ070_042.jpg,OBJ070,Astronaut projector,object,.jpg,07687050a4bcb8e911c4b2a9ab87ac23
images_OBJ070/OBJ070_043.jpg,OBJ070,Astronaut projector,object,.jpg,6d648b24c6370d19c6eaf17a01267d40
images_OBJ070/OBJ070_044.jpg,OBJ070,Astronaut projector,object,.jpg,efe2ef9ca262b38b890c55195dc865f3
images_OBJ070/OBJ070_045.jpg,OBJ070,Astronaut projector,object,.jpg,6655ef9f6edbe93ed60b9a59b205e7dd
images_OBJ070/OBJ070_046.jpg,OBJ070,Astronaut projector,object,.jpg,b1b74714bb1d10843345443987d67d80
images_OBJ070/OBJ070_047.jpg,OBJ070,Astronaut projector,object,.jpg,7ae78d15b0f1e5678b3539892d8e61f4
images_OBJ070/OBJ070_048.jpg,OBJ070,Astronaut projector,object,.jpg,88cf5abc0c328d009124f892db0f5afe
images_OBJ070/OBJ070_049.jpg,OBJ070,Astronaut projector,object,.jpg,ef37c81e8c97478aec97f59dc7aaa534
images_OBJ070/OBJ070_050.jpg,OBJ070,Astronaut projector,object,.jpg,74802f64b8929ff4217ace6186c46ce0
images_OBJ070/OBJ070_051.jpg,OBJ070,Astronaut projector,object,.jpg,698e01fb2f9b9fc224dff86a8509ce39
images_OBJ070/OBJ070_052.jpg,OBJ070,Astronaut projector,object,.jpg,326d59cc0816bab9db48d0fcabdd4646
images_OBJ070/OBJ070_053.jpg,OBJ070,Astronaut projector,object,.jpg,b5da8226394c334b1af551e741d2dfec
images_OBJ070/OBJ070_054.jpg,OBJ070,Astronaut projector,object,.jpg,0c1c7d920c2ebc1cb95954220cbf6c25
images_OBJ070/OBJ070_055.jpg,OBJ070,Astronaut projector,object,.jpg,bae238cb8dc8c4ebf45b79e8113ac6b9
images_OBJ070/OBJ070_056.jpg,OBJ070,Astronaut projector,object,.jpg,7241ea76f2e0e7003fd0fb691463667d
images_OBJ070/OBJ070_057.jpg,OBJ070,Astronaut projector,object,.jpg,b6c02b686888b9612b6fd09a2ad6a5cf
images_OBJ070/OBJ070_058.jpg,OBJ070,Astronaut projector,object,.jpg,0bf855626d03c756107c8525940331c3
images_OBJ070/OBJ070_059.jpg,OBJ070,Astronaut projector,object,.jpg,9f353a080068545898cc79fa382c594c
images_OBJ070/OBJ070_060.jpg,OBJ070,Astronaut projector,object,.jpg,1bf987d7280e43b4b43bf5e7ac5cbb7b
images_OBJ070/OBJ070_061.jpg,OBJ070,Astronaut projector,object,.jpg,b15f77f43db8fac770cd519bf9ddbc0f
images_OBJ070/OBJ070_062.jpg,OBJ070,Astronaut projector,object,.jpg,4f08df50fa6af99d2a04652ab0177daa
images_OBJ070/OBJ070_063.jpg,OBJ070,Astronaut projector,object,.jpg,15f632197c903b6353cf7f3aebee4fdb
images_OBJ070/OBJ070_064.jpg,OBJ070,Astronaut projector,object,.jpg,5779af860b864ff1244036b6e5ddd469
images_OBJ070/OBJ070_065.jpg,OBJ070,Astronaut projector,object,.jpg,b8b57c0a167b66ff22f8a7c2e10e4f50
images_OBJ070/OBJ070_066.jpg,OBJ070,Astronaut projector,object,.jpg,4c422f54dc45e5efaf113f6d20bafc28
images_OBJ070/OBJ070_067.jpg,OBJ070,Astronaut projector,object,.jpg,d7ddf67cbd77667d27ee4db965e4fde8
images_OBJ070/OBJ070_068.jpg,OBJ070,Astronaut projector,object,.jpg,c6e19aab9a89e441fe07f67b0b743404
images_OBJ070/OBJ070_069.jpg,OBJ070,Astronaut projector,object,.jpg,14fd8f9d325d0ad94d0da36d1b1e2707
images_OBJ070/OBJ070_070.jpg,OBJ070,Astronaut projector,object,.jpg,ba5b687e98a07e6107bfa59d6cbaf474
images_OBJ070/OBJ070_071.jpg,OBJ070,Astronaut projector,object,.jpg,3d40d677bfa509e006796c9a6e89b168
images_OBJ070/OBJ070_072.jpg,OBJ070,Astronaut projector,object,.jpg,38f4e060eddc465fdf50274319238203
images_OBJ070/OBJ070_073.jpg,OBJ070,Astronaut projector,object,.jpg,6b4d87cc456469bdd783af6ffaed93ae
images_OBJ070/OBJ070_074.jpg,OBJ070,Astronaut projector,object,.jpg,63ac1c808dae7f6d05baad9715190f63
images_OBJ070/OBJ070_075.jpg,OBJ070,Astronaut projector,object,.jpg,d956772add1a99ce8fda0682b132df73
images_OBJ070/OBJ070_076.jpg,OBJ070,Astronaut projector,object,.jpg,6e6157bca21359ad416987a4c56dc1b1
images_OBJ070/OBJ070_077.jpg,OBJ070,Astronaut projector,object,.jpg,5422ef8d63ac11a08918832bb23d6946
images_OBJ070/OBJ070_078.jpg,OBJ070,Astronaut projector,object,.jpg,c4ada2d729dbce4ca3f44fdf52a51373
images_OBJ070/OBJ070_079.jpg,OBJ070,Astronaut projector,object,.jpg,a2ca682b01b8ee3d49b3a079afbba44a
images_OBJ070/OBJ070_080.jpg,OBJ070,Astronaut projector,object,.jpg,ab7cc2350384fc6fe32afc7bf89cd945
images_OBJ070/OBJ070_081.jpg,OBJ070,Astronaut projector,object,.jpg,5fcd7d7869a270d260560e57e0d9d33e
images_OBJ070/OBJ070_082.jpg,OBJ070,Astronaut projector,object,.jpg,f3edfb2d0d49487b08d2b0af8214eb66
images_OBJ070/OBJ070_083.jpg,OBJ070,Astronaut projector,object,.jpg,7b60cb12ba931de4cfa57471cd5e6286
images_OBJ070/OBJ070_084.jpg,OBJ070,Astronaut projector,object,.jpg,d19eb55b39ef014af402e7b8f95a4aae
images_OBJ070/OBJ070_085.jpg,OBJ070,Astronaut projector,object,.jpg,fc4ba66026ff3440e889664d52b1d1b9
images_OBJ070/OBJ070_086.jpg,OBJ070,Astronaut projector,object,.jpg,8ea256714b87651acebc405b8164e1e0
images_OBJ070/OBJ070_087.jpg,OBJ070,Astronaut projector,object,.jpg,b9c432a848bd2d4ab81e96d0fb7345cb
images_OBJ070/OBJ070_088.jpg,OBJ070,Astronaut projector,object,.jpg,230d17266c0858fc67524b0b9f943634
images_OBJ070/OBJ070_089.jpg,OBJ070,Astronaut projector,object,.jpg,b1fccb985c8947c28308f2ca75b6229d
images_OBJ070/OBJ070_090.jpg,OBJ070,Astronaut projector,object,.jpg,40b2307e7ffaaba526de9b2d65dc8086
images_OBJ070/OBJ070_091.jpg,OBJ070,Astronaut projector,object,.jpg,0542b36d773b61ae87ad626248d5faff
images_OBJ070/OBJ070_092.jpg,OBJ070,Astronaut projector,object,.jpg,5317fefdedfa6394e1b4ff0afb57920e
images_OBJ070/OBJ070_093.jpg,OBJ070,Astronaut projector,object,.jpg,fae6f418b76c6bb6baa953850a912ac1
images_OBJ070/OBJ070_094.jpg,OBJ070,Astronaut projector,object,.jpg,5224522504a3f54145f03d1d89e70c87
images_OBJ070/OBJ070_095.jpg,OBJ070,Astronaut projector,object,.jpg,ed686e9c64bee542925a6c576a6b1ce1
images_OBJ070/OBJ070_bg_001.jpg,OBJ070,Astronaut projector,background,.jpg,588528ce7a04cf7cc95d86d8270f3fbe
images_OBJ070/OBJ070_bg_002.jpg,OBJ070,Astronaut projector,background,.jpg,1b103e88e353cde25f6cf5ecbd7177e3
images_OBJ070/OBJ070_bg_003.jpg,OBJ070,Astronaut projector,background,.jpg,4ae65250bddc7bd1d336f533ba9a2a57
images_OBJ070/OBJ070_bg_004.jpg,OBJ070,Astronaut projector,background,.jpg,0a5a3420e963ca29218a14823db85596
images_OBJ070/OBJ070_bg_005.jpg,OBJ070,Astronaut projector,background,.jpg,c4fca56cffbda9b98f2c004101d9fdd5
images_OBJ071/OBJ071_001.jpg,OBJ071,Sloth Plushie,object,.jpg,f37b7847f5b07bcd9e42c3ca8bd1d2c3
images_OBJ071/OBJ071_002.jpg,OBJ071,Sloth Plushie,object,.jpg,366d36ee34661221ae4c94ea020b84ec
images_OBJ071/OBJ071_003.jpg,OBJ071,Sloth Plushie,object,.jpg,0e83236700d5f123f0074a144744393e
images_OBJ071/OBJ071_004.jpg,OBJ071,Sloth Plushie,object,.jpg,7d353b5dc4cc6789d4270496cd2170ad
images_OBJ071/OBJ071_005.jpg,OBJ071,Sloth Plushie,object,.jpg,2f7a4b55a8510a0fc342fa7c6105c3ba
images_OBJ071/OBJ071_006.jpg,OBJ071,Sloth Plushie,object,.jpg,a6d1b6e6e0b67ce93d9f696c0bf22ac7
images_OBJ071/OBJ071_007.jpg,OBJ071,Sloth Plushie,object,.jpg,d710a1381c65708d4f38ae095ef6f95d
images_OBJ071/OBJ071_008.jpg,OBJ071,Sloth Plushie,object,.jpg,3f8935b1af723c3919dad32d6473944e
images_OBJ071/OBJ071_009.jpg,OBJ071,Sloth Plushie,object,.jpg,b8ed74bd7ca784330cbf2f33ae94454e
images_OBJ071/OBJ071_010.jpg,OBJ071,Sloth Plushie,object,.jpg,d02775f4135ceae80adff9b608261ea3
images_OBJ071/OBJ071_011.jpg,OBJ071,Sloth Plushie,object,.jpg,83ddf0f012c5c1c6be8d77acb3c85f2f
images_OBJ071/OBJ071_012.jpg,OBJ071,Sloth Plushie,object,.jpg,db3ba1f61fc9dc79eecfe94ac283f2ed
images_OBJ071/OBJ071_013.jpg,OBJ071,Sloth Plushie,object,.jpg,a215ae902c8e29b49d39308a147ace24
images_OBJ071/OBJ071_014.jpg,OBJ071,Sloth Plushie,object,.jpg,59bd23c5cf607e287e9f587d0f269cf5
images_OBJ071/OBJ071_015.jpg,OBJ071,Sloth Plushie,object,.jpg,6e89829e578e89b15d5dd9ba388f9378
images_OBJ071/OBJ071_016.jpg,OBJ071,Sloth Plushie,object,.jpg,30562537f14e78554e1ff4fb35272f8f
images_OBJ071/OBJ071_017.jpg,OBJ071,Sloth Plushie,object,.jpg,88be86c9d1c35822f38985f9dbbec321
images_OBJ071/OBJ071_018.jpg,OBJ071,Sloth Plushie,object,.jpg,96f113779829d0c869ecbf036bd5d434
images_OBJ071/OBJ071_019.jpg,OBJ071,Sloth Plushie,object,.jpg,a4494a4bb0d1cce3dd764d161460d7b9
images_OBJ071/OBJ071_020.jpg,OBJ071,Sloth Plushie,object,.jpg,b0d98f18b5ba5766b8dcf753e322cce2
images_OBJ071/OBJ071_021.jpg,OBJ071,Sloth Plushie,object,.jpg,ca6e095c785ab5a841fa7c1d8d521eff
images_OBJ071/OBJ071_022.jpg,OBJ071,Sloth Plushie,object,.jpg,f5fe780a0f067a9786ea472bc6e1233c
images_OBJ071/OBJ071_023.jpg,OBJ071,Sloth Plushie,object,.jpg,b1820883a23b7d115254713f3aa1b3c3
images_OBJ071/OBJ071_024.jpg,OBJ071,Sloth Plushie,object,.jpg,4b937ba150fdf5c2fcb7d755a1dcd07d
images_OBJ071/OBJ071_025.jpg,OBJ071,Sloth Plushie,object,.jpg,fb9591be3320f79f78e1e096c5dc6381
images_OBJ071/OBJ071_026.jpg,OBJ071,Sloth Plushie,object,.jpg,6a59338b24d8bc07810fe88e504bf3a2
images_OBJ071/OBJ071_027.jpg,OBJ071,Sloth Plushie,object,.jpg,61435f4d62a40c6ba2abf71a3e28dc98
images_OBJ071/OBJ071_028.jpg,OBJ071,Sloth Plushie,object,.jpg,6b228599e0fffc039d7adbe6a9574c6d
images_OBJ071/OBJ071_029.jpg,OBJ071,Sloth Plushie,object,.jpg,5033999e2bceb12d02963fcb1de20437
images_OBJ071/OBJ071_030.jpg,OBJ071,Sloth Plushie,object,.jpg,f94ab0458552d07b0cb49a1ee4cb79d9
images_OBJ071/OBJ071_031.jpg,OBJ071,Sloth Plushie,object,.jpg,c1dd8966c184dfdd93173e485353e018
images_OBJ071/OBJ071_032.jpg,OBJ071,Sloth Plushie,object,.jpg,a206e37cc90d0c84cb7d43d457905d3f
images_OBJ071/OBJ071_033.jpg,OBJ071,Sloth Plushie,object,.jpg,56da6873eb77b2e03881889c798bcae2
images_OBJ071/OBJ071_034.jpg,OBJ071,Sloth Plushie,object,.jpg,423d4265a7f107de98a29ecdf0ef1227
images_OBJ071/OBJ071_035.jpg,OBJ071,Sloth Plushie,object,.jpg,e0e6b593da5f638a1eaab829eddff8dc
images_OBJ071/OBJ071_036.jpg,OBJ071,Sloth Plushie,object,.jpg,34665971354f665ca402d5af11cecd23
images_OBJ071/OBJ071_037.jpg,OBJ071,Sloth Plushie,object,.jpg,920bcd6bac8efa61e0610ecf6119b7f4
images_OBJ071/OBJ071_038.jpg,OBJ071,Sloth Plushie,object,.jpg,a0bdb9c174792d800c903eaacef52a91
images_OBJ071/OBJ071_039.jpg,OBJ071,Sloth Plushie,object,.jpg,0cfd823bffba388097eaa953ebc30d59
images_OBJ071/OBJ071_040.jpg,OBJ071,Sloth Plushie,object,.jpg,0e556af270dc465078483a46db565156
images_OBJ071/OBJ071_041.jpg,OBJ071,Sloth Plushie,object,.jpg,de8917eb908f92f584b20038183ff5e6
images_OBJ071/OBJ071_042.jpg,OBJ071,Sloth Plushie,object,.jpg,b03a5183975131e98bad08a0e7152a66
images_OBJ071/OBJ071_043.jpg,OBJ071,Sloth Plushie,object,.jpg,d30eb0287d8c1ab3ca5ed9b4f130e3d0
images_OBJ071/OBJ071_044.jpg,OBJ071,Sloth Plushie,object,.jpg,b6259f06f9446e3abbaa24bce70aa646
images_OBJ071/OBJ071_045.jpg,OBJ071,Sloth Plushie,object,.jpg,d74693786434539639dd788859e5479c
images_OBJ071/OBJ071_046.jpg,OBJ071,Sloth Plushie,object,.jpg,679207595fce413667269ef58ebbea43
images_OBJ071/OBJ071_047.jpg,OBJ071,Sloth Plushie,object,.jpg,c8bcd84d0275ca3cc7adafced812fb3c
images_OBJ071/OBJ071_048.jpg,OBJ071,Sloth Plushie,object,.jpg,a964f83bb8da1b68c2a8b8c2fd1d40f5
images_OBJ071/OBJ071_049.jpg,OBJ071,Sloth Plushie,object,.jpg,cd382d6d35a848a1e59baaee60b36b18
images_OBJ071/OBJ071_050.jpg,OBJ071,Sloth Plushie,object,.jpg,9ae72eee5055eec469e485443db7096a
images_OBJ071/OBJ071_051.jpg,OBJ071,Sloth Plushie,object,.jpg,dec4efac965c7b756d4085fd7110e334
images_OBJ071/OBJ071_052.jpg,OBJ071,Sloth Plushie,object,.jpg,9d98f258bbf1281ea45311465e6019e8
images_OBJ071/OBJ071_053.jpg,OBJ071,Sloth Plushie,object,.jpg,1a98eaa0500073fa9da26e797d7d2339
images_OBJ071/OBJ071_054.jpg,OBJ071,Sloth Plushie,object,.jpg,697c83f002a2215e1838b5e9af2d3ecb
images_OBJ071/OBJ071_055.jpg,OBJ071,Sloth Plushie,object,.jpg,0331fdb6167be7a81d66d36d890ce70f
images_OBJ071/OBJ071_056.jpg,OBJ071,Sloth Plushie,object,.jpg,a6c14a04a6097e87d56848decf6228a6
images_OBJ071/OBJ071_057.jpg,OBJ071,Sloth Plushie,object,.jpg,734e93391e1e6106e9a50a5bdc2f3254
images_OBJ071/OBJ071_058.jpg,OBJ071,Sloth Plushie,object,.jpg,224b1574000bf2f8557512d7b80f70b1
images_OBJ071/OBJ071_059.jpg,OBJ071,Sloth Plushie,object,.jpg,78e5aa5fb4c73357481518956d662d5b
images_OBJ071/OBJ071_060.jpg,OBJ071,Sloth Plushie,object,.jpg,ed75d861736de0744d0173b63c9779f0
images_OBJ071/OBJ071_061.jpg,OBJ071,Sloth Plushie,object,.jpg,bea0abdae73690eda50bf7367df0c078
images_OBJ071/OBJ071_062.jpg,OBJ071,Sloth Plushie,object,.jpg,05ed4cbe4ba50170de97d63c39593634
images_OBJ071/OBJ071_063.jpg,OBJ071,Sloth Plushie,object,.jpg,3701e3e2184cd5c7a085f864e2ca140d
images_OBJ071/OBJ071_064.jpg,OBJ071,Sloth Plushie,object,.jpg,ffbe670e6f161c7b9c1837290411002e
images_OBJ071/OBJ071_065.jpg,OBJ071,Sloth Plushie,object,.jpg,45fed797cfdfbb1a082c1c9a6c97b7af
images_OBJ071/OBJ071_066.jpg,OBJ071,Sloth Plushie,object,.jpg,2017b00f6b9e7cdec7515abd71249a60
images_OBJ071/OBJ071_067.jpg,OBJ071,Sloth Plushie,object,.jpg,87dbae18e21cf3e1b046949b512aeaf8
images_OBJ071/OBJ071_068.jpg,OBJ071,Sloth Plushie,object,.jpg,e538d71c60f1cd770f27c8973d128026
images_OBJ071/OBJ071_069.jpg,OBJ071,Sloth Plushie,object,.jpg,11171134884812bf7cf165fdf3dbac6d
images_OBJ071/OBJ071_070.jpg,OBJ071,Sloth Plushie,object,.jpg,62ba703e12725f6502de153217aaafe4
images_OBJ071/OBJ071_071.jpg,OBJ071,Sloth Plushie,object,.jpg,80c97a9fb7136ddefaf7a1a74dbf6557
images_OBJ071/OBJ071_072.jpg,OBJ071,Sloth Plushie,object,.jpg,9e01d08e3b67a8711117a2f0a2e379a6
images_OBJ071/OBJ071_073.jpg,OBJ071,Sloth Plushie,object,.jpg,bf0aa53768886c5be27e0278fe9c8637
images_OBJ071/OBJ071_074.jpg,OBJ071,Sloth Plushie,object,.jpg,408fa52bb089eca8cbea59e13bcb6de4
images_OBJ071/OBJ071_075.jpg,OBJ071,Sloth Plushie,object,.jpg,4578154a1a2e0e919ed1ba96cfb74a1f
images_OBJ071/OBJ071_076.jpg,OBJ071,Sloth Plushie,object,.jpg,93ce0b371ee2a10cb7b1613a86bf3fbf
images_OBJ071/OBJ071_077.jpg,OBJ071,Sloth Plushie,object,.jpg,55f1930cb71011356c1647c407484244
images_OBJ071/OBJ071_078.jpg,OBJ071,Sloth Plushie,object,.jpg,919ceb853890e5387326dc4c04a94a99
images_OBJ071/OBJ071_079.jpg,OBJ071,Sloth Plushie,object,.jpg,993a97003a014c6ac8720060ca5201ae
images_OBJ071/OBJ071_080.jpg,OBJ071,Sloth Plushie,object,.jpg,f1ee5fb87557d099d709203e8d366b45
images_OBJ071/OBJ071_081.jpg,OBJ071,Sloth Plushie,object,.jpg,52182e68e80ff1d834ec37fb7d9d88ce
images_OBJ071/OBJ071_082.jpg,OBJ071,Sloth Plushie,object,.jpg,71ac6752c787ce0e171df1d442dbf2e3
images_OBJ071/OBJ071_083.jpg,OBJ071,Sloth Plushie,object,.jpg,ee16f491fb3ed8bf8c77d6e1bcec727b
images_OBJ071/OBJ071_084.jpg,OBJ071,Sloth Plushie,object,.jpg,ad49236433704fa394263bbba2a56687
images_OBJ071/OBJ071_085.jpg,OBJ071,Sloth Plushie,object,.jpg,b56f665ffff5d7370fa887ba9953ecee
images_OBJ071/OBJ071_086.jpg,OBJ071,Sloth Plushie,object,.jpg,c4ef46f410c19597af68688c98eb8e40
images_OBJ071/OBJ071_087.jpg,OBJ071,Sloth Plushie,object,.jpg,4a0bd4cf542e2e3d9341d72013a7c70c
images_OBJ071/OBJ071_088.jpg,OBJ071,Sloth Plushie,object,.jpg,6ffb96837e8785d8dffa5847e2e55c04
images_OBJ071/OBJ071_089.jpg,OBJ071,Sloth Plushie,object,.jpg,9aa4f7f11f30933256816207b18fc0e4
images_OBJ071/OBJ071_090.jpg,OBJ071,Sloth Plushie,object,.jpg,fa64e48da2f16eddc5a571a6a6b761b9
images_OBJ071/OBJ071_091.jpg,OBJ071,Sloth Plushie,object,.jpg,b20da5d5bcd95544fd64040f33a0932c
images_OBJ071/OBJ071_092.jpg,OBJ071,Sloth Plushie,object,.jpg,9277946300d425570b7dd9f0116ba448
images_OBJ071/OBJ071_093.jpg,OBJ071,Sloth Plushie,object,.jpg,46db330f41ca06f7a333422c7125db85
images_OBJ071/OBJ071_094.jpg,OBJ071,Sloth Plushie,object,.jpg,b5249a99df7f650e95df3ddc327e7b25
images_OBJ071/OBJ071_095.jpg,OBJ071,Sloth Plushie,object,.jpg,3c14fa4f5e3d698551b055ff9ccd1868
images_OBJ071/OBJ071_bg_001.jpg,OBJ071,Sloth Plushie,background,.jpg,3c776ebbd56e962099772df708e6b759
images_OBJ071/OBJ071_bg_002.jpg,OBJ071,Sloth Plushie,background,.jpg,faced4dc9bf9e21da7fe029241575265
images_OBJ071/OBJ071_bg_003.jpg,OBJ071,Sloth Plushie,background,.jpg,7ac6f316ab81a055ca191121f0682ff0
images_OBJ071/OBJ071_bg_004.jpg,OBJ071,Sloth Plushie,background,.jpg,7d9fd5c5be8b503e1a8e256dada8b7c4
images_OBJ071/OBJ071_bg_005.jpg,OBJ071,Sloth Plushie,background,.jpg,9b52a382aeaef6b9a964a3ba28b8e2aa
images_OBJ072/OBJ072_001.jpg,OBJ072,Dog,object,.jpg,5f40e27026b12cb092d7eeed7cd41f55
images_OBJ072/OBJ072_002.jpg,OBJ072,Dog,object,.jpg,bfd7ffdf6109230c1552e83018654344
images_OBJ072/OBJ072_003.jpg,OBJ072,Dog,object,.jpg,ba36d403ce8c51ef7fe3e44538150474
images_OBJ072/OBJ072_004.jpg,OBJ072,Dog,object,.jpg,2fc65973d6ceb9e21cce5a15d78f110b
images_OBJ072/OBJ072_005.jpg,OBJ072,Dog,object,.jpg,623a2c10d32237eb6a0d8906c12111f5
images_OBJ072/OBJ072_006.jpg,OBJ072,Dog,object,.jpg,be4cae02443f41cbfb298ccdd148985f
images_OBJ072/OBJ072_007.jpg,OBJ072,Dog,object,.jpg,a177bcd686935c5f7ec0048dd105ca5d
images_OBJ072/OBJ072_008.jpg,OBJ072,Dog,object,.jpg,d2a6ff527b380f0c519992067a171356
images_OBJ072/OBJ072_009.jpg,OBJ072,Dog,object,.jpg,d1582726dabe8353b12748fa55ea3c50
images_OBJ072/OBJ072_010.jpg,OBJ072,Dog,object,.jpg,7d8eea073cdaf8b8d0a5db84eb18580f
images_OBJ072/OBJ072_011.jpg,OBJ072,Dog,object,.jpg,33ca01c3b5572894bd1d5cf58f5ce8a2
images_OBJ072/OBJ072_012.jpg,OBJ072,Dog,object,.jpg,508c242b177ac6bce1247a71d33f4044
images_OBJ072/OBJ072_013.jpg,OBJ072,Dog,object,.jpg,624530a009466d696fda7a210c9c1517
images_OBJ072/OBJ072_014.jpg,OBJ072,Dog,object,.jpg,3e32b71a53e747b7972950182d642cb4
images_OBJ072/OBJ072_015.jpg,OBJ072,Dog,object,.jpg,a0dfafa2d970d35c5c163901759a5e39
images_OBJ072/OBJ072_016.jpg,OBJ072,Dog,object,.jpg,b79072065ecee977fd2d28faa7440ef7
images_OBJ072/OBJ072_017.jpg,OBJ072,Dog,object,.jpg,7caf15d85a6e8bbe2ec4426f48a63130
images_OBJ072/OBJ072_018.jpg,OBJ072,Dog,object,.jpg,ad361e684d211c8458931be1aa7f922f
images_OBJ072/OBJ072_019.jpg,OBJ072,Dog,object,.jpg,6eb16cc010feaded2019df0a9ac4392d
images_OBJ072/OBJ072_020.jpg,OBJ072,Dog,object,.jpg,419db8421a7808040fa763a83ba858fd
images_OBJ072/OBJ072_021.jpg,OBJ072,Dog,object,.jpg,4ea5794550226a6540fe361a17fd1c8f
images_OBJ072/OBJ072_022.jpg,OBJ072,Dog,object,.jpg,22074423d31725a2914b1a80579b4167
images_OBJ072/OBJ072_023.jpg,OBJ072,Dog,object,.jpg,19bde3186bd8a132a9342d9da9bba927
images_OBJ072/OBJ072_024.jpg,OBJ072,Dog,object,.jpg,4c9d698ef332c778600a1f1085bf9a59
images_OBJ072/OBJ072_025.jpg,OBJ072,Dog,object,.jpg,261d6c9e06e0a14e8fa0c49bc5053367
images_OBJ072/OBJ072_026.jpg,OBJ072,Dog,object,.jpg,53616c9c995dd3ca9d2f7bff723bd538
images_OBJ072/OBJ072_027.jpg,OBJ072,Dog,object,.jpg,ec721a2137d47cda8a998770c717ad90
images_OBJ072/OBJ072_028.jpg,OBJ072,Dog,object,.jpg,749ecc5f74d7e7ef9088c639ca5b78f4
images_OBJ072/OBJ072_029.jpg,OBJ072,Dog,object,.jpg,0de72050c15397c071a3d0e5142255b7
images_OBJ072/OBJ072_030.jpg,OBJ072,Dog,object,.jpg,00ac6d3f7137876d9f1132b8dba34675
images_OBJ072/OBJ072_031.jpg,OBJ072,Dog,object,.jpg,60db2a8814788fb9788b0ca348214d03
images_OBJ072/OBJ072_032.jpg,OBJ072,Dog,object,.jpg,bc801083aadaaa19c1fb5c8a0c6f8e12
images_OBJ072/OBJ072_033.jpg,OBJ072,Dog,object,.jpg,55ede16c279cc7c6bab524a23469caa7
images_OBJ072/OBJ072_034.jpg,OBJ072,Dog,object,.jpg,825d3469dfd6ec265b92801f58120c75
images_OBJ072/OBJ072_035.jpg,OBJ072,Dog,object,.jpg,e9236787fbb06f2d935d0c111aae7396
images_OBJ072/OBJ072_036.jpg,OBJ072,Dog,object,.jpg,08135a5141401a5b87241b2f4c4ffb95
images_OBJ072/OBJ072_037.jpg,OBJ072,Dog,object,.jpg,da4f47445ac3d7ef53b10457fc16a186
images_OBJ072/OBJ072_038.jpg,OBJ072,Dog,object,.jpg,6d05057c69e2b73d134e5fef91a6ef9e
images_OBJ072/OBJ072_039.jpg,OBJ072,Dog,object,.jpg,f8137131bf80524efa986f7efa2a399d
images_OBJ072/OBJ072_040.jpg,OBJ072,Dog,object,.jpg,ab2808b8e30edec266ab14da5529827d
images_OBJ072/OBJ072_041.jpg,OBJ072,Dog,object,.jpg,eaa24905c143cba9be39a8eac4efa2d9
images_OBJ072/OBJ072_042.jpg,OBJ072,Dog,object,.jpg,7c0866298ab0220370d56918b4078dea
images_OBJ072/OBJ072_043.jpg,OBJ072,Dog,object,.jpg,20c4cfc0a905093a134776431b21ba2a
images_OBJ072/OBJ072_044.jpg,OBJ072,Dog,object,.jpg,2b7a2d9549561b49736bf24417f2bc4e
images_OBJ072/OBJ072_045.jpg,OBJ072,Dog,object,.jpg,65caaedb51b48b80b5d989e8ca959ccf
images_OBJ072/OBJ072_046.jpg,OBJ072,Dog,object,.jpg,41ec3d29fa89a86095af46332269f975
images_OBJ072/OBJ072_047.jpg,OBJ072,Dog,object,.jpg,616c05b9919a0a9d32747d1f864af168
images_OBJ072/OBJ072_048.jpg,OBJ072,Dog,object,.jpg,b3aca74847d05b50f51cc0fe7b7634d1
images_OBJ072/OBJ072_049.jpg,OBJ072,Dog,object,.jpg,41ebc141ccc4fef3e00751cbf6dd899b
images_OBJ072/OBJ072_050.jpg,OBJ072,Dog,object,.jpg,11ea47549b1950806464ba4cdc7f5064
images_OBJ072/OBJ072_051.jpg,OBJ072,Dog,object,.jpg,37d0401b56e324d6550d5eb16ca60231
images_OBJ072/OBJ072_052.jpg,OBJ072,Dog,object,.jpg,71e305ceaac4b35115955e36103684a9
images_OBJ072/OBJ072_053.jpg,OBJ072,Dog,object,.jpg,e62b5f527155a6c204edb770241caeb7
images_OBJ072/OBJ072_054.jpg,OBJ072,Dog,object,.jpg,75d03fb7b42cb49fa9e2f98bc7fd8a3e
images_OBJ072/OBJ072_055.jpg,OBJ072,Dog,object,.jpg,aa0bbf7433b0c10c5b0be782e8253371
images_OBJ072/OBJ072_056.jpg,OBJ072,Dog,object,.jpg,ef0c32ee341a3cc95fc5260aa8ced268
images_OBJ072/OBJ072_057.jpg,OBJ072,Dog,object,.jpg,216899fc7ea99e1d1973578a15efdf46
images_OBJ072/OBJ072_058.jpg,OBJ072,Dog,object,.jpg,dd4ca96fd8cfd540f70522b3f3f62309
images_OBJ072/OBJ072_059.jpg,OBJ072,Dog,object,.jpg,531d8cfc07e7acee7fc78abcb630ab97
images_OBJ072/OBJ072_060.jpg,OBJ072,Dog,object,.jpg,f532061e2d28c2be4c62834a4fe50639
images_OBJ072/OBJ072_061.jpg,OBJ072,Dog,object,.jpg,0590a80a953a4fdabbe6bb45913f851f
images_OBJ072/OBJ072_062.jpg,OBJ072,Dog,object,.jpg,f3f632a75e4f1c3fe37ff3fd270b4aaf
images_OBJ072/OBJ072_063.jpg,OBJ072,Dog,object,.jpg,18832467b3a130353fc0dc6d8add05df
images_OBJ072/OBJ072_064.jpg,OBJ072,Dog,object,.jpg,be89b7f33488a4a54f641797bf8d2a07
images_OBJ072/OBJ072_065.jpg,OBJ072,Dog,object,.jpg,8704a66ac0cc6a1f31222e09dace06e7
images_OBJ072/OBJ072_066.jpg,OBJ072,Dog,object,.jpg,a26d95cb2f4feee4805b26e48534ab59
images_OBJ072/OBJ072_067.jpg,OBJ072,Dog,object,.jpg,7ca0337efc9703781636f27ad08f6223
images_OBJ072/OBJ072_068.jpg,OBJ072,Dog,object,.jpg,cac96c713b5a8c0a9b41ef109900470c
images_OBJ072/OBJ072_069.jpg,OBJ072,Dog,object,.jpg,c4ea4cb121097cab0688d464f9521140
images_OBJ072/OBJ072_070.jpg,OBJ072,Dog,object,.jpg,8296cba3740d710949cffbf4de1733bc
images_OBJ072/OBJ072_071.jpg,OBJ072,Dog,object,.jpg,a00dc5fe696f31500d253e9b9c6a039f
images_OBJ072/OBJ072_072.jpg,OBJ072,Dog,object,.jpg,13abad3ed9a50d079e04e7b576bb3dd7
images_OBJ072/OBJ072_073.jpg,OBJ072,Dog,object,.jpg,bf18179968c916ea257c986c1ca40dbd
images_OBJ072/OBJ072_074.jpg,OBJ072,Dog,object,.jpg,9bdd981738b2f4d1ae6542fea1261e66
images_OBJ072/OBJ072_075.jpg,OBJ072,Dog,object,.jpg,d65bdfd232075d4e9a25e1f80e44fa48
images_OBJ072/OBJ072_076.jpg,OBJ072,Dog,object,.jpg,e38b78d702b3a18d6804cede4762ed90
images_OBJ072/OBJ072_077.jpg,OBJ072,Dog,object,.jpg,1fd0789c509d8f01e43ac4d2209bc4ec
images_OBJ072/OBJ072_078.jpg,OBJ072,Dog,object,.jpg,4284f1638b97869a565bcba7540c04e8
images_OBJ072/OBJ072_079.jpg,OBJ072,Dog,object,.jpg,6f2fa03da805591ae60e9345add48164
images_OBJ072/OBJ072_080.jpg,OBJ072,Dog,object,.jpg,8f873dde4aa20db00242b9bd6922a0b4
images_OBJ072/OBJ072_081.jpg,OBJ072,Dog,object,.jpg,90c9bf9f78b0f9224c60ef5ecab40121
images_OBJ072/OBJ072_082.jpg,OBJ072,Dog,object,.jpg,294cae45b12c64a14cbc1f8df447c5f4
images_OBJ072/OBJ072_083.jpg,OBJ072,Dog,object,.jpg,73ab0375d29734fc400b2486cfe5bf88
images_OBJ072/OBJ072_084.jpg,OBJ072,Dog,object,.jpg,8ca0b6b49385c2e7a6a807ee9128102c
images_OBJ072/OBJ072_085.jpg,OBJ072,Dog,object,.jpg,8840868cc2dc0f4f1ac860c63d6501f6
images_OBJ072/OBJ072_086.jpg,OBJ072,Dog,object,.jpg,40b78bc40cfed2a56cf84e41d61924c8
images_OBJ072/OBJ072_087.jpg,OBJ072,Dog,object,.jpg,cde1a23debe0fb119b4ff9236b0a81aa
images_OBJ072/OBJ072_088.jpg,OBJ072,Dog,object,.jpg,84c87bd3eba509d04fcdaec8423b4c86
images_OBJ072/OBJ072_089.jpg,OBJ072,Dog,object,.jpg,05f2a0b74e01572b9cb05d1c7dd4f35d
images_OBJ072/OBJ072_090.jpg,OBJ072,Dog,object,.jpg,cc28a456cfa4f969605cded9d766a1dd
images_OBJ072/OBJ072_091.jpg,OBJ072,Dog,object,.jpg,804d0ed6b332a5b394d37facfc4c3ec1
images_OBJ072/OBJ072_092.jpg,OBJ072,Dog,object,.jpg,5ba8b27312e5951459736b6e94972c64
images_OBJ072/OBJ072_093.jpg,OBJ072,Dog,object,.jpg,9bcf12134523364726d0cb1aec42cd74
images_OBJ072/OBJ072_094.jpg,OBJ072,Dog,object,.jpg,4b7ae48ebd661ca866d43c5b763265a6
images_OBJ072/OBJ072_095.jpg,OBJ072,Dog,object,.jpg,12f332b90ac088f830dbb781ee76cc47
images_OBJ072/OBJ072_bg_01.jpg,OBJ072,Dog,background,.jpg,306e87896511010348c0c1e10f33ed6a
images_OBJ072/OBJ072_bg_02.jpg,OBJ072,Dog,background,.jpg,0152efc4cb9bf2d815280a2f46b6fcab
images_OBJ072/OBJ072_bg_03.jpg,OBJ072,Dog,background,.jpg,c7199141fadfcf1a06971ac316924524
images_OBJ072/OBJ072_bg_04.jpg,OBJ072,Dog,background,.jpg,afb221f5de6e7fdb724b54365df887ca
images_OBJ072/OBJ072_bg_05.jpg,OBJ072,Dog,background,.jpg,091fd1f2b24a95bad3a90e079b6e4048
images_OBJ073/OBJ073_001.jpg,OBJ073,Bowl,object,.jpg,cf2f876bd6ca6672c34d127f4deb1eb2
images_OBJ073/OBJ073_002.jpg,OBJ073,Bowl,object,.jpg,7083096a5db6a66117dfba114f352d7d
images_OBJ073/OBJ073_003.jpg,OBJ073,Bowl,object,.jpg,aa72b20cb0a99cfb857738a9a1c39d5b
images_OBJ073/OBJ073_004.jpg,OBJ073,Bowl,object,.jpg,081203a8268455245fc46336cb57de8e
images_OBJ073/OBJ073_005.jpg,OBJ073,Bowl,object,.jpg,dd172475dc0f15cb02342947a56e614c
images_OBJ073/OBJ073_006.jpg,OBJ073,Bowl,object,.jpg,17fd0bc7e605fffed86c2d3f2166d37c
images_OBJ073/OBJ073_007.jpg,OBJ073,Bowl,object,.jpg,23b945b321af611fa4a4cf5a1eeabce7
images_OBJ073/OBJ073_008.jpg,OBJ073,Bowl,object,.jpg,184fa5916b1afe422b53f5412475e41b
images_OBJ073/OBJ073_009.jpg,OBJ073,Bowl,object,.jpg,72c0a9beb7909e31fc93d1fdda228cbd
images_OBJ073/OBJ073_010.jpg,OBJ073,Bowl,object,.jpg,39b0a8f21115875c876445114a77d50d
images_OBJ073/OBJ073_011.jpg,OBJ073,Bowl,object,.jpg,abc2b6ed151eaa9dca5fe1a3753082c5
images_OBJ073/OBJ073_012.jpg,OBJ073,Bowl,object,.jpg,429f8e8fbf4d6933ec2e7ead681947be
images_OBJ073/OBJ073_013.jpg,OBJ073,Bowl,object,.jpg,2dee579207ad73ef81ac9eff5eae1336
images_OBJ073/OBJ073_014.jpg,OBJ073,Bowl,object,.jpg,9ae88c6e318f8e06432032d13dbdc841
images_OBJ073/OBJ073_015.jpg,OBJ073,Bowl,object,.jpg,23db4a9601b9ba14389190132b2e6b3a
images_OBJ073/OBJ073_016.jpg,OBJ073,Bowl,object,.jpg,70247933e236f25f3c99291baec550c3
images_OBJ073/OBJ073_017.jpg,OBJ073,Bowl,object,.jpg,0fb1a2c7c8ca622c831c8cd83defea6a
images_OBJ073/OBJ073_018.jpg,OBJ073,Bowl,object,.jpg,9aab7509526737a54d4bf52f9fb55f80
images_OBJ073/OBJ073_019.jpg,OBJ073,Bowl,object,.jpg,c4c2b367b076140c82b2224a46caafe2
images_OBJ073/OBJ073_020.jpg,OBJ073,Bowl,object,.jpg,d5b3819b3f29c12fcc04e85ceb2381ea
images_OBJ073/OBJ073_021.jpg,OBJ073,Bowl,object,.jpg,392e3413b232540edc057b1066e387dd
images_OBJ073/OBJ073_022.jpg,OBJ073,Bowl,object,.jpg,1f583b5140e813f2662265958dfd37b6
images_OBJ073/OBJ073_023.jpg,OBJ073,Bowl,object,.jpg,1ce90119e9dcc5657d9e389fd8f2256e
images_OBJ073/OBJ073_024.jpg,OBJ073,Bowl,object,.jpg,d69c5044726acb897351ce16e86153f2
images_OBJ073/OBJ073_025.jpg,OBJ073,Bowl,object,.jpg,835b44d295a1d7c699a66b461ed94728
images_OBJ073/OBJ073_026.jpg,OBJ073,Bowl,object,.jpg,8276f2a8bff108c6641a1c8455345280
images_OBJ073/OBJ073_027.jpg,OBJ073,Bowl,object,.jpg,639796ddad20160b0c8afa13ce1f0b3a
images_OBJ073/OBJ073_028.jpg,OBJ073,Bowl,object,.jpg,aa18bab72686991e7bfbcdb9eb79812e
images_OBJ073/OBJ073_029.jpg,OBJ073,Bowl,object,.jpg,85a094cfe7c6796fc07adc2c5244d8c8
images_OBJ073/OBJ073_030.jpg,OBJ073,Bowl,object,.jpg,b659537e8e09624a018f89db5740cb61
images_OBJ073/OBJ073_031.jpg,OBJ073,Bowl,object,.jpg,1538c7632b9e90f2acbb889527f0efaf
images_OBJ073/OBJ073_032.jpg,OBJ073,Bowl,object,.jpg,567dbd8877e29494357da1d6db24e6cf
images_OBJ073/OBJ073_033.jpg,OBJ073,Bowl,object,.jpg,059f64b8dc7c1ec1e334c3df3cdd5859
images_OBJ073/OBJ073_034.jpg,OBJ073,Bowl,object,.jpg,9fe3bc6eeeb9ab782f76e403fde47b58
images_OBJ073/OBJ073_035.jpg,OBJ073,Bowl,object,.jpg,9861647df92776f90c8a39e5e18c0149
images_OBJ073/OBJ073_036.jpg,OBJ073,Bowl,object,.jpg,25f262b84107451c94b2473774608109
images_OBJ073/OBJ073_037.jpg,OBJ073,Bowl,object,.jpg,d57bca34e69a88cf3818f5f6ce1ccbb4
images_OBJ073/OBJ073_038.jpg,OBJ073,Bowl,object,.jpg,7c7c0c6d36efd2d09ad698fdc785bdc6
images_OBJ073/OBJ073_039.jpg,OBJ073,Bowl,object,.jpg,22830ed8933444e0179aa8b31153f7b8
images_OBJ073/OBJ073_040.jpg,OBJ073,Bowl,object,.jpg,72c4846e94e55cca2c326283f945b473
images_OBJ073/OBJ073_041.jpg,OBJ073,Bowl,object,.jpg,12f6b53d0e0e89dfd895378a8ecd9f9f
images_OBJ073/OBJ073_042.jpg,OBJ073,Bowl,object,.jpg,9c78c82d4de415089bedb28c682ab08b
images_OBJ073/OBJ073_043.jpg,OBJ073,Bowl,object,.jpg,814e05deb326ba9e6497ab5d37ad9060
images_OBJ073/OBJ073_044.jpg,OBJ073,Bowl,object,.jpg,a1408a07341c9fafdc471a20ceff1b42
images_OBJ073/OBJ073_045.jpg,OBJ073,Bowl,object,.jpg,684d35c73494d109d3664843fc46da5a
images_OBJ073/OBJ073_046.jpg,OBJ073,Bowl,object,.jpg,a5f44b607c4486e0aa51cc732f313773
images_OBJ073/OBJ073_047.jpg,OBJ073,Bowl,object,.jpg,c3905d24229d05e1e3c6bdadfe99d642
images_OBJ073/OBJ073_048.jpg,OBJ073,Bowl,object,.jpg,3f27f77a5f582e236d85fc3e02e08946
images_OBJ073/OBJ073_049.jpg,OBJ073,Bowl,object,.jpg,7528b75925f5a2f55ac946f428be2db3
images_OBJ073/OBJ073_050.jpg,OBJ073,Bowl,object,.jpg,1df578118d078806968768c82a197e39
images_OBJ073/OBJ073_051.jpg,OBJ073,Bowl,object,.jpg,26e535fcbd32cf81bc9a33840df9b6ec
images_OBJ073/OBJ073_052.jpg,OBJ073,Bowl,object,.jpg,1249f46a18686482f7301a1c297b9654
images_OBJ073/OBJ073_053.jpg,OBJ073,Bowl,object,.jpg,9b0956c9495a99868f3a1ddb37dbb01f
images_OBJ073/OBJ073_054.jpg,OBJ073,Bowl,object,.jpg,cf8eef7bc64de99c48594b7e0b463fbc
images_OBJ073/OBJ073_055.jpg,OBJ073,Bowl,object,.jpg,fc8687918604ba6419e5521ee4e224b9
images_OBJ073/OBJ073_056.jpg,OBJ073,Bowl,object,.jpg,acd52957b107da18386c4326d2720b07
images_OBJ073/OBJ073_057.jpg,OBJ073,Bowl,object,.jpg,d25249e5924d73f222273ff1f0eb82a5
images_OBJ073/OBJ073_058.jpg,OBJ073,Bowl,object,.jpg,965326b0e5cfe55befaa967a45e08323
images_OBJ073/OBJ073_059.jpg,OBJ073,Bowl,object,.jpg,4e67d481d4118df70588a53f8493ae93
images_OBJ073/OBJ073_060.jpg,OBJ073,Bowl,object,.jpg,cac2f95e02501d534d1d05caa3f3ca04
images_OBJ073/OBJ073_061.jpg,OBJ073,Bowl,object,.jpg,6ebcf190f568f9ade99db664eeb794af
images_OBJ073/OBJ073_062.jpg,OBJ073,Bowl,object,.jpg,c97994f799e6029a3efab69ba1989a46
images_OBJ073/OBJ073_063.jpg,OBJ073,Bowl,object,.jpg,4e6b84af7ee7c02cbc8ff03cb64c88fe
images_OBJ073/OBJ073_064.jpg,OBJ073,Bowl,object,.jpg,dd04eb56a7bc3b6a680da25ba337935e
images_OBJ073/OBJ073_065.jpg,OBJ073,Bowl,object,.jpg,04a5f544607963ea74cc99ad665bbb07
images_OBJ073/OBJ073_066.jpg,OBJ073,Bowl,object,.jpg,1a2f9f530ee027541aeb824041b40ec9
images_OBJ073/OBJ073_067.jpg,OBJ073,Bowl,object,.jpg,a8f3acdb16e36e8bb914edf44579738e
images_OBJ073/OBJ073_068.jpg,OBJ073,Bowl,object,.jpg,9043afc1fdca6931840a7aaedec12f71
images_OBJ073/OBJ073_069.jpg,OBJ073,Bowl,object,.jpg,d97791188658cefce2408c463c264db7
images_OBJ073/OBJ073_070.jpg,OBJ073,Bowl,object,.jpg,877153fff2d57050ab503eb8aa1d093c
images_OBJ073/OBJ073_071.jpg,OBJ073,Bowl,object,.jpg,95a37d1ab57b79b7039ad74fa461c2a5
images_OBJ073/OBJ073_072.jpg,OBJ073,Bowl,object,.jpg,084210bb6f6f2590f07bd30cf6eae67b
images_OBJ073/OBJ073_073.jpg,OBJ073,Bowl,object,.jpg,34de7c383d7b9b3a264e9821ac8cb7c5
images_OBJ073/OBJ073_074.jpg,OBJ073,Bowl,object,.jpg,b6cca51ff70313276617999039e08a84
images_OBJ073/OBJ073_075.jpg,OBJ073,Bowl,object,.jpg,419279a46fafcf0f928f08198c9ef8fe
images_OBJ073/OBJ073_076.jpg,OBJ073,Bowl,object,.jpg,f0e713dc9c3c7537528667d00175888c
images_OBJ073/OBJ073_077.jpg,OBJ073,Bowl,object,.jpg,bec88eb106d4d87a758ee3fc95aa89b8
images_OBJ073/OBJ073_078.jpg,OBJ073,Bowl,object,.jpg,25d1f8f032f0421fdd97ae5d81baddc2
images_OBJ073/OBJ073_079.jpg,OBJ073,Bowl,object,.jpg,16e158cee1594c0232a8d0a6e8f1953c
images_OBJ073/OBJ073_080.jpg,OBJ073,Bowl,object,.jpg,ab19f2d003bee33ae000e32f0f39f33d
images_OBJ073/OBJ073_081.jpg,OBJ073,Bowl,object,.jpg,f90e8e4035bbb9bac7ebd66f883006eb
images_OBJ073/OBJ073_082.jpg,OBJ073,Bowl,object,.jpg,4a6e262b4877ac14cc602427a0ea37ba
images_OBJ073/OBJ073_083.jpg,OBJ073,Bowl,object,.jpg,e0cb29f79f48c67b7b8eaa521b102f93
images_OBJ073/OBJ073_084.jpg,OBJ073,Bowl,object,.jpg,c840481698385ca49250f4747ebe3207
images_OBJ073/OBJ073_085.jpg,OBJ073,Bowl,object,.jpg,4bf48e442faa70d1b0cc5570d6921006
images_OBJ073/OBJ073_086.jpg,OBJ073,Bowl,object,.jpg,7edec392b1a9e58f59052fa85c2914d2
images_OBJ073/OBJ073_087.jpg,OBJ073,Bowl,object,.jpg,ddcced420b01dc4c961d760a80f34c68
images_OBJ073/OBJ073_088.jpg,OBJ073,Bowl,object,.jpg,07e62274f4e86f2288273765dc05e874
images_OBJ073/OBJ073_089.jpg,OBJ073,Bowl,object,.jpg,2deabc1a2ae43ac7af53d92dccf4cd39
images_OBJ073/OBJ073_090.jpg,OBJ073,Bowl,object,.jpg,38f890a64123e8d82fec14e0c8d25ed8
images_OBJ073/OBJ073_091.jpg,OBJ073,Bowl,object,.jpg,ff7261375965e811cc0d1eef847432d5
images_OBJ073/OBJ073_092.jpg,OBJ073,Bowl,object,.jpg,bfd5c07f9d9461832fb31c66ed1e02c4
images_OBJ073/OBJ073_093.jpg,OBJ073,Bowl,object,.jpg,bbfa5cafe77021ed29fa61499de8039a
images_OBJ073/OBJ073_094.jpg,OBJ073,Bowl,object,.jpg,17c24eba481f1c146dedb77f1b604d77
images_OBJ073/OBJ073_095.jpg,OBJ073,Bowl,object,.jpg,bd03edaa76c46e14366d27aad70a8f31
images_OBJ073/OBJ073_bg_01.jpg,OBJ073,Bowl,background,.jpg,0d609b727cad6da434b1518ffdae48e2
images_OBJ073/OBJ073_bg_02.jpg,OBJ073,Bowl,background,.jpg,56913d18109e46ed24cb33c585cded5c
images_OBJ073/OBJ073_bg_03.jpg,OBJ073,Bowl,background,.jpg,7dcb441f5d1e9bc77bffb5f25a34f2d1
images_OBJ073/OBJ073_bg_04.jpg,OBJ073,Bowl,background,.jpg,d2d6d880227cff3a66ae71b2adc34efd
images_OBJ073/OBJ073_bg_05.jpg,OBJ073,Bowl,background,.jpg,4bfbf04124c192ded6de63c84dd7cb4c
